{"type": "FeatureCollection", "features": [{"type": "Feature", "id": 0, "geometry": {"type": "Polygon", "coordinates": [[[-73.98407660513844, 40.74910442270337], [-73.9881919930764, 40.74345073483949], [-73.98900752572685, 40.74379665408825], [-73.9888702675778, 40.744532233901936], [-73.99097050509715, 40.745421716595565], [-73.9920677930693, 40.74391767451525], [-73.99759643725481, 40.74620155426619], [-73.99783463868435, 40.745877678581365], [-73.9980078654556, 40.74594904518908], [-73.99755311590617, 40.74658032872911], [-74.00039699416078, 40.74776608551251], [-74.00085172499608, 40.74714576984647], [-74.00652531566305, 40.749555477191954], [-74.0070233062315, 40.74889121888938], [-74.00806277650473, 40.749302863023594], [-74.00835158877298, 40.74996158192528], [-74.00831557737763, 40.75060385546417], [-74.00706715816581, 40.754007424828465], [-74.00295994320857, 40.75974412053668], [-74.00006497305657, 40.758404723438055], [-74.00150155547483, 40.75645045542256], [-74.00081574532481, 40.75615951933157], [-74.00002165710724, 40.756626128892215], [-73.99821691845003, 40.755868565418645], [-73.99865728701546, 40.75525374840682], [-73.99297627589674, 40.752854634026086], [-73.99252865144965, 40.753474918557146], [-73.98969188981552, 40.75227799013203], [-73.99013231413659, 40.75165771589957], [-73.98407660513844, 40.74910442270337]]]}, "properties": {"geo_id": "10001", "name": "10001, 10118", "borough": null, "area_km2": 1.7128}}, {"type": "Feature", "id": 1, "geometry": {"type": "Polygon", "coordinates": [[[-73.99750380833868, 40.714071446737606], [-73.99480527089393, 40.71845748386573], [-73.99260409545376, 40.724139013903134], [-73.9787516445881, 40.719932320865084], [-73.97823191814932, 40.720673308727584], [-73.97504330062279, 40.71940458294901], [-73.97509400053208, 40.71888308961464], [-73.97351397070918, 40.718772946579335], [-73.9749006089287, 40.7151337050064], [-73.97604863041208, 40.71260327950418], [-73.97671271509972, 40.711538448056594], [-73.97799715677145, 40.71056156528292], [-73.98128685916672, 40.710216306962096], [-73.98124368478169, 40.70982654361528], [-73.98839284871173, 40.709124827152614], [-73.98873897267946, 40.70997024852118], [-73.99190596514751, 40.70952586318152], [-73.99205021372698, 40.70977839142057], [-73.99177607707199, 40.709827777893544], [-73.99197793801274, 40.71090922861885], [-73.99414219423629, 40.71055802949313], [-73.9940196514855, 40.70948756571502], [-73.9960612107253, 40.70920219832143], [-73.99621267018289, 40.709773114097985], [-73.9963858064506, 40.70975116156125], [-73.99750380833868, 40.714071446737606]]]}, "properties": {"geo_id": "10002", "name": "10002", "borough": null, "area_km2": 2.2809}}, {"type": "Feature", "id": 2, "geometry": {"type": "Polygon", "coordinates": [[[-73.98863576728334, 40.7229309971691], [-73.99260409545376, 40.724139013903134], [-73.99179568051672, 40.72638966002157], [-73.99363561341184, 40.72729005658099], [-73.99314487578988, 40.72786642723528], [-73.99960310545684, 40.731045057584645], [-73.99861445291913, 40.732214315465896], [-73.99697636876897, 40.73140732622184], [-73.99094241521333, 40.73967420662693], [-73.98773822942248, 40.738312513064514], [-73.98730509337616, 40.73890533259504], [-73.98642468020428, 40.738537435398484], [-73.98683617174204, 40.737939127171245], [-73.98538568618507, 40.73732961717816], [-73.98498140239653, 40.737927921214975], [-73.9840793679957, 40.73754353469826], [-73.98450530443195, 40.736961705227266], [-73.9797860547436, 40.7349627932416], [-73.98863576728334, 40.7229309971691]]]}, "properties": {"geo_id": "10003", "name": "10003", "borough": null, "area_km2": 1.4981}}, {"type": "Feature", "id": 3, "geometry": {"type": "MultiPolygon", "coordinates": [[[[-73.96200720826798, 40.80550908737535], [-73.96007156681385, 40.80470697350649], [-73.96031761674637, 40.803993429881764], [-73.9624771429414, 40.804883444009654], [-73.96200720826798, 40.80550908737535]]], [[[-73.95861521045408, 40.7999745518664], [-73.96006681586128, 40.800584393298465], [-73.9582520578409, 40.80310889867342], [-73.95821444533249, 40.80548581722218], [-73.95680436428314, 40.80754384080956], [-73.95395871271451, 40.80635152912843], [-73.95350313276404, 40.80698263289431], [-73.94781210645304, 40.80458679698446], [-73.94793505157534, 40.804416679598404], [-73.94748007746635, 40.80422434242741], [-73.94755239729025, 40.80412556523085], [-73.94475756677008, 40.80300441162965], [-73.94923394327517, 40.796869259325724], [-73.95786359791144, 40.80051773554927], [-73.9581741797017, 40.80058372210828], [-73.95861521045408, 40.7999745518664]]]]}, "properties": {"geo_id": "10026", "name": "10026", "borough": null, "area_km2": 0.8626}}, {"type": "Feature", "id": 4, "geometry": {"type": "MultiPolygon", "coordinates": [[[[-74.00826694529984, 40.707719796661166], [-74.00937077319932, 40.70861450497573], [-74.00889471714979, 40.70904272580403], [-74.0080072816768, 40.70797782279021], [-74.00826694529984, 40.707719796661166]]], [[[-74.01579657875386, 40.701345665853324], [-74.01573902599031, 40.701987948930814], [-74.01630182109345, 40.702690530577925], [-74.01652557030081, 40.70325592032789], [-74.01668464800521, 40.704798455281676], [-74.01742045158774, 40.70493009497822], [-74.0179471788246, 40.70547347743585], [-74.01793294085635, 40.70617613932058], [-74.01757243734524, 40.70684042782524], [-74.01673556505392, 40.70648373321745], [-74.01614403212324, 40.7064124538339], [-74.01604311177539, 40.70670341293261], [-74.0151052852407, 40.706462000585454], [-74.01513409478683, 40.7062643737853], [-74.01449205378924, 40.706116239143334], [-74.01441272949077, 40.706231529198185], [-74.01439827387784, 40.70609978232681], [-74.01433338131098, 40.70623702863438], [-74.0132512713777, 40.70586935988909], [-74.01240024430393, 40.706786205926534], [-74.01118826831232, 40.70628129352584], [-74.01142623753229, 40.70582014976351], [-74.01154871734362, 40.70495279197667], [-74.00903127516582, 40.70530983641369], [-74.0089013724455, 40.70485970514809], [-74.00945675981588, 40.70453028909729], [-74.00760274221481, 40.702993358083766], [-74.00912459879828, 40.70201062146746], [-74.01116582299952, 40.70147795699768], [-74.01109365856159, 40.70127485130181], [-74.01128840604522, 40.7012473847076], [-74.01081217542664, 40.70019892978144], [-74.01115129953862, 40.700896068028406], [-74.01136046908154, 40.70085213131639], [-74.01133156857712, 40.700566678490965], [-74.01150472237342, 40.70081369026316], [-74.01172831739943, 40.700769751439296], [-74.01163449395838, 40.70045685762209], [-74.01185093232753, 40.70073680168676], [-74.01208895083447, 40.700681881611395], [-74.01185803302276, 40.700105504728604], [-74.0119590020213, 40.70003961989004], [-74.01239188467495, 40.700621464540454], [-74.01259383853521, 40.700572036829655], [-74.0126153901751, 40.70011091374202], [-74.01291119946389, 40.700522595876116], [-74.01310594615953, 40.70050610526852], [-74.01301204376614, 40.69981992434775], [-74.01311301551067, 40.69977599662544], [-74.01327184202398, 40.70049510719405], [-74.0134882274173, 40.70047861344237], [-74.01353143049964, 40.70011080969311], [-74.01367569219644, 40.70012726124046], [-74.01353146838264, 40.70029745379617], [-74.0135604507688, 40.70093972566236], [-74.01394996340974, 40.70098908490101], [-74.01409413078451, 40.70054990476309], [-74.01502470327604, 40.700994439157235], [-74.01514007655324, 40.700840717140395], [-74.01579657875386, 40.701345665853324]]]]}, "properties": {"geo_id": "10004", "name": "10004", "borough": null, "area_km2": 0.382}}, {"type": "Feature", "id": 5, "geometry": {"type": "Polygon", "coordinates": [[[-74.00782636323468, 40.7030866651149], [-74.00945675981588, 40.70453028909729], [-74.0089013724455, 40.70485970514809], [-74.00903127516582, 40.70530983641369], [-74.01154871734362, 40.70495279197667], [-74.01142623753229, 40.70582014976351], [-74.01118826831232, 40.70628129352584], [-74.01250844578733, 40.706769725635915], [-74.01053949970935, 40.70915237748636], [-74.00965934732649, 40.70875720881172], [-74.00912559595871, 40.709295225935826], [-74.00889471714979, 40.70904272580403], [-74.00937077319932, 40.70861450497573], [-74.00826694529984, 40.707719796661166], [-74.00864201063794, 40.70734099172818], [-74.00712703069199, 40.70637493860421], [-74.00678081392756, 40.70672628931317], [-74.00552556463634, 40.705793136615], [-74.00600884052339, 40.705452761623356], [-74.00519367635297, 40.70494776462439], [-74.00474646343714, 40.70523323944508], [-74.00456612104058, 40.705150903805624], [-74.00782636323468, 40.7030866651149]]]}, "properties": {"geo_id": "10005", "name": "10005", "borough": null, "area_km2": 0.1933}}, {"type": "Feature", "id": 6, "geometry": {"type": "Polygon", "coordinates": [[[-74.0099841276905, 40.70980568058192], [-74.0132512713777, 40.70586935988909], [-74.01433338131098, 40.70623702863438], [-74.01439827387784, 40.70609978232681], [-74.01441272949077, 40.706231529198185], [-74.01449205378924, 40.706116239143334], [-74.01513409478683, 40.7062643737853], [-74.0151052852407, 40.706462000585454], [-74.01604311177539, 40.70670341293261], [-74.01487520207098, 40.709832600088774], [-74.01384441416084, 40.713730290931835], [-74.01012153894817, 40.71208382140785], [-74.01123223799067, 40.71036549716641], [-74.0099841276905, 40.70980568058192]]]}, "properties": {"geo_id": "10006", "name": "10006", "borough": null, "area_km2": 0.2519}}, {"type": "Feature", "id": 7, "geometry": {"type": "Polygon", "coordinates": [[[-74.0099841276905, 40.70980568058192], [-74.01123223799067, 40.71036549716641], [-74.01012153894817, 40.71208382140785], [-74.01384441416084, 40.713730290931835], [-74.01286392249106, 40.71717782425274], [-74.00793597138545, 40.714927565742464], [-74.00624797504506, 40.71707407251186], [-74.0004545108704, 40.71436241759393], [-74.00093064978596, 40.713264510176174], [-74.00089457477344, 40.71301748191571], [-74.00270535010151, 40.71259476029373], [-74.00396780073852, 40.71182070082817], [-74.00543952053083, 40.712144522616654], [-74.00859925106631, 40.711392265125134], [-74.0099841276905, 40.70980568058192]]]}, "properties": {"geo_id": "10007", "name": "10007", "borough": null, "area_km2": 0.4702}}, {"type": "Feature", "id": 8, "geometry": {"type": "Polygon", "coordinates": [[[-73.98863576728334, 40.7229309971691], [-73.9797860547436, 40.7349627932416], [-73.97842232816102, 40.734259888836185], [-73.97367456721632, 40.73231012581701], [-73.97341518632577, 40.73128352791917], [-73.9719003349076, 40.729932748617756], [-73.97151812800521, 40.72935076651277], [-73.97140294162946, 40.728719444107526], [-73.97168492357679, 40.727407520300815], [-73.97149011856817, 40.72735257710157], [-73.97176496567499, 40.72583204955265], [-73.97351397070918, 40.718772946579335], [-73.97509400053208, 40.71888308961464], [-73.97504330062279, 40.71940458294901], [-73.97823191814932, 40.720673308727584], [-73.9787516445881, 40.719932320865084], [-73.98863576728334, 40.7229309971691]]]}, "properties": {"geo_id": "10009", "name": "10009", "borough": null, "area_km2": 1.5713}}, {"type": "Feature", "id": 9, "geometry": {"type": "Polygon", "coordinates": [[[-73.97842232816102, 40.734259888836185], [-73.98450530443195, 40.736961705227266], [-73.9840793679957, 40.73754353469826], [-73.98498140239653, 40.737927921214975], [-73.98538568618507, 40.73732961717816], [-73.98683617174204, 40.737939127171245], [-73.98642468020428, 40.738537435398484], [-73.98730509337616, 40.73890533259504], [-73.98773822942248, 40.738312513064514], [-73.99094241521333, 40.73967420662693], [-73.99107226815671, 40.74009690851783], [-73.99397349182291, 40.741299297951514], [-73.99097050509715, 40.745421716595565], [-73.9888702675778, 40.744532233901936], [-73.98900752572685, 40.74379665408825], [-73.9881919930764, 40.74345073483949], [-73.98774438827894, 40.74406551211233], [-73.98452562033386, 40.74270921797609], [-73.98498046441858, 40.742088964535], [-73.97461061401802, 40.737783374657944], [-73.9742352602858, 40.73796444495979], [-73.97331080310381, 40.739660491261084], [-73.97406850198604, 40.73993513953852], [-73.97413338456874, 40.74012179724393], [-73.97441487618131, 40.74007245459327], [-73.97580037926413, 40.740643662378226], [-73.9753454555244, 40.74127485869124], [-73.97310123179152, 40.74033565142276], [-73.97251563426074, 40.742756383641925], [-73.97222672700629, 40.74325036943451], [-73.97167827447595, 40.74305261383634], [-73.97188772282844, 40.742723295078875], [-73.9717433978597, 40.742662875245294], [-73.97196005984148, 40.74233904760976], [-73.97229273771788, 40.740719724962645], [-73.97216284445197, 40.74067577761648], [-73.97221351899066, 40.74030799314972], [-73.9723074643921, 40.740017072102816], [-73.97243737236563, 40.740022592770025], [-73.97265421840319, 40.73922117692167], [-73.97248963604397, 40.735801175902225], [-73.97287213874955, 40.73576832960275], [-73.97441628002522, 40.736416444752855], [-73.97446685053593, 40.736279218321634], [-73.97450318046039, 40.735636954112266], [-73.97406366956326, 40.73380884998806], [-73.97385462185058, 40.73321593581214], [-73.9736742137083, 40.733204915692944], [-73.97386910220915, 40.733095169909014], [-73.97367456721632, 40.73231012581701], [-73.97842232816102, 40.734259888836185]]]}, "properties": {"geo_id": "10010", "name": "10010", "borough": null, "area_km2": 0.9774}}, {"type": "Feature", "id": 10, "geometry": {"type": "Polygon", "coordinates": [[[-74.00916622037715, 40.74241894921717], [-74.00807710117249, 40.748380626643176], [-74.00922485115369, 40.74885263713564], [-74.0099466819616, 40.748929430010854], [-74.00952097674198, 40.75010970757604], [-74.00925388101008, 40.74998347095104], [-74.0076230334739, 40.75428186398836], [-74.00774575914534, 40.75433675072107], [-74.00759418650951, 40.75452889302883], [-74.0074714612247, 40.754479495627955], [-74.00728380055635, 40.75473751375812], [-74.00741374501376, 40.75478691089269], [-74.00726938985223, 40.7549845417871], [-74.00714666396878, 40.75493514404348], [-74.00620833286851, 40.756219739318986], [-74.0057246340062, 40.755912352900616], [-74.00706715816581, 40.754007424828465], [-74.00824342954921, 40.750894803874], [-74.00837326579304, 40.750137244202435], [-74.00806277650473, 40.749302863023594], [-74.0070233062315, 40.74889121888938], [-74.00652531566305, 40.749555477191954], [-74.00085172499608, 40.74714576984647], [-74.00039699416078, 40.74776608551251], [-73.99755311590617, 40.74658032872911], [-73.9980078654556, 40.74594904518908], [-73.99783463868435, 40.745877678581365], [-73.99759643725481, 40.74620155426619], [-73.9920677930693, 40.74391767451525], [-73.99397349182291, 40.741299297951514], [-73.99107226815671, 40.74009690851783], [-73.99094241521333, 40.73967420662693], [-73.99697636876897, 40.73140732622184], [-73.99861445291913, 40.732214315465896], [-73.99960310545684, 40.731045057584645], [-74.00095255632017, 40.731703795497246], [-73.99955257439277, 40.733608658109546], [-73.99965360358436, 40.7340697771186], [-74.00240329441651, 40.738763280107435], [-74.00344255658234, 40.73875776422646], [-74.00252602258362, 40.7397513881511], [-74.00311062791403, 40.739998401491], [-74.00282195482396, 40.740382674136534], [-74.00466963166498, 40.74115663390282], [-74.00512430167572, 40.74084920243681], [-74.00536248139605, 40.74094800263734], [-74.00485731863277, 40.741645191824716], [-74.00769389867291, 40.7428307695706], [-74.008206260236, 40.7421500360486], [-74.00916622037715, 40.74241894921717]]]}, "properties": {"geo_id": "10011", "name": "10011", "borough": null, "area_km2": 1.6126}}, {"type": "Feature", "id": 11, "geometry": {"type": "Polygon", "coordinates": [[[-74.00457463981137, 40.72417209765148], [-74.00373054041134, 40.726252654041595], [-74.00341304704841, 40.72624168486319], [-74.00304506465845, 40.72669183528438], [-74.00312444713246, 40.72687847660633], [-74.00251113031227, 40.72760310731182], [-74.00316777932707, 40.72766347575719], [-74.00213597414901, 40.729793430073244], [-74.00095255632017, 40.731703795497246], [-73.99314487578988, 40.72786642723528], [-73.99363561341184, 40.72729005658099], [-73.99179568051672, 40.72638966002157], [-73.99404032492986, 40.720318393648306], [-73.99497105001717, 40.7206258510661], [-73.99525970934886, 40.71986830982034], [-73.99985569475454, 40.72178973848303], [-74.00457463981137, 40.72417209765148]]]}, "properties": {"geo_id": "10012", "name": "10012", "borough": null, "area_km2": 0.8358}}, {"type": "Feature", "id": 12, "geometry": {"type": "Polygon", "coordinates": [[[-74.01286392249106, 40.71717782425274], [-74.01243860184982, 40.719055286720234], [-74.01303024410079, 40.71913207454492], [-74.0119633610178, 40.72433076295252], [-74.01135724652758, 40.724275929183364], [-74.01097512260097, 40.72609299551827], [-74.00992161076407, 40.72598879035487], [-74.00962599315066, 40.727558816232886], [-74.0055417678441, 40.72715835080206], [-74.00565715982721, 40.726433729448836], [-74.00373054041134, 40.726252654041595], [-74.00457463981137, 40.72417209765148], [-73.99985569475454, 40.72178973848303], [-73.99525970934886, 40.71986830982034], [-73.99497105001717, 40.7206258510661], [-73.99404032492986, 40.720318393648306], [-73.99480527089393, 40.71845748386573], [-73.99680396261566, 40.71503758534806], [-73.99757595580058, 40.71398361591753], [-73.9985787708023, 40.713467617519406], [-73.99955992094571, 40.713923255847895], [-73.99959598980506, 40.71445025013959], [-74.0004545108704, 40.71436241759393], [-74.00624797504506, 40.71707407251186], [-74.00793597138545, 40.714927565742464], [-74.01286392249106, 40.71717782425274]]]}, "properties": {"geo_id": "10013", "name": "10013", "borough": null, "area_km2": 1.4037}}, {"type": "Feature", "id": 13, "geometry": {"type": "Polygon", "coordinates": [[[-74.0119633610178, 40.72433076295252], [-74.01154522693945, 40.726449758151524], [-74.01092576900217, 40.73314702197682], [-74.01073097145658, 40.73344347374361], [-74.010868109589, 40.73359167760263], [-74.01039268867635, 40.73917454905474], [-74.0115835328439, 40.73926226749542], [-74.01147552135122, 40.7406895491445], [-74.00962788391081, 40.740645802403535], [-74.00949076920587, 40.7407446248321], [-74.00916622037715, 40.74241894921717], [-74.008206260236, 40.7421500360486], [-74.00769389867291, 40.7428307695706], [-74.00485731863277, 40.741645191824716], [-74.00536248139605, 40.74094800263734], [-74.00512430167572, 40.74084920243681], [-74.00466963166498, 40.74115663390282], [-74.00282195482396, 40.740382674136534], [-74.00311062791403, 40.739998401491], [-74.00252602258362, 40.7397513881511], [-74.00344255658234, 40.73875776422646], [-74.00240329441651, 40.738763280107435], [-73.9999711333633, 40.73469009197846], [-73.99955257439277, 40.733608658109546], [-74.00141438829252, 40.7310670076222], [-74.00213597414901, 40.729793430073244], [-74.00316777932707, 40.72766347575719], [-74.00251113031227, 40.72760310731182], [-74.00312444713246, 40.72687847660633], [-74.00304506465845, 40.72669183528438], [-74.00341304704841, 40.72624168486319], [-74.00565715982721, 40.726433729448836], [-74.0055417678441, 40.72715835080206], [-74.00962599315066, 40.727558816232886], [-74.00992161076407, 40.72598879035487], [-74.01097512260097, 40.72609299551827], [-74.01135724652758, 40.724275929183364], [-74.0119633610178, 40.72433076295252]]]}, "properties": {"geo_id": "10014", "name": "10014", "borough": null, "area_km2": 1.3073}}, {"type": "Feature", "id": 14, "geometry": {"type": "Polygon", "coordinates": [[[-73.98774438827894, 40.74406551211233], [-73.98182367709522, 40.75219467487894], [-73.97451245685033, 40.74911917192517], [-73.9739708649943, 40.749695447895924], [-73.9726934491789, 40.74915718152823], [-73.9731484474468, 40.74853697538959], [-73.97078132715654, 40.747542800242314], [-73.97031909796914, 40.74815750576187], [-73.9682334389216, 40.747366461791515], [-73.9707899195611, 40.74440829859724], [-73.97094146516424, 40.74446872143198], [-73.97167827447595, 40.74305261383634], [-73.97222672700629, 40.74325036943451], [-73.97272515395078, 40.74224042031119], [-73.97310123179152, 40.74033565142276], [-73.9753454555244, 40.74127485869124], [-73.97580037926413, 40.740643662378226], [-73.97441487618131, 40.74007245459327], [-73.97413338456874, 40.74012179724393], [-73.97406850198604, 40.73993513953852], [-73.97331080310381, 40.739660491261084], [-73.97354200192218, 40.73903474116329], [-73.97448069971779, 40.737805303963476], [-73.97474051574619, 40.73779438223359], [-73.98498046441858, 40.742088964535], [-73.98452562033386, 40.74270921797609], [-73.98774438827894, 40.74406551211233]]]}, "properties": {"geo_id": "10016", "name": "10016", "borough": null, "area_km2": 1.379}}, {"type": "Feature", "id": 15, "geometry": {"type": "Polygon", "coordinates": [[[-73.98182367709522, 40.75219467487894], [-73.97765665213761, 40.75791399213855], [-73.97282063816039, 40.75587086232247], [-73.9723655844673, 40.756496555999895], [-73.96615855657912, 40.75387641224513], [-73.96653419566933, 40.75334953067133], [-73.96454952607395, 40.75247061801437], [-73.96522839397491, 40.751856001605084], [-73.96482429319214, 40.75159787267222], [-73.9685004957191, 40.747388493127154], [-73.97031909796914, 40.74815750576187], [-73.97078132715654, 40.747542800242314], [-73.9731484474468, 40.74853697538959], [-73.9726934491789, 40.74915718152823], [-73.9739708649943, 40.749695447895924], [-73.97451245685033, 40.74911917192517], [-73.98182367709522, 40.75219467487894]]]}, "properties": {"geo_id": "10017", "name": "10017", "borough": null, "area_km2": 0.9419}}, {"type": "Feature", "id": 16, "geometry": {"type": "Polygon", "coordinates": [[[-74.0057246340062, 40.755912352900616], [-74.00620833286851, 40.756219739318986], [-74.00542155258066, 40.7573231665238], [-74.00521219105133, 40.75722985486372], [-74.00480074422293, 40.75781175862097], [-74.00496679032149, 40.75788311494022], [-74.001530573824, 40.76264259723279], [-74.00114791977168, 40.76202777930349], [-74.00173991207592, 40.76139099150548], [-73.99693900246237, 40.759376322216454], [-73.99754544713629, 40.758816408945336], [-73.99813020209558, 40.75903599945096], [-73.99812298991452, 40.758783482873106], [-73.99861390115835, 40.75873957391864], [-73.99680191129195, 40.75778985630483], [-73.99641204698199, 40.7583387937173], [-73.99482386990172, 40.75767450513513], [-73.99437622331752, 40.75837713874248], [-73.98459514409517, 40.754176785810955], [-73.98504284713106, 40.75355653217459], [-73.98182367709522, 40.75219467487894], [-73.98407660513844, 40.74910442270337], [-73.99013231413659, 40.75165771589957], [-73.98969188981552, 40.75227799013203], [-73.99252865144965, 40.753474918557146], [-73.99297627589674, 40.752854634026086], [-73.99865728701546, 40.75525374840682], [-73.99821691845003, 40.755868565418645], [-74.00002165710724, 40.756626128892215], [-74.00081574532481, 40.75615951933157], [-74.00150155547483, 40.75645045542256], [-74.00006497305657, 40.758404723438055], [-74.00295994320857, 40.75974412053668], [-74.0057246340062, 40.755912352900616]]]}, "properties": {"geo_id": "10018", "name": "10018", "borough": null, "area_km2": 0.8055}}, {"type": "Feature", "id": 17, "geometry": {"type": "Polygon", "coordinates": [[[-73.9418015718237, 40.812812601023765], [-73.94271160727102, 40.813197317852875], [-73.94296476579431, 40.812873566196], [-73.94442372056467, 40.81350007524175], [-73.94510298477567, 40.8133851223637], [-73.94464727726864, 40.81401070097134], [-73.9454565467538, 40.813961681670534], [-73.9472261244885, 40.814731027138656], [-73.94703081319223, 40.815016388546645], [-73.94867767645638, 40.815692334646364], [-73.94475456525937, 40.82402897696762], [-73.94292695873779, 40.82325956614298], [-73.94350559573265, 40.822628566103525], [-73.942407613261, 40.82216691039062], [-73.9419156508815, 40.82283637470726], [-73.93622368601217, 40.82043997295302], [-73.94085392866867, 40.81410762738667], [-73.94263792670705, 40.814855092908736], [-73.94283360058103, 40.81416900981278], [-73.94310815168186, 40.814180124498954], [-73.941345837205, 40.813438166640374], [-73.9418015718237, 40.812812601023765]]]}, "properties": {"geo_id": "10030", "name": "10030", "borough": null, "area_km2": 0.7138}}, {"type": "Feature", "id": 18, "geometry": {"type": "Polygon", "coordinates": [[[-74.00114791977168, 40.76202777930349], [-74.001530573824, 40.76264259723279], [-74.00072920067313, 40.76375697050953], [-73.9999278022944, 40.76340564578624], [-73.99962457106442, 40.76355935076556], [-73.9985776712033, 40.76499758738978], [-73.99866430567685, 40.76523912569008], [-73.9984043841513, 40.76534891204586], [-73.99623821832782, 40.76838454513836], [-73.99706853879024, 40.768730406524824], [-73.99512606596922, 40.77145312241271], [-73.99492388545487, 40.771486050551395], [-73.99501052416541, 40.77160682285184], [-73.994338924888, 40.77252353456843], [-73.99416563003733, 40.772485099583385], [-73.99383343413903, 40.77292972992517], [-73.99350129433931, 40.77275404840881], [-73.99340741164771, 40.77288030104573], [-73.99045428715185, 40.77161202494701], [-73.98999207002993, 40.77224327566479], [-73.98714733286323, 40.771051776742965], [-73.98761679023144, 40.77041504862179], [-73.98476495199915, 40.7692289792573], [-73.98431714101642, 40.769849230384075], [-73.9820934934015, 40.768893736756056], [-73.98204308109565, 40.768410654627054], [-73.98238974176068, 40.76808682876573], [-73.98216599840534, 40.76776840444757], [-73.9817905607601, 40.76771345091017], [-73.98149448374197, 40.767883577652746], [-73.97301214260084, 40.76428080233657], [-73.97811888672263, 40.7572827895723], [-73.98483923045403, 40.76011644611953], [-73.98451419984542, 40.76079160980186], [-73.98656435923321, 40.761659206007884], [-73.98701209422534, 40.76103894539462], [-73.99342997631136, 40.763734827544475], [-73.99295340347217, 40.764355111089735], [-73.99509041965703, 40.76525549727435], [-73.99554532005905, 40.76462422516916], [-73.99767515972535, 40.76553005257764], [-73.99917694486714, 40.76350994307641], [-74.00114791977168, 40.76202777930349]]]}, "properties": {"geo_id": "10019", "name": "10019, 10020", "borough": null, "area_km2": 1.7979}}, {"type": "Feature", "id": 19, "geometry": {"type": "MultiPolygon", "coordinates": [[[[-73.95877828639965, 40.75827109001754], [-73.95972376766558, 40.75866117819366], [-73.9588061481659, 40.7599124571151], [-73.95800500341743, 40.75958279856228], [-73.95663984842342, 40.76065274298025], [-73.95632949753927, 40.76052087804974], [-73.95877828639965, 40.75827109001754]]], [[[-73.96843901301007, 40.77051569158838], [-73.96514407607138, 40.77504356079839], [-73.96193870986363, 40.77369213546757], [-73.9614762080217, 40.77432327156334], [-73.96136791919567, 40.77427931949821], [-73.95985912475788, 40.77364202448352], [-73.9603216404649, 40.77300540533759], [-73.95871903908385, 40.7723296365714], [-73.95825651274997, 40.77296624934908], [-73.95365098716728, 40.77102670294696], [-73.95411354405535, 40.77039010847204], [-73.94931342724028, 40.76837345741993], [-73.9482511121153, 40.76956969205769], [-73.9480851147989, 40.76947629621204], [-73.95231259083857, 40.76455405763994], [-73.95249305294794, 40.7646035375556], [-73.95356240182548, 40.76345118170796], [-73.95561947792754, 40.76429188370275], [-73.95515698517819, 40.76491750583574], [-73.96116249436417, 40.767450338447915], [-73.96162494828725, 40.76682469244327], [-73.96407923946981, 40.767857506368486], [-73.96361679843248, 40.76848865160792], [-73.96843901301007, 40.77051569158838]]]]}, "properties": {"geo_id": "10021", "name": "10021", "borough": null, "area_km2": 0.9872}}, {"type": "Feature", "id": 20, "geometry": {"type": "Polygon", "coordinates": [[[-73.97765665213761, 40.75791399213855], [-73.97255703777051, 40.764895517032436], [-73.96388066582703, 40.76123163687398], [-73.96342549152862, 40.76185729474224], [-73.96243663823884, 40.76144526507154], [-73.96272568166053, 40.76097875256598], [-73.96269693275836, 40.760748184798295], [-73.95926135256362, 40.759286817320266], [-73.95972376766558, 40.75866117819366], [-73.95877828639965, 40.75827109001754], [-73.96065666961697, 40.75592224500803], [-73.96163167172581, 40.75515404507223], [-73.96482429319214, 40.75159787267222], [-73.96522839397491, 40.751856001605084], [-73.96454952607395, 40.75247061801437], [-73.96653419566933, 40.75334953067133], [-73.96615855657912, 40.75387641224513], [-73.9723655844673, 40.756496555999895], [-73.97282063816039, 40.75587086232247], [-73.97765665213761, 40.75791399213855]]]}, "properties": {"geo_id": "10022", "name": "10022", "borough": null, "area_km2": 1.1445}}, {"type": "Feature", "id": 21, "geometry": {"type": "Polygon", "coordinates": [[[-73.98714733286323, 40.771051776742965], [-73.9902664304382, 40.77242994139915], [-73.98997750877886, 40.773039248583146], [-73.98978950583071, 40.77474645914334], [-73.98959445305209, 40.775295389210804], [-73.9887060346264, 40.7766402267832], [-73.98843164789433, 40.776530410085975], [-73.98709521646647, 40.77916521512835], [-73.98722519256077, 40.779220124327665], [-73.98654608236225, 40.780658288467606], [-73.98567955980559, 40.78031234739366], [-73.98445121422124, 40.78319415973689], [-73.9825881694487, 40.782392430875454], [-73.98212580144418, 40.78302913847086], [-73.98091266889789, 40.78251842333112], [-73.98081157575454, 40.782474490790726], [-73.9810645461519, 40.78174992268262], [-73.97975035455087, 40.78119526279132], [-73.97951193881977, 40.78151909937986], [-73.97665977132003, 40.78032734193075], [-73.97690542012893, 40.77999802316086], [-73.9740678073141, 40.778806204176334], [-73.98168207148608, 40.76838863987405], [-73.98204308109565, 40.768410654627054], [-73.9820934934015, 40.768893736756056], [-73.98431714101642, 40.769849230384075], [-73.98476495199915, 40.7692289792573], [-73.98761679023144, 40.77041504862179], [-73.98714733286323, 40.771051776742965]]]}, "properties": {"geo_id": "10023", "name": "10023", "borough": null, "area_km2": 1.2764}}, {"type": "Feature", "id": 22, "geometry": {"type": "Polygon", "coordinates": [[[-73.9740678073141, 40.778806204176334], [-73.97690542012893, 40.77999802316086], [-73.97665977132003, 40.78032734193075], [-73.97951193881977, 40.78151909937986], [-73.97975035455087, 40.78119526279132], [-73.9810645461519, 40.78174992268262], [-73.98081157575454, 40.782474490790726], [-73.98212580144418, 40.78302913847086], [-73.9825881694487, 40.782392430875454], [-73.98445121422124, 40.78319415973689], [-73.98567955980559, 40.78031234739366], [-73.98812748963785, 40.78139954071651], [-73.97371917871818, 40.8021692767763], [-73.9685579989841, 40.8090737118181], [-73.96740108869909, 40.81102214362159], [-73.96432808450977, 40.81551159784492], [-73.96202893121566, 40.81808541073741], [-73.96181942050153, 40.81802495772973], [-73.96068529116535, 40.8175085693683], [-73.96123488742235, 40.81674023395736], [-73.96135127099728, 40.815406339057716], [-73.96223375865142, 40.81366647852033], [-73.96581272236776, 40.808842373672796], [-73.96686081205641, 40.80782164257343], [-73.9693263217506, 40.803644854085455], [-73.97129967978125, 40.80093357289525], [-73.97261484332367, 40.79990187552389], [-73.97373503241526, 40.79860662487594], [-73.97409653436658, 40.7977777988692], [-73.97419091019277, 40.796564650134044], [-73.97609104989188, 40.79546716842119], [-73.97675593174418, 40.79448469135844], [-73.97694429234092, 40.79287082808149], [-73.97709602372437, 40.792728132365], [-73.97254635517606, 40.790811316488565], [-73.97235123170925, 40.79107476402059], [-73.96959261469512, 40.79002009246726], [-73.96985278692172, 40.78967432464728], [-73.96700766818985, 40.78847684224051], [-73.9740678073141, 40.778806204176334]]]}, "properties": {"geo_id": "10024", "name": "10024", "borough": null, "area_km2": 2.2059}}, {"type": "Feature", "id": 23, "geometry": {"type": "Polygon", "coordinates": [[[-73.96700766818985, 40.78847684224051], [-73.96985278692172, 40.78967432464728], [-73.96959261469512, 40.79002009246726], [-73.97235123170925, 40.79107476402059], [-73.97254635517606, 40.790811316488565], [-73.97709602372437, 40.792728132365], [-73.97694429234092, 40.79287082808149], [-73.97690060598711, 40.79387539048062], [-73.97661859374078, 40.7947646259765], [-73.97609104989188, 40.79546716842119], [-73.97419091019277, 40.796564650134044], [-73.97409653436658, 40.7977777988692], [-73.97373503241526, 40.79860662487594], [-73.97261484332367, 40.79990187552389], [-73.97129967978125, 40.80093357289525], [-73.9693263217506, 40.803644854085455], [-73.96701263450758, 40.80760759766246], [-73.96581272236776, 40.808842373672796], [-73.96389863279262, 40.808001904794814], [-73.96484574061317, 40.80670668778856], [-73.96200720826798, 40.80550908737535], [-73.96155171356943, 40.80613473358238], [-73.95982550166617, 40.80543698487016], [-73.95794552179598, 40.80805478137064], [-73.95717151683698, 40.80956409429929], [-73.95725785810693, 40.81011856037654], [-73.95827624007589, 40.81062945185167], [-73.95781344334301, 40.81126605904312], [-73.95496762198067, 40.81006279409533], [-73.95817825467948, 40.80559559309185], [-73.9582520578409, 40.80310889867342], [-73.96006681586128, 40.800584393298465], [-73.95861521045408, 40.7999745518664], [-73.96700766818985, 40.78847684224051]], [[-73.96200720826798, 40.80550908737535], [-73.9624771429414, 40.804883444009654], [-73.96031761674637, 40.803993429881764], [-73.96007156681385, 40.80470697350649], [-73.96200720826798, 40.80550908737535]]]}, "properties": {"geo_id": "10025", "name": "10025", "borough": null, "area_km2": 1.946}}, {"type": "Feature", "id": 24, "geometry": {"type": "Polygon", "coordinates": [[[-73.96581272236776, 40.808842373672796], [-73.96223375865142, 40.81366647852033], [-73.96153939499555, 40.81495077836104], [-73.9612426148989, 40.81587839447566], [-73.96123488742235, 40.81674023395736], [-73.96068529116535, 40.8175085693683], [-73.96202893121566, 40.81808541073741], [-73.9599971263787, 40.82038479800299], [-73.95601667205763, 40.81880239047593], [-73.95556103005154, 40.81942801166055], [-73.95534431724745, 40.81933460749976], [-73.955272354038, 40.81889542459549], [-73.95343033085938, 40.81810421623757], [-73.95364732373555, 40.817785916226214], [-73.95227485209074, 40.817219944076086], [-73.95176856225086, 40.81790591329947], [-73.95087944274451, 40.81839409799317], [-73.9497309074861, 40.81792151125844], [-73.94936929754256, 40.81834952926044], [-73.94834992425164, 40.81905172523854], [-73.94755416840242, 40.82021512677901], [-73.94790024817358, 40.82119240336009], [-73.9485431364099, 40.82148912157925], [-73.94808018389026, 40.82210922026502], [-73.94607922860186, 40.82126292886297], [-73.94867767645638, 40.815692334646364], [-73.94703081319223, 40.815016388546645], [-73.9472261244885, 40.814731027138656], [-73.9454565467538, 40.813961681670534], [-73.94464727726864, 40.81401070097134], [-73.94510298477567, 40.8133851223637], [-73.94442372056467, 40.81350007524175], [-73.94296476579431, 40.812873566196], [-73.94271160727102, 40.813197317852875], [-73.9418015718237, 40.812812601023765], [-73.94331754915176, 40.81073707475927], [-73.9408796323967, 40.80957335924242], [-73.94110388222224, 40.809255086102795], [-73.94040334764199, 40.808958295952465], [-73.94275414524256, 40.80574267031867], [-73.94429961650295, 40.80639118246084], [-73.94569546354357, 40.80451445647328], [-73.94612943259018, 40.803877883739375], [-73.94459845460224, 40.80322391336165], [-73.94475756677008, 40.80300441162965], [-73.94755239729025, 40.80412556523085], [-73.94748007746635, 40.80422434242741], [-73.94793505157534, 40.804416679598404], [-73.94781210645304, 40.80458679698446], [-73.95350313276404, 40.80698263289431], [-73.95395871271451, 40.80635152912843], [-73.95680436428314, 40.80754384080956], [-73.95496762198067, 40.81006279409533], [-73.95781344334301, 40.81126605904312], [-73.95827624007589, 40.81062945185167], [-73.95725785810693, 40.81011856037654], [-73.95717151683698, 40.80956409429929], [-73.95794552179598, 40.80805478137064], [-73.95982550166617, 40.80543698487016], [-73.96155171356943, 40.80613473358238], [-73.96200720826798, 40.80550908737535], [-73.96484574061317, 40.80670668778856], [-73.96389863279262, 40.808001904794814], [-73.96581272236776, 40.808842373672796]]]}, "properties": {"geo_id": "10027", "name": "10027", "borough": null, "area_km2": 2.2576}}, {"type": "Feature", "id": 25, "geometry": {"type": "Polygon", "coordinates": [[[-73.96322904770174, 40.77767791335761], [-73.95991895514497, 40.78221111309927], [-73.95670613186566, 40.780854051705816], [-73.95719763888333, 40.78017903035438], [-73.95558767870237, 40.77949772661789], [-73.95173978528305, 40.777876784876305], [-73.95124823993245, 40.77855178318459], [-73.94662809419161, 40.77660646213527], [-73.94680159157875, 40.7763704949425], [-73.94495361974026, 40.77558463198775], [-73.94527170860471, 40.77514562543071], [-73.94476640868811, 40.774936784232494], [-73.94572787799525, 40.77361976666268], [-73.94442138040982, 40.77304274873502], [-73.94749253769868, 40.77011280741538], [-73.94766576490478, 40.77019522842948], [-73.94705873625081, 40.77083173077313], [-73.94993881286707, 40.77207364035252], [-73.9501767019984, 40.77260073337361], [-73.95149047760073, 40.7731557312176], [-73.95136036640173, 40.77334231860043], [-73.9522987933698, 40.77373795326999], [-73.95243612358186, 40.773551367819486], [-73.9535983507958, 40.77402942620451], [-73.95382964102532, 40.77371112945605], [-73.95455874083116, 40.774018829997566], [-73.95409616299354, 40.77465542591237], [-73.9563340505635, 40.77560048552438], [-73.95679661357235, 40.774963880716655], [-73.96322904770174, 40.77767791335761]]]}, "properties": {"geo_id": "10028", "name": "10028", "borough": null, "area_km2": 0.8137}}, {"type": "Feature", "id": 26, "geometry": {"type": "Polygon", "coordinates": [[[-73.95577707067562, 40.78791315474954], [-73.9464643267377, 40.80066670978799], [-73.93540919063072, 40.79600598599972], [-73.93491012246182, 40.7966809086622], [-73.93265738945871, 40.7957299381739], [-73.93315647333719, 40.79505502516427], [-73.93111329591214, 40.794098656084515], [-73.93348379908514, 40.79277159885408], [-73.93583287794206, 40.7910931550978], [-73.93706233703615, 40.7894140571256], [-73.93813337165835, 40.78716395623004], [-73.93982512698754, 40.78525451742979], [-73.94246960587859, 40.783894479743495], [-73.94316332934662, 40.78341175068951], [-73.9435465435462, 40.78287946051113], [-73.94376324169274, 40.78283016123376], [-73.94472340476307, 40.78324782546623], [-73.9442245174422, 40.78393376872661], [-73.94882343479087, 40.785879174335655], [-73.95043349640568, 40.7865386140463], [-73.95092510898017, 40.78586362003958], [-73.95577707067562, 40.78791315474954]]]}, "properties": {"geo_id": "10029", "name": "10029", "borough": null, "area_km2": 2.0995}}, {"type": "Feature", "id": 27, "geometry": {"type": "Polygon", "coordinates": [[[-73.9599971263787, 40.82038479800299], [-73.95981653062503, 40.8202969042263], [-73.95793622080238, 40.822771968980554], [-73.95822519686331, 40.82288735215011], [-73.95814562554183, 40.823019069713744], [-73.95955433148934, 40.82369477276286], [-73.9572613908816, 40.82711935121397], [-73.95695072165336, 40.82699846818999], [-73.9563213816006, 40.82794241349854], [-73.95504259899378, 40.82741493679312], [-73.954695372822, 40.82791982845361], [-73.95454365191057, 40.82785938502258], [-73.95140397732956, 40.832321009479266], [-73.9501521088999, 40.83439547775504], [-73.9497111915642, 40.83445018058074], [-73.94919099754821, 40.83420841793238], [-73.94971251513476, 40.832699054708755], [-73.9419532524185, 40.82943469060997], [-73.94107910456935, 40.829082923852916], [-73.94013844759685, 40.830372455120845], [-73.9386430334435, 40.82974038494908], [-73.93925141676957, 40.82829698714192], [-73.94292695873779, 40.82325956614298], [-73.94475456525937, 40.82402897696762], [-73.94607922860186, 40.82126292886297], [-73.94808018389026, 40.82210922026502], [-73.9485431364099, 40.82148912157925], [-73.94790024817358, 40.82119240336009], [-73.94758313699131, 40.82013279839695], [-73.9484511705848, 40.81894198178685], [-73.94936929754256, 40.81834952926044], [-73.9497309074861, 40.81792151125844], [-73.95087944274451, 40.81839409799317], [-73.95176856225086, 40.81790591329947], [-73.95227485209074, 40.817219944076086], [-73.95364732373555, 40.817785916226214], [-73.95343033085938, 40.81810421623757], [-73.955272354038, 40.81889542459549], [-73.95534431724745, 40.81933460749976], [-73.95556103005154, 40.81942801166055], [-73.95601667205763, 40.81880239047593], [-73.95941914063603, 40.82023638125385], [-73.95984545426745, 40.82026397768357], [-73.9599971263787, 40.82038479800299]]]}, "properties": {"geo_id": "10031", "name": "10031", "borough": null, "area_km2": 1.6787}}, {"type": "Feature", "id": 28, "geometry": {"type": "MultiPolygon", "coordinates": [[[[-73.93885334268133, 40.84467721293912], [-73.93897617834335, 40.84473217213449], [-73.94051529975845, 40.84536974815801], [-73.94023999899473, 40.8460502931485], [-73.93867915316294, 40.845440149056465], [-73.93885334268133, 40.84467721293912]]], [[[-73.9501521088999, 40.83439547775504], [-73.94954332762366, 40.836601961001236], [-73.9492830253554, 40.83673908237517], [-73.94954311529865, 40.83688192141333], [-73.94855806668834, 40.83956581280794], [-73.94738524525053, 40.841942201759444], [-73.94612594417416, 40.84389036313695], [-73.94617532670536, 40.845394485728974], [-73.94651459299463, 40.84599298959354], [-73.94634813290463, 40.8462399358747], [-73.94682451576503, 40.847134930684874], [-73.94663513863199, 40.84891341244337], [-73.94702460674003, 40.85004441036348], [-73.94692301284994, 40.85052743165518], [-73.9431788930943, 40.84980104621642], [-73.94462062847575, 40.846036011176565], [-73.94464986772675, 40.84564627686612], [-73.94420877921372, 40.84581074677461], [-73.94391976490876, 40.84565141363834], [-73.94373925180216, 40.845409791537904], [-73.9437829253609, 40.845053000926534], [-73.94342866644851, 40.84511870070056], [-73.94314636486868, 40.84556869384047], [-73.94233695660168, 40.84533224727412], [-73.94261085956059, 40.84624362650003], [-73.94051529975845, 40.84536974815801], [-73.93885334268133, 40.84467721293912], [-73.9346696769974, 40.842956732227705], [-73.93563969029066, 40.841502582015195], [-73.93504119327585, 40.840020103515165], [-73.93512153197426, 40.83916928869547], [-73.93638046224461, 40.83785252903502], [-73.93804618489322, 40.83429080043892], [-73.9394783856468, 40.83301252488291], [-73.94025998629769, 40.83184368464912], [-73.94034795287861, 40.830460394524394], [-73.94013844759685, 40.830372455120845], [-73.94107910456935, 40.829082923852916], [-73.94971251513476, 40.832699054708755], [-73.94919099754821, 40.83420841793238], [-73.9497111915642, 40.83445018058074], [-73.9501521088999, 40.83439547775504]]]]}, "properties": {"geo_id": "10032", "name": "10032", "borough": null, "area_km2": 1.6905}}, {"type": "Feature", "id": 29, "geometry": {"type": "Polygon", "coordinates": [[[-73.92938278415862, 40.8457147926263], [-73.93204211079026, 40.846534312607616], [-73.9346696769974, 40.842956732227705], [-73.93885334268133, 40.84467721293912], [-73.93867915316294, 40.845440149056465], [-73.94023999899473, 40.8460502931485], [-73.94051529975845, 40.84536974815801], [-73.94261085956059, 40.84624362650003], [-73.94233695660168, 40.84533224727412], [-73.94327650463008, 40.845541310841206], [-73.94337800991512, 40.84518454881403], [-73.94363112877274, 40.845047437433365], [-73.9437829253609, 40.845053000926534], [-73.94373925180216, 40.845409791537904], [-73.94405701779309, 40.84576126855346], [-73.94464986772675, 40.84564627686612], [-73.94430897012968, 40.847018465998424], [-73.94318635667406, 40.84952657940631], [-73.94290315830608, 40.85099760124029], [-73.94159346868693, 40.852352829331345], [-73.94037743455584, 40.854015497426424], [-73.93979801783391, 40.85517346100754], [-73.9390091164679, 40.85611173475538], [-73.937925107883, 40.855611620833315], [-73.93779515157577, 40.85541942168472], [-73.93370435143015, 40.85417104848715], [-73.92815449331478, 40.85186217473611], [-73.92469344150199, 40.85664124014766], [-73.9247864678479, 40.85749215837141], [-73.9251907478737, 40.858024893291564], [-73.92617389306784, 40.85815178283871], [-73.9266368586752, 40.85793250205766], [-73.92691206428877, 40.85750999271526], [-73.92712107815152, 40.85810846982299], [-73.92676591723016, 40.85891518702027], [-73.92528960669316, 40.86012739812869], [-73.9249342145021, 40.86110977005941], [-73.92512905145983, 40.86145023941768], [-73.92473844771776, 40.86159270966805], [-73.92295563564183, 40.8589127055348], [-73.92282788182617, 40.85685409410359], [-73.92204705136106, 40.85685356916281], [-73.9223799412139, 40.85658481281244], [-73.92227980694003, 40.85565703603386], [-73.92443748123308, 40.85284240401567], [-73.92938278415862, 40.8457147926263]]]}, "properties": {"geo_id": "10033", "name": "10033", "borough": null, "area_km2": 1.5417}}, {"type": "Feature", "id": 30, "geometry": {"type": "Polygon", "coordinates": [[[-73.9431788930943, 40.84980104621642], [-73.94692301284994, 40.85052743165518], [-73.94650335574016, 40.850977369310094], [-73.94627212981014, 40.85084002664125], [-73.9461996818131, 40.85103212217036], [-73.94608405337347, 40.85098266351258], [-73.94612004411623, 40.85117480961673], [-73.94565010848667, 40.85121301503184], [-73.94466633459594, 40.85192068096719], [-73.94432663658789, 40.851821708195054], [-73.9441963468071, 40.85201377450781], [-73.94348040893671, 40.85228240693057], [-73.94186686261025, 40.85386804360988], [-73.94029555353995, 40.85663939038956], [-73.93910857010711, 40.85803856766386], [-73.93831201810444, 40.85938304781411], [-73.93753048753487, 40.86009624934129], [-73.93647311749575, 40.86192913128813], [-73.93401890755212, 40.865034752511], [-73.93395351957805, 40.865347610623125], [-73.93251971966562, 40.867410793166535], [-73.93225087295136, 40.86868417466552], [-73.93231570789459, 40.86892574594535], [-73.93256867830374, 40.869046660661304], [-73.93205469389838, 40.869600787668354], [-73.93220604747742, 40.87009492184331], [-73.9319157367398, 40.87112675621829], [-73.92917752507748, 40.875555043733804], [-73.9281495447847, 40.876520539996385], [-73.92752737901672, 40.876712279410455], [-73.92648495928188, 40.877617368385536], [-73.92629698371738, 40.87756235465953], [-73.926442009597, 40.87721661603162], [-73.92619628791891, 40.877062756409636], [-73.92555258715483, 40.877100768648816], [-73.92474221142751, 40.87743509544282], [-73.92329597779089, 40.877263972393784], [-73.92237808673042, 40.87675833534993], [-73.92244441760378, 40.8756934392957], [-73.92267680427834, 40.87486469798923], [-73.92253295992286, 40.87418391759636], [-73.92198414852132, 40.87349737448608], [-73.9212542322409, 40.87308517463932], [-73.92055286456755, 40.87299686370487], [-73.92008252252609, 40.87323258262368], [-73.91994470399912, 40.873578318526256], [-73.91979280456059, 40.8736056599892], [-73.92060927598415, 40.874204567779174], [-73.92114342648333, 40.87505029952577], [-73.92090427782522, 40.87546732918862], [-73.91885864494827, 40.874642501097824], [-73.91919185690224, 40.87419260518741], [-73.91929376168407, 40.873649227160264], [-73.9187229442374, 40.8732481012375], [-73.91839033347526, 40.87320944078245], [-73.91859970303466, 40.87349503682548], [-73.91697875578828, 40.87432826895837], [-73.91634210775507, 40.874525427122144], [-73.91522122268495, 40.87448618341503], [-73.91228623011592, 40.87362764548315], [-73.91130342447781, 40.873094423622845], [-73.91064641152003, 40.87229795536541], [-73.91043069868375, 40.871381060028064], [-73.91072054055584, 40.870947622783625], [-73.91085245071831, 40.869646739009426], [-73.91095400503144, 40.86941077355925], [-73.91146733793403, 40.86947704124845], [-73.91103389424958, 40.869152833738916], [-73.91184575888984, 40.86767132066181], [-73.91272934911383, 40.86660704980389], [-73.9125486975524, 40.8665135933181], [-73.91391763733846, 40.864747037259704], [-73.91492292494986, 40.864583100968176], [-73.9145399138093, 40.86441264662392], [-73.91441007147941, 40.86417101691236], [-73.91507494598498, 40.86444597803808], [-73.91589942351204, 40.864309346999185], [-73.91587072979222, 40.864128175979346], [-73.91519850550326, 40.86394653377768], [-73.91517714953686, 40.8636830270014], [-73.91548855595886, 40.863298997664096], [-73.91538759977787, 40.8630848371505], [-73.91729822278822, 40.86168093635396], [-73.91843519211707, 40.860221565287205], [-73.91839198558611, 40.860078810312515], [-73.91877583978415, 40.8595466092675], [-73.91949977713743, 40.85878957920348], [-73.92047546946999, 40.85910315175373], [-73.92126949998104, 40.86019059775401], [-73.92158776796944, 40.86007553707846], [-73.92174007501744, 40.859674914220484], [-73.9216462309263, 40.85954859430039], [-73.92183420979458, 40.85955421120788], [-73.921725944076, 40.85939494517028], [-73.92187077998786, 40.85919742488647], [-73.9213071777499, 40.85890061415886], [-73.92106899375898, 40.85855461912591], [-73.92109098364607, 40.85830212165877], [-73.92091755989826, 40.85821966187868], [-73.92114248582347, 40.85755010868089], [-73.92158381924538, 40.85729240753336], [-73.92155513896671, 40.85708928010543], [-73.92204705136106, 40.85685356916281], [-73.92282788182617, 40.85685409410359], [-73.92295563564183, 40.8589127055348], [-73.92662235492625, 40.86452526144831], [-73.92438709950117, 40.865363695877576], [-73.92500062485863, 40.86633571919128], [-73.92727201745508, 40.86553572155516], [-73.92889266248997, 40.86466391778616], [-73.9295440416695, 40.864087930773536], [-73.93005098160808, 40.86333619185313], [-73.92995781035005, 40.86255115148853], [-73.9300742145692, 40.86187053671419], [-73.93131324783857, 40.85932968890195], [-73.93206497924741, 40.85953324181202], [-73.93399556351011, 40.85941359559829], [-73.93286709965298, 40.85996188455988], [-73.93259193285387, 40.860373429129965], [-73.93243200749343, 40.86121870310402], [-73.93274117091958, 40.86294255477944], [-73.93380408175165, 40.862926701286], [-73.93473807002079, 40.86165918242746], [-73.93541219046396, 40.859919422167025], [-73.93691724274169, 40.85869611851792], [-73.93979801783391, 40.85517346100754], [-73.94037743455584, 40.854015497426424], [-73.94159346868693, 40.852352829331345], [-73.94280179738001, 40.85117321209638], [-73.9431788930943, 40.84980104621642]]]}, "properties": {"geo_id": "10034", "name": "10034", "borough": null, "area_km2": 2.7948}}, {"type": "Feature", "id": 31, "geometry": {"type": "Polygon", "coordinates": [[[-73.94324117014628, 40.81070537196118], [-73.941345837205, 40.813438166640374], [-73.94310815168186, 40.814180124498954], [-73.94283360058103, 40.81416900981278], [-73.94263792670705, 40.814855092908736], [-73.94085392866867, 40.81410762738667], [-73.9371787404428, 40.819139500492646], [-73.93426072042034, 40.81791372885961], [-73.93440350257386, 40.8196704305815], [-73.93383283874645, 40.819488953068266], [-73.93382949379733, 40.81558595936558], [-73.93395235333425, 40.815558582601156], [-73.9340112235846, 40.81448268564329], [-73.9338594920858, 40.81448259870199], [-73.933859726671, 40.814246552797535], [-73.9343412150284, 40.80956433146551], [-73.93411814355541, 40.80865844538004], [-73.93325983262972, 40.807236184531874], [-73.93492202035635, 40.80667721098899], [-73.9355647636724, 40.80691910780242], [-73.93510179158659, 40.80753915584862], [-73.93994762627305, 40.80958385643298], [-73.94040334764199, 40.808958295952465], [-73.94110388222224, 40.809255086102795], [-73.9408796323967, 40.80957335924242], [-73.94324117014628, 40.81070537196118]]]}, "properties": {"geo_id": "10037", "name": "10037", "borough": null, "area_km2": 0.6667}}, {"type": "Feature", "id": 32, "geometry": {"type": "MultiPolygon", "coordinates": [[[[-73.9464643267377, 40.80066670978799], [-73.94459845460224, 40.80322391336165], [-73.94612943259018, 40.803877883739375], [-73.94569546354357, 40.80451445647328], [-73.94429961650295, 40.80639118246084], [-73.94275414524256, 40.80574267031867], [-73.93994762627305, 40.80958385643298], [-73.93510179158659, 40.80753915584862], [-73.9355647636724, 40.80691910780242], [-73.93492202035635, 40.80667721098899], [-73.93325983262972, 40.807236184531874], [-73.93115984136325, 40.80496780673671], [-73.93001294763307, 40.8032873438388], [-73.92920612606153, 40.80114596421889], [-73.92903282361404, 40.80107998420064], [-73.92890410169463, 40.799855756353004], [-73.92903742332588, 40.79676527412448], [-73.92927676317089, 40.795854171049264], [-73.92983391097255, 40.79494875071348], [-73.93111329591214, 40.794098656084515], [-73.93315647333719, 40.79505502516427], [-73.93265738945871, 40.7957299381739], [-73.93491012246182, 40.7966809086622], [-73.93540919063072, 40.79600598599972], [-73.9464643267377, 40.80066670978799]]], [[[-73.9275448413538, 40.78104800638424], [-73.92810104712687, 40.78092209689473], [-73.92849092284226, 40.78101017103625], [-73.9310531858341, 40.78239507926756], [-73.93502459640915, 40.783006718059944], [-73.93598421109499, 40.78394046492988], [-73.93605588276976, 40.78451140948378], [-73.93571531717609, 40.78568047673494], [-73.93269290943253, 40.78917554125404], [-73.93240345514212, 40.78971882884838], [-73.93223735718834, 40.78969677345438], [-73.93084204591774, 40.790991458133156], [-73.9297221241158, 40.79136406419991], [-73.9280759068872, 40.79082508124508], [-73.92610420205007, 40.79073051307473], [-73.92616089409006, 40.79171316336097], [-73.9265652155771, 40.791856147714405], [-73.92560453315022, 40.791893957865405], [-73.92673848552741, 40.79192762099735], [-73.92637041102721, 40.79166389222955], [-73.92634198128145, 40.79124667486028], [-73.92648668554766, 40.79102169924429], [-73.92778687218475, 40.79094017924991], [-73.92789505297125, 40.791088462494066], [-73.92713574289034, 40.791927872822306], [-73.92780016872987, 40.791999653962705], [-73.92826930034194, 40.79232931463157], [-73.9283262502814, 40.7931033642058], [-73.9273568842923, 40.79446414370113], [-73.92693680974459, 40.79549589669486], [-73.92694992500468, 40.79670907548619], [-73.92744002586454, 40.79770846643826], [-73.92726534260869, 40.79891603693911], [-73.92688136323471, 40.79994232233847], [-73.9265052504357, 40.800375750149605], [-73.92668576023746, 40.800452717472936], [-73.92549215198365, 40.80195606277131], [-73.92263157026619, 40.80186634707931], [-73.92190960138096, 40.8015035562558], [-73.92031566265429, 40.79937804606849], [-73.91662626551434, 40.797860346329344], [-73.91545706875557, 40.79706352321188], [-73.91380621124765, 40.79450970156674], [-73.91378541624994, 40.79383448223805], [-73.9151384529721, 40.79201298478155], [-73.91630245989424, 40.79111905335371], [-73.91617258131402, 40.7910146591463], [-73.91686678211062, 40.79036191569432], [-73.91710500103406, 40.79046638710285], [-73.91856493359694, 40.78969341334469], [-73.91850748189617, 40.78942438893854], [-73.9221883542394, 40.78551294295104], [-73.92285506407987, 40.7835536506325], [-73.92306474173252, 40.78334519093483], [-73.9244814042862, 40.78231959697292], [-73.92571649453022, 40.782177673474585], [-73.9275448413538, 40.78104800638424]]]]}, "properties": {"geo_id": "10035", "name": "10035", "borough": null, "area_km2": 3.6827}}, {"type": "Feature", "id": 33, "geometry": {"type": "Polygon", "coordinates": [[[-74.00114791977168, 40.76202777930349], [-73.99917694486714, 40.76350994307641], [-73.99767515972535, 40.76553005257764], [-73.99554532005905, 40.76462422516916], [-73.99509041965703, 40.76525549727435], [-73.99295340347217, 40.764355111089735], [-73.99342997631136, 40.763734827544475], [-73.98701209422534, 40.76103894539462], [-73.98656435923321, 40.761659206007884], [-73.98451419984542, 40.76079160980186], [-73.98483923045403, 40.76011644611953], [-73.97811888672263, 40.7572827895723], [-73.98182367709522, 40.75219467487894], [-73.98504284713106, 40.75355653217459], [-73.98459514409517, 40.754176785810955], [-73.99437622331752, 40.75837713874248], [-73.99482386990172, 40.75767450513513], [-73.99641204698199, 40.7583387937173], [-73.99680191129195, 40.75778985630483], [-73.99861390115835, 40.75873957391864], [-73.99812298991452, 40.758783482873106], [-73.99813020209558, 40.75903599945096], [-73.99754544713629, 40.758816408945336], [-73.99693900246237, 40.759376322216454], [-74.00173991207592, 40.76139099150548], [-74.00114791977168, 40.76202777930349]]]}, "properties": {"geo_id": "10036", "name": "10036", "borough": null, "area_km2": 1.1706}}, {"type": "Feature", "id": 34, "geometry": {"type": "Polygon", "coordinates": [[[-74.01053949970935, 40.70915237748636], [-74.00859925106631, 40.711392265125134], [-74.00543952053083, 40.712144522616654], [-74.00440065245233, 40.71183166414357], [-74.00377302121149, 40.71188109214305], [-74.00270535010151, 40.71259476029373], [-74.00089457477344, 40.71301748191571], [-74.00093064978596, 40.713264510176174], [-74.0004545108704, 40.71436241759393], [-73.99959598980506, 40.71445025013959], [-73.99955992094571, 40.713923255847895], [-73.9985787708023, 40.713467617519406], [-73.99750380833868, 40.714071446737606], [-73.9963858064506, 40.70975116156125], [-73.99621267018289, 40.709773114097985], [-73.9960612107253, 40.70920219832143], [-73.9940196514855, 40.70948756571502], [-73.99414219423629, 40.71055802949313], [-73.99219436247571, 40.71089277492257], [-73.99197793801274, 40.71090922861885], [-73.99177607707199, 40.709827777893544], [-73.99205021372698, 40.70977839142057], [-73.99190596514751, 40.70952586318152], [-73.9972803790469, 40.708730134321485], [-73.99852838371551, 40.70832942160059], [-73.99953832087007, 40.707692644954335], [-74.00276279688177, 40.70614456590127], [-74.00760274221481, 40.702993358083766], [-74.00782636323468, 40.7030866651149], [-74.00456612104058, 40.705150903805624], [-74.00474646343714, 40.70523323944508], [-74.00519367635297, 40.70494776462439], [-74.00600884052339, 40.705452761623356], [-74.00552556463634, 40.705793136615], [-74.00678081392756, 40.70672628931317], [-74.00712703069199, 40.70637493860421], [-74.00864201063794, 40.70734099172818], [-74.0080072816768, 40.70797782279021], [-74.00912559595871, 40.709295225935826], [-74.00965934732649, 40.70875720881172], [-74.01053949970935, 40.70915237748636]]]}, "properties": {"geo_id": "10038", "name": "10038", "borough": null, "area_km2": 0.7154}}, {"type": "Feature", "id": 35, "geometry": {"type": "Polygon", "coordinates": [[[-73.9390091164679, 40.85611173475538], [-73.93672905613697, 40.85891010211799], [-73.93541219046396, 40.859919422167025], [-73.93473807002079, 40.86165918242746], [-73.93376066550977, 40.86295961275345], [-73.93274117091958, 40.86294255477944], [-73.93243937171734, 40.8610869618373], [-73.93259193285387, 40.860373429129965], [-73.93286709965298, 40.85996188455988], [-73.93399556351011, 40.85941359559829], [-73.93206497924741, 40.85953324181202], [-73.93131324783857, 40.85932968890195], [-73.9300742145692, 40.86187053671419], [-73.92995781035005, 40.86255115148853], [-73.93005098160808, 40.86333619185313], [-73.9295440416695, 40.864087930773536], [-73.92889266248997, 40.86466391778616], [-73.92727201745508, 40.86553572155516], [-73.92500062485863, 40.86633571919128], [-73.92438709950117, 40.865363695877576], [-73.92662235492625, 40.86452526144831], [-73.92473844771776, 40.86159270966805], [-73.92512905145983, 40.86145023941768], [-73.9249342145021, 40.86110977005941], [-73.92528960669316, 40.86012739812869], [-73.92676591723016, 40.85891518702027], [-73.92712107815152, 40.85810846982299], [-73.92691206428877, 40.85750999271526], [-73.9266368586752, 40.85793250205766], [-73.92617389306784, 40.85815178283871], [-73.9251907478737, 40.858024893291564], [-73.9247864678479, 40.85749215837141], [-73.92469344150199, 40.85664124014766], [-73.92815449331478, 40.85186217473611], [-73.93370435143015, 40.85417104848715], [-73.93779515157577, 40.85541942168472], [-73.937925107883, 40.855611620833315], [-73.9390091164679, 40.85611173475538]]]}, "properties": {"geo_id": "10040", "name": "10040", "borough": null, "area_km2": 0.9854}}, {"type": "Feature", "id": 36, "geometry": {"type": "Polygon", "coordinates": [[[-73.92397123690793, 40.73578485415934], [-73.92763646449238, 40.736610641818096], [-73.92546651275147, 40.74743455887787], [-73.92079708906078, 40.7468879821392], [-73.92026698369575, 40.74955551291955], [-73.90984097739307, 40.751639322574405], [-73.90945251448186, 40.75065639783127], [-73.9101556074298, 40.74849957544737], [-73.91374248149026, 40.74892500886516], [-73.91378606774092, 40.7487109510388], [-73.9147171068529, 40.748793986643285], [-73.91556697766302, 40.744578676378026], [-73.91463602453466, 40.74447368960529], [-73.91494836255038, 40.74292588086695], [-73.91681025688723, 40.74311388389009], [-73.91689006100985, 40.74278457130516], [-73.91991538185127, 40.74180958304028], [-73.9200315195756, 40.74126071331405], [-73.92095522544297, 40.74136016206969], [-73.923042119526, 40.74043384919764], [-73.92397123690793, 40.73578485415934]]]}, "properties": {"geo_id": "11104", "name": "11104", "borough": null, "area_km2": 1.0065}}, {"type": "Feature", "id": 37, "geometry": {"type": "Polygon", "coordinates": [[[-73.90065747977252, 40.767210944933], [-73.90251266390533, 40.76748700385258], [-73.90413716344933, 40.76752130385245], [-73.90577543718148, 40.76802768785725], [-73.91094405525773, 40.76884973188875], [-73.91024290380236, 40.769425583508465], [-73.91167225563886, 40.76964626742994], [-73.92151995938642, 40.77661405515959], [-73.92086218435587, 40.7771570633989], [-73.92199498953998, 40.77795380971087], [-73.91796862948512, 40.781255676975256], [-73.9199673851006, 40.78263493980911], [-73.91818921088044, 40.783934695722756], [-73.91717058885948, 40.784191973198325], [-73.9171845822683, 40.784554288258484], [-73.91682990588329, 40.78519081128517], [-73.91575264861726, 40.78610677010313], [-73.91542048187918, 40.78606261105925], [-73.91526142527407, 40.78619424145973], [-73.91558612672782, 40.78643052687945], [-73.91259946216852, 40.78937614438485], [-73.9122313709465, 40.7891782438887], [-73.91194939338162, 40.78940309691083], [-73.91207924044805, 40.789523964283816], [-73.91177562940598, 40.78972135303764], [-73.91161691393799, 40.789583994794846], [-73.91124834883234, 40.78974290607162], [-73.91113228860395, 40.790116100287854], [-73.90985997758376, 40.79094402145239], [-73.90677665384496, 40.79037615388595], [-73.9064735707194, 40.79018377705116], [-73.90206152880178, 40.78949392907394], [-73.90032882921074, 40.78900937058946], [-73.8969379224259, 40.78662395903976], [-73.89582788097769, 40.78522314621194], [-73.89874933688769, 40.78278293520234], [-73.90114710269772, 40.78271365378241], [-73.90218119960237, 40.781781325852265], [-73.9026740123312, 40.78059601686411], [-73.90258058089893, 40.78028852737319], [-73.90234241312803, 40.78018951524926], [-73.90218328825199, 40.780359553988475], [-73.90203761244322, 40.78120480920072], [-73.90129280938741, 40.781857420959255], [-73.90034629788173, 40.782164016830826], [-73.89865664740636, 40.78199785914075], [-73.89619929913292, 40.78324178221427], [-73.89477092132609, 40.78225238172687], [-73.89542172044601, 40.781720495246944], [-73.89528479206132, 40.7815392182788], [-73.89409172203862, 40.78247133845253], [-73.89169665416169, 40.78088265454384], [-73.89158150982057, 40.78063551991684], [-73.8925361652136, 40.77976907708419], [-73.89247880064663, 40.77951650770565], [-73.89167002704082, 40.77949379233703], [-73.89119492333458, 40.77856562327854], [-73.89285811736377, 40.777156386120346], [-73.89234752033329, 40.77584941446534], [-73.89274047562303, 40.773977868459696], [-73.89289238846739, 40.77380783588401], [-73.89370046252796, 40.77422578467072], [-73.89593457201399, 40.772410806018804], [-73.89573261471264, 40.77226789692983], [-73.89602208658854, 40.771856447405824], [-73.89776450414789, 40.77040329385374], [-73.89809628707428, 40.77063963551906], [-73.90033018110326, 40.76880810223424], [-73.89961612754297, 40.768302449789196], [-73.90051253498888, 40.76757312587106], [-73.90046950081661, 40.76738095673255], [-73.90065747977252, 40.767210944933]]]}, "properties": {"geo_id": "11105", "name": "11105", "borough": null, "area_km2": 4.3462}}, {"type": "Feature", "id": 38, "geometry": {"type": "Polygon", "coordinates": [[[-73.9371787404428, 40.819139500492646], [-73.93622368601217, 40.82043997295302], [-73.9419156508815, 40.82283637470726], [-73.942407613261, 40.82216691039062], [-73.94350559573265, 40.822628566103525], [-73.93925141676957, 40.82829698714192], [-73.9386430334435, 40.82974038494908], [-73.94034795287861, 40.830460394524394], [-73.94033238624387, 40.83170099703707], [-73.9394783856468, 40.83301252488291], [-73.93804618489322, 40.83429080043892], [-73.93638046224461, 40.83785252903502], [-73.93512153197426, 40.83916928869547], [-73.93500521911467, 40.8398499112517], [-73.93559663968699, 40.84117319290945], [-73.93556720581047, 40.841711139419345], [-73.93204211079026, 40.846534312607616], [-73.92938278415862, 40.8457147926263], [-73.93009964273048, 40.84455696276761], [-73.93089688456462, 40.84253733801221], [-73.9349157707901, 40.835233257311764], [-73.93515676819261, 40.832680810502744], [-73.9344251414367, 40.82704275358653], [-73.93396989029506, 40.81973056690647], [-73.93383260950554, 40.8197195093351], [-73.93383283874645, 40.819488953068266], [-73.93440350257386, 40.8196704305815], [-73.93426072042034, 40.81791372885961], [-73.9371787404428, 40.819139500492646]]]}, "properties": {"geo_id": "10039", "name": "10039", "borough": null, "area_km2": 1.124}}, {"type": "Feature", "id": 39, "geometry": {"type": "Polygon", "coordinates": [[[-73.95991895514497, 40.78221111309927], [-73.95577707067562, 40.78791315474954], [-73.95092510898017, 40.78586362003958], [-73.95043349640568, 40.7865386140463], [-73.9442245174422, 40.78393376872661], [-73.94472340476307, 40.78324782546623], [-73.94376324169274, 40.78283016123376], [-73.9435465435462, 40.78287946051113], [-73.94387288398968, 40.78127120509756], [-73.94321737526492, 40.77931663197783], [-73.94300767472609, 40.77964040733854], [-73.94271889855568, 40.779541453651966], [-73.94271195568403, 40.77921757131312], [-73.94253874903511, 40.77909122719933], [-73.9428930106366, 40.77861381914486], [-73.94238153921441, 40.77716983289624], [-73.94207124464991, 40.77691716149072], [-73.94199966823187, 40.77618702530319], [-73.94240445172515, 40.7757261123922], [-73.94293249091201, 40.774677885171265], [-73.94442138040982, 40.77304274873502], [-73.94572787799525, 40.77361976666268], [-73.94476640868811, 40.774936784232494], [-73.94527170860471, 40.77514562543071], [-73.94495361974026, 40.77558463198775], [-73.94680159157875, 40.7763704949425], [-73.94662809419161, 40.77660646213527], [-73.95124823993245, 40.77855178318459], [-73.95173978528305, 40.777876784876305], [-73.95558767870237, 40.77949772661789], [-73.95719763888333, 40.78017903035438], [-73.95670613186566, 40.780854051705816], [-73.95991895514497, 40.78221111309927]]]}, "properties": {"geo_id": "10128", "name": "10128", "borough": null, "area_km2": 1.1822}}, {"type": "Feature", "id": 40, "geometry": {"type": "Polygon", "coordinates": [[[-73.95692638133148, 40.75296207411745], [-73.96096347539394, 40.74976313750675], [-73.96133170384348, 40.74959857682861], [-73.96154096088496, 40.74972490529961], [-73.96068833159963, 40.75120129175889], [-73.96000941859725, 40.75183234994811], [-73.95950343839819, 40.752957519452366], [-73.95901939795044, 40.75359412949468], [-73.95845611632473, 40.75395074476709], [-73.95339168565268, 40.75979511451796], [-73.95312438708606, 40.76005301201149], [-73.95298006484197, 40.759959631897374], [-73.9520842121043, 40.76085953878313], [-73.9509350509866, 40.7625717749938], [-73.9499740255541, 40.76364730091023], [-73.94908552070731, 40.764261734010304], [-73.94584771970236, 40.76832247531137], [-73.94570330918305, 40.76832789682893], [-73.94547923712457, 40.76862422302068], [-73.94563080589852, 40.76869565790197], [-73.94556573756489, 40.76879992732462], [-73.94524806455698, 40.768772329395766], [-73.94472735644185, 40.769787634751836], [-73.94212603465677, 40.77203704416989], [-73.94088377620028, 40.77237127171511], [-73.9402767170452, 40.772947353887496], [-73.94007455431098, 40.77292529101239], [-73.94028451869875, 40.7722995994815], [-73.94027876006287, 40.77066922113749], [-73.94111745608485, 40.769412561769855], [-73.94285852878558, 40.768304563155986], [-73.94943489141119, 40.76055099509225], [-73.95177555446521, 40.758400119132396], [-73.95254172339239, 40.757093938694496], [-73.95519268977152, 40.75477294547518], [-73.95692638133148, 40.75296207411745]]]}, "properties": {"geo_id": "10044", "name": "10044", "borough": null, "area_km2": 0.5858}}, {"type": "Feature", "id": 41, "geometry": {"type": "Polygon", "coordinates": [[[-73.95633673858768, 40.76048794386838], [-73.95663984842342, 40.76065274298025], [-73.95800500341743, 40.75958279856228], [-73.9588061481659, 40.7599124571151], [-73.95926135256362, 40.759286817320266], [-73.96269693275836, 40.760748184798295], [-73.96272568166053, 40.76097875256598], [-73.96243663823884, 40.76144526507154], [-73.96342549152862, 40.76185729474224], [-73.96388066582703, 40.76123163687398], [-73.97255703777051, 40.764895517032436], [-73.96843901301007, 40.77051569158838], [-73.96361679843248, 40.76848865160792], [-73.96407923946981, 40.767857506368486], [-73.96162494828725, 40.76682469244327], [-73.96116249436417, 40.767450338447915], [-73.95515698517819, 40.76491750583574], [-73.95561947792754, 40.76429188370275], [-73.95356240182548, 40.76345118170796], [-73.95249305294794, 40.7646035375556], [-73.95231259083857, 40.76455405763994], [-73.95441520311007, 40.76218345106044], [-73.95633673858768, 40.76048794386838]]]}, "properties": {"geo_id": "10065", "name": "10065", "borough": null, "area_km2": 0.9841}}, {"type": "Feature", "id": 42, "geometry": {"type": "Polygon", "coordinates": [[[-73.98999207002993, 40.77224327566479], [-73.99045428715185, 40.77161202494701], [-73.99340741164771, 40.77288030104573], [-73.99350129433931, 40.77275404840881], [-73.99394894653773, 40.77315480459707], [-73.99262011291916, 40.774971743686606], [-73.99226626614276, 40.77511444683423], [-73.9920568101479, 40.77549869582976], [-73.99238897300208, 40.77555910247027], [-73.99093003953645, 40.777568144307885], [-73.99039566051381, 40.77758456942698], [-73.98887161228471, 40.779692389632196], [-73.98888602420539, 40.77987903304385], [-73.98845997329367, 40.779758222800005], [-73.98736205071124, 40.78106460164526], [-73.98654608236225, 40.780658288467606], [-73.98722519256077, 40.779220124327665], [-73.98709521646647, 40.77916521512835], [-73.98843164789433, 40.776530410085975], [-73.9887060346264, 40.7766402267832], [-73.98959445305209, 40.775295389210804], [-73.98978950583071, 40.77474645914334], [-73.98997750877886, 40.773039248583146], [-73.9902664304382, 40.77242994139915], [-73.98999207002993, 40.77224327566479]]]}, "properties": {"geo_id": "10069", "name": "10069", "borough": null, "area_km2": 0.221}}, {"type": "Feature", "id": 43, "geometry": {"type": "Polygon", "coordinates": [[[-73.94749253769868, 40.77011280741538], [-73.9480851147989, 40.76947629621204], [-73.9482511121153, 40.76956969205769], [-73.94931342724028, 40.76837345741993], [-73.95411354405535, 40.77039010847204], [-73.95365098716728, 40.77102670294696], [-73.95825651274997, 40.77296624934908], [-73.95871903908385, 40.7723296365714], [-73.9603216404649, 40.77300540533759], [-73.95985912475788, 40.77364202448352], [-73.96136791919567, 40.77427931949821], [-73.9614762080217, 40.77432327156334], [-73.96193870986363, 40.77369213546757], [-73.96514407607138, 40.77504356079839], [-73.96322904770174, 40.77767791335761], [-73.95679661357235, 40.774963880716655], [-73.9563340505635, 40.77560048552438], [-73.95409616299354, 40.77465542591237], [-73.95455874083116, 40.774018829997566], [-73.95382964102532, 40.77371112945605], [-73.9535983507958, 40.77402942620451], [-73.95243612358186, 40.773551367819486], [-73.9522987933698, 40.77373795326999], [-73.95136036640173, 40.77334231860043], [-73.95149047760073, 40.7731557312176], [-73.9501767019984, 40.77260073337361], [-73.94993881286707, 40.77207364035252], [-73.94705873625081, 40.77083173077313], [-73.94766576490478, 40.77019522842948], [-73.94749253769868, 40.77011280741538]]]}, "properties": {"geo_id": "10075", "name": "10075, 10162", "borough": null, "area_km2": 0.5033}}, {"type": "Feature", "id": 44, "geometry": {"type": "Polygon", "coordinates": [[[-74.01579657875386, 40.701345665853324], [-74.01757871872846, 40.70330517008129], [-74.01765103738988, 40.70400781887682], [-74.01752128821208, 40.70435367907819], [-74.01729767786188, 40.704370181488], [-74.01734823007064, 40.70459524459311], [-74.01767285640437, 40.704683027680574], [-74.01811283865229, 40.70455121057846], [-74.0188847218195, 40.70472675147154], [-74.01933955716073, 40.70607161054586], [-74.01912341017787, 40.70697741880369], [-74.01863292740936, 40.707142185076705], [-74.01884928958972, 40.706971974489775], [-74.01853187336542, 40.70691713075091], [-74.01819307890977, 40.70782295683952], [-74.01885680760928, 40.70804792063757], [-74.01776880361783, 40.712834959805036], [-74.01779753033625, 40.71234638775217], [-74.01662156268591, 40.71215991973611], [-74.01662171189705, 40.71275827781409], [-74.01631887053736, 40.713406084902275], [-74.01754536428541, 40.71360901686241], [-74.01770393330486, 40.71305455073993], [-74.0176175196587, 40.7136529220268], [-74.01678073849234, 40.71399888698222], [-74.01619655732092, 40.71476750379569], [-74.01384441416084, 40.713730290931835], [-74.01487520207098, 40.709832600088774], [-74.01614403212324, 40.7064124538339], [-74.01673556505392, 40.70648373321745], [-74.01757243734524, 40.70684042782524], [-74.01799057832096, 40.705912632959546], [-74.0179471788246, 40.70547347743585], [-74.01770182957819, 40.7051331646302], [-74.01734109520919, 40.704897169785205], [-74.01668464800521, 40.704798455281676], [-74.01652557030081, 40.70325592032789], [-74.01630182109345, 40.702690530577925], [-74.01573902599031, 40.701987948930814], [-74.01579657875386, 40.701345665853324]]]}, "properties": {"geo_id": "10280", "name": "10280", "borough": null, "area_km2": 0.2807}}, {"type": "Feature", "id": 45, "geometry": {"type": "Polygon", "coordinates": [[[-74.0176175196587, 40.7136529220268], [-74.0166953301008, 40.71864852371536], [-74.01321045633826, 40.718314115641476], [-74.01303024410079, 40.71913207454492], [-74.01243860184982, 40.719055286720234], [-74.01384441416084, 40.713730290931835], [-74.01619655732092, 40.71476750379569], [-74.01678073849234, 40.71399888698222], [-74.0176175196587, 40.7136529220268]]]}, "properties": {"geo_id": "10282", "name": "10282", "borough": null, "area_km2": 0.1668}}, {"type": "Feature", "id": 46, "geometry": {"type": "MultiPolygon", "coordinates": [[[[-74.0909861992565, 40.61206694559088], [-74.09153292745971, 40.61153402116429], [-74.09299507576203, 40.6114395244567], [-74.09468890973832, 40.612179236429355], [-74.0940408811529, 40.61237739371704], [-74.09355181706266, 40.61292675189274], [-74.0909861992565, 40.61206694559088]]], [[[-74.11300842832118, 40.60013498058691], [-74.11487001978769, 40.60213683852659], [-74.11378337610371, 40.60267041050588], [-74.11333184372809, 40.60397738086945], [-74.11029772914003, 40.607219194408586], [-74.11000754920697, 40.61033756206982], [-74.11113886452381, 40.61058350545461], [-74.11156434173698, 40.61087404171434], [-74.11388500216536, 40.61157992335814], [-74.11302184624172, 40.6123163807553], [-74.11320249968983, 40.61265106812421], [-74.11290724139243, 40.612700764857365], [-74.11318142913635, 40.61296948522708], [-74.11337734065637, 40.61380371014012], [-74.11414802091566, 40.61374256189317], [-74.11462355868744, 40.61799652147473], [-74.11485439956844, 40.61817744751964], [-74.11787236581202, 40.61787246514338], [-74.11923849581781, 40.62042920480198], [-74.11966591145948, 40.621746261839434], [-74.11891007106648, 40.62209837973469], [-74.11846415333456, 40.622527027915794], [-74.11828508115043, 40.62311459811705], [-74.11840870832938, 40.62376224208268], [-74.11701233264091, 40.62452123470173], [-74.11326337065297, 40.62305378019743], [-74.11153184905764, 40.62160622216368], [-74.11001740835509, 40.62069092037017], [-74.10601409486667, 40.622138443226206], [-74.1043943736855, 40.62296336338376], [-74.10417882768657, 40.623342340327525], [-74.1042586100969, 40.62368262230528], [-74.10351665018233, 40.623760146971364], [-74.10435213806309, 40.62820595477392], [-74.10484200995221, 40.62815610286344], [-74.10535703219517, 40.63034597539623], [-74.10568881829346, 40.63055976457162], [-74.10598655843245, 40.632019719077164], [-74.10567678057171, 40.632058431274636], [-74.10598295338367, 40.63428691895059], [-74.10552243345165, 40.63469906094169], [-74.10252474455704, 40.63466334584147], [-74.1031341919968, 40.63735269409017], [-74.10446705914771, 40.63718131400221], [-74.10480856565255, 40.63897609491302], [-74.10542097995558, 40.63889868102648], [-74.1065464840648, 40.64423900017635], [-74.10510547304935, 40.64447088830355], [-74.10465273872121, 40.64530022669229], [-74.10472522215464, 40.64556366019024], [-74.10434349936305, 40.64572320476498], [-74.1023180456831, 40.64554386876386], [-74.10013359593192, 40.6450627091677], [-74.09880028383674, 40.64504739365486], [-74.09849806968543, 40.64537153765638], [-74.0960476916574, 40.645373610270454], [-74.09468582676514, 40.64555589547928], [-74.0929855527961, 40.64597449024107], [-74.09300731936625, 40.64607877449501], [-74.0913577494674, 40.646700418251854], [-74.08939822428495, 40.64731130049732], [-74.0876769143337, 40.64823487339993], [-74.08522730737198, 40.64892291095188], [-74.08256703046074, 40.64831550942173], [-74.08212733704444, 40.64827739726465], [-74.08142129539841, 40.64850297162071], [-74.08072911238669, 40.64827289767544], [-74.0798067081686, 40.64838333283782], [-74.07899199493401, 40.648142354262774], [-74.07650413108965, 40.64696926828014], [-74.07445516954859, 40.64506573217798], [-74.07395802905702, 40.64519231309245], [-74.07312149637214, 40.64471525536569], [-74.0727973943654, 40.6449075959644], [-74.07258826751878, 40.644792447166466], [-74.07278979815491, 40.64455077866232], [-74.07269598874004, 40.64444104657939], [-74.07216283283061, 40.64458411121695], [-74.07201851092854, 40.64441402498617], [-74.07229221226139, 40.6442656348357], [-74.07218394282599, 40.64411199485131], [-74.07185972871677, 40.644200031038636], [-74.071758631814, 40.6440134487435], [-74.07206119498707, 40.64389797855092], [-74.0716502873835, 40.64378844387176], [-74.0714762709674, 40.64280591882018], [-74.07218242847173, 40.642712155018025], [-74.07211009441765, 40.64246516964938], [-74.07327014719962, 40.642261322197655], [-74.07277820226385, 40.640526929532385], [-74.07308086209595, 40.640515758437424], [-74.07309319445417, 40.63861635796687], [-74.07292742632796, 40.63859450491848], [-74.07301369727472, 40.63840780463227], [-74.0726100699602, 40.63833669573733], [-74.07258081511004, 40.63794146481254], [-74.07507398510735, 40.637786156000125], [-74.07471912447627, 40.63621636848036], [-74.07585014936512, 40.63593565957581], [-74.07517090149886, 40.63426178468764], [-74.07517007290546, 40.63352618183241], [-74.07596092715015, 40.631966621845606], [-74.07795033808637, 40.63254718567328], [-74.07746892587419, 40.633722280764665], [-74.07870872063249, 40.634067282171834], [-74.078988712725, 40.63319424727383], [-74.07988246680249, 40.633402233788864], [-74.07935145104884, 40.635258078697056], [-74.0789128387035, 40.63605985875341], [-74.07894259131064, 40.63684484773776], [-74.07949673315434, 40.63623512300254], [-74.08029617738288, 40.635883234620266], [-74.080418262115, 40.635537305963624], [-74.08231111362464, 40.633664020611086], [-74.08411395093611, 40.634777100211025], [-74.08520073781841, 40.633760728140594], [-74.08574862807953, 40.63395794566929], [-74.08807949844739, 40.63107964430931], [-74.08682475714333, 40.630317547027], [-74.08851616953659, 40.62892190376075], [-74.08892525049443, 40.627708390536604], [-74.08848729728386, 40.623448811837], [-74.08871449626514, 40.62092891712146], [-74.08941969208442, 40.62030804752201], [-74.0887130443358, 40.6198364905765], [-74.08867668766821, 40.619583997641776], [-74.08818707695472, 40.61979297856983], [-74.0877184843756, 40.619551795273395], [-74.08751612599514, 40.61906337628034], [-74.08788795198922, 40.61694411181044], [-74.09030848579584, 40.61695321486945], [-74.09125266543052, 40.61729282370569], [-74.09273802409035, 40.61825780248756], [-74.09358083065801, 40.61820771318901], [-74.09406999509224, 40.61770227184191], [-74.094299042077, 40.61665357278533], [-74.09268444755064, 40.61599064570038], [-74.09257540049663, 40.61527708697601], [-74.09305601582427, 40.61381646800653], [-74.09385452578964, 40.613041786533], [-74.09629794692093, 40.6140333813938], [-74.09645058699581, 40.614977462915235], [-74.09623554401878, 40.61571873774769], [-74.09722891578495, 40.615201880391545], [-74.09736533839012, 40.61489434788713], [-74.09730684452421, 40.614301521686436], [-74.09792514958443, 40.61347755802933], [-74.09811143337818, 40.61279120030699], [-74.09934987577768, 40.61241684435516], [-74.0972069619602, 40.61001972485321], [-74.09744432226607, 40.60978347138182], [-74.09737122583049, 40.60905341745906], [-74.09685297089734, 40.60930637661477], [-74.09574396892994, 40.609499441507204], [-74.09519655516655, 40.60951636497256], [-74.09493694606608, 40.609307975167006], [-74.09626169130497, 40.60887319547528], [-74.09602350097343, 40.60853303992866], [-74.09652752168711, 40.60840086750385], [-74.09672889556957, 40.60818660405979], [-74.09632446733198, 40.60745133813465], [-74.09695048989106, 40.60701713384096], [-74.09750345001665, 40.605880319986404], [-74.09789980951598, 40.606022712522105], [-74.10182396645318, 40.60514096769898], [-74.10266394154134, 40.603361591282486], [-74.10323964589976, 40.60304267896011], [-74.10383746418951, 40.60305311958388], [-74.10530027513045, 40.60350742518074], [-74.10709496799377, 40.60430175837061], [-74.11136475794342, 40.60350170880754], [-74.11269648339746, 40.603066732469905], [-74.11156236356905, 40.60106962526208], [-74.10959698902091, 40.60157655936532], [-74.10933658375004, 40.60089060760524], [-74.11166908378924, 40.60028450898051], [-74.11300842832118, 40.60013498058691]]]]}, "properties": {"geo_id": "10301", "name": "10301", "borough": null, "area_km2": 9.1111}}, {"type": "Feature", "id": 47, "geometry": {"type": "Polygon", "coordinates": [[[-73.94471143273033, 40.76287636756167], [-73.94350436260262, 40.76450066968303], [-73.94131460355878, 40.76692043752416], [-73.94035366483492, 40.76765553474336], [-73.93936403357688, 40.7681600505379], [-73.93895266355625, 40.767956722466536], [-73.93820104315957, 40.768724849246695], [-73.93757990823485, 40.76892213575327], [-73.93681456498769, 40.768905250135155], [-73.93670593083517, 40.76925102784071], [-73.93640245900747, 40.76947592946217], [-73.93573828569066, 40.76936577131735], [-73.93523977280802, 40.76967839262511], [-73.9346975071116, 40.77042465594396], [-73.93514506767744, 40.77054018782338], [-73.934906076163, 40.77127015389808], [-73.93424923811213, 40.77102824383384], [-73.93458218354766, 40.77021599026475], [-73.93522548140905, 40.76952467912083], [-73.92855681190493, 40.76671561145938], [-73.92781938325255, 40.767615427111345], [-73.92596474977061, 40.76674691188482], [-73.92643517998663, 40.765731658626535], [-73.91900281907286, 40.762224380795054], [-73.92110641314044, 40.759964171192486], [-73.92282737035106, 40.75759936649255], [-73.92245939878399, 40.75742345566592], [-73.92650761131428, 40.75243615994632], [-73.93791434845895, 40.75870638358903], [-73.94330547673609, 40.76065793145792], [-73.94247408546583, 40.761991464773644], [-73.94471143273033, 40.76287636756167]]]}, "properties": {"geo_id": "11106", "name": "11106", "borough": null, "area_km2": 2.2148}}, {"type": "Feature", "id": 48, "geometry": {"type": "Polygon", "coordinates": [[[-74.14578052758806, 40.630938619586665], [-74.14565412462126, 40.63244841551109], [-74.14483925175224, 40.63547420513866], [-74.14471024754113, 40.635798252903854], [-74.14436470610653, 40.63595788512459], [-74.14329681592748, 40.63866009469118], [-74.14359916005542, 40.63851149886033], [-74.14312605562907, 40.639681369190455], [-74.1424772475059, 40.63957238331599], [-74.14231908218848, 40.63974824571627], [-74.1424065194313, 40.64019828296005], [-74.14229865710918, 40.640308208065136], [-74.14155652165843, 40.64036950939374], [-74.14148386354978, 40.64008963028711], [-74.14076427548704, 40.64059006506439], [-74.1375726453748, 40.64100015643993], [-74.13734234188662, 40.641148650336696], [-74.13737147315918, 40.64129683414434], [-74.13435311141113, 40.64188778500306], [-74.1343023999374, 40.64175609438523], [-74.13349518389651, 40.641718607249516], [-74.13341557108663, 40.641548522746085], [-74.1329901204405, 40.64141726570225], [-74.13239974866448, 40.6417034049576], [-74.13125368421406, 40.641594927219195], [-74.13146211270956, 40.641309231119294], [-74.13107960471069, 40.64102420974287], [-74.13012789430363, 40.6407947283844], [-74.12930547078348, 40.64034002116412], [-74.1292264762751, 40.64048283898158], [-74.12882996184587, 40.640400940225106], [-74.12881520982178, 40.64022529026623], [-74.12752512155816, 40.64015536367432], [-74.12714877644605, 40.63931038542818], [-74.12702628962862, 40.63932149995542], [-74.127081661226, 40.63812471067205], [-74.12688535041208, 40.6372081677535], [-74.12784389965722, 40.63727847056466], [-74.12801891326222, 40.63459936070809], [-74.12847109437155, 40.633671117130746], [-74.12944386752692, 40.63367002612118], [-74.13059946670442, 40.63135760514125], [-74.13047605059226, 40.630885641095496], [-74.13021669809258, 40.630907893449915], [-74.13008636905104, 40.630584155554004], [-74.12958209807707, 40.630639620823764], [-74.12923376203594, 40.62936093984578], [-74.12921811857484, 40.6287241656375], [-74.13009740893074, 40.62885492407518], [-74.13028436923835, 40.6286625769063], [-74.13012569459154, 40.62858041283137], [-74.13069772263175, 40.626340013121066], [-74.131310120536, 40.626328336139835], [-74.1320264005385, 40.62419755611623], [-74.1320608165184, 40.62338505760468], [-74.13061290346089, 40.623496503480276], [-74.13037176233941, 40.62176206730993], [-74.13190610217268, 40.62165601486417], [-74.1320738787763, 40.62270433366786], [-74.13255697562347, 40.62290140283248], [-74.13385931723188, 40.622059986742954], [-74.1363909700609, 40.62346783536265], [-74.13666074436803, 40.621513221338155], [-74.13932712212376, 40.62186684406146], [-74.1394195530668, 40.62127934590346], [-74.14168247658924, 40.62162791300559], [-74.1419092717054, 40.61986547473988], [-74.1414264251097, 40.61978921550064], [-74.1416750192722, 40.61811458401088], [-74.14120660529836, 40.61804379565407], [-74.14161400943883, 40.616522677401164], [-74.1451232746853, 40.61696844726562], [-74.14732071312116, 40.61707544395045], [-74.14648843004086, 40.618613593486366], [-74.14540051534755, 40.61857105793463], [-74.14527912104687, 40.619065274684466], [-74.14479640738132, 40.6190494149369], [-74.14468298537773, 40.61990044441913], [-74.14494954220172, 40.619900108629025], [-74.14497906264141, 40.62022395728072], [-74.14660737306893, 40.62028776731279], [-74.14743679894133, 40.620709405068496], [-74.14721396125626, 40.62093476387319], [-74.14793528440438, 40.621334578037505], [-74.15155043113897, 40.617514602511086], [-74.1520547597587, 40.617535894892065], [-74.14772813088734, 40.622136324632734], [-74.14650069531304, 40.624201981017066], [-74.14560597562817, 40.62689301582364], [-74.14554317775404, 40.62783181471327], [-74.14578052758806, 40.630938619586665]], [[-74.14578052758806, 40.630938619586665], [-74.14397843576765, 40.630600536092345], [-74.14356327441524, 40.631880128416114], [-74.14464450871232, 40.632065419158515], [-74.1451342713349, 40.63196598947486], [-74.14548669659915, 40.63166910652349], [-74.14578052758806, 40.630938619586665]]]}, "properties": {"geo_id": "10302", "name": "10302", "borough": null, "area_km2": 3.0527}}, {"type": "Feature", "id": 49, "geometry": {"type": "MultiPolygon", "coordinates": [[[[-74.17853782668054, 40.615269037502166], [-74.1786243449307, 40.615296351079984], [-74.17833048760285, 40.61585674628821], [-74.17853782668054, 40.615269037502166]]], [[[-74.17853782668054, 40.615269037502166], [-74.17726204906742, 40.61771388255135], [-74.17744398772693, 40.618405290953326], [-74.17665053911735, 40.62075057006711], [-74.17649442451261, 40.62165110328731], [-74.17682346629734, 40.6234786322477], [-74.17774954638605, 40.62493743575476], [-74.17854854236896, 40.62466171803851], [-74.17935932434244, 40.626093239524295], [-74.18042012174567, 40.6267119035638], [-74.18236038804235, 40.6274883643518], [-74.18404904959928, 40.62845733113304], [-74.18485429371201, 40.62783022587953], [-74.18521651337822, 40.62853780018877], [-74.18596022079402, 40.62910202756821], [-74.18724384438586, 40.62948970520242], [-74.18767603690465, 40.62944508380918], [-74.188078464128, 40.62906564443567], [-74.18838103692619, 40.629048680304386], [-74.18903840672404, 40.62964596676776], [-74.18908415802505, 40.63053520521363], [-74.18925036433033, 40.63070510905904], [-74.18952384206865, 40.63058937719537], [-74.19025552058211, 40.62944084431103], [-74.19029031036057, 40.629007109026034], [-74.19134033579489, 40.628330146574065], [-74.19208992325592, 40.62841673011979], [-74.19238701181033, 40.62899813011499], [-74.19239212329379, 40.630771259511874], [-74.19265923037452, 40.63094647914842], [-74.19391952542165, 40.6307192872271], [-74.19523169481005, 40.6309860565956], [-74.19736150037347, 40.63240422446901], [-74.19718160417317, 40.632486876973566], [-74.19585298866183, 40.631539448632914], [-74.19591867605972, 40.63182479543433], [-74.19463096965414, 40.63254062913762], [-74.19248617224167, 40.633400615658594], [-74.19556057298772, 40.63502583576246], [-74.1951870080963, 40.63541623127702], [-74.19520227096622, 40.63570715354209], [-74.19441936677609, 40.636581324408176], [-74.19454329364724, 40.63706968808111], [-74.19477392038462, 40.6370802768358], [-74.19473843463693, 40.637266982902446], [-74.1945370957769, 40.637415542554585], [-74.1939746991473, 40.63730670090209], [-74.19358603104254, 40.63746655391335], [-74.1937232343163, 40.637565135409055], [-74.18652613889789, 40.643390504765264], [-74.18623009450403, 40.643187870017904], [-74.18590702979726, 40.64363304889839], [-74.18511475450734, 40.643804503996776], [-74.18524485815712, 40.64394153404089], [-74.18483458599036, 40.64412883996465], [-74.18444414150461, 40.64366834198302], [-74.18411225008417, 40.64353163426972], [-74.18406122716007, 40.64332311183164], [-74.18437049598933, 40.64309754354798], [-74.18421199324189, 40.64311426630427], [-74.18395804718524, 40.642494350010615], [-74.18364746528746, 40.6422423256245], [-74.18403176420921, 40.64309259653761], [-74.18384487306557, 40.643268562094114], [-74.18345480267665, 40.642939810103314], [-74.18323866137433, 40.64296211303632], [-74.18379763149865, 40.64443242891881], [-74.18366119939695, 40.64461380306859], [-74.18289057259051, 40.64480167696461], [-74.18118193592097, 40.64458479834728], [-74.18085113280613, 40.64484881892213], [-74.18048203525488, 40.644278482371455], [-74.17983347656127, 40.64430145671768], [-74.17935795609034, 40.64435160556406], [-74.17933803225768, 40.64498293840226], [-74.17920127729232, 40.64504902654641], [-74.17901709744585, 40.64355614743133], [-74.17940511268085, 40.64312735541093], [-74.17959644404243, 40.641919348740046], [-74.17915971499147, 40.64299049844782], [-74.17879084810626, 40.64249701017658], [-74.17848101989813, 40.642519449789006], [-74.17825657172004, 40.642130037611565], [-74.17834428380543, 40.64259102649109], [-74.17781100386526, 40.64259734187659], [-74.17768942582978, 40.64294886301587], [-74.17721424871881, 40.643125262857055], [-74.17682437186026, 40.642856873520294], [-74.17670790142759, 40.6424178860317], [-74.17635452819785, 40.642325105605565], [-74.1766866302997, 40.64254966867326], [-74.17666721951294, 40.643384114848764], [-74.17610532332313, 40.64347280998598], [-74.17560041538611, 40.643308894649905], [-74.17547287358654, 40.64413801601271], [-74.17568337547011, 40.644708610972714], [-74.17549576472794, 40.64462106414518], [-74.17529516847802, 40.64507700522383], [-74.1745887291375, 40.64501769449102], [-74.17436562941629, 40.64513880372506], [-74.17296513126749, 40.64423513797178], [-74.17299948606382, 40.64358731582742], [-74.1724513442456, 40.64342345170867], [-74.17236443753355, 40.643258894585294], [-74.17272397957449, 40.64295093860796], [-74.17257273777386, 40.64298959273508], [-74.17244256269632, 40.64281412142458], [-74.17195982641078, 40.64285876093509], [-74.17157138377632, 40.64313930974108], [-74.17133282825435, 40.64285420721512], [-74.17185809822664, 40.64253502773796], [-74.17174995566201, 40.64251872055844], [-74.17185049567694, 40.64238133083186], [-74.17171963144133, 40.64193687024676], [-74.17148127709262, 40.64172862183551], [-74.17159476145243, 40.64102029652449], [-74.17200547618604, 40.64099772459571], [-74.1724803113624, 40.64068959677671], [-74.17290525179337, 40.64059563572298], [-74.17299145901453, 40.64049120400573], [-74.17245864936203, 40.64067316051924], [-74.17206298672967, 40.64094274273961], [-74.17157311367794, 40.64100934966154], [-74.17138767600619, 40.641761698863085], [-74.17028509498634, 40.6417743160052], [-74.17007690124507, 40.6420875302304], [-74.16915390981814, 40.641874797950685], [-74.16906086371813, 40.64212745550187], [-74.16774104211927, 40.64172864884999], [-74.16757558002033, 40.64184417128393], [-74.165635436283, 40.641215680359565], [-74.16544350030127, 40.64228093530282], [-74.16493885826058, 40.64221029566983], [-74.16518720406869, 40.64063991909039], [-74.16416949741422, 40.639993605907925], [-74.1634557271276, 40.63985738316881], [-74.16324222131729, 40.64095560269659], [-74.16280282516398, 40.641038569320436], [-74.1616775708339, 40.64061196958605], [-74.1622856350356, 40.638766613670654], [-74.16076476756109, 40.63862602087278], [-74.16022361280662, 40.63834131790748], [-74.16005877812599, 40.638720328620266], [-74.15985702891857, 40.63873158842743], [-74.15957421219274, 40.63799088767335], [-74.15932156304261, 40.637810081790214], [-74.1591631189577, 40.63784872828708], [-74.1590127834695, 40.638266144518326], [-74.15815486605274, 40.638108129805545], [-74.15814732158957, 40.63796541104882], [-74.15610070021278, 40.63794075968888], [-74.15611414937628, 40.63752902278116], [-74.15569616763122, 40.63751861032994], [-74.15568238290308, 40.63778761851142], [-74.15478145908043, 40.637722959751], [-74.15454987022709, 40.63729508385688], [-74.15425414033693, 40.637174710146496], [-74.1534112535419, 40.63727465024957], [-74.15279840711263, 40.63713273711402], [-74.15269868997393, 40.63764340068658], [-74.1511928029714, 40.63773322386357], [-74.15125936317229, 40.63848520895683], [-74.15055331225602, 40.63855750008769], [-74.1499686928811, 40.6381520350355], [-74.14967901619585, 40.63751562104238], [-74.14939052482086, 40.637406204577296], [-74.14942132835333, 40.638289987125766], [-74.14919157606828, 40.63866906651759], [-74.1488817924415, 40.63870789508558], [-74.14852587500063, 40.63744575173104], [-74.14878128411226, 40.63887820217], [-74.14602174460174, 40.6390958331206], [-74.14605806453176, 40.63922753691505], [-74.14519362802919, 40.63937685029817], [-74.14467461673411, 40.63930613991572], [-74.1438882148928, 40.63888442897404], [-74.14375146097953, 40.63896145413224], [-74.14381685005593, 40.63920840346384], [-74.14357187050035, 40.63922517833163], [-74.14336392495221, 40.63970852077585], [-74.14312605562907, 40.639681369190455], [-74.14359916005542, 40.63851149886033], [-74.14329681592748, 40.63866009469118], [-74.14436470610653, 40.63595788512459], [-74.14471024754113, 40.635798252903854], [-74.14493238027744, 40.63522156701094], [-74.14565412462126, 40.63244841551109], [-74.14577368188286, 40.631103315812325], [-74.14578052758806, 40.630938619586665], [-74.14579415893483, 40.630581779275964], [-74.14580058478298, 40.63022494808725], [-74.14554249539273, 40.62751890912901], [-74.14563442426297, 40.626722802583814], [-74.1462285041808, 40.624926953255155], [-74.1487649907041, 40.62510485549247], [-74.14929365165752, 40.62309498052419], [-74.1509473039328, 40.62158867338037], [-74.15130698982183, 40.621352148125375], [-74.15779892692048, 40.62167279586452], [-74.16241157699702, 40.62241295636967], [-74.16258255963562, 40.62162221344649], [-74.16424038706265, 40.62194923246209], [-74.16487429789342, 40.62191538752067], [-74.16534563052687, 40.62023489517846], [-74.16330443090904, 40.6192606653118], [-74.16570514907016, 40.61995440825353], [-74.16878433049314, 40.62112470157873], [-74.16918631401325, 40.62054770337459], [-74.170620124974, 40.620605969812054], [-74.17271559919898, 40.62022405866041], [-74.1742123391676, 40.61955206965064], [-74.17543471517506, 40.61866089628038], [-74.17616005471677, 40.61779792051121], [-74.17902974600106, 40.61335240258715], [-74.17947986354423, 40.611973811214526], [-74.18043142158893, 40.61223582225228], [-74.17853782668054, 40.615269037502166]]], [[[-74.14578052758806, 40.630938619586665], [-74.14548669659915, 40.63166910652349], [-74.1451342713349, 40.63196598947486], [-74.14464450871232, 40.632065419158515], [-74.14356327441524, 40.631880128416114], [-74.14397843576765, 40.630600536092345], [-74.14578052758806, 40.630938619586665]]]]}, "properties": {"geo_id": "10303", "name": "10303", "borough": null, "area_km2": 7.9369}}, {"type": "Feature", "id": 50, "geometry": {"type": "Polygon", "coordinates": [[[-74.09849133817545, 40.587105045433205], [-74.09924047263081, 40.587280068206766], [-74.10207979851393, 40.58874330528169], [-74.10087941557238, 40.5901771520558], [-74.10088699811224, 40.59042966716079], [-74.10438869010123, 40.58708337016738], [-74.10783337685903, 40.58432440658051], [-74.11013490823387, 40.5827467060659], [-74.111983895779, 40.58186658142559], [-74.11391840177473, 40.58049776690718], [-74.11397517731662, 40.580014624945264], [-74.11561413131068, 40.57849236527594], [-74.11701759701586, 40.57821097419088], [-74.11757109802255, 40.577710854472414], [-74.11828461602849, 40.578132822119606], [-74.1191396098422, 40.5811731828222], [-74.12333003411474, 40.58506089381915], [-74.12044863036567, 40.5883851627512], [-74.12068653592553, 40.58853862208755], [-74.11539987093057, 40.596163622955046], [-74.11490362564491, 40.5965538819151], [-74.11445726936283, 40.596642160970354], [-74.11332574013447, 40.59613823907779], [-74.11131079834087, 40.59705697182285], [-74.11129822485563, 40.5981549040933], [-74.11196898620749, 40.59874163972289], [-74.11300842832118, 40.60013498058691], [-74.11166908378924, 40.60028450898051], [-74.10933658375004, 40.60089060760524], [-74.10959698902091, 40.60157655936532], [-74.11156236356905, 40.60106962526208], [-74.11269648339746, 40.603066732469905], [-74.11136475794342, 40.60350170880754], [-74.10709496799377, 40.60430175837061], [-74.10530027513045, 40.60350742518074], [-74.10383746418951, 40.60305311958388], [-74.10323964589976, 40.60304267896011], [-74.10266394154134, 40.603361591282486], [-74.10182396645318, 40.60514096769898], [-74.09789980951598, 40.606022712522105], [-74.09750345001665, 40.605880319986404], [-74.09695048989106, 40.60701713384096], [-74.09632446733198, 40.60745133813465], [-74.09672889556957, 40.60818660405979], [-74.09652752168711, 40.60840086750385], [-74.09602350097343, 40.60853303992866], [-74.09626169130497, 40.60887319547528], [-74.09493694606608, 40.609307975167006], [-74.09519655516655, 40.60951636497256], [-74.09574396892994, 40.609499441507204], [-74.09685297089734, 40.60930637661477], [-74.09737122583049, 40.60905341745906], [-74.09744432226607, 40.60978347138182], [-74.0972069619602, 40.61001972485321], [-74.09934987577768, 40.61241684435516], [-74.09811143337818, 40.61279120030699], [-74.09792514958443, 40.61347755802933], [-74.09730684452421, 40.614301521686436], [-74.09736533839012, 40.61489434788713], [-74.09722891578495, 40.615201880391545], [-74.09623554401878, 40.61571873774769], [-74.09645058699581, 40.614977462915235], [-74.09629794692093, 40.6140333813938], [-74.09385452578964, 40.613041786533], [-74.09305601582427, 40.61381646800653], [-74.09257540049663, 40.61527708697601], [-74.09268444755064, 40.61599064570038], [-74.094299042077, 40.61665357278533], [-74.09406999509224, 40.61770227184191], [-74.09358083065801, 40.61820771318901], [-74.09273802409035, 40.61825780248756], [-74.09125266543052, 40.61729282370569], [-74.09030848579584, 40.61695321486945], [-74.08788795198922, 40.61694411181044], [-74.08751612599514, 40.61906337628034], [-74.0877184843756, 40.619551795273395], [-74.08818707695472, 40.61979297856983], [-74.08867668766821, 40.619583997641776], [-74.0887130443358, 40.6198364905765], [-74.08941969208442, 40.62030804752201], [-74.08871449626514, 40.62092891712146], [-74.08848729728386, 40.623448811837], [-74.08892525049443, 40.627708390536604], [-74.08851616953659, 40.62892190376075], [-74.08682475714333, 40.630317547027], [-74.08807949844739, 40.63107964430931], [-74.08574862807953, 40.63395794566929], [-74.08520073781841, 40.633760728140594], [-74.08411395093611, 40.634777100211025], [-74.08231111362464, 40.633664020611086], [-74.080418262115, 40.635537305963624], [-74.08029617738288, 40.635883234620266], [-74.07949673315434, 40.63623512300254], [-74.07894259131064, 40.63684484773776], [-74.0789128387035, 40.63605985875341], [-74.07935145104884, 40.635258078697056], [-74.07988246680249, 40.633402233788864], [-74.078988712725, 40.63319424727383], [-74.07870872063249, 40.634067282171834], [-74.07746892587419, 40.633722280764665], [-74.07795033808637, 40.63254718567328], [-74.07596092715015, 40.631966621845606], [-74.07517007290546, 40.63352618183241], [-74.07517090149886, 40.63426178468764], [-74.07585014936512, 40.63593565957581], [-74.07471912447627, 40.63621636848036], [-74.07507398510735, 40.637786156000125], [-74.07258081511004, 40.63794146481254], [-74.07348142004294, 40.63778718472419], [-74.07353170600497, 40.63764442362326], [-74.0728283647148, 40.63366492833533], [-74.07333099850403, 40.63205616248916], [-74.07298322262177, 40.63031069761985], [-74.07278140043191, 40.63024495059786], [-74.07292519575999, 40.62995940133859], [-74.07229528720494, 40.627149133883485], [-74.0727131310008, 40.62710495372617], [-74.07277778465746, 40.62692924620951], [-74.07412499855691, 40.626818593877864], [-74.07397291491348, 40.62611602534846], [-74.07372796593764, 40.626132651438056], [-74.0733302478693, 40.624815406016936], [-74.07279642382538, 40.62420091197942], [-74.07234955923266, 40.62404199615469], [-74.0721906819233, 40.62369625228087], [-74.07233456680842, 40.6235040264187], [-74.07182993515971, 40.62321888447497], [-74.07022823148078, 40.62105148830906], [-74.07095521344345, 40.620430718793315], [-74.07116442502425, 40.62069957914538], [-74.0712570499031, 40.619733354747225], [-74.07183249016484, 40.6188985795616], [-74.0739633455299, 40.61748091495461], [-74.07502829501271, 40.61637681774293], [-74.07939237047054, 40.6090837109567], [-74.08386555414971, 40.60340429407369], [-74.08333893821349, 40.60273494648566], [-74.08413800949094, 40.60242145730487], [-74.08437609665046, 40.60274516891407], [-74.08518135000017, 40.601635676481365], [-74.08752238303205, 40.59636390340448], [-74.08703262413567, 40.59633133777066], [-74.0871473784936, 40.59596893723561], [-74.08773077087396, 40.59601241013442], [-74.08897449410533, 40.594386532267116], [-74.09063592999023, 40.59283167674626], [-74.09200998351568, 40.59181500840613], [-74.09224779042647, 40.59193558899022], [-74.09650633115022, 40.588759100738706], [-74.09618204624526, 40.58858919491816], [-74.09680060455958, 40.58809461109625], [-74.09700956369592, 40.58818775814187], [-74.09849133817545, 40.587105045433205]], [[-74.0909861992565, 40.61206694559088], [-74.09355181706266, 40.61292675189274], [-74.0940408811529, 40.61237739371704], [-74.09468890973832, 40.612179236429355], [-74.09299507576203, 40.6114395244567], [-74.09153292745971, 40.61153402116429], [-74.0909861992565, 40.61206694559088]]]}, "properties": {"geo_id": "10304", "name": "10304", "borough": null, "area_km2": 9.6965}}, {"type": "Feature", "id": 51, "geometry": {"type": "Polygon", "coordinates": [[[-73.931843190986, 40.807855663438886], [-73.93252854764465, 40.80882220946661], [-73.93259232456265, 40.81005188295115], [-73.93286679606089, 40.8101234059092], [-73.93287372746597, 40.81041435060788], [-73.93256257981108, 40.810886261394295], [-73.93263379553106, 40.811907339887185], [-73.93237813075804, 40.81465191212152], [-73.93233897367942, 40.817632655746095], [-73.93246503001873, 40.82157963565623], [-73.93307263268314, 40.8281563310226], [-73.93096222085417, 40.828336238121615], [-73.92974051259631, 40.82869231322731], [-73.92875713171914, 40.829185758595656], [-73.92698046356163, 40.82813616618309], [-73.92261698825475, 40.82683781492244], [-73.92046579799336, 40.830914998046616], [-73.91894159028537, 40.83033205735836], [-73.9202017729653, 40.828098738205895], [-73.91531843527682, 40.82654723587585], [-73.91476069177388, 40.82755688050531], [-73.9136341416424, 40.82692475760467], [-73.91217306681821, 40.82790077302708], [-73.9116962897461, 40.82775768370694], [-73.91179199855583, 40.82642931429903], [-73.91130992324543, 40.824847987606944], [-73.90870947674776, 40.82406645847929], [-73.90940483544247, 40.82287030984605], [-73.90991110177535, 40.82255231916311], [-73.909456016516, 40.82243119511237], [-73.91012329315997, 40.82060373440063], [-73.91152473769984, 40.82090124790525], [-73.91215487114813, 40.819787373648], [-73.91741346869858, 40.82127889767164], [-73.91892050606042, 40.81798081446253], [-73.91712189082133, 40.81751293322297], [-73.91746242850998, 40.81676112405683], [-73.91923936232767, 40.8172180059886], [-73.92033351733066, 40.814638729399654], [-73.92555322379448, 40.81194141136138], [-73.92714381874927, 40.81094883779454], [-73.92729539826435, 40.81108068018899], [-73.93012991441334, 40.808853717410045], [-73.931843190986, 40.807855663438886]]]}, "properties": {"geo_id": "10451", "name": "10451", "borough": null, "area_km2": 2.6811}}, {"type": "Feature", "id": 52, "geometry": {"type": "Polygon", "coordinates": [[[-74.10197264052816, 40.58458776907534], [-74.09700956369592, 40.58818775814187], [-74.09680060455958, 40.58809461109625], [-74.09618204624526, 40.58858919491816], [-74.09650633115022, 40.588759100738706], [-74.09224779042647, 40.59193558899022], [-74.09200998351568, 40.59181500840613], [-74.09063592999023, 40.59283167674626], [-74.08897449410533, 40.594386532267116], [-74.08773077087396, 40.59601241013442], [-74.0871473784936, 40.59596893723561], [-74.08703262413567, 40.59633133777066], [-74.08752238303205, 40.59636390340448], [-74.08518135000017, 40.601635676481365], [-74.08437609665046, 40.60274516891407], [-74.08413800949094, 40.60242145730487], [-74.08333893821349, 40.60273494648566], [-74.08386555414971, 40.60340429407369], [-74.07939237047054, 40.6090837109567], [-74.07502829501271, 40.61637681774293], [-74.0739633455299, 40.61748091495461], [-74.07183249016484, 40.6188985795616], [-74.0712570499031, 40.619733354747225], [-74.07116442502425, 40.62069957914538], [-74.07095521344345, 40.620430718793315], [-74.07022823148078, 40.62105148830906], [-74.07182993515971, 40.62321888447497], [-74.07233456680842, 40.6235040264187], [-74.0721906819233, 40.62369625228087], [-74.07234955923266, 40.62404199615469], [-74.07279642382538, 40.62420091197942], [-74.0733302478693, 40.624815406016936], [-74.07372796593764, 40.626132651438056], [-74.07397291491348, 40.62611602534846], [-74.07412499855691, 40.626818593877864], [-74.07270567481017, 40.626874396017705], [-74.0722565103486, 40.62460748172783], [-74.07002692954285, 40.62145235078971], [-74.0660761066195, 40.6186220635321], [-74.06668069784102, 40.61806726622028], [-74.06641395141997, 40.617869795529316], [-74.06604686650736, 40.61819389261737], [-74.06570083918344, 40.61795803869381], [-74.06546325133311, 40.61810639306893], [-74.06513886003489, 40.61789248347551], [-74.06515293052739, 40.61754663155348], [-74.06420138050362, 40.616899395696485], [-74.06373300498684, 40.61677339583179], [-74.06376886195865, 40.61660319874917], [-74.06143995384033, 40.61437569454632], [-74.0607399909598, 40.61304758611875], [-74.06050141449975, 40.612098013014254], [-74.06027065278319, 40.61181816518029], [-74.05944934098817, 40.611675863569744], [-74.05892294824132, 40.61105581097236], [-74.05912443136103, 40.610819655138975], [-74.05908824982383, 40.610633027679896], [-74.05716336123602, 40.60874009232224], [-74.05649221476033, 40.607247255250705], [-74.0555191911979, 40.60648467607762], [-74.05528874708463, 40.60653968308554], [-74.05505803095794, 40.60626531422077], [-74.05381166759103, 40.6059145706003], [-74.05360944873975, 40.60523944519217], [-74.05401975634469, 40.60493732545805], [-74.05353613230449, 40.60363102850858], [-74.05303023994415, 40.60146836286295], [-74.05344004367414, 40.600562389825264], [-74.05224384930725, 40.59975047967674], [-74.05287052093323, 40.59986547459734], [-74.05447568119811, 40.59875582650483], [-74.05719600204542, 40.59639397800372], [-74.05976472300149, 40.59383451784285], [-74.0605564675788, 40.593378466583715], [-74.06215391809368, 40.59202717205241], [-74.06503145736805, 40.588989830068975], [-74.06454125950533, 40.5884356566338], [-74.06477894087061, 40.58849041890592], [-74.06722546410104, 40.58673234066282], [-74.07096604293136, 40.583183806783076], [-74.07149057662924, 40.5821679045571], [-74.07065478128804, 40.58162495058691], [-74.07146882336555, 40.58202518833646], [-74.0733537881401, 40.58067904676151], [-74.07508008849109, 40.579162800008696], [-74.07579910796795, 40.57831143865433], [-74.0752371742277, 40.57799890036779], [-74.07534504626423, 40.577889037508385], [-74.07601502578491, 40.57824542069668], [-74.07641070443916, 40.57797616740979], [-74.07629542107135, 40.577899389511295], [-74.07648988253739, 40.57795964589607], [-74.07691422992208, 40.577580579604955], [-74.07673399824144, 40.5773720950023], [-74.0769357783773, 40.577536648308346], [-74.07737466608151, 40.57728383156038], [-74.07877709544572, 40.57600928915835], [-74.08090655484487, 40.57469030284511], [-74.0859548671615, 40.57030043691167], [-74.08691061319915, 40.56898770027585], [-74.0862189447212, 40.56853258359861], [-74.08724907652491, 40.56908076712223], [-74.08835661150243, 40.56826745775139], [-74.08924757511993, 40.56701513694919], [-74.08998232174694, 40.56738236788855], [-74.09099644669293, 40.566739284088165], [-74.09253112109603, 40.56774265753174], [-74.09274756747362, 40.5680938182805], [-74.08872205010272, 40.57241183372347], [-74.08580141327816, 40.57413230058378], [-74.08985740054744, 40.576193293159896], [-74.0889731233956, 40.57714368388382], [-74.09112022409364, 40.57832226697009], [-74.09149420551142, 40.578025530852976], [-74.09343956807628, 40.579050521994645], [-74.09307329433, 40.57970957233626], [-74.09200213369037, 40.58089070083988], [-74.0961668609963, 40.58304470606039], [-74.09772031967428, 40.58181372326054], [-74.10124488069172, 40.58424805705927], [-74.10197264052816, 40.58458776907534]]]}, "properties": {"geo_id": "10305", "name": "10305", "borough": null, "area_km2": 10.4193}}, {"type": "Feature", "id": 53, "geometry": {"type": "Polygon", "coordinates": [[[-74.16494491052138, 40.56011326833519], [-74.16591706184293, 40.56029302570813], [-74.16499858958775, 40.56144716993642], [-74.16442513634246, 40.565340135001136], [-74.16487226060289, 40.56567436102379], [-74.16520554500825, 40.566546732016874], [-74.1658756580866, 40.56680926810727], [-74.1663650337054, 40.56675915377328], [-74.16657292795269, 40.56641300631569], [-74.16722099609939, 40.5664944090139], [-74.16846534943338, 40.56610282757862], [-74.16968899939116, 40.56606808867254], [-74.16962263251587, 40.56828050427918], [-74.16983068501379, 40.57083287047454], [-74.15272634627851, 40.58045822231513], [-74.1512251793267, 40.582063174966734], [-74.146323440244, 40.58607144847539], [-74.14583204195672, 40.588564355720486], [-74.14168470859018, 40.58873972237914], [-74.13861779560408, 40.589061860402225], [-74.1336719475544, 40.58605941547945], [-74.13349822259238, 40.58560397994505], [-74.13373409252821, 40.58473085782959], [-74.13335120832248, 40.584099997780534], [-74.13272407719721, 40.58374938892671], [-74.13123280845532, 40.583344870817356], [-74.13040362737328, 40.582758426678204], [-74.12918205106537, 40.584033396050195], [-74.1289039067026, 40.585417089837414], [-74.12907132232806, 40.58635013527494], [-74.12773431674007, 40.58755934304448], [-74.12782418273984, 40.58936532370659], [-74.12632203019157, 40.590871136889334], [-74.12628371318486, 40.593456782779626], [-74.12259327577388, 40.59949385176025], [-74.12064384407996, 40.600780481146174], [-74.12059528298425, 40.60180708717392], [-74.11957257756205, 40.60181913497024], [-74.11942954771274, 40.5983608358183], [-74.11781635687367, 40.59838445938139], [-74.11781749019701, 40.59902674146724], [-74.11664362340935, 40.599060876516866], [-74.11684303418802, 40.601893307222895], [-74.11487001978769, 40.60213683852659], [-74.11125476651084, 40.59800672696814], [-74.11131079834087, 40.59705697182285], [-74.11332574013447, 40.59613823907779], [-74.11445726936283, 40.596642160970354], [-74.11490362564491, 40.5965538819151], [-74.11539987093057, 40.596163622955046], [-74.12068653592553, 40.58853862208755], [-74.12044863036567, 40.5883851627512], [-74.12333003411474, 40.58506089381915], [-74.1191396098422, 40.5811731828222], [-74.11828461602849, 40.578132822119606], [-74.11757109802255, 40.577710854472414], [-74.11701759701586, 40.57821097419088], [-74.11548468721953, 40.57858032923795], [-74.11397517731662, 40.580014624945264], [-74.11391840177473, 40.58049776690718], [-74.111983895779, 40.58186658142559], [-74.11013490823387, 40.5827467060659], [-74.10783337685903, 40.58432440658051], [-74.10438869010123, 40.58708337016738], [-74.10088699811224, 40.59042966716079], [-74.10087941557238, 40.5901771520558], [-74.10207979851393, 40.58874330528169], [-74.09924047263081, 40.587280068206766], [-74.09849133817545, 40.587105045433205], [-74.10197264052816, 40.58458776907534], [-74.10124488069172, 40.58424805705927], [-74.09772031967428, 40.58181372326054], [-74.0961668609963, 40.58304470606039], [-74.09200213369037, 40.58089070083988], [-74.09307329433, 40.57970957233626], [-74.09343956807628, 40.579050521994645], [-74.09149420551142, 40.578025530852976], [-74.09112022409364, 40.57832226697009], [-74.0889731233956, 40.57714368388382], [-74.08985740054744, 40.576193293159896], [-74.08580141327816, 40.57413230058378], [-74.08872205010272, 40.57241183372347], [-74.09274756747362, 40.5680938182805], [-74.09253112109603, 40.56774265753174], [-74.09099644669293, 40.566739284088165], [-74.09405052736048, 40.562981926862655], [-74.09407176609253, 40.56272938709987], [-74.09510892248996, 40.56317319192407], [-74.09542561653814, 40.56315646040101], [-74.09566981034021, 40.562777473706376], [-74.09611581511206, 40.562584964755374], [-74.0966117590383, 40.56208499350893], [-74.09819921875851, 40.55983839353191], [-74.09829204668789, 40.559333269218435], [-74.09784534631174, 40.55903172160832], [-74.09876723368512, 40.559426185085506], [-74.09937835418015, 40.55896452994929], [-74.09971690699493, 40.5591399043167], [-74.09993273099879, 40.559068351686435], [-74.10080252429717, 40.558321003383114], [-74.10124057986383, 40.55766186373226], [-74.10184297177611, 40.55621756106595], [-74.10184255338415, 40.55594308041357], [-74.10135258415934, 40.55558119889752], [-74.10264895144401, 40.556134499216306], [-74.10309483246554, 40.555903535764934], [-74.10466105834908, 40.554117992251776], [-74.10509149720374, 40.553233770059734], [-74.10484646999241, 40.5530253883826], [-74.10643113752438, 40.55385286363718], [-74.10640995707183, 40.55411089548778], [-74.10656121978059, 40.554187609938275], [-74.1073456482066, 40.554148452054854], [-74.10768364013545, 40.55397795735716], [-74.1102849071949, 40.551494179374714], [-74.11279052546999, 40.54788506267124], [-74.11301343988337, 40.547780540629105], [-74.11494520919031, 40.54959019943255], [-74.1165636535641, 40.549127439573816], [-74.11876233740851, 40.55121673369593], [-74.11850360180033, 40.55141462744227], [-74.11945502968447, 40.5522206164191], [-74.1273021861721, 40.55729557692545], [-74.13042752151715, 40.554437466272084], [-74.13455949950571, 40.55125420659193], [-74.13776031697967, 40.553879941975076], [-74.13850072143984, 40.55344537108484], [-74.13977679697878, 40.55449234336928], [-74.14050303170995, 40.55416756932447], [-74.14025244507677, 40.55479369282151], [-74.14058345939218, 40.55476583997793], [-74.14202815095608, 40.55384729508589], [-74.14332982808034, 40.5533790597675], [-74.14436056228418, 40.554096909646034], [-74.1454972566416, 40.55388686941919], [-74.14056810444771, 40.55773025559651], [-74.1398648490544, 40.55873571513787], [-74.14168778543115, 40.55964475806427], [-74.14261679794937, 40.5598796620019], [-74.15171139274682, 40.567888345710514], [-74.15480100174315, 40.56538095669726], [-74.15584822229928, 40.56377657113036], [-74.15711239153758, 40.56262202822272], [-74.16152874801332, 40.56127094457921], [-74.16377936669184, 40.56031805238679], [-74.16494491052138, 40.56011326833519]]]}, "properties": {"geo_id": "10306", "name": "10306", "borough": null, "area_km2": 19.4213}}, {"type": "Feature", "id": 54, "geometry": {"type": "MultiPolygon", "coordinates": [[[[-74.2218396418579, 40.50254088404841], [-74.22321928401749, 40.50865917502832], [-74.21203520793914, 40.51090369242544], [-74.2104338933512, 40.5117355770764], [-74.2099914220982, 40.51055062272722], [-74.2117892133186, 40.508175789280784], [-74.21338139413677, 40.50676748865364], [-74.21353125229277, 40.50639940309967], [-74.21385555939077, 40.50660740607527], [-74.21434433515802, 40.50651865974861], [-74.2151052223705, 40.50606159477918], [-74.21591568029353, 40.505368376319986], [-74.21758479782203, 40.50333954092967], [-74.21794445277017, 40.50336081706271], [-74.21976911599742, 40.50274249565978], [-74.2218396418579, 40.50254088404841]]], [[[-74.23985257483902, 40.520000183591684], [-74.23724000613072, 40.51962682700076], [-74.2348153428245, 40.51949457145459], [-74.2342759128074, 40.51746450221285], [-74.23281895128429, 40.516336598200624], [-74.23260142129308, 40.51583748077991], [-74.23118898680603, 40.51092709393376], [-74.22820325293884, 40.50225392282908], [-74.22974885109818, 40.502080659402615], [-74.23033041950718, 40.50180501065033], [-74.2305250820666, 40.50194735088499], [-74.23114322975931, 40.50185278324867], [-74.23359946397755, 40.500914567416096], [-74.23595624889113, 40.5003443105683], [-74.23693992596458, 40.499908600514196], [-74.23767064782268, 40.49912206790843], [-74.23798721734647, 40.49916532907221], [-74.23851121654235, 40.49889524772802], [-74.23985126211755, 40.497580425464974], [-74.24433120132605, 40.49754901506239], [-74.24548712468497, 40.497046988602676], [-74.24676375722473, 40.4961329661674], [-74.24784970308363, 40.496163563616044], [-74.24887900131485, 40.496430329211286], [-74.25085524340679, 40.49800704890433], [-74.25116817157605, 40.49899450376426], [-74.25260168661356, 40.499644626985706], [-74.25329458468734, 40.50031283850524], [-74.25384614843671, 40.50163462844573], [-74.2552793239815, 40.50405787996406], [-74.25531037358664, 40.506539137897526], [-74.25557396501999, 40.50776274555575], [-74.2550441551669, 40.50839523514265], [-74.25399626234883, 40.508968483747566], [-74.25411208969989, 40.50916585509872], [-74.25331636657515, 40.50985931130889], [-74.25300495066784, 40.511193985407324], [-74.25310188225025, 40.5120995653662], [-74.25195443802556, 40.51299690432768], [-74.25212256137152, 40.513710190650485], [-74.25135549364472, 40.514392590612374], [-74.25011355412235, 40.51504308323164], [-74.25017935864206, 40.51532840196704], [-74.24984198751149, 40.515515785163714], [-74.24935815423247, 40.51500629926879], [-74.24921458241376, 40.51508346628985], [-74.24961923089919, 40.5155766560558], [-74.24821996343024, 40.516485483922075], [-74.24751945058046, 40.5157349138475], [-74.24693084161987, 40.51606556103461], [-74.24644133106484, 40.51596230965153], [-74.24612548495526, 40.51613865635618], [-74.24675259630759, 40.516494137513966], [-74.24520898432449, 40.51728795595016], [-74.2456712026705, 40.51779201582875], [-74.24563628547875, 40.518077552610556], [-74.2449242947997, 40.51811750166659], [-74.24431431291492, 40.51851405676267], [-74.24365172950182, 40.51829587898578], [-74.2423282670933, 40.51832612898434], [-74.24125953997373, 40.51917927664091], [-74.241030658592, 40.51954207461981], [-74.24048988923435, 40.51919187106887], [-74.24009667911223, 40.51986792158243], [-74.23985257483902, 40.520000183591684]]]]}, "properties": {"geo_id": "10307", "name": "10307", "borough": null, "area_km2": 4.6885}}, {"type": "Feature", "id": 55, "geometry": {"type": "Polygon", "coordinates": [[[-74.16494491052138, 40.56011326833519], [-74.16377936669184, 40.56031805238679], [-74.16152874801332, 40.56127094457921], [-74.15711239153758, 40.56262202822272], [-74.15584822229928, 40.56377657113036], [-74.15480100174315, 40.56538095669726], [-74.15171139274682, 40.567888345710514], [-74.14261679794937, 40.5598796620019], [-74.14168778543115, 40.55964475806427], [-74.1398648490544, 40.55873571513787], [-74.14056810444771, 40.55773025559651], [-74.1454972566416, 40.55388686941919], [-74.14436056228418, 40.554096909646034], [-74.14332982808034, 40.5533790597675], [-74.14202815095608, 40.55384729508589], [-74.14058345939218, 40.55476583997793], [-74.14025244507677, 40.55479369282151], [-74.14050303170995, 40.55416756932447], [-74.13977679697878, 40.55449234336928], [-74.13850072143984, 40.55344537108484], [-74.13776031697967, 40.553879941975076], [-74.13455949950571, 40.55125420659193], [-74.13739164476206, 40.549592986098595], [-74.13865596705614, 40.54848805148732], [-74.13745891341668, 40.547309220760766], [-74.13585955731955, 40.54644925258843], [-74.13641327057128, 40.54625096953733], [-74.13651333465457, 40.545915983315204], [-74.13709631080974, 40.545953716172384], [-74.13752728467357, 40.54556343721676], [-74.13795276859422, 40.546002097101464], [-74.13878612238027, 40.54532037899478], [-74.13887207746872, 40.54512813807331], [-74.13869188817458, 40.54499111513387], [-74.13983411376854, 40.544051003289965], [-74.14004245443239, 40.54388606050876], [-74.1402946963062, 40.54406691036414], [-74.14050309359396, 40.54392941482363], [-74.1401927882216, 40.543512582263055], [-74.14087523974136, 40.54295729441983], [-74.14133605880912, 40.54308847924553], [-74.14107637849936, 40.54279235857636], [-74.14132814303916, 40.542748131936506], [-74.14122724931855, 40.54267689088469], [-74.14165105186952, 40.542319542894234], [-74.1422985520532, 40.54225835635427], [-74.14218289255798, 40.5420114662667], [-74.1424764590785, 40.54132489855704], [-74.14177584914032, 40.540090598817926], [-74.14200500129769, 40.539568800666046], [-74.14173108031356, 40.53933857459698], [-74.14230615186294, 40.53906887134473], [-74.14234187225513, 40.53894805516989], [-74.14176536954089, 40.538542535674075], [-74.14226819923726, 40.538141170592425], [-74.1420808264079, 40.53800416180978], [-74.14238969103647, 40.537751256105224], [-74.14158240088534, 40.53708800892451], [-74.14305057350292, 40.53723989878955], [-74.14383463978098, 40.53713461620619], [-74.14473836065703, 40.53579949968025], [-74.14536447202987, 40.53585909463281], [-74.14640170819574, 40.536373802236966], [-74.14723506133303, 40.53578534580028], [-74.14972792328413, 40.53726981259007], [-74.15051220192957, 40.53726329751626], [-74.15070611683345, 40.53710384377978], [-74.15178677268142, 40.537700790261304], [-74.15918718116278, 40.545228033731995], [-74.1589500987603, 40.545393051075855], [-74.15929702148044, 40.54602387784483], [-74.15886579332214, 40.54625503972595], [-74.15899664591583, 40.54680931126556], [-74.15932885634372, 40.547302917500254], [-74.16210320771641, 40.54587173066886], [-74.16174609237635, 40.54698662924282], [-74.16077550630446, 40.54737226636343], [-74.16116849542995, 40.54918878287658], [-74.16209660536786, 40.54908317359235], [-74.16267893572919, 40.55179422676011], [-74.16339514664551, 40.55331383690244], [-74.16494491052138, 40.56011326833519]]]}, "properties": {"geo_id": "10308", "name": "10308", "borough": null, "area_km2": 5.0932}}, {"type": "Feature", "id": 56, "geometry": {"type": "Polygon", "coordinates": [[[-74.1977069983444, 40.51066576603585], [-74.19872286469162, 40.511245914472525], [-74.19964399922898, 40.51140900534699], [-74.19990370209119, 40.511666566852085], [-74.20003619047493, 40.51267643158745], [-74.19892881245025, 40.51277716997801], [-74.1990735815619, 40.513084339334895], [-74.1999578263066, 40.5129290920231], [-74.20082845661398, 40.51303187524878], [-74.20757160732371, 40.511856072099015], [-74.20880001357038, 40.51136526489297], [-74.2099914220982, 40.51055062272722], [-74.2104338933512, 40.5117355770764], [-74.21203520793914, 40.51090369242544], [-74.22321928401749, 40.50865917502832], [-74.2218396418579, 40.50254088404841], [-74.22304762596175, 40.502478156236386], [-74.22507326597682, 40.50176603532425], [-74.22688006382224, 40.50227301549741], [-74.22820325293884, 40.50225392282908], [-74.23118898680603, 40.51092709393376], [-74.23260142129308, 40.51583748077991], [-74.23281895128429, 40.516336598200624], [-74.2342759128074, 40.51746450221285], [-74.2348153428245, 40.51949457145459], [-74.23724000613072, 40.51962682700076], [-74.23985257483902, 40.520000183591684], [-74.24003353477424, 40.52031271553869], [-74.24055915331516, 40.52044885651386], [-74.24117281926776, 40.52106240992891], [-74.2413304634205, 40.5208918993634], [-74.24293586207588, 40.52122887139495], [-74.24258690244173, 40.52220127794794], [-74.24276146490969, 40.522727915548245], [-74.24261167133908, 40.52307956998724], [-74.2428020795973, 40.52400691859938], [-74.24330125505118, 40.5247744129381], [-74.24397111556601, 40.52499806695295], [-74.24334116185254, 40.52585578968446], [-74.24288596668242, 40.527295042219656], [-74.24288925813717, 40.52820082756434], [-74.24250885454458, 40.528448666034876], [-74.2424602861969, 40.52894283711267], [-74.24218868855274, 40.52943747887651], [-74.24224763704588, 40.52982162996357], [-74.24150381122516, 40.53104189920232], [-74.24153413716404, 40.531470027998594], [-74.24172171527614, 40.53161236406829], [-74.2418114876794, 40.53256188418084], [-74.24217848249235, 40.532577579556374], [-74.24228215499721, 40.53338982872831], [-74.24197350984522, 40.533593596621806], [-74.24199716178741, 40.53416447012137], [-74.24222185746284, 40.53461963702113], [-74.2426325719416, 40.53478345919928], [-74.24295862399487, 40.53540858946776], [-74.24369498756369, 40.53608225544413], [-74.24411988447577, 40.53618565608931], [-74.2439771829624, 40.53651533823187], [-74.24412956621214, 40.536866351711794], [-74.24456873880858, 40.53693678246583], [-74.24493469198016, 40.53666152001315], [-74.2453240615237, 40.536885764227186], [-74.2453390767879, 40.53705591119574], [-74.24480063653671, 40.53738643928866], [-74.24442890901027, 40.5380514784705], [-74.24532603506242, 40.53938354910195], [-74.24559074333, 40.540925573601186], [-74.24599501635934, 40.54128153512687], [-74.2464877691387, 40.542213718038454], [-74.24767848128243, 40.54312792647784], [-74.2480381561715, 40.543094212224375], [-74.24614079622708, 40.54569489660818], [-74.24363648073214, 40.54766552932548], [-74.24293641098377, 40.54711255867754], [-74.24220178397442, 40.54694942123678], [-74.24045547943244, 40.54762282750807], [-74.23841696242309, 40.54910379132195], [-74.23756433518174, 40.550165058853025], [-74.23641406686954, 40.55050779030255], [-74.23616530479498, 40.55139213404484], [-74.23652035932203, 40.55207211853904], [-74.23635587903641, 40.55236889765793], [-74.234897119387, 40.55300319906585], [-74.23375104718669, 40.55250598047246], [-74.23332642677065, 40.55250684397219], [-74.23226434953497, 40.553392828554436], [-74.23193591487878, 40.554151062244955], [-74.23078905707354, 40.55550931287019], [-74.23060937138568, 40.5555810390847], [-74.23024882592942, 40.55538413559062], [-74.22932073646699, 40.55549029559839], [-74.2293146696662, 40.5558196858581], [-74.22872612489991, 40.55629845778355], [-74.22821541194514, 40.5563873079276], [-74.22743689939884, 40.55603751562646], [-74.22611331373373, 40.556254224917225], [-74.22316081837116, 40.555787891294905], [-74.22297273560494, 40.55550279560088], [-74.22257655595466, 40.55540475066933], [-74.22179928714368, 40.555417233686626], [-74.22156973903685, 40.555648241429076], [-74.22129531443694, 40.55536879917785], [-74.22094453631198, 40.55594039653066], [-74.22055569933538, 40.55588624758012], [-74.2201871161745, 40.555425825545946], [-74.22010630045901, 40.55492642371996], [-74.21974541033906, 40.55461420564062], [-74.219084025218, 40.55484603388912], [-74.21933870291662, 40.555690951460846], [-74.21921669099957, 40.55579548746711], [-74.21896170860666, 40.55485724642969], [-74.21859405807484, 40.5546767888593], [-74.2185373244415, 40.55493490964951], [-74.2188210904592, 40.555873096773624], [-74.2187064903708, 40.5560434937187], [-74.21775305992351, 40.55500776458011], [-74.2160418411536, 40.55554349087172], [-74.21409431391515, 40.556463906665584], [-74.21412359607676, 40.556617561797886], [-74.21395817886295, 40.55665629751328], [-74.21376302336392, 40.556398648168674], [-74.21323849067707, 40.55667410490836], [-74.20569403463456, 40.55851591204495], [-74.20700107398324, 40.55756934719804], [-74.2061372884272, 40.55754345264649], [-74.20506403461778, 40.55727638202312], [-74.21055103688465, 40.55578425314229], [-74.21312438304902, 40.554747455469695], [-74.21291410726506, 40.554259268097965], [-74.21089408205444, 40.555015075100904], [-74.20680347677614, 40.54488864798485], [-74.20613006993776, 40.54353940801647], [-74.20311000382985, 40.54428589079009], [-74.19887309653527, 40.53515305928025], [-74.19858328645688, 40.53447833515086], [-74.1999907510106, 40.53355363240501], [-74.20118350517173, 40.533019053274856], [-74.2030957208992, 40.53248319120694], [-74.20289191661571, 40.531709512018054], [-74.19961890757068, 40.53191287675587], [-74.19748356027156, 40.53242161674626], [-74.19608039274101, 40.529909765980456], [-74.19478713699512, 40.530515828153725], [-74.19832294728711, 40.52676034834581], [-74.19943540983239, 40.52587458836847], [-74.19835782043137, 40.52396605913611], [-74.19804809278628, 40.52383484244339], [-74.19783828430927, 40.52343446014861], [-74.19753706799114, 40.52374788865017], [-74.19727705188973, 40.523396998526074], [-74.19507378622002, 40.52026617639317], [-74.19518809669088, 40.519996989415276], [-74.19320931297018, 40.517310410509225], [-74.19374398049625, 40.51564614613558], [-74.19368518430166, 40.512731242185275], [-74.1941086759468, 40.512428596050015], [-74.19493583065805, 40.512427194140756], [-74.19523651120834, 40.511943593924656], [-74.19604208210399, 40.51194222074642], [-74.19610102374247, 40.51241971954195], [-74.197122379802, 40.512417969894805], [-74.1977069983444, 40.51066576603585]]]}, "properties": {"geo_id": "10309", "name": "10309", "borough": null, "area_km2": 17.2878}}, {"type": "Feature", "id": 57, "geometry": {"type": "Polygon", "coordinates": [[[-74.12629075966457, 40.623836197519], [-74.1320608165184, 40.62338505760468], [-74.13198351968731, 40.62437327215041], [-74.131310120536, 40.626328336139835], [-74.13069772263175, 40.626340013121066], [-74.13012569459154, 40.62858041283137], [-74.13028436923835, 40.6286625769063], [-74.13009740893074, 40.62885492407518], [-74.12921811857484, 40.6287241656375], [-74.12923376203594, 40.62936093984578], [-74.12958209807707, 40.630639620823764], [-74.13008636905104, 40.630584155554004], [-74.13021669809258, 40.630907893449915], [-74.13047605059226, 40.630885641095496], [-74.13059946670442, 40.63135760514125], [-74.12944386752692, 40.63367002612118], [-74.12847109437155, 40.633671117130746], [-74.12801891326222, 40.63459936070809], [-74.12784389965722, 40.63727847056466], [-74.12688535041208, 40.6372081677535], [-74.127081661226, 40.63812471067205], [-74.12697415305351, 40.63843224584323], [-74.12705687100883, 40.64024371524243], [-74.12634368318267, 40.64037625089499], [-74.12569468891293, 40.640157379019065], [-74.12415247243692, 40.64013709610642], [-74.12285656902499, 40.64081919547815], [-74.1226039279876, 40.64059439246367], [-74.12290737853446, 40.64101676594679], [-74.12277825710348, 40.64134078889918], [-74.12144533394175, 40.64150140202446], [-74.12064458045654, 40.6410466100657], [-74.11993140091464, 40.6411955746353], [-74.11996765075021, 40.641316307502215], [-74.1195283263049, 40.641470473116996], [-74.11815208516106, 40.64159266604253], [-74.11821001985925, 40.64175180420399], [-74.11785705154509, 40.64183999970847], [-74.1176260529226, 40.64162065318953], [-74.11717204758389, 40.641626606259074], [-74.11722292767197, 40.641873585314194], [-74.11535023281283, 40.64246835316116], [-74.11512016841202, 40.64278697905496], [-74.11379553747814, 40.643611733656655], [-74.11358648413872, 40.643579002885836], [-74.1109224598047, 40.64508025694217], [-74.10974115015107, 40.64546566039217], [-74.10472522215464, 40.64556366019024], [-74.10465273872121, 40.64530022669229], [-74.10510547304935, 40.64447088830355], [-74.1065464840648, 40.64423900017635], [-74.10542097995558, 40.63889868102648], [-74.10480856565255, 40.63897609491302], [-74.10446705914771, 40.63718131400221], [-74.1031341919968, 40.63735269409017], [-74.10252474455704, 40.63466334584147], [-74.10552243345165, 40.63469906094169], [-74.10598295338367, 40.63428691895059], [-74.10567678057171, 40.632058431274636], [-74.10598655843245, 40.632019719077164], [-74.10568881829346, 40.63055976457162], [-74.10535703219517, 40.63034597539623], [-74.10484200995221, 40.62815610286344], [-74.10435213806309, 40.62820595477392], [-74.10351665018233, 40.623760146971364], [-74.1042586100969, 40.62368262230528], [-74.10419313408109, 40.623276452334636], [-74.10445193295875, 40.622913904828806], [-74.10682044364903, 40.621791852853185], [-74.11001740835509, 40.62069092037017], [-74.11153184905764, 40.62160622216368], [-74.11326337065297, 40.62305378019743], [-74.11701233264091, 40.62452123470173], [-74.11840870832938, 40.62376224208268], [-74.11830642246741, 40.62296086772322], [-74.11875179716588, 40.622224803847054], [-74.1192699222537, 40.62188940263253], [-74.12007642632568, 40.62166897956193], [-74.12146907961137, 40.62287522578615], [-74.12204784369119, 40.624186624096694], [-74.12469823108013, 40.623678737882294], [-74.1245169063957, 40.623031163116735], [-74.12615930133269, 40.622897622403535], [-74.12629075966457, 40.623836197519]]]}, "properties": {"geo_id": "10310", "name": "10310", "borough": null, "area_km2": 4.5565}}, {"type": "Feature", "id": 58, "geometry": {"type": "Polygon", "coordinates": [[[-74.1977069983444, 40.51066576603585], [-74.197122379802, 40.512417969894805], [-74.19610102374247, 40.51241971954195], [-74.19604208210399, 40.51194222074642], [-74.19523651120834, 40.511943593924656], [-74.19493583065805, 40.512427194140756], [-74.1941086759468, 40.512428596050015], [-74.19368518430166, 40.512731242185275], [-74.19374398049625, 40.51564614613558], [-74.19320931297018, 40.517310410509225], [-74.19518809669088, 40.519996989415276], [-74.19507378622002, 40.52026617639317], [-74.19727705188973, 40.523396998526074], [-74.19753706799114, 40.52374788865017], [-74.19783828430927, 40.52343446014861], [-74.19804809278628, 40.52383484244339], [-74.19835782043137, 40.52396605913611], [-74.19943540983239, 40.52587458836847], [-74.19832294728711, 40.52676034834581], [-74.19478713699512, 40.530515828153725], [-74.19608039274101, 40.529909765980456], [-74.19748356027156, 40.53242161674626], [-74.19961890757068, 40.53191287675587], [-74.20289191661571, 40.531709512018054], [-74.2030957208992, 40.53248319120694], [-74.20118350517173, 40.533019053274856], [-74.1999907510106, 40.53355363240501], [-74.19858328645688, 40.53447833515086], [-74.19887309653527, 40.53515305928025], [-74.20311000382985, 40.54428589079009], [-74.20613006993776, 40.54353940801647], [-74.20680347677614, 40.54488864798485], [-74.21089408205444, 40.555015075100904], [-74.21291410726506, 40.554259268097965], [-74.21312438304902, 40.554747455469695], [-74.21055103688465, 40.55578425314229], [-74.20506403461778, 40.55727638202312], [-74.2061372884272, 40.55754345264649], [-74.20700107398324, 40.55756934719804], [-74.20506875251155, 40.55881347024682], [-74.20156591886663, 40.55962115710262], [-74.19990692279893, 40.56085373354941], [-74.19948118348002, 40.56049764788741], [-74.19345910617527, 40.5663434223706], [-74.19389204914206, 40.56669951802232], [-74.19680465071035, 40.57552187914673], [-74.19763030884614, 40.57718381688441], [-74.19791413597743, 40.578209887280266], [-74.19645883715498, 40.57788849753563], [-74.19629975001719, 40.57765271580862], [-74.19592564075722, 40.577746677968555], [-74.19294884092885, 40.57659889588093], [-74.1916148591399, 40.57588198834857], [-74.19037778407899, 40.576317725032276], [-74.19046521162008, 40.57667989503169], [-74.18687365517548, 40.57705359783847], [-74.18376833719157, 40.57361112598446], [-74.17887509848701, 40.5717688473885], [-74.17671764684803, 40.56990571546696], [-74.17469400316425, 40.56686207069114], [-74.1705619856083, 40.566840832435716], [-74.16967562039756, 40.566468850859714], [-74.16968899939116, 40.56606808867254], [-74.16918503981637, 40.566041383952076], [-74.16846534943338, 40.56610282757862], [-74.16734332893012, 40.56647776199123], [-74.16677480024397, 40.56653897469262], [-74.16657292795269, 40.56641300631569], [-74.16630748667082, 40.56677570597137], [-74.16558038311273, 40.56675479791326], [-74.16520554500825, 40.566546732016874], [-74.16487226060289, 40.56567436102379], [-74.16442513634246, 40.565340135001136], [-74.16499858958775, 40.56144716993642], [-74.16591706184293, 40.56029302570813], [-74.16494491052138, 40.56011326833519], [-74.16339514664551, 40.55331383690244], [-74.16267893572919, 40.55179422676011], [-74.16209660536786, 40.54908317359235], [-74.16116849542995, 40.54918878287658], [-74.16077550630446, 40.54737226636343], [-74.16174609237635, 40.54698662924282], [-74.16210320771641, 40.54587173066886], [-74.15932885634372, 40.547302917500254], [-74.15899664591583, 40.54680931126556], [-74.15886579332214, 40.54625503972595], [-74.15929702148044, 40.54602387784483], [-74.1589500987603, 40.545393051075855], [-74.15918718116278, 40.545228033731995], [-74.15178677268142, 40.537700790261304], [-74.15070611683345, 40.53710384377978], [-74.15051220192957, 40.53726329751626], [-74.14972792328413, 40.53726981259007], [-74.14723506133303, 40.53578534580028], [-74.14640170819574, 40.536373802236966], [-74.14536447202987, 40.53585909463281], [-74.14601856167067, 40.535550845148904], [-74.14599662846425, 40.53539167366704], [-74.14669460414402, 40.53541274252236], [-74.14794547536528, 40.53492256005414], [-74.14977790732293, 40.53388813287888], [-74.14975528918598, 40.5334270330624], [-74.15069584284493, 40.53254746073101], [-74.1511063944945, 40.532744547978304], [-74.15176035238251, 40.53240332799413], [-74.1516809229716, 40.532277171345065], [-74.1518533360739, 40.53216166107733], [-74.15245748473193, 40.53206753657707], [-74.15400151424265, 40.530830307648344], [-74.15390042275988, 40.53067124375366], [-74.15411645121519, 40.53075329850016], [-74.15449676405802, 40.53031910603231], [-74.15462634272431, 40.53035186939828], [-74.15454652954308, 40.53006102612103], [-74.15492822262655, 40.5302252007585], [-74.15564632468772, 40.529642327900355], [-74.155501961966, 40.529439406959455], [-74.15573255646495, 40.52959829385922], [-74.15611322406873, 40.529323294976635], [-74.1564504520352, 40.528933071642214], [-74.1561906956232, 40.52860953672932], [-74.15667362097291, 40.52899315330305], [-74.1570189153293, 40.528976212632536], [-74.15826195405158, 40.52829928027902], [-74.1579736345828, 40.528069112596654], [-74.15832665131, 40.528277232517496], [-74.15969843959984, 40.52729817677998], [-74.16030337584269, 40.52755534665532], [-74.16154669983429, 40.527021108792205], [-74.16227374307223, 40.5271957518157], [-74.16554273249834, 40.5254179307365], [-74.16657767733864, 40.52501568986234], [-74.16884739253932, 40.52359055684487], [-74.1699970272064, 40.523045385581554], [-74.17050780074068, 40.52305011766488], [-74.17135771010531, 40.523455085556684], [-74.17269451628708, 40.52296999373906], [-74.17601253870941, 40.52087340015193], [-74.17758356822223, 40.5192295769367], [-74.17831921170664, 40.519947579816666], [-74.17926167292032, 40.51999002898037], [-74.17939193608508, 40.52028077659884], [-74.17980989722348, 40.52055460482187], [-74.18105467466383, 40.52066244103425], [-74.18233428588503, 40.520352995474724], [-74.18314582836088, 40.51986861478449], [-74.18342643324902, 40.51989012529854], [-74.18482763903486, 40.51933891313674], [-74.18656503938284, 40.51811740110938], [-74.1885021431394, 40.51631363224323], [-74.18926906611279, 40.515346192298175], [-74.18884393687317, 40.51508338949373], [-74.18944890578298, 40.51535138524624], [-74.1897149520205, 40.51531800792395], [-74.19178722941858, 40.513052829006845], [-74.19344445838968, 40.51156784259444], [-74.19409628771643, 40.510638991336094], [-74.19521638755296, 40.50997833357744], [-74.19602875696037, 40.509850686933845], [-74.1967053083073, 40.51000872921424], [-74.1977069983444, 40.51066576603585]]]}, "properties": {"geo_id": "10312", "name": "10312", "borough": null, "area_km2": 19.9918}}, {"type": "Feature", "id": 59, "geometry": {"type": "Polygon", "coordinates": [[[-74.16967562039756, 40.566468850859714], [-74.1705619856083, 40.566840832435716], [-74.17469400316425, 40.56686207069114], [-74.17671764684803, 40.56990571546696], [-74.17887509848701, 40.5717688473885], [-74.18376833719157, 40.57361112598446], [-74.18687365517548, 40.57705359783847], [-74.19046521162008, 40.57667989503169], [-74.19037778407899, 40.576317725032276], [-74.1916148591399, 40.57588198834857], [-74.19294884092885, 40.57659889588093], [-74.19592564075722, 40.577746677968555], [-74.19629975001719, 40.57765271580862], [-74.19645883715498, 40.57788849753563], [-74.19791413597743, 40.578209887280266], [-74.19763030884614, 40.57718381688441], [-74.19680465071035, 40.57552187914673], [-74.19389204914206, 40.56669951802232], [-74.19345910617527, 40.5663434223706], [-74.19948118348002, 40.56049764788741], [-74.19990692279893, 40.56085373354941], [-74.20110599127723, 40.55986350704504], [-74.20206919537381, 40.55943362534701], [-74.20458698121837, 40.55896803909186], [-74.20569403463456, 40.55851591204495], [-74.21323849067707, 40.55667410490836], [-74.2131389353114, 40.55705307436156], [-74.21265022506059, 40.55727905520842], [-74.21268015083537, 40.55763582589454], [-74.21202019206889, 40.55833422937203], [-74.21175638680505, 40.55912522300914], [-74.21197285695521, 40.55929500226675], [-74.21188024449887, 40.55959710287354], [-74.21117755706192, 40.56044928981701], [-74.21133847913356, 40.56126145913914], [-74.21109659512983, 40.56216220328591], [-74.21138152060907, 40.563490169625474], [-74.21095936104622, 40.56429243159928], [-74.21062492118695, 40.56552272213304], [-74.20954420175003, 40.567511943921424], [-74.2095311304506, 40.56793466904014], [-74.2093226456011, 40.568022883177825], [-74.20924466432373, 40.56840729912179], [-74.20886469653557, 40.56890754664335], [-74.20892453555675, 40.56962657884302], [-74.20800596019731, 40.570550502949516], [-74.20817206537345, 40.57072038043839], [-74.20783239259038, 40.572609426409834], [-74.20726112960409, 40.57411461544607], [-74.20707442459032, 40.57426866159842], [-74.20722629127552, 40.57448797268492], [-74.20706868885544, 40.57474077953699], [-74.20728627098619, 40.57525641170859], [-74.20681316642715, 40.57592150873077], [-74.20688607947329, 40.57621781705991], [-74.20708793826371, 40.57630528732254], [-74.20690873237193, 40.57655813284536], [-74.20657784155117, 40.576652051893255], [-74.20652820845727, 40.57689917412271], [-74.20680985935235, 40.577178638167666], [-74.20632138741456, 40.577536341870804], [-74.20591434092776, 40.57861852756212], [-74.20599185814943, 40.58040800491266], [-74.20576222021654, 40.580655449316026], [-74.2057271840898, 40.5809684203929], [-74.20541788675907, 40.58106778697152], [-74.20508111998244, 40.58160088169301], [-74.20509019126438, 40.58221021323728], [-74.20471038305422, 40.582798279811215], [-74.20474034516545, 40.583177010109466], [-74.20440357914624, 40.583715592329106], [-74.20463585665587, 40.58432452647243], [-74.20437744895997, 40.58458848807517], [-74.20441630754725, 40.5855216539299], [-74.20412222718846, 40.58589547072098], [-74.20427409382704, 40.58610929588847], [-74.20426340340359, 40.587322520177764], [-74.20458297604564, 40.58821675905644], [-74.20427414720521, 40.58848081006591], [-74.2041241545099, 40.58888181856455], [-74.20420398531775, 40.58908479249256], [-74.20464386291843, 40.58928712568808], [-74.20440750941007, 40.589704757146144], [-74.20388208991174, 40.58978803484824], [-74.20266075540938, 40.590723429904806], [-74.2024156524028, 40.5906360280992], [-74.20201317289039, 40.59089474825448], [-74.20212228603751, 40.591256870906705], [-74.20182790210961, 40.5915428482693], [-74.20198704185783, 40.59177862203513], [-74.20092453542186, 40.59286742822073], [-74.20075135733484, 40.5927524490232], [-74.20042756244136, 40.59284084804969], [-74.20036340952115, 40.59306054444149], [-74.19956617786217, 40.59377009176837], [-74.19936550537537, 40.59409432721621], [-74.1994742486126, 40.59433568143449], [-74.19877036728678, 40.59496271685775], [-74.19856326934757, 40.59555046331078], [-74.19794664922351, 40.59646829213619], [-74.19751553766186, 40.59680390016379], [-74.197496660274, 40.59772618711553], [-74.19729588474377, 40.59802297091584], [-74.19744122075909, 40.598461890080344], [-74.1973194857559, 40.598698152370204], [-74.19703822120374, 40.598566884331966], [-74.19695215430377, 40.59868780327205], [-74.1971617562616, 40.59893996589193], [-74.19702521043786, 40.59903901303668], [-74.19717210314413, 40.60000493227413], [-74.19838459760882, 40.60085922456336], [-74.19876164374028, 40.60170946235303], [-74.20015040326889, 40.60368331088948], [-74.20138490841519, 40.60463634598581], [-74.20221724574021, 40.605968858915666], [-74.20281487341292, 40.608273440229524], [-74.20229996872013, 40.61187552780644], [-74.20244111098071, 40.61328610715675], [-74.20045485297936, 40.61632533748911], [-74.20058663364277, 40.61702777640469], [-74.20082456117026, 40.61709323618498], [-74.20091325541202, 40.61783966673845], [-74.20087801182933, 40.61809773949545], [-74.20058228348637, 40.61797748470449], [-74.20035284227247, 40.61834019836211], [-74.20083691830622, 40.61880596956447], [-74.20067951713285, 40.61916855795911], [-74.20107219583305, 40.62038107300407], [-74.20050281025574, 40.620299723527935], [-74.20043136095879, 40.62049747364358], [-74.20087110372937, 40.62059002927169], [-74.20125584498373, 40.62155552552578], [-74.20143615398725, 40.621621084893995], [-74.20130659041163, 40.62165973902476], [-74.2012285830531, 40.62207159537677], [-74.20127366386626, 40.622686351299066], [-74.20154746915848, 40.62269685079542], [-74.20163554874088, 40.623234676802], [-74.20158591244811, 40.62349826446949], [-74.2013411210453, 40.623553589404025], [-74.20139930466442, 40.623734644160834], [-74.20107613761442, 40.62408105438341], [-74.20105998070758, 40.6258926490748], [-74.20118312549616, 40.6261120174369], [-74.20141356632492, 40.62607318679608], [-74.20098392017067, 40.629345736511205], [-74.20080375591154, 40.62933507212568], [-74.20075409528346, 40.629593169699945], [-74.2004518199509, 40.62970897853832], [-74.20032546974458, 40.63082358594243], [-74.20006832962319, 40.63157610770582], [-74.19850115759981, 40.63279751312023], [-74.19834366178863, 40.633143629093844], [-74.19796212008268, 40.63326505760552], [-74.19759407813736, 40.63307904461288], [-74.19728486797969, 40.6332936695802], [-74.1971498413565, 40.63393069357788], [-74.19647309933104, 40.634134966739474], [-74.19602887346637, 40.63499759039842], [-74.19556057298772, 40.63502583576246], [-74.19248617224167, 40.633400615658594], [-74.19463096965414, 40.63254062913762], [-74.19591867605972, 40.63182479543433], [-74.19585298866183, 40.631539448632914], [-74.19718160417317, 40.632486876973566], [-74.19736150037347, 40.63240422446901], [-74.19523169481005, 40.6309860565956], [-74.19391952542165, 40.6307192872271], [-74.19265923037452, 40.63094647914842], [-74.19239212329379, 40.630771259511874], [-74.19238701181033, 40.62899813011499], [-74.19208992325592, 40.62841673011979], [-74.19134033579489, 40.628330146574065], [-74.19029031036057, 40.629007109026034], [-74.19025552058211, 40.62944084431103], [-74.18952384206865, 40.63058937719537], [-74.18925036433033, 40.63070510905904], [-74.18908415802505, 40.63053520521363], [-74.18903840672404, 40.62964596676776], [-74.18838103692619, 40.629048680304386], [-74.188078464128, 40.62906564443567], [-74.18767603690465, 40.62944508380918], [-74.18724384438586, 40.62948970520242], [-74.18596022079402, 40.62910202756821], [-74.18521651337822, 40.62853780018877], [-74.18485429371201, 40.62783022587953], [-74.18404904959928, 40.62845733113304], [-74.18236038804235, 40.6274883643518], [-74.18042012174567, 40.6267119035638], [-74.17935932434244, 40.626093239524295], [-74.17854854236896, 40.62466171803851], [-74.17774954638605, 40.62493743575476], [-74.17667107947608, 40.623067147057824], [-74.17652953194992, 40.62130520496345], [-74.17744398772693, 40.618405290953326], [-74.17726204906742, 40.61771388255135], [-74.17816482957487, 40.615867982359084], [-74.17853782668054, 40.615269037502166], [-74.18043142158893, 40.61223582225228], [-74.17947986354423, 40.611973811214526], [-74.17902974600106, 40.61335240258715], [-74.17600216001807, 40.618023235799406], [-74.17498184982361, 40.619040368582276], [-74.17335613757355, 40.61997606277442], [-74.17168603818965, 40.62047812220377], [-74.16918631401325, 40.62054770337459], [-74.16878433049314, 40.62112470157873], [-74.16570514907016, 40.61995440825353], [-74.16330443090904, 40.6192606653118], [-74.16534563052687, 40.62023489517846], [-74.16498163196505, 40.621618795546354], [-74.16487429789342, 40.62191538752067], [-74.16424038706265, 40.62194923246209], [-74.16258255963562, 40.62162221344649], [-74.16241157699702, 40.62241295636967], [-74.15779892692048, 40.62167279586452], [-74.15130698982183, 40.621352148125375], [-74.14929365165752, 40.62309498052419], [-74.1487649907041, 40.62510485549247], [-74.1462285041808, 40.624926953255155], [-74.14678757952981, 40.62360873945639], [-74.14772813088734, 40.622136324632734], [-74.1520547597587, 40.617535894892065], [-74.15155043113897, 40.617514602511086], [-74.14793528440438, 40.621334578037505], [-74.14721396125626, 40.62093476387319], [-74.14743679894133, 40.620709405068496], [-74.14660737306893, 40.62028776731279], [-74.14497906264141, 40.62022395728072], [-74.14494954220172, 40.619900108629025], [-74.14468298537773, 40.61990044441913], [-74.14479640738132, 40.6190494149369], [-74.14527912104687, 40.619065274684466], [-74.14540051534755, 40.61857105793463], [-74.14648843004086, 40.618613593486366], [-74.14732071312116, 40.61707544395045], [-74.1451232746853, 40.61696844726562], [-74.14161400943883, 40.616522677401164], [-74.14120660529836, 40.61804379565407], [-74.1416750192722, 40.61811458401088], [-74.1414264251097, 40.61978921550064], [-74.1419092717054, 40.61986547473988], [-74.14168247658924, 40.62162791300559], [-74.1394195530668, 40.62127934590346], [-74.13932712212376, 40.62186684406146], [-74.13666074436803, 40.621513221338155], [-74.1363909700609, 40.62346783536265], [-74.13385931723188, 40.622059986742954], [-74.13255697562347, 40.62290140283248], [-74.1320738787763, 40.62270433366786], [-74.13190610217268, 40.62165601486417], [-74.13037176233941, 40.62176206730993], [-74.13061290346089, 40.623496503480276], [-74.12629075966457, 40.623836197519], [-74.12615930133269, 40.622897622403535], [-74.1245169063957, 40.623031163116735], [-74.12469823108013, 40.623678737882294], [-74.12204784369119, 40.624186624096694], [-74.12146907961137, 40.62287522578615], [-74.12007642632568, 40.62166897956193], [-74.11966591145948, 40.621746261839434], [-74.11923849581781, 40.62042920480198], [-74.11787236581202, 40.61787246514338], [-74.114710205238, 40.6181117164242], [-74.11414802091566, 40.61374256189317], [-74.11337734065637, 40.61380371014012], [-74.11318142913635, 40.61296948522708], [-74.11290724139243, 40.612700764857365], [-74.11389384452251, 40.612540593333904], [-74.11320249968983, 40.61265106812421], [-74.11302184624172, 40.6123163807553], [-74.11388500216536, 40.61157992335814], [-74.11156434173698, 40.61087404171434], [-74.11113886452381, 40.61058350545461], [-74.11000754920697, 40.61033756206982], [-74.11029772914003, 40.607219194408586], [-74.11333184372809, 40.60397738086945], [-74.11378337610371, 40.60267041050588], [-74.11499955763583, 40.60207632339848], [-74.11684303418802, 40.601893307222895], [-74.11664362340935, 40.599060876516866], [-74.11781749019701, 40.59902674146724], [-74.11781635687367, 40.59838445938139], [-74.11942954771274, 40.5983608358183], [-74.11957257756205, 40.60181913497024], [-74.12059528298425, 40.60180708717392], [-74.12056493732518, 40.600956231135804], [-74.12070132257196, 40.60070356639919], [-74.12259327577388, 40.59949385176025], [-74.12628371318486, 40.593456782779626], [-74.12638394038193, 40.59314376516089], [-74.1262719027002, 40.591019411327096], [-74.12638655964645, 40.590722846587624], [-74.12782418273984, 40.58936532370659], [-74.12773431674007, 40.58755934304448], [-74.12910000807855, 40.58628971736057], [-74.12893913559003, 40.58501630889118], [-74.12918205106537, 40.584033396050195], [-74.12942617217995, 40.58367629671743], [-74.13040362737328, 40.582758426678204], [-74.13136973287833, 40.58340510004651], [-74.13305559908693, 40.5839027145509], [-74.13370499400077, 40.58458267224678], [-74.13349822259238, 40.58560397994505], [-74.1336719475544, 40.58605941547945], [-74.13861779560408, 40.589061860402225], [-74.14168470859018, 40.58873972237914], [-74.14583204195672, 40.588564355720486], [-74.146323440244, 40.58607144847539], [-74.1512251793267, 40.582063174966734], [-74.15272634627851, 40.58045822231513], [-74.16983068501379, 40.57083287047454], [-74.16962263251587, 40.56828050427918], [-74.16967562039756, 40.566468850859714]], [[-74.17853782668054, 40.615269037502166], [-74.17833048760285, 40.61585674628821], [-74.1786243449307, 40.615296351079984], [-74.17853782668054, 40.615269037502166]]]}, "properties": {"geo_id": "10314", "name": "10314", "borough": null, "area_km2": 37.2028}}, {"type": "Feature", "id": 60, "geometry": {"type": "Polygon", "coordinates": [[[-73.91189413609932, 40.820242798143056], [-73.91152473769984, 40.82090124790525], [-73.91012329315997, 40.82060373440063], [-73.909456016516, 40.82243119511237], [-73.90991110177535, 40.82255231916311], [-73.90940483544247, 40.82287030984605], [-73.90870947674776, 40.82406645847929], [-73.91130992324543, 40.824847987606944], [-73.91179199855583, 40.82642931429903], [-73.9116962897461, 40.82775768370694], [-73.91217306681821, 40.82790077302708], [-73.9136341416424, 40.82692475760467], [-73.91476069177388, 40.82755688050531], [-73.91531843527682, 40.82654723587585], [-73.9202017729653, 40.828098738205895], [-73.91894159028537, 40.83033205735836], [-73.92046579799336, 40.830914998046616], [-73.919032188267, 40.83308781374259], [-73.91423399469431, 40.83810716871046], [-73.91313313593088, 40.83980806548534], [-73.91207830371111, 40.83945594330669], [-73.91273754403329, 40.83832013370092], [-73.91139376207244, 40.83786348715105], [-73.91072727536282, 40.83899928357025], [-73.90988199693692, 40.83870768688189], [-73.91059195795219, 40.837500566493226], [-73.90916157911126, 40.83696697475859], [-73.9078818418249, 40.837273367457676], [-73.90680352574752, 40.8382551078815], [-73.90560866537666, 40.83984606853519], [-73.90538470475576, 40.839769033141344], [-73.90597918951758, 40.83850695228255], [-73.90056833553598, 40.83659209522007], [-73.90121335400994, 40.835412423128936], [-73.89696518651498, 40.83434375751692], [-73.89630150905516, 40.8335417063217], [-73.8980156341792, 40.83273628893432], [-73.89902134374913, 40.83200159047351], [-73.89884104744148, 40.83174891873792], [-73.89850411653758, 40.82994808969875], [-73.89879296218692, 40.83010204760565], [-73.90349979155853, 40.81872648251959], [-73.90528569694663, 40.81792650497646], [-73.91060928416262, 40.81922626297608], [-73.91034817836233, 40.819950666255984], [-73.91189413609932, 40.820242798143056]]]}, "properties": {"geo_id": "10456", "name": "10456", "borough": null, "area_km2": 2.6353}}, {"type": "Feature", "id": 61, "geometry": {"type": "Polygon", "coordinates": [[[-73.93307263268314, 40.8281563310226], [-73.93360279220484, 40.83278971483886], [-73.93314505648287, 40.83519381851521], [-73.93265951546135, 40.83647257165272], [-73.93051649942778, 40.83993512523679], [-73.93047980836062, 40.840462087375904], [-73.92919069449542, 40.842816263494306], [-73.9291830512058, 40.843206007385625], [-73.92861765512855, 40.84467682231869], [-73.92808196805349, 40.845390113500734], [-73.92511890091478, 40.84477890300591], [-73.9226250085956, 40.84479921476625], [-73.92204558185578, 40.84577045107946], [-73.92108327814262, 40.846516357068204], [-73.91971758048247, 40.84606528271376], [-73.91686173471541, 40.84645849759403], [-73.91715870951437, 40.84598113220578], [-73.91708709959333, 40.84543762869243], [-73.91650877150602, 40.84546465862434], [-73.91542383538396, 40.84596340500127], [-73.91397877847328, 40.845429863182744], [-73.91415982105855, 40.84517748494391], [-73.91104432050231, 40.845142187929675], [-73.91158042174555, 40.84425331470635], [-73.91295915259435, 40.8401976831721], [-73.91371267645043, 40.83880942587145], [-73.9195027018586, 40.832478816739595], [-73.92261698825475, 40.82683781492244], [-73.92698046356163, 40.82813616618309], [-73.92875713171914, 40.829185758595656], [-73.92974051259631, 40.82869231322731], [-73.93096222085417, 40.828336238121615], [-73.93307263268314, 40.8281563310226]]]}, "properties": {"geo_id": "10452", "name": "10452", "borough": null, "area_km2": 2.5634}}, {"type": "Feature", "id": 62, "geometry": {"type": "Polygon", "coordinates": [[[-73.92808196805349, 40.845390113500734], [-73.9269381506409, 40.84692643056186], [-73.92682931961738, 40.84728866283266], [-73.9246505998222, 40.849784942584265], [-73.9238465622926, 40.8511842141208], [-73.92394772849487, 40.851222706723306], [-73.92256464440925, 40.853186994797774], [-73.92173925917425, 40.85422393573185], [-73.92154418230639, 40.85411950451118], [-73.92134151939527, 40.854316985142084], [-73.9215148039407, 40.854509232376984], [-73.92079802857734, 40.85538155803736], [-73.92029934017323, 40.85524397946904], [-73.92056651918503, 40.855513144598085], [-73.92052293068355, 40.85568877554275], [-73.91956720500309, 40.8568408881475], [-73.91902428672584, 40.85739493814637], [-73.917528302332, 40.856894342722875], [-73.91740519607036, 40.85705344737213], [-73.91743516524795, 40.856208100558085], [-73.91718971289163, 40.855916986180155], [-73.91721025437148, 40.85683922089142], [-73.91615946092566, 40.8587872002185], [-73.91508165418131, 40.85919262772527], [-73.91542206533785, 40.85872627858557], [-73.91101641385147, 40.860600340220024], [-73.91012773752665, 40.860116584117264], [-73.9098892131452, 40.86006150405946], [-73.909483982416, 40.86030820991972], [-73.90905022530126, 40.86026395360265], [-73.9072583862739, 40.85935128650485], [-73.90679562385696, 40.859372871207654], [-73.90390500171988, 40.85836593910603], [-73.90369482878263, 40.858711596272926], [-73.8999587931763, 40.8574238966997], [-73.90153852717744, 40.8549934489465], [-73.90678188363688, 40.84854225899876], [-73.90789657210424, 40.84751663411518], [-73.91104432050231, 40.845142187929675], [-73.91415982105855, 40.84517748494391], [-73.91397877847328, 40.845429863182744], [-73.91542383538396, 40.84596340500127], [-73.91650877150602, 40.84546465862434], [-73.91708709959333, 40.84543762869243], [-73.91715870951437, 40.84598113220578], [-73.91686173471541, 40.84645849759403], [-73.91971758048247, 40.84606528271376], [-73.92108327814262, 40.846516357068204], [-73.92204558185578, 40.84577045107946], [-73.9226250085956, 40.84479921476625], [-73.92511890091478, 40.84477890300591], [-73.92808196805349, 40.845390113500734]]]}, "properties": {"geo_id": "10453", "name": "10453", "borough": null, "area_km2": 2.3943}}, {"type": "Feature", "id": 63, "geometry": {"type": "Polygon", "coordinates": [[[-73.931843190986, 40.807855663438886], [-73.93012991441334, 40.808853717410045], [-73.92729539826435, 40.81108068018899], [-73.92714381874927, 40.81094883779454], [-73.92638460656006, 40.81148632122673], [-73.92209033178749, 40.813734171729045], [-73.92011885282989, 40.81289293767546], [-73.9196629204951, 40.81351292811773], [-73.9192079592678, 40.81332596909728], [-73.91899084296546, 40.813622246745346], [-73.91670154229129, 40.812747793792894], [-73.91686087894476, 40.81244049986693], [-73.91447760915526, 40.81165376587747], [-73.91519450004249, 40.81038623322815], [-73.91367037429835, 40.81013807689229], [-73.9134032553384, 40.8099841720261], [-73.91330253690019, 40.80965472945334], [-73.91247932299919, 40.80934120890306], [-73.91069552430109, 40.80880736440702], [-73.91036205735554, 40.809646991256656], [-73.90495950359146, 40.8085337954156], [-73.90621066958859, 40.80761259247577], [-73.9062975807144, 40.80745895853719], [-73.90611002131395, 40.8072611857171], [-73.90300027635296, 40.809454391104246], [-73.90219073531122, 40.804787673737486], [-73.90321064836652, 40.80389924311184], [-73.90374542659927, 40.803767943985335], [-73.90452649240287, 40.80317024301091], [-73.90552505152756, 40.802018280188385], [-73.90681249853002, 40.80088850025814], [-73.90670423337734, 40.80082253921021], [-73.90747109575142, 40.80000522828333], [-73.90817986995506, 40.79939097583594], [-73.90838200426191, 40.79948445744637], [-73.9085483902231, 40.799308926933854], [-73.90825251520968, 40.79909460297127], [-73.90830326971356, 40.798957406913736], [-73.91089192789588, 40.79701616881058], [-73.91168702756035, 40.79662153964885], [-73.9137238043065, 40.79678776594771], [-73.91880652514332, 40.798877452365744], [-73.9202431431477, 40.79961404254831], [-73.9213247250229, 40.80128358036363], [-73.92292716702313, 40.80237157487705], [-73.92422729226622, 40.80254260986907], [-73.92665470578251, 40.802412432996746], [-73.92762964124964, 40.8026930113145], [-73.92728199429588, 40.80351072104574], [-73.92764268104554, 40.80398853037072], [-73.92836505078161, 40.80403289713666], [-73.92848046652944, 40.80419216291035], [-73.92872618310892, 40.80410448385851], [-73.93051518452921, 40.80659229733877], [-73.931843190986, 40.807855663438886]]]}, "properties": {"geo_id": "10454", "name": "10454", "borough": null, "area_km2": 2.707}}, {"type": "Feature", "id": 64, "geometry": {"type": "Polygon", "coordinates": [[[-73.92209033178749, 40.813734171729045], [-73.92033351733066, 40.814638729399654], [-73.91923936232767, 40.8172180059886], [-73.91746242850998, 40.81676112405683], [-73.91712189082133, 40.81751293322297], [-73.91892050606042, 40.81798081446253], [-73.91741346869858, 40.82127889767164], [-73.91215487114813, 40.819787373648], [-73.91189413609932, 40.820242798143056], [-73.91034817836233, 40.819950666255984], [-73.91060928416262, 40.81922626297608], [-73.90528569694663, 40.81792650497646], [-73.90349979155853, 40.81872648251959], [-73.90299209132395, 40.82002705379442], [-73.90159797792882, 40.819696506113], [-73.90210554138449, 40.81850572958801], [-73.90087820335785, 40.81780752198668], [-73.90002438702759, 40.818597264382234], [-73.89506496886207, 40.815628558575554], [-73.89736611839454, 40.813385446973015], [-73.90611002131395, 40.8072611857171], [-73.9062975807144, 40.80745895853719], [-73.90621066958859, 40.80761259247577], [-73.90495950359146, 40.8085337954156], [-73.91036205735554, 40.809646991256656], [-73.91069552430109, 40.80880736440702], [-73.91247932299919, 40.80934120890306], [-73.91330253690019, 40.80965472945334], [-73.9134032553384, 40.8099841720261], [-73.91367037429835, 40.81013807689229], [-73.91519450004249, 40.81038623322815], [-73.91447760915526, 40.81165376587747], [-73.91686087894476, 40.81244049986693], [-73.91670154229129, 40.812747793792894], [-73.91899084296546, 40.813622246745346], [-73.9192079592678, 40.81332596909728], [-73.9196629204951, 40.81351292811773], [-73.92011885282989, 40.81289293767546], [-73.92209033178749, 40.813734171729045]]]}, "properties": {"geo_id": "10455", "name": "10455", "borough": null, "area_km2": 1.8538}}, {"type": "Feature", "id": 65, "geometry": {"type": "Polygon", "coordinates": [[[-73.89216973409293, 40.841047449835244], [-73.8953760813367, 40.842938763150975], [-73.89289860504456, 40.846268565793], [-73.89617986189582, 40.84665582474788], [-73.89760832112185, 40.843808094362416], [-73.89647360170801, 40.843708271998416], [-73.90056833553598, 40.83659209522007], [-73.90597918951758, 40.83850695228255], [-73.90538470475576, 40.839769033141344], [-73.90560866537666, 40.83984606853519], [-73.90519543766936, 40.84070756866896], [-73.90501231184248, 40.84240364862397], [-73.90514944680079, 40.84254648635693], [-73.90958737372692, 40.842758648227175], [-73.90962439562344, 40.84211092587584], [-73.90887704279315, 40.838904516490395], [-73.90910270710908, 40.83773544761636], [-73.90932009578157, 40.83732940143551], [-73.90963116659485, 40.83712653692545], [-73.91059195795219, 40.837500566493226], [-73.90988199693692, 40.83870768688189], [-73.91072727536282, 40.83899928357025], [-73.91139376207244, 40.83786348715105], [-73.91273754403329, 40.83832013370092], [-73.91207830371111, 40.83945594330669], [-73.91313313593088, 40.83980806548534], [-73.91158042174555, 40.84425331470635], [-73.91108052239399, 40.845098300516234], [-73.90789657210424, 40.84751663411518], [-73.90678188363688, 40.84854225899876], [-73.90153852717744, 40.8549934489465], [-73.8999587931763, 40.8574238966997], [-73.897306800624, 40.85651032535202], [-73.8975169744284, 40.856181147884456], [-73.89600684844163, 40.85559791947592], [-73.89557927488272, 40.856245283234216], [-73.89250141131053, 40.85497440341365], [-73.8909050512069, 40.8541165572296], [-73.89039080798453, 40.85468696826202], [-73.88961177074579, 40.853621280205836], [-73.8896342063309, 40.85317117010431], [-73.88723517291821, 40.85248267382403], [-73.88800403471528, 40.850973834755436], [-73.88653602483558, 40.85124687081738], [-73.88595055515547, 40.851185909963526], [-73.88554431679472, 40.851997940518984], [-73.88381736744346, 40.85149667778666], [-73.8848043490739, 40.849307391935945], [-73.89038150353845, 40.84278591043314], [-73.89216973409293, 40.841047449835244]]]}, "properties": {"geo_id": "10457", "name": "10457", "borough": null, "area_km2": 2.7486}}, {"type": "Feature", "id": 66, "geometry": {"type": "Polygon", "coordinates": [[[-73.8999587931763, 40.8574238966997], [-73.8971457965724, 40.86244422646997], [-73.89174755269248, 40.86950963133812], [-73.89098719686898, 40.870162153327215], [-73.8883379212331, 40.871707628805105], [-73.88750489368499, 40.87253571781454], [-73.88476841556927, 40.878395684289366], [-73.88345624499354, 40.876055888031544], [-73.88340208551921, 40.87394790805613], [-73.88319333824636, 40.873393268559326], [-73.88262339975479, 40.87261868616964], [-73.88247239921533, 40.87212997664711], [-73.88175608342584, 40.87234882055475], [-73.88064714769148, 40.869712770357964], [-73.87973899141268, 40.86805951954836], [-73.87909545114192, 40.86804237886593], [-73.88105751105095, 40.86668853706371], [-73.88232361204986, 40.86630557740686], [-73.88356146692948, 40.86552733869898], [-73.88394571751037, 40.86494584959011], [-73.88392494497243, 40.8644188464037], [-73.88200577829558, 40.86204547879961], [-73.88103826972187, 40.86127596902883], [-73.88068487688847, 40.86077606847501], [-73.88060609218132, 40.86035879233466], [-73.88100750012562, 40.858267743960745], [-73.88087871583151, 40.85751007307324], [-73.87844529297875, 40.85582228693067], [-73.87738325183369, 40.855420436262946], [-73.87861874796124, 40.855855406001865], [-73.88079264480967, 40.85712572573244], [-73.88072838259951, 40.85667552796594], [-73.88166695684075, 40.853349912934256], [-73.88273639457893, 40.85365292246603], [-73.88381736744346, 40.85149667778666], [-73.88554431679472, 40.851997940518984], [-73.88595055515547, 40.851185909963526], [-73.88653602483558, 40.85124687081738], [-73.88800403471528, 40.850973834755436], [-73.88723517291821, 40.85248267382403], [-73.8896342063309, 40.85317117010431], [-73.88961177074579, 40.853621280205836], [-73.89039080798453, 40.85468696826202], [-73.8909050512069, 40.8541165572296], [-73.89250141131053, 40.85497440341365], [-73.89557927488272, 40.856245283234216], [-73.89600684844163, 40.85559791947592], [-73.8975169744284, 40.856181147884456], [-73.897306800624, 40.85651032535202], [-73.8999587931763, 40.8574238966997]]]}, "properties": {"geo_id": "10458", "name": "10458", "borough": null, "area_km2": 2.6025}}, {"type": "Feature", "id": 67, "geometry": {"type": "Polygon", "coordinates": [[[-73.90299209132395, 40.82002705379442], [-73.89879296218692, 40.83010204760565], [-73.89850411653758, 40.82994808969875], [-73.89884104744148, 40.83174891873792], [-73.89902134374913, 40.83200159047351], [-73.8980156341792, 40.83273628893432], [-73.89527443535232, 40.83404031615935], [-73.89512398323544, 40.833200297022934], [-73.89419150810542, 40.83329276557737], [-73.8945292529547, 40.834517217247765], [-73.89412387626192, 40.83491757396599], [-73.89369776801236, 40.83471956265258], [-73.89312887620005, 40.83342353205231], [-73.89216005366033, 40.833642207337405], [-73.89173522785022, 40.832664691087224], [-73.88563163939672, 40.830644178981665], [-73.88535743673089, 40.83039688232349], [-73.88450146410986, 40.83222949804845], [-73.88473255485619, 40.832334028412276], [-73.88363896575446, 40.833633924911254], [-73.88321119138446, 40.83440750189337], [-73.88222639962895, 40.83545498109238], [-73.88005225320221, 40.83470068890195], [-73.88389861049795, 40.82980256427606], [-73.88352375946947, 40.82925873249227], [-73.8843880062211, 40.826816804195765], [-73.88461470707708, 40.825274499903934], [-73.88464612529188, 40.823825320032135], [-73.88438746562488, 40.82296870869012], [-73.88738706513769, 40.82254899035405], [-73.89023672510427, 40.821009205807876], [-73.8901140732158, 40.82089381075781], [-73.89542590399634, 40.81584297481317], [-73.90002438702759, 40.818597264382234], [-73.90087820335785, 40.81780752198668], [-73.90210554138449, 40.81850572958801], [-73.90159797792882, 40.819696506113], [-73.90299209132395, 40.82002705379442]]]}, "properties": {"geo_id": "10459", "name": "10459", "borough": null, "area_km2": 2.1152}}, {"type": "Feature", "id": 68, "geometry": {"type": "Polygon", "coordinates": [[[-73.89630150905516, 40.8335417063217], [-73.89696518651498, 40.83434375751692], [-73.89558362967023, 40.835050651018484], [-73.89430254985884, 40.83618579522449], [-73.89337683713555, 40.83654175578831], [-73.89073824825255, 40.83683022586963], [-73.888741484575, 40.83797011729811], [-73.88841525507645, 40.83855168106868], [-73.88730287148451, 40.83812791389864], [-73.88659980279976, 40.83928000372851], [-73.88813838814629, 40.83986338496191], [-73.88868890571665, 40.83915578204032], [-73.88941848514406, 40.83942546553983], [-73.89216973409293, 40.841047449835244], [-73.89038150353845, 40.84278591043314], [-73.8848043490739, 40.849307391935945], [-73.88273639457893, 40.85365292246603], [-73.88166695684075, 40.853349912934256], [-73.88072838259951, 40.85667552796594], [-73.88079264480967, 40.85712572573244], [-73.87803364763036, 40.85557482911758], [-73.8769566964892, 40.855419982121454], [-73.8772329570515, 40.854591375693644], [-73.87538386077529, 40.85368364055558], [-73.87483405246364, 40.85387517471038], [-73.87416363292778, 40.85285341500582], [-73.87527312886844, 40.851048603348815], [-73.87505091869227, 40.85003831083493], [-73.8752852471012, 40.848441144774824], [-73.87629406879489, 40.84629586927965], [-73.87658554125511, 40.845044594229044], [-73.8781730534854, 40.84261995841507], [-73.8745898565613, 40.841518233969786], [-73.87401689196484, 40.842538641977356], [-73.87305418041916, 40.843240232327524], [-73.87184602843146, 40.84376039129549], [-73.87196268790288, 40.84323902592035], [-73.87124612803312, 40.84372678671581], [-73.870731871241, 40.84425868528017], [-73.87020928516418, 40.84535049287433], [-73.86914722340599, 40.84506933261084], [-73.86893075401242, 40.844871467756704], [-73.8685834448322, 40.84504124459245], [-73.86804174460936, 40.84481555998195], [-73.86778862366963, 40.84487565375269], [-73.86756571722192, 40.84428254072376], [-73.8668440719196, 40.84367787370125], [-73.86591256140494, 40.84319921500267], [-73.86516951370942, 40.84246825577615], [-73.86393841850301, 40.84004597454444], [-73.86488585433979, 40.83977261706733], [-73.86451407630719, 40.83776854067623], [-73.86355257203611, 40.83786621687766], [-73.86294555608534, 40.83429736890928], [-73.86499691683797, 40.834909115046116], [-73.86507554010971, 40.83534287192488], [-73.8659792626198, 40.83520668990098], [-73.8668039510646, 40.83483436411207], [-73.86999692464165, 40.83565044280212], [-73.87624060369338, 40.83617880714959], [-73.87673203376042, 40.83620678056091], [-73.87760011085349, 40.83579599806724], [-73.87925049880864, 40.834425380877605], [-73.88222639962895, 40.83545498109238], [-73.88321119138446, 40.83440750189337], [-73.88363896575446, 40.833633924911254], [-73.88473255485619, 40.832334028412276], [-73.88450146410986, 40.83222949804845], [-73.88535743673089, 40.83039688232349], [-73.88563163939672, 40.830644178981665], [-73.89173522785022, 40.832664691087224], [-73.89216005366033, 40.833642207337405], [-73.89312887620005, 40.83342353205231], [-73.89369776801236, 40.83471956265258], [-73.89412387626192, 40.83491757396599], [-73.8945292529547, 40.834517217247765], [-73.89419150810542, 40.83329276557737], [-73.89512398323544, 40.833200297022934], [-73.89527443535232, 40.83404031615935], [-73.89630150905516, 40.8335417063217]]]}, "properties": {"geo_id": "10460", "name": "10460", "borough": null, "area_km2": 3.4009}}, {"type": "Feature", "id": 69, "geometry": {"type": "MultiPolygon", "coordinates": [[[[-73.83268702966677, 40.85613279172111], [-73.83322160985719, 40.856303737524954], [-73.83330770757439, 40.85656735373131], [-73.83296729708262, 40.856808395510235], [-73.83246101074421, 40.85688451317], [-73.83230258953061, 40.85663177006297], [-73.83268702966677, 40.85613279172111]]], [[[-73.84276021610988, 40.830818761592305], [-73.84441574236773, 40.83059594008615], [-73.84457308326978, 40.831304289331186], [-73.84420442267937, 40.831336728500695], [-73.8399535146105, 40.83489903921132], [-73.84000227226208, 40.835662137808654], [-73.84422454034579, 40.83509152765244], [-73.84526376105124, 40.83575714769603], [-73.84558924560122, 40.83565328474237], [-73.84590582326977, 40.83627401373285], [-73.85289884970904, 40.84106992486405], [-73.85309405930049, 40.841048215957564], [-73.8533366832023, 40.842470285468494], [-73.8552077244236, 40.84297767621664], [-73.85112853812967, 40.844031942098255], [-73.85114957265564, 40.84432290859411], [-73.85218751875249, 40.8456581725817], [-73.85299794452786, 40.84529141706101], [-73.8597385820346, 40.85390721405049], [-73.86098393076009, 40.85647776537862], [-73.8609687825313, 40.85680711165175], [-73.8619231749808, 40.8567863001856], [-73.86179055003858, 40.85798283232396], [-73.85663524453669, 40.858113776636465], [-73.84930982017347, 40.858719255137544], [-73.8464613357379, 40.85863864786837], [-73.83723883635909, 40.85735795238187], [-73.83681970088928, 40.85727501916486], [-73.836914349775, 40.857006171861585], [-73.83667662518707, 40.85665451325811], [-73.83499226741952, 40.856569775350394], [-73.83537574949885, 40.85644955612631], [-73.83283187447662, 40.85603419226496], [-73.83275946592858, 40.85607800262357], [-73.83268702966677, 40.85613279172111], [-73.83238282373271, 40.856351926644194], [-73.83193371321252, 40.85669161682486], [-73.83111461764227, 40.857524811269954], [-73.82834406862914, 40.86089122009585], [-73.82799714010741, 40.86084129875113], [-73.82741376231772, 40.85996212217163], [-73.8267319238038, 40.85802882779303], [-73.82624136997603, 40.85484423057205], [-73.82636111488922, 40.85328541696196], [-73.82604317426919, 40.8532245544079], [-73.82692527222382, 40.850409810100125], [-73.82689318348477, 40.84885076686651], [-73.82549142898033, 40.84583496235966], [-73.82495579718874, 40.84610313252253], [-73.82518160353754, 40.84270003176911], [-73.82624341284195, 40.84299257572196], [-73.82584691493982, 40.83706339495162], [-73.8254024824738, 40.83565742842636], [-73.8256064955446, 40.835031941734464], [-73.82622261343687, 40.834352181962224], [-73.82601387855362, 40.8340225012225], [-73.82819211024437, 40.832949837551624], [-73.83117446736908, 40.83109881270905], [-73.83145617140786, 40.83115960854776], [-73.83003010309959, 40.83206876195154], [-73.83013080749494, 40.83225555112667], [-73.82835747436049, 40.8332849392928], [-73.82907049888989, 40.834252138642675], [-73.8299220463674, 40.83475842540362], [-73.83224078667028, 40.83527233869587], [-73.83530870853002, 40.83388793394614], [-73.83638802726172, 40.83583821853701], [-73.83855107003575, 40.83502334145336], [-73.83866692294247, 40.83791643334999], [-73.83839278540707, 40.840677231703275], [-73.8393680944707, 40.84088170285624], [-73.8395640625192, 40.840547120601954], [-73.83971822066349, 40.8395647275197], [-73.84030379599373, 40.83952162435028], [-73.83995259446499, 40.83828601627962], [-73.8395942034173, 40.83404218863493], [-73.84018202461716, 40.833043927912016], [-73.84221645422166, 40.8315481137541], [-73.84276021610988, 40.830818761592305]]]]}, "properties": {"geo_id": "10461", "name": "10461", "borough": null, "area_km2": 6.1826}}, {"type": "Feature", "id": 70, "geometry": {"type": "Polygon", "coordinates": [[[-73.70001090368112, 40.73932227726197], [-73.70097991923862, 40.738896613536056], [-73.70092297116358, 40.738720800504744], [-73.70176204143456, 40.738300282198196], [-73.70191175667483, 40.73871238502304], [-73.7083193882832, 40.73733445018851], [-73.70762756242983, 40.73546076391918], [-73.70845916454613, 40.73507860464012], [-73.70922236394476, 40.737139110414205], [-73.71370107893054, 40.73616221556003], [-73.71476895348472, 40.737899558362145], [-73.71656448678397, 40.74164785233355], [-73.71720019832003, 40.74151217682037], [-73.71795016644909, 40.74336947698071], [-73.71740824392805, 40.743510876328784], [-73.7204252672286, 40.75038014661572], [-73.7215867288703, 40.75054764552403], [-73.7218443887038, 40.75107526217393], [-73.72109671085416, 40.75207254721838], [-73.7211674713093, 40.75241306885502], [-73.72243388630854, 40.753387772612484], [-73.72299349396621, 40.754218037193695], [-73.72096656596968, 40.75729276506883], [-73.71956116653057, 40.75845312994622], [-73.71767330329095, 40.75931037282158], [-73.7161268547979, 40.75966339107119], [-73.71351989885464, 40.75983809168577], [-73.70163351911292, 40.75249587592417], [-73.70001090368112, 40.73932227726197]]]}, "properties": {"geo_id": "11004", "name": "11004, 11005", "borough": null, "area_km2": 3.3846}}, {"type": "Feature", "id": 71, "geometry": {"type": "Polygon", "coordinates": [[[-73.95967499996725, 40.74381756680188], [-73.95936468132072, 40.74375158372429], [-73.9584549061096, 40.74431667771208], [-73.95621049334443, 40.74387119669816], [-73.95485074734776, 40.74804269112481], [-73.95318358122006, 40.747734613678226], [-73.95305340835877, 40.748085888552765], [-73.95478552360537, 40.74842693036286], [-73.95632256048748, 40.74908077361499], [-73.95559311803792, 40.74968433932027], [-73.95506621673627, 40.749634729511634], [-73.95451697927969, 40.75058419675156], [-73.95464674194179, 40.75083127521661], [-73.95399642571488, 40.75178618946964], [-73.95136688821081, 40.75452436663248], [-73.94471143273033, 40.76287636756167], [-73.94247408546583, 40.761991464773644], [-73.94330547673609, 40.76065793145792], [-73.93791434845895, 40.75870638358903], [-73.92650761131428, 40.75243615994632], [-73.92245939878399, 40.75742345566592], [-73.91607424811846, 40.75442720701158], [-73.91650805005563, 40.753889551783715], [-73.91547589621284, 40.753789988134585], [-73.91526619706696, 40.754069798307704], [-73.91446542274429, 40.75367396284877], [-73.91256738417611, 40.75330474164207], [-73.91149735783324, 40.75455552936331], [-73.90984097739307, 40.751639322574405], [-73.92026698369575, 40.74955551291955], [-73.92079708906078, 40.7468879821392], [-73.92546651275147, 40.74743455887787], [-73.92763646449238, 40.736610641818096], [-73.92576766350857, 40.736280081889184], [-73.92583325655337, 40.73570372579139], [-73.93161273736713, 40.73682716252059], [-73.93478219804173, 40.735555435290436], [-73.93441480294696, 40.73488550661942], [-73.9374179981427, 40.733761828524464], [-73.93545698767426, 40.73180648049256], [-73.93164218808687, 40.729224208444], [-73.93102896460354, 40.72908660494275], [-73.93143341925698, 40.728741007155314], [-73.93452873283195, 40.72910511657857], [-73.93588500737874, 40.72946269807764], [-73.93804164380005, 40.73051237552335], [-73.93910884958319, 40.73138028760246], [-73.93990815088915, 40.73327458854626], [-73.94016775280316, 40.73348881459286], [-73.94001616125328, 40.733538141314185], [-73.94006647454441, 40.73376323739217], [-73.94086635293972, 40.73507015397989], [-73.94161622102527, 40.73583357818663], [-73.94359287097154, 40.736718373996766], [-73.94594493618897, 40.737504501459206], [-73.94463813687133, 40.73814066334593], [-73.9425807010569, 40.73881486508753], [-73.94280437474532, 40.73888085045272], [-73.94255886990668, 40.73902345539694], [-73.94146166887323, 40.73924797262477], [-73.94050823047364, 40.74011482578499], [-73.94036368903167, 40.74033433119864], [-73.94055848182886, 40.740416774463746], [-73.93910579712211, 40.74261730635269], [-73.93867282195333, 40.74253473407606], [-73.93858584753548, 40.74292993190229], [-73.94002188795164, 40.743210653306036], [-73.94015214465006, 40.74283194542133], [-73.93965422393224, 40.74273287456449], [-73.94118649645215, 40.74029083829403], [-73.94159825583306, 40.739862866498186], [-73.9425946339272, 40.7393967595651], [-73.94289809369403, 40.73900166607208], [-73.94389418633276, 40.73884844950983], [-73.94548247565852, 40.73820694021116], [-73.9471498554543, 40.73790030514688], [-73.95137797529361, 40.73933492869721], [-73.95377373767735, 40.73981899162119], [-73.95746912637904, 40.73954594040773], [-73.96072494052837, 40.73808139902584], [-73.9621682365998, 40.73827401487618], [-73.96212483758435, 40.738444175263936], [-73.96253607757166, 40.73868035848258], [-73.96262248557127, 40.739031714849204], [-73.9622105550347, 40.74000871213555], [-73.96158987602713, 40.74000301729759], [-73.96145255484828, 40.74033783113335], [-73.96126491539741, 40.74032129966592], [-73.96126479093076, 40.74053539025492], [-73.96184928467972, 40.740722228466666], [-73.96190693843339, 40.7408704641331], [-73.96180576681937, 40.741095500244654], [-73.9612211548951, 40.741106283887795], [-73.96110525743298, 40.74182536964048], [-73.9615526399746, 40.741995694427736], [-73.9606135212643, 40.74343362651342], [-73.96028865375888, 40.743559773481316], [-73.95978345686699, 40.743499213672145], [-73.95967499996725, 40.74381756680188]]]}, "properties": {"geo_id": "11101", "name": "11101", "borough": null, "area_km2": 6.7391}}, {"type": "Feature", "id": 72, "geometry": {"type": "Polygon", "coordinates": [[[-73.84559167111402, 40.82837978837949], [-73.84543243902218, 40.82848387437045], [-73.84619853277815, 40.828462940886986], [-73.84724517384689, 40.82900778623078], [-73.84728060266129, 40.82931524157661], [-73.86008596620051, 40.833113707692725], [-73.86074986912728, 40.8335975811195], [-73.8612920483877, 40.833537850735624], [-73.86272434790236, 40.832919258791655], [-73.862845627833, 40.83368792338168], [-73.8668039510646, 40.83483436411207], [-73.8659792626198, 40.83520668990098], [-73.86507554010971, 40.83534287192488], [-73.86499691683797, 40.834909115046116], [-73.86294555608534, 40.83429736890928], [-73.86355257203611, 40.83786621687766], [-73.86451407630719, 40.83776854067623], [-73.86488585433979, 40.83977261706733], [-73.86393841850301, 40.84004597454444], [-73.86516951370942, 40.84246825577615], [-73.86591256140494, 40.84319921500267], [-73.8668440719196, 40.84367787370125], [-73.86756571722192, 40.84428254072376], [-73.86778862366963, 40.84487565375269], [-73.86804174460936, 40.84481555998195], [-73.8685834448322, 40.84504124459245], [-73.86893075401242, 40.844871467756704], [-73.86914722340599, 40.84506933261084], [-73.87020928516418, 40.84535049287433], [-73.870731871241, 40.84425868528017], [-73.87196268790288, 40.84323902592035], [-73.87146696532936, 40.84540679531813], [-73.87133416311997, 40.84679546998659], [-73.87137617770726, 40.85123645365951], [-73.87186964847297, 40.85401464507842], [-73.87158568046156, 40.85505731720495], [-73.8706072025177, 40.85632427735691], [-73.87005718702392, 40.856603618992786], [-73.86927618742995, 40.85669056723377], [-73.86818898436076, 40.85806168207545], [-73.86802315100174, 40.85783093740907], [-73.86179055003858, 40.85798283232396], [-73.8619231749808, 40.8567863001856], [-73.8609687825313, 40.85680711165175], [-73.86098393076009, 40.85647776537862], [-73.8597385820346, 40.85390721405049], [-73.85299794452786, 40.84529141706101], [-73.85218751875249, 40.8456581725817], [-73.85114957265564, 40.84432290859411], [-73.85112853812967, 40.844031942098255], [-73.8552077244236, 40.84297767621664], [-73.8533366832023, 40.842470285468494], [-73.85309405930049, 40.841048215957564], [-73.85289884970904, 40.84106992486405], [-73.84590582326977, 40.83627401373285], [-73.84558924560122, 40.83565328474237], [-73.84526376105124, 40.83575714769603], [-73.84422454034579, 40.83509152765244], [-73.84000227226208, 40.835662137808654], [-73.8399535146105, 40.83489903921132], [-73.84420442267937, 40.831336728500695], [-73.84457308326978, 40.831304289331186], [-73.84441574236773, 40.83059594008615], [-73.84270256822775, 40.830747320321706], [-73.8431019208936, 40.829957385614364], [-73.84289561772364, 40.82856827731779], [-73.84497035736621, 40.82829661324786], [-73.84559167111402, 40.82837978837949]]]}, "properties": {"geo_id": "10462", "name": "10462", "borough": null, "area_km2": 3.8327}}, {"type": "Feature", "id": 73, "geometry": {"type": "Polygon", "coordinates": [[[-73.90833215449437, 40.86715806922045], [-73.90762805281553, 40.86909526370287], [-73.90788084208684, 40.86931504148921], [-73.90608193711354, 40.873243995139845], [-73.90636386489984, 40.87332107568323], [-73.90843093984246, 40.868936711229054], [-73.90842142553127, 40.87059450007849], [-73.90872289903817, 40.87223057727608], [-73.90893271266724, 40.87215938097731], [-73.90959675627052, 40.873087609866545], [-73.91081033773499, 40.87408762282982], [-73.91167038778778, 40.87448900960272], [-73.91571866719623, 40.875710680929096], [-73.91725895208972, 40.875810604478474], [-73.91775814152852, 40.87566274788995], [-73.9190811019161, 40.87606440823141], [-73.9200712128884, 40.8766250154722], [-73.92025885147781, 40.876954508336595], [-73.92206497768635, 40.87857511022467], [-73.92273719640112, 40.878904925145335], [-73.92451617009465, 40.87905980508451], [-73.9248996756217, 40.87888988443877], [-73.92380594890989, 40.88032738544834], [-73.92058654540273, 40.88718144741709], [-73.91869904018424, 40.886883707158105], [-73.91863504343235, 40.88598340460793], [-73.91875850890233, 40.88557178842254], [-73.9158661982734, 40.88485609748941], [-73.91397642913013, 40.88637526161241], [-73.91668819629328, 40.88689874139407], [-73.91688117916081, 40.888748799366894], [-73.91634271752099, 40.89128449986758], [-73.91454253930138, 40.8905036905823], [-73.91269789225257, 40.89056818263436], [-73.91290150409716, 40.88975042012936], [-73.90900299195606, 40.88950039088331], [-73.9079622627653, 40.88885730915063], [-73.90738503689626, 40.88781935585918], [-73.90626422709786, 40.88757142926637], [-73.90545041791653, 40.890161749605795], [-73.90498039520931, 40.89005157621261], [-73.90443049768116, 40.89015542030337], [-73.90435871520528, 40.88977110480666], [-73.90291248216676, 40.88945151383577], [-73.90236596446486, 40.88725530333739], [-73.89978479862059, 40.88652849359028], [-73.89467979567706, 40.885519392391636], [-73.89291527318909, 40.88530917246553], [-73.88758632273493, 40.88425563409375], [-73.88705093044119, 40.88434843084741], [-73.88719829879764, 40.882751165436055], [-73.88800099255056, 40.88283428785847], [-73.88997260241797, 40.88023421734062], [-73.89140669895214, 40.87896752802997], [-73.8973271216933, 40.87144699674367], [-73.89779683146374, 40.87166698934592], [-73.89801200054855, 40.87282544106956], [-73.89851665747749, 40.87384691236393], [-73.89900078499396, 40.87411082773711], [-73.89986123528163, 40.874199407805065], [-73.90030196329201, 40.874474258804284], [-73.90038035373948, 40.87524833014481], [-73.89957555559099, 40.87660900047732], [-73.90021131760675, 40.87704870280313], [-73.90132653644837, 40.87605608288035], [-73.90169505993676, 40.876264994060115], [-73.90215167896004, 40.87558469820582], [-73.90274706718799, 40.87396583218135], [-73.90232065076869, 40.87378981160879], [-73.90312719001543, 40.87117205257477], [-73.90364951008719, 40.8700306964267], [-73.90482121550625, 40.869872476440406], [-73.90568236616915, 40.86943403212821], [-73.90742677785123, 40.868233267673745], [-73.90833215449437, 40.86715806922045]]]}, "properties": {"geo_id": "10463", "name": "10463", "borough": null, "area_km2": 4.06}}, {"type": "Feature", "id": 74, "geometry": {"type": "MultiPolygon", "coordinates": [[[[-73.78238469030214, 40.87510810745619], [-73.78213889641323, 40.875080196698704], [-73.78222008316827, 40.87458081444604], [-73.78266054234092, 40.874790242052214], [-73.78238469030214, 40.87510810745619]]], [[[-73.78374392507567, 40.87299724296301], [-73.78419136080016, 40.87328352950251], [-73.78402369491941, 40.873694920984015], [-73.78358950564152, 40.87378193799813], [-73.78333727144611, 40.873512484011904], [-73.783432374218, 40.873177808987464], [-73.78374392507567, 40.87299724296301]]], [[[-73.78571473308142, 40.87406586331904], [-73.785786361016, 40.87428008294323], [-73.78564147750511, 40.87435666552722], [-73.78552617601652, 40.87423019507439], [-73.78571473308142, 40.87406586331904]]], [[[-73.8151064772366, 40.86305555104217], [-73.8152433548524, 40.86323692075583], [-73.81487993045276, 40.86391702476549], [-73.815225538233, 40.86444456178471], [-73.81508592597157, 40.86524579142215], [-73.8151717040042, 40.86560274021581], [-73.8166218096686, 40.86417780837945], [-73.81684561348855, 40.86430442019926], [-73.81699703540512, 40.864458363835176], [-73.8157859004566, 40.86575742575703], [-73.82126523222884, 40.869076153238375], [-73.82329376083999, 40.873097517450795], [-73.82005126153824, 40.882111579248736], [-73.82027341667347, 40.88554828138566], [-73.8152866178502, 40.886709647544535], [-73.81517164966161, 40.88903696194354], [-73.80291266269285, 40.88603045578818], [-73.79300439980425, 40.88335624736116], [-73.79378984738482, 40.881968837325466], [-73.79491530703758, 40.88054360058641], [-73.79554407622688, 40.88069292979073], [-73.79502624803746, 40.87974783557917], [-73.79624968306253, 40.87701079367591], [-73.79712727798942, 40.876188930183766], [-73.79744146474187, 40.875135517677805], [-73.7985501714925, 40.874401878964946], [-73.79891103120828, 40.87464404187687], [-73.79981646432006, 40.87416254894919], [-73.79987636722834, 40.873481967324885], [-73.80087278219712, 40.871589847802426], [-73.80137214911385, 40.87145896278601], [-73.8025247917084, 40.87050578511131], [-73.80317937025646, 40.87168163537241], [-73.80270051077343, 40.87221328951993], [-73.80339388091356, 40.872505411126724], [-73.80431625180599, 40.87116207572131], [-73.8037310874818, 40.87096346348816], [-73.80358222720547, 40.8699476708047], [-73.80282977929433, 40.870078133241456], [-73.80302052584484, 40.86915623928806], [-73.80422136322983, 40.86900457961238], [-73.80482788326465, 40.86931301364213], [-73.8055448205639, 40.868957412810445], [-73.80588436707536, 40.86906777256734], [-73.80574514570974, 40.869693330216876], [-73.80841642237901, 40.87119091335542], [-73.80838928400628, 40.87057056597416], [-73.80754376762661, 40.87037702986495], [-73.8078057945322, 40.86979010056797], [-73.80695288319225, 40.869656931193475], [-73.80673129788886, 40.868767277001794], [-73.80592978905094, 40.868370694716226], [-73.80487444402127, 40.86823167986462], [-73.80464770825182, 40.86664485818964], [-73.80385076433784, 40.86716499974966], [-73.80300509306817, 40.867042792180776], [-73.80305935169729, 40.86581325780778], [-73.80225732905863, 40.8656087780815], [-73.79780459081485, 40.8722542195877], [-73.79479332726513, 40.873198570512535], [-73.79397191314824, 40.874563967572605], [-73.79356932298028, 40.87612223737355], [-73.79359639351082, 40.876720630139985], [-73.79316866064401, 40.8770547175823], [-73.79422354360452, 40.87738047772723], [-73.79440353200462, 40.87764428954491], [-73.7938437114862, 40.87859295637799], [-73.79288695011537, 40.87926643896517], [-73.79219187421894, 40.87951221227752], [-73.79174228159471, 40.87989017010177], [-73.79090287444846, 40.88003137661692], [-73.79057663771282, 40.88027780784549], [-73.79043034509765, 40.880799034727765], [-73.78956098588584, 40.88125856192273], [-73.78926462543336, 40.88120312724178], [-73.78931723628115, 40.880577432394624], [-73.78912354390654, 40.88007754375902], [-73.7900652837235, 40.87959619388635], [-73.78952475038587, 40.87899686528259], [-73.78827394683937, 40.87887381068397], [-73.7858866555838, 40.87906702463857], [-73.784384418318, 40.87842196843665], [-73.78417696423772, 40.8777189377955], [-73.78470932017387, 40.876358561316344], [-73.78668306749769, 40.87429272276414], [-73.78708324165915, 40.87353592442065], [-73.78719429983443, 40.872729187190416], [-73.78624806944642, 40.87238160601679], [-73.78545016894554, 40.873132173462814], [-73.78527527952721, 40.873543553328744], [-73.78507986373715, 40.87359259417129], [-73.78517540123002, 40.87312068348683], [-73.7856839884158, 40.87238604919749], [-73.78556179505114, 40.87215526727063], [-73.78525939926588, 40.87174299969437], [-73.78439546756799, 40.872784375397764], [-73.78403374369813, 40.872827614230964], [-73.78381050911327, 40.872536257885535], [-73.78306689028548, 40.872156093555255], [-73.7832019085799, 40.87066871874471], [-73.78391861936352, 40.87042303980751], [-73.78428879030983, 40.870001048167296], [-73.78490421623152, 40.86976615253034], [-73.78560302242856, 40.86834020738691], [-73.78552080637398, 40.869168954982655], [-73.78598947610618, 40.86959250938873], [-73.78657461060071, 40.8697802328876], [-73.78795559612136, 40.869843162263635], [-73.78901194155337, 40.86966394817006], [-73.78968540609876, 40.86936326029788], [-73.79038076586848, 40.868996735400444], [-73.79138859113836, 40.86814221448435], [-73.79229252020366, 40.86581633645961], [-73.79265207024568, 40.86413722392618], [-73.79147227948312, 40.86220831449235], [-73.79188017525031, 40.861253893199944], [-73.79190318896396, 40.86083124990139], [-73.79350919076437, 40.86055417524392], [-73.79364030698757, 40.86024151325983], [-73.79340261210307, 40.859950148951214], [-73.79386587433684, 40.85978080572153], [-73.7945482784778, 40.85888724836118], [-73.79486890938611, 40.858075385432414], [-73.79456078209911, 40.857180062368045], [-73.79426552662373, 40.856800766487126], [-73.7943531339508, 40.856526451829914], [-73.7955894905003, 40.856512180744694], [-73.79685548690874, 40.85626190367874], [-73.7975154236811, 40.855598844327396], [-73.79798764220229, 40.8548476219095], [-73.79824806044617, 40.8547986728519], [-73.7985293857902, 40.855007762369645], [-73.79872486995262, 40.854914783478065], [-73.79902418979006, 40.8539546570665], [-73.7986428334451, 40.853355645389165], [-73.79795714673163, 40.85298665543334], [-73.7978084816143, 40.85194889449759], [-73.79819575155899, 40.850593685465036], [-73.79948510026543, 40.849750562707854], [-73.80009671846705, 40.84829692697166], [-73.80029236200646, 40.848143561962594], [-73.80082700838081, 40.84824329595358], [-73.80146881298316, 40.84877138698411], [-73.80197005583885, 40.85038064938575], [-73.8041734941751, 40.8533377188819], [-73.80452328767666, 40.85485339147396], [-73.80428388445975, 40.855132945861094], [-73.80366884064132, 40.85530756217769], [-73.80352351635713, 40.85555433853529], [-73.8041385343885, 40.85784447056616], [-73.80417180738118, 40.85882164273014], [-73.80464562471359, 40.859969733264734], [-73.80460581253251, 40.86121576230387], [-73.80478562112145, 40.86153994191312], [-73.80550776273068, 40.861848568456075], [-73.80615909431704, 40.86164655636173], [-73.80624649904198, 40.86142712674878], [-73.80582397680317, 40.860032105950125], [-73.80612809504187, 40.85987891383273], [-73.8066054016826, 40.85984128899778], [-73.80724011790197, 40.86037482411044], [-73.80764502945266, 40.86037001046964], [-73.80803608248684, 40.860156574712306], [-73.80816018442626, 40.859745075238614], [-73.8074259931184, 40.85860754371518], [-73.80759265039772, 40.858481565261], [-73.81110239315042, 40.862467187923244], [-73.81205624623168, 40.86267185371574], [-73.81293684232548, 40.86321673616739], [-73.8132766646365, 40.863222776009756], [-73.81370873169753, 40.86385475628638], [-73.81404132667886, 40.8638607822016], [-73.81396111373314, 40.864102186811216], [-73.81422932384046, 40.86386108503512], [-73.8141284628236, 40.8637291768275], [-73.81438286840907, 40.863252007913886], [-73.81459301475888, 40.8630876635524], [-73.8151064772366, 40.86305555104217]]], [[[-73.78281152371011, 40.83742405006577], [-73.78290582520451, 40.837319928300445], [-73.78268448986864, 40.83648511697763], [-73.78282229959143, 40.83633716173251], [-73.78303186600832, 40.83634853503409], [-73.78338419849862, 40.836909119941716], [-73.78421588542187, 40.83675697470888], [-73.78484961600229, 40.83747178543074], [-73.78512436053765, 40.83744485042951], [-73.78527513410596, 40.83775802910269], [-73.78557815398408, 40.83792876535953], [-73.7855319909588, 40.83879601036981], [-73.78592749579465, 40.8394280301298], [-73.786526468549, 40.83972556972682], [-73.78738648152793, 40.83976558427137], [-73.78763700956846, 40.840534566526244], [-73.78735493743503, 40.84058894117804], [-73.7878665589712, 40.84108393223705], [-73.78761320465833, 40.84119874409214], [-73.78784363148227, 40.84147363978304], [-73.78824109631891, 40.84150181732952], [-73.78805921895504, 40.84186927523723], [-73.78876507893064, 40.84266104820254], [-73.78905961365129, 40.84323797745012], [-73.78961660081472, 40.84311273778732], [-73.78980304753661, 40.84358516871078], [-73.78934011373349, 40.84368313392733], [-73.78946829765482, 40.84429269466676], [-73.79148394044375, 40.846958728500745], [-73.79141724584316, 40.84748010343641], [-73.79153994748947, 40.847540708926076], [-73.79126506049917, 40.8476005955328], [-73.79136428492059, 40.84823205900395], [-73.79124762242594, 40.848550234617925], [-73.78975534449232, 40.84953013157275], [-73.7901260268727, 40.8511886125034], [-73.78951117345296, 40.85130277015856], [-73.78972682005636, 40.85169291243287], [-73.7901463984658, 40.85160584568561], [-73.79017318578575, 40.85228109333381], [-73.79113540232272, 40.85205777314204], [-73.79144402777835, 40.852771956290304], [-73.79042387966767, 40.853022620924186], [-73.7904956557235, 40.853187433922486], [-73.79077060103188, 40.85311657042824], [-73.79086394574311, 40.85331984825368], [-73.79111715098188, 40.85326541278413], [-73.79128885042975, 40.85384211268454], [-73.79108604323841, 40.85396251284598], [-73.7917872265613, 40.85399122757131], [-73.7919166377643, 40.854222016691395], [-73.79133758027028, 40.85444054759649], [-73.79129375462715, 40.85458319322857], [-73.79186951541288, 40.855418625056934], [-73.79250458497535, 40.85578756002756], [-73.79248962874257, 40.85594672624998], [-73.79203355086631, 40.856138034648474], [-73.79170597423402, 40.85685106797165], [-73.79187184951981, 40.856983113337904], [-73.79160310450138, 40.857377866229314], [-73.79129257835407, 40.85726202715507], [-73.7899220973868, 40.85853308443607], [-73.78898237907784, 40.85847098595715], [-73.78870473145703, 40.857109102460555], [-73.78889441694675, 40.85657148677368], [-73.78836241153071, 40.85562633211544], [-73.78841441689595, 40.85518727397838], [-73.78855190359134, 40.855149100112136], [-73.78829266500505, 40.854824748935485], [-73.78848184105347, 40.85444632596418], [-73.78834547375159, 40.854133178913614], [-73.78731137800341, 40.85421361840517], [-73.78712395288716, 40.854043100682546], [-73.78797088211904, 40.85370980568541], [-73.78796440505455, 40.85347374868288], [-73.78588047969251, 40.85179013654103], [-73.7852954522595, 40.8516188770952], [-73.78433343605317, 40.85177627591537], [-73.78395845531897, 40.85148463485102], [-73.7835605753929, 40.85156623039655], [-73.78344544247196, 40.851401331621325], [-73.7836047549514, 40.85131928921389], [-73.78460312595979, 40.85109609126732], [-73.78445236089911, 40.850771933652986], [-73.78401921304268, 40.85058448309097], [-73.78425884529285, 40.85025556601877], [-73.78420163521585, 40.85006332914622], [-73.78350323021256, 40.8491946913443], [-73.78317783304897, 40.849221527328176], [-73.7830337352396, 40.84907304189828], [-73.78244730273445, 40.84934091930764], [-73.78149512047197, 40.848713325073504], [-73.78149555324552, 40.84858157965451], [-73.78267533185456, 40.848139164751295], [-73.78250257308098, 40.84791377264438], [-73.78158408562497, 40.84803829405002], [-73.78142696107683, 40.84745611712856], [-73.78221686697852, 40.846859263486614], [-73.78214549580234, 40.846579167873024], [-73.78251471972838, 40.84640969230967], [-73.78235708799244, 40.845981219557444], [-73.78258132155507, 40.845937726984424], [-73.78249547453338, 40.8456630936876], [-73.78309593793182, 40.84551600975527], [-73.78322029205519, 40.84506611029914], [-73.78297577291083, 40.84468139041464], [-73.78336688436134, 40.84444608010679], [-73.78306351824176, 40.84437414737342], [-73.78301358100376, 40.844170944516605], [-73.7832669188051, 40.84406712161753], [-73.78309409700618, 40.84386368782713], [-73.78349932069615, 40.8437327027726], [-73.78312667967343, 40.84273841564954], [-73.78286730089513, 40.84247992436683], [-73.78236870774751, 40.842429579823445], [-73.78226961330212, 40.84178712918829], [-73.7818866957847, 40.84173151140859], [-73.78180143321931, 40.841281216615556], [-73.78142019639239, 40.84071508310394], [-73.78154415630377, 40.84038595189087], [-73.78132367591886, 40.8392931365373], [-73.78172472712063, 40.83822345619797], [-73.78200729746592, 40.838015392023074], [-73.78188561191456, 40.83765285914378], [-73.78237818007976, 40.837324423365466], [-73.78281152371011, 40.83742405006577]]]]}, "properties": {"geo_id": "10464", "name": "10464", "borough": null, "area_km2": 8.5017}}, {"type": "Feature", "id": 75, "geometry": {"type": "Polygon", "coordinates": [[[-73.83971822066349, 40.8395647275197], [-73.8395640625192, 40.840547120601954], [-73.8393680944707, 40.84088170285624], [-73.83839278540707, 40.840677231703275], [-73.83866692294247, 40.83791643334999], [-73.83855107003575, 40.83502334145336], [-73.83638802726172, 40.83583821853701], [-73.83530870853002, 40.83388793394614], [-73.83224078667028, 40.83527233869587], [-73.8299220463674, 40.83475842540362], [-73.82917862867882, 40.834362087516915], [-73.82835747436049, 40.8332849392928], [-73.83013080749494, 40.83225555112667], [-73.83003010309959, 40.83206876195154], [-73.83145617140786, 40.83115960854776], [-73.83117446736908, 40.83109881270905], [-73.82819211024437, 40.832949837551624], [-73.82601387855362, 40.8340225012225], [-73.82622261343687, 40.834352181962224], [-73.82549759308091, 40.835218417740435], [-73.82541653433294, 40.835811153810475], [-73.82584691493982, 40.83706339495162], [-73.82624341284195, 40.84299257572196], [-73.82518160353754, 40.84270003176911], [-73.82495579718874, 40.84610313252253], [-73.8204819528383, 40.84850062381757], [-73.82014348156166, 40.84802251692377], [-73.81630338396029, 40.84857089735259], [-73.81514532551724, 40.84907956363074], [-73.81534113476798, 40.84885481096009], [-73.81532020972406, 40.84858030637887], [-73.8159000945431, 40.848015822819285], [-73.81586461846607, 40.84777423161171], [-73.81560469720601, 40.847658538546774], [-73.81595891326461, 40.847659104217406], [-73.81609667211603, 40.84751110950824], [-73.81612119638885, 40.846484626464914], [-73.81565910265572, 40.84628626967994], [-73.81503669751092, 40.84654876570575], [-73.81465452056649, 40.846207807983724], [-73.81446649674069, 40.84623495283969], [-73.81460474553985, 40.84591129908414], [-73.81508272540991, 40.84559367968655], [-73.81502515550902, 40.84550026716305], [-73.81420689056915, 40.846009468600876], [-73.81399053552909, 40.84582796891529], [-73.81318702447501, 40.84622739841373], [-73.81403456761782, 40.845591994648316], [-73.813803926114, 40.84535008788825], [-73.81278536654953, 40.84510690455128], [-73.81264847109901, 40.844947488947895], [-73.81368185398863, 40.845058951241974], [-73.81418879246797, 40.84472491399933], [-73.8140376214636, 40.844499603931816], [-73.81356807304797, 40.844389057468646], [-73.81339638964174, 40.84374651697872], [-73.81469112749403, 40.84344668579808], [-73.8150017978107, 40.84350207874551], [-73.81520263890376, 40.84406232217446], [-73.81564980238905, 40.84442533980375], [-73.81630043233261, 40.84440442009521], [-73.81625036322164, 40.844212210446294], [-73.81643871384713, 40.84406429583413], [-73.8169952486148, 40.84408713784055], [-73.81708150772799, 40.844262936285034], [-73.81750047635448, 40.84436789900177], [-73.81823783263116, 40.84435259497336], [-73.8181878929896, 40.84411098154582], [-73.81768868924189, 40.84426938696871], [-73.81716921567529, 40.84391175208479], [-73.81665584143983, 40.84396583149014], [-73.81615250152265, 40.8430043807035], [-73.81541689610704, 40.84239387946589], [-73.81557047156578, 40.84175186205611], [-73.8152178117329, 40.84120235478135], [-73.81497518287468, 40.840076632814245], [-73.8146942053776, 40.83974681593962], [-73.81478280638943, 40.83907724772595], [-73.81596236204119, 40.83857410822072], [-73.81626679849217, 40.838261696001666], [-73.81647795153643, 40.83770211014481], [-73.81639330839565, 40.836944433778484], [-73.81606335193727, 40.83603266214756], [-73.815499809464, 40.835954909959], [-73.8160787025545, 40.8357088100414], [-73.8159853206977, 40.835500062600076], [-73.81557327266654, 40.83552685161359], [-73.81607965859158, 40.83536297722528], [-73.81608179825758, 40.834588970372906], [-73.8156628782405, 40.834489491738964], [-73.81603187377446, 40.83434735560944], [-73.815939769631, 40.833677497535135], [-73.8157090104501, 40.83349048820909], [-73.81576104606074, 40.83296907491175], [-73.81528707681359, 40.831875918813665], [-73.81503465948431, 40.83168338394025], [-73.81476244198619, 40.830815615804134], [-73.81381806150995, 40.829968721448715], [-73.81382621007465, 40.82963936822866], [-73.81361013996552, 40.82937552609684], [-73.81336445574124, 40.829364149870365], [-73.813502167099, 40.829221647213664], [-73.81338709101951, 40.82902384120784], [-73.81290309112158, 40.82895169426593], [-73.813178128192, 40.828803925258924], [-73.81283891402248, 40.82864418145247], [-73.81275330428532, 40.828248802730556], [-73.80992777077424, 40.828194775329145], [-73.81009505216545, 40.82782176888308], [-73.81029691580625, 40.82799227382307], [-73.81177840198104, 40.827994701358485], [-73.81263883494977, 40.82783690870806], [-73.81265407669628, 40.82755697194486], [-73.81387032994238, 40.8267849301046], [-73.81368360571827, 40.82636743093668], [-73.81403885902702, 40.825956296146714], [-73.81379421657513, 40.825577129788144], [-73.81383099412692, 40.8253466325386], [-73.81321010286172, 40.82513702961918], [-73.81308056643321, 40.82494468917993], [-73.81403574403072, 40.82448512019627], [-73.81397153531213, 40.82418858662401], [-73.81378417254156, 40.82400164308808], [-73.8132711956295, 40.823967876889846], [-73.81280766074725, 40.82434040760341], [-73.81274861403254, 40.82477946729905], [-73.81232329299881, 40.82441098308281], [-73.81177429052093, 40.824338725479784], [-73.81119541812548, 40.824606761938846], [-73.81120211496831, 40.82479341402023], [-73.81102891486604, 40.82471078865213], [-73.81029774902059, 40.82516521203934], [-73.80965428052055, 40.82527394058157], [-73.80908889946487, 40.82587135535923], [-73.80783178432414, 40.825764967874136], [-73.8076651935725, 40.82589643679829], [-73.80698013787965, 40.82539026329537], [-73.8067364783998, 40.8246872062438], [-73.80656328411922, 40.824604574167054], [-73.80678072944053, 40.82437987145778], [-73.80652105900683, 40.82421475269628], [-73.80673810461813, 40.824127285529244], [-73.80675343410597, 40.82382539169646], [-73.806464461601, 40.82379745983288], [-73.80666700548707, 40.82372643679432], [-73.80666067236002, 40.823419017185444], [-73.80623464246536, 40.82330851316403], [-73.80650968698066, 40.823155270502546], [-73.80638038141889, 40.8228915600129], [-73.8059540672309, 40.82287986450802], [-73.80622183647534, 40.82274307862232], [-73.80625216371988, 40.82225456877327], [-73.80592189072655, 40.82152391679737], [-73.8059889738091, 40.82082138027352], [-73.80573071343994, 40.820178679895704], [-73.8045204367666, 40.818925039822176], [-73.8034818379147, 40.81827551913495], [-73.80267265661854, 40.81824120045517], [-73.80252006982772, 40.81852639070162], [-73.80207920221157, 40.818558571499], [-73.8018846956701, 40.818360617206125], [-73.80070784134618, 40.81804569036422], [-73.80057158980729, 40.81769961929061], [-73.80032632974184, 40.81756195851262], [-73.79759100623616, 40.81650870358949], [-73.7973837393458, 40.81576177376331], [-73.797716860016, 40.81551533321617], [-73.79812093315249, 40.81569719342825], [-73.79864187788772, 40.81546205783312], [-73.79902459194324, 40.81553957793602], [-73.79994550246715, 40.81444877794516], [-73.80011295363913, 40.814026380290244], [-73.80091576027775, 40.81375878597282], [-73.80146009138628, 40.81294179562364], [-73.80267527969055, 40.8124827674515], [-73.80313776575181, 40.812456110784396], [-73.80365038966936, 40.81257775299015], [-73.80319969105398, 40.8135047026567], [-73.80356671740066, 40.813999379558304], [-73.80435244513237, 40.81462102395563], [-73.80471914794516, 40.815230975061105], [-73.80515140075626, 40.81566537320882], [-73.80628403440423, 40.81627112157962], [-73.80660803282198, 40.816666906068555], [-73.80704917219911, 40.81653589827915], [-73.8066328196808, 40.815596504306654], [-73.80568792519013, 40.81503499146488], [-73.80563814930086, 40.814760434854755], [-73.80545772480944, 40.81468876765701], [-73.80557376286504, 40.81454074811911], [-73.8054224328001, 40.81440325646476], [-73.8054542704953, 40.81339873989678], [-73.80503030084658, 40.81260754205631], [-73.80496657804592, 40.81216278829622], [-73.80438901033311, 40.812013594479815], [-73.80391186753738, 40.8121115941759], [-73.80337167651254, 40.81153977060354], [-73.8029266864644, 40.81053992945445], [-73.80230688077387, 40.81002285918246], [-73.80148150061927, 40.810608813003995], [-73.80124347326586, 40.81047665588866], [-73.80146844271351, 40.81014218651578], [-73.80011146220636, 40.80971166393466], [-73.79853682692384, 40.8095881549458], [-73.79228869919527, 40.806848804545076], [-73.79139962581569, 40.806995414747774], [-73.79130508797006, 40.8071928643244], [-73.79159338043266, 40.80741296437015], [-73.7915064282183, 40.80749514909234], [-73.79086392778967, 40.807340280369175], [-73.79073625097908, 40.80658799218964], [-73.79012475316824, 40.80576895039742], [-73.79006087680115, 40.80540652941593], [-73.79028668089077, 40.80481956763763], [-73.79103975985095, 40.80426100966713], [-73.7922470377288, 40.803994207893055], [-73.79338780639414, 40.80420485781191], [-73.79578023711572, 40.80616337016921], [-73.79702950401546, 40.80634672872685], [-73.79791700635319, 40.80671059241839], [-73.80167409101192, 40.80901720125948], [-73.80277917730683, 40.80911790729039], [-73.8039296528542, 40.80852700798332], [-73.80467897026845, 40.80922544131461], [-73.80713844929382, 40.81066233059252], [-73.8085718900041, 40.8121633413348], [-73.80992079377815, 40.81292860746225], [-73.81042641186394, 40.812978845035325], [-73.8107882614795, 40.81277084013817], [-73.81133668506651, 40.81301327489561], [-73.81173394328117, 40.81305783990945], [-73.81184988693984, 40.81293726116525], [-73.81313486528595, 40.81332910226539], [-73.81359729153633, 40.81332436136375], [-73.8140012720254, 40.813550081420416], [-73.81566317314154, 40.813514324303036], [-73.81587923026817, 40.813767184420605], [-73.81620413767683, 40.81385004462803], [-73.81981857946035, 40.81318054704644], [-73.82010844624713, 40.81286261135193], [-73.8203902703883, 40.81284658237049], [-73.82058488984472, 40.81301705846589], [-73.82197283575621, 40.812750226719416], [-73.82339723096284, 40.812357176663404], [-73.82347714348155, 40.81219261541673], [-73.82421428690012, 40.81212237878062], [-73.82453255051034, 40.81198562723698], [-73.82471392795637, 40.81170045150701], [-73.82501700250245, 40.81184363770845], [-73.82618893085439, 40.81127999661039], [-73.8284138616405, 40.811420565762845], [-73.83018546285271, 40.81084130662015], [-73.83161921559991, 40.80956985594311], [-73.83214991826554, 40.808264139262675], [-73.83213762876827, 40.80740776606309], [-73.83161939290454, 40.80664397566774], [-73.83164951252657, 40.80616094731543], [-73.83139193732322, 40.80517246824593], [-73.83161648737311, 40.80493674968799], [-73.83431781494463, 40.8051602420862], [-73.837436173076, 40.806202189263395], [-73.83806266587298, 40.8070374685342], [-73.8382477278428, 40.80817953530547], [-73.84026279452394, 40.81144308084294], [-73.84043356160063, 40.812541207800805], [-73.84026560593004, 40.813282051197774], [-73.83966436959835, 40.81392348242908], [-73.83956907852112, 40.81448876328074], [-73.83953697432527, 40.815817165433806], [-73.84019119430931, 40.817190436165156], [-73.84009579750854, 40.81779963258222], [-73.83921162771199, 40.81889080293725], [-73.83892955664328, 40.819000198181634], [-73.83868244264575, 40.81959271289774], [-73.83906490844771, 40.819801846283205], [-73.83900913478396, 40.82194814126847], [-73.83888582574069, 40.82214009956878], [-73.839073439635, 40.822250150422235], [-73.83905069903271, 40.822689274136195], [-73.83952679361036, 40.82303577256921], [-73.83944674882561, 40.823266217732524], [-73.83974098925799, 40.824112001101014], [-73.84013072391863, 40.82431565141463], [-73.84222405627615, 40.82834229355479], [-73.84233072831252, 40.82907253458029], [-73.84188598804202, 40.83071326705093], [-73.8391843765078, 40.833157819207536], [-73.83885062975088, 40.83368982836254], [-73.83923353355969, 40.8367424866209], [-73.83919263163499, 40.83871313464227], [-73.83958996929935, 40.83879602935059], [-73.83971822066349, 40.8395647275197]]]}, "properties": {"geo_id": "10465", "name": "10465", "borough": null, "area_km2": 8.7768}}, {"type": "Feature", "id": 76, "geometry": {"type": "Polygon", "coordinates": [[[-73.85301499166039, 40.88337690999278], [-73.86100186468575, 40.88595034590072], [-73.861638911797, 40.885693110458064], [-73.86538322678588, 40.88688324404782], [-73.86276950591184, 40.89161749781161], [-73.86135981666922, 40.89466241498663], [-73.86287795262706, 40.895152782244196], [-73.86154986426239, 40.897193242415256], [-73.8602369944687, 40.898838470664636], [-73.85936561731512, 40.90036894553885], [-73.8561921528205, 40.899190311786455], [-73.85704129423999, 40.89793430132174], [-73.85623894368463, 40.8976259003336], [-73.85538980298637, 40.89887641561757], [-73.85343093062032, 40.898116412516266], [-73.84954936049729, 40.90304635913311], [-73.84748233762595, 40.90209947639172], [-73.84693381831681, 40.90152236714378], [-73.84680352932877, 40.90154964115612], [-73.8465755515139, 40.90315223282138], [-73.84598226101058, 40.90316242160397], [-73.84605242343171, 40.90410668563866], [-73.84542981391624, 40.904276024009604], [-73.84561676516677, 40.90477580611138], [-73.84492968527378, 40.904665098085104], [-73.84489461149504, 40.90419296580337], [-73.84138565038599, 40.90417173033864], [-73.84081274984148, 40.90170621722049], [-73.83921937399357, 40.899425921873785], [-73.83920639225757, 40.898811094511224], [-73.83966440149663, 40.89788402810666], [-73.83965127027709, 40.89732958348771], [-73.83839319473202, 40.89406714207545], [-73.83804577790093, 40.89414350641764], [-73.83525532053096, 40.893393002826095], [-73.82267839596079, 40.88961963357768], [-73.82248905064915, 40.89009691862297], [-73.82326332867909, 40.88998831913466], [-73.82336894327229, 40.891075377905004], [-73.82285500504808, 40.891206335433054], [-73.8195733333515, 40.89031746251563], [-73.82529662989562, 40.88697774418456], [-73.83065462053418, 40.88485035950915], [-73.833419050199, 40.8842779970454], [-73.83434592623861, 40.883851159054615], [-73.83664299815773, 40.882119787269865], [-73.84127620600223, 40.88032024381328], [-73.84273927828535, 40.87942747644712], [-73.84326588163613, 40.88000457853569], [-73.8442557588377, 40.88041762263232], [-73.84448069717699, 40.88010503088407], [-73.84726971735151, 40.88128348413336], [-73.84754536024558, 40.880932527860914], [-73.85065252111437, 40.882193659636314], [-73.85323999576832, 40.88302038639961], [-73.85301499166039, 40.88337690999278]]]}, "properties": {"geo_id": "10466", "name": "10466", "borough": null, "area_km2": 5.2279}}, {"type": "Feature", "id": 77, "geometry": {"type": "Polygon", "coordinates": [[[-73.87991199321053, 40.86836161648768], [-73.88064714769148, 40.869712770357964], [-73.88175608342584, 40.87234882055475], [-73.88247239921533, 40.87212997664711], [-73.88262339975479, 40.87261868616964], [-73.88327980073647, 40.87357450592099], [-73.88342749986869, 40.87595156063252], [-73.88383824610251, 40.87679734044989], [-73.88527325230613, 40.8792195949591], [-73.88567162571302, 40.8788741590612], [-73.88595088889895, 40.880504782364156], [-73.88716243331024, 40.88257547019435], [-73.88723395032409, 40.88305311620084], [-73.88705093044119, 40.88434843084741], [-73.88758632273493, 40.88425563409375], [-73.89595956035494, 40.88582795817004], [-73.8948236138098, 40.886051993099784], [-73.8947578729825, 40.88645814703739], [-73.89497462402849, 40.88661204699929], [-73.89623379974591, 40.88622344015759], [-73.89441644253051, 40.88738553973773], [-73.89303391524976, 40.887993587453856], [-73.88945903341211, 40.88897281729204], [-73.88762042234004, 40.88975602234601], [-73.88722783982413, 40.89091938652937], [-73.88523944245811, 40.89461726259839], [-73.88460719566699, 40.89627991080295], [-73.88464063242088, 40.89785539232793], [-73.88530374094552, 40.89927779848571], [-73.88589600119913, 40.89984378982546], [-73.88666213706689, 40.900272714818044], [-73.88586915085985, 40.90284095476865], [-73.88646221663576, 40.90295681608386], [-73.88619960698644, 40.90421362081693], [-73.88657157679225, 40.90670615508922], [-73.8860551106424, 40.9083140276335], [-73.87811485425696, 40.905945495463605], [-73.87925578994992, 40.89921124838161], [-73.88003327156599, 40.897334695972155], [-73.88043945937804, 40.89674226577001], [-73.88001497736273, 40.895446334603214], [-73.88039499316845, 40.89331136427887], [-73.88033861433104, 40.892482410846576], [-73.87819106470556, 40.88805024004759], [-73.8780336442224, 40.88711687980796], [-73.87783175019129, 40.88677083553251], [-73.87760442262312, 40.88452543888573], [-73.87772935091198, 40.88345514216098], [-73.87812230713762, 40.882154574399536], [-73.8747023873103, 40.88155256963414], [-73.87479195934658, 40.88007602264047], [-73.87494407790751, 40.87994993172806], [-73.87083507255686, 40.88045591899329], [-73.87001411117535, 40.88234334521187], [-73.86920935084173, 40.883325035455854], [-73.86876637387803, 40.884224791146835], [-73.86700630879737, 40.88907538707073], [-73.86368263445424, 40.89432484032075], [-73.86355749336349, 40.89537865159538], [-73.86135981666922, 40.89466241498663], [-73.86276950591184, 40.89161749781161], [-73.86538322678588, 40.88688324404782], [-73.861638911797, 40.885693110458064], [-73.86100186468575, 40.88595034590072], [-73.85567478711489, 40.88424209964739], [-73.86130875946019, 40.874060705597465], [-73.86143375687276, 40.869603467926964], [-73.86244610366636, 40.86962114731243], [-73.86247693610548, 40.868698965463985], [-73.86169061991545, 40.86779227509233], [-73.86149540322353, 40.86778106214101], [-73.86156513414616, 40.86554696044102], [-73.86210747071401, 40.86553663103348], [-73.86215364360558, 40.86419178303889], [-73.86216936788408, 40.86358247824284], [-73.86164252497271, 40.8631042697094], [-73.86179055003858, 40.85798283232396], [-73.86802315100174, 40.85783093740907], [-73.86818898436076, 40.85806168207545], [-73.86841366942937, 40.85778197880493], [-73.86954888826585, 40.85772837390145], [-73.87088732308699, 40.85727425871247], [-73.87107517415807, 40.857340341669264], [-73.87039021832273, 40.86378962400768], [-73.87056318270182, 40.87151339992355], [-73.87031622468348, 40.87577837963534], [-73.86943654349099, 40.87812684582556], [-73.87094734227068, 40.87850731279193], [-73.8725520591926, 40.87517703764224], [-73.87519124039562, 40.871573392171875], [-73.87619123265365, 40.87047659073008], [-73.87694426213264, 40.86995590377341], [-73.87991199321053, 40.86836161648768]]]}, "properties": {"geo_id": "10467", "name": "10467", "borough": null, "area_km2": 6.0659}}, {"type": "Feature", "id": 78, "geometry": {"type": "Polygon", "coordinates": [[[-73.8999587931763, 40.8574238966997], [-73.90369482878263, 40.858711596272926], [-73.90390500171988, 40.85836593910603], [-73.90679562385696, 40.859372871207654], [-73.9072583862739, 40.85935128650485], [-73.90905022530126, 40.86026395360265], [-73.909483982416, 40.86030820991972], [-73.9098892131452, 40.86006150405946], [-73.91012773752665, 40.860116584117264], [-73.91101641385147, 40.860600340220024], [-73.91542206533785, 40.85872627858557], [-73.91508165418131, 40.85919262772527], [-73.91615946092566, 40.8587872002185], [-73.91721025437148, 40.85683922089142], [-73.91718971289163, 40.855916986180155], [-73.91743516524795, 40.856208100558085], [-73.91740519607036, 40.85705344737213], [-73.917528302332, 40.856894342722875], [-73.91902428672584, 40.85739493814637], [-73.9177574196074, 40.85870600932249], [-73.9172076508701, 40.85893068161174], [-73.91580305149056, 40.860472186936995], [-73.9148109106485, 40.86171206309091], [-73.91481790203066, 40.861898707834214], [-73.9134132774848, 40.86336882115006], [-73.91276296820776, 40.8630279886163], [-73.91225600903248, 40.86364790619378], [-73.91267489655144, 40.86402150301633], [-73.91041549011064, 40.86656685082179], [-73.90949407178512, 40.86883325150854], [-73.90893427639426, 40.87101758904643], [-73.9086517445654, 40.87138515491022], [-73.90893271266724, 40.87215938097731], [-73.90872289903817, 40.87223057727608], [-73.90846424721805, 40.87100623838109], [-73.90843093984246, 40.868936711229054], [-73.90636386489984, 40.87332107568323], [-73.90608193711354, 40.873243995139845], [-73.90788084208684, 40.86931504148921], [-73.90762805281553, 40.86909526370287], [-73.90807787709056, 40.868019701829745], [-73.9083103100245, 40.8672678397562], [-73.90839038085409, 40.86688364572404], [-73.90833215449437, 40.86715806922045], [-73.90742677785123, 40.868233267673745], [-73.9066088101274, 40.86883644182944], [-73.90482121550625, 40.869872476440406], [-73.90364951008719, 40.8700306964267], [-73.90312719001543, 40.87117205257477], [-73.90232065076869, 40.87378981160879], [-73.90274706718799, 40.87396583218135], [-73.90215167896004, 40.87558469820582], [-73.90169505993676, 40.876264994060115], [-73.90132653644837, 40.87605608288035], [-73.90021131760675, 40.87704870280313], [-73.89957555559099, 40.87660900047732], [-73.90038035373948, 40.87524833014481], [-73.90030196329201, 40.874474258804284], [-73.89986123528163, 40.874199407805065], [-73.89900078499396, 40.87411082773711], [-73.89851665747749, 40.87384691236393], [-73.89801200054855, 40.87282544106956], [-73.89779683146374, 40.87166698934592], [-73.8973271216933, 40.87144699674367], [-73.89140669895214, 40.87896752802997], [-73.88997260241797, 40.88023421734062], [-73.88800099255056, 40.88283428785847], [-73.88719829879764, 40.882751165436055], [-73.88595088889895, 40.880504782364156], [-73.88567162571302, 40.8788741590612], [-73.88527325230613, 40.8792195949591], [-73.88476841556927, 40.878395684289366], [-73.88738165874062, 40.87271125811917], [-73.8883379212331, 40.871707628805105], [-73.89098719686898, 40.870162153327215], [-73.89174755269248, 40.86950963133812], [-73.8971457965724, 40.86244422646997], [-73.8999587931763, 40.8574238966997]]]}, "properties": {"geo_id": "10468", "name": "10468", "borough": null, "area_km2": 2.7785}}, {"type": "Feature", "id": 79, "geometry": {"type": "Polygon", "coordinates": [[[-73.86179055003858, 40.85798283232396], [-73.86164252497271, 40.8631042697094], [-73.86216936788408, 40.86358247824284], [-73.86215364360558, 40.86419178303889], [-73.86210747071401, 40.86553663103348], [-73.86156513414616, 40.86554696044102], [-73.86149540322353, 40.86778106214101], [-73.86169061991545, 40.86779227509233], [-73.86247693610548, 40.868698965463985], [-73.86244610366636, 40.86962114731243], [-73.86143375687276, 40.869603467926964], [-73.86130875946019, 40.874060705597465], [-73.85567478711489, 40.88424209964739], [-73.85301499166039, 40.88337690999278], [-73.85323999576832, 40.88302038639961], [-73.85065252111437, 40.882193659636314], [-73.84754536024558, 40.880932527860914], [-73.84726971735151, 40.88128348413336], [-73.84448069717699, 40.88010503088407], [-73.8442557588377, 40.88041762263232], [-73.84326588163613, 40.88000457853569], [-73.84273927828535, 40.87942747644712], [-73.84127620600223, 40.88032024381328], [-73.83874254369924, 40.881266395538944], [-73.8363017359877, 40.87678361765003], [-73.83532180473004, 40.87531655570392], [-73.83446132829314, 40.87236203020651], [-73.83369232628664, 40.87045061424622], [-73.83316254806171, 40.86831996255217], [-73.82954827131007, 40.862166547926726], [-73.82834406862914, 40.86089122009585], [-73.83111461764227, 40.857524811269954], [-73.83193371321252, 40.85669161682486], [-73.83238282373271, 40.856351926644194], [-73.83275946592858, 40.85607800262357], [-73.83283187447662, 40.85603419226496], [-73.83537574949885, 40.85644955612631], [-73.83499226741952, 40.856569775350394], [-73.83667662518707, 40.85665451325811], [-73.836914349775, 40.857006171861585], [-73.83681970088928, 40.85727501916486], [-73.83723883635909, 40.85735795238187], [-73.8464613357379, 40.85863864786837], [-73.84930982017347, 40.858719255137544], [-73.85663524453669, 40.858113776636465], [-73.86179055003858, 40.85798283232396]], [[-73.83268702966677, 40.85613279172111], [-73.83230258953061, 40.85663177006297], [-73.83246101074421, 40.85688451317], [-73.83296729708262, 40.856808395510235], [-73.83330770757439, 40.85656735373131], [-73.83322160985719, 40.856303737524954], [-73.83268702966677, 40.85613279172111]]]}, "properties": {"geo_id": "10469", "name": "10469", "borough": null, "area_km2": 6.1055}}, {"type": "Feature", "id": 80, "geometry": {"type": "Polygon", "coordinates": [[[-73.84492968527378, 40.904665098085104], [-73.84561676516677, 40.90477580611138], [-73.84542981391624, 40.904276024009604], [-73.84605242343171, 40.90410668563866], [-73.84598226101058, 40.90316242160397], [-73.8465755515139, 40.90315223282138], [-73.84680352932877, 40.90154964115612], [-73.84693381831681, 40.90152236714378], [-73.84748233762595, 40.90209947639172], [-73.84954936049729, 40.90304635913311], [-73.85343093062032, 40.898116412516266], [-73.85538980298637, 40.89887641561757], [-73.85623894368463, 40.8976259003336], [-73.85704129423999, 40.89793430132174], [-73.8561921528205, 40.899190311786455], [-73.85936561731512, 40.90036894553885], [-73.8602369944687, 40.898838470664636], [-73.86154986426239, 40.897193242415256], [-73.86287795262706, 40.895152782244196], [-73.86355749336349, 40.89537865159538], [-73.86368263445424, 40.89432484032075], [-73.86700630879737, 40.88907538707073], [-73.86876637387803, 40.884224791146835], [-73.86920935084173, 40.883325035455854], [-73.87001411117535, 40.88234334521187], [-73.87083507255686, 40.88045591899329], [-73.87494407790751, 40.87994993172806], [-73.87479195934658, 40.88007602264047], [-73.8747023873103, 40.88155256963414], [-73.87812230713762, 40.882154574399536], [-73.87772935091198, 40.88345514216098], [-73.87760442262312, 40.88452543888573], [-73.87783175019129, 40.88677083553251], [-73.8780336442224, 40.88711687980796], [-73.87819106470556, 40.88805024004759], [-73.88033861433104, 40.892482410846576], [-73.88039499316845, 40.89331136427887], [-73.88001497736273, 40.895446334603214], [-73.88043945937804, 40.89674226577001], [-73.88003327156599, 40.897334695972155], [-73.87925578994992, 40.89921124838161], [-73.87811485425696, 40.905945495463605], [-73.85946658887741, 40.900517281350496], [-73.85907488164733, 40.90100535732814], [-73.85942132328415, 40.90139552456112], [-73.8593775547424, 40.9015656415404], [-73.85903054197897, 40.9014444523367], [-73.85886357142375, 40.90171322716898], [-73.85946359429437, 40.90193353367402], [-73.85957828425127, 40.90243869464274], [-73.8592666969141, 40.90266886848385], [-73.85872488535678, 40.90228944070986], [-73.858160532103, 40.90230521683362], [-73.85816714609437, 40.902596161202155], [-73.85797126470526, 40.902848431084486], [-73.85755872199043, 40.90291928455432], [-73.85710858755556, 40.90364881350364], [-73.85717277057753, 40.90408255249639], [-73.85699081964158, 40.90458185913581], [-73.85743160711267, 40.90484040423493], [-73.85717742221759, 40.90528472827581], [-73.85665698699289, 40.90505353017501], [-73.85601251174008, 40.90530523881687], [-73.8560121311697, 40.905480897869374], [-73.85650394662947, 40.905563850572506], [-73.8569227021277, 40.905976072244606], [-73.85680654784665, 40.906157077107025], [-73.855807842628, 40.906265621360326], [-73.85552541610886, 40.9063805448465], [-73.85514088072266, 40.90686861598507], [-73.85423610133839, 40.90703215803633], [-73.85374242951312, 40.907789065187686], [-73.85383607982465, 40.907975821945605], [-73.85471151122282, 40.9080043736354], [-73.85491333738202, 40.9083559462974], [-73.85458646636482, 40.9089374069335], [-73.8536009534517, 40.90960586305734], [-73.85335397252265, 40.910044698108784], [-73.85295532932437, 40.91035159503168], [-73.8525863926115, 40.91031269911529], [-73.85265940703006, 40.9100163671091], [-73.85227626943347, 40.90985668624572], [-73.8514938847422, 40.91027287366245], [-73.85145007778999, 40.91044847668688], [-73.85107399180121, 40.91037114125201], [-73.85347528685693, 40.90753072665046], [-73.85092322865478, 40.90661622617107], [-73.85017597381136, 40.90751002445204], [-73.84708232364986, 40.9061555861385], [-73.84481913359225, 40.90553226870116], [-73.84492968527378, 40.904665098085104]]]}, "properties": {"geo_id": "10470", "name": "10470", "borough": null, "area_km2": 3.7338}}, {"type": "Feature", "id": 81, "geometry": {"type": "Polygon", "coordinates": [[[-73.93453069560579, 40.771176620060494], [-73.93443654663524, 40.77146201947177], [-73.93482634848408, 40.77157751968734], [-73.93480453067244, 40.77173670224773], [-73.93746821120324, 40.772534153071796], [-73.9378138490276, 40.773560872543214], [-73.93765356114578, 40.77508686055813], [-73.93609180509706, 40.77718298465978], [-73.93585347699812, 40.777210299609315], [-73.93508008446813, 40.77794545607134], [-73.9347405521363, 40.778077011665886], [-73.9327764976182, 40.77792217735825], [-73.93271861040193, 40.77803742253407], [-73.93178722433404, 40.77787219073076], [-73.93105109133062, 40.777443573600785], [-73.93107294271329, 40.777262434002154], [-73.93062592165042, 40.776592449763385], [-73.92988252553528, 40.77622420493411], [-73.9286039862432, 40.77659121472992], [-73.92632025956233, 40.77824210912154], [-73.92423230111173, 40.77910260261813], [-73.9229597727613, 40.78044119038188], [-73.92209991893539, 40.78085232277812], [-73.9199673851006, 40.78263493980911], [-73.91796862948512, 40.781255676975256], [-73.92199498953998, 40.77795380971087], [-73.92086218435587, 40.7771570633989], [-73.92151995938642, 40.77661405515959], [-73.91431252245808, 40.771525663874776], [-73.91597495445947, 40.770192944282726], [-73.9145095447062, 40.769917392208164], [-73.91487113673858, 40.769473011884116], [-73.91633657958694, 40.76971562251621], [-73.9175225963917, 40.76821235939039], [-73.9184906995612, 40.76773546329097], [-73.92188187144848, 40.76357678284266], [-73.92643517998663, 40.765731658626535], [-73.92596474977061, 40.76674691188482], [-73.92781938325255, 40.767615427111345], [-73.92855681190493, 40.76671561145938], [-73.93522548140905, 40.76952467912083], [-73.93447368150039, 40.7704135499096], [-73.93424923811213, 40.77102824383384], [-73.93453069560579, 40.771176620060494]]]}, "properties": {"geo_id": "11102", "name": "11102", "borough": null, "area_km2": 2.0443}}, {"type": "Feature", "id": 82, "geometry": {"type": "Polygon", "coordinates": [[[-73.95967499996725, 40.74381756680188], [-73.95937155080902, 40.7443224942116], [-73.95881567239593, 40.744508939792425], [-73.95845440632097, 40.745118144547995], [-73.9592771066435, 40.74532703935772], [-73.9593275006163, 40.74554114764604], [-73.95906030920503, 40.74575514345778], [-73.95839628693298, 40.745721968521025], [-73.9583817071968, 40.745952522221735], [-73.95899515928348, 40.746062532235115], [-73.95866999323431, 40.74664430288822], [-73.95679190126644, 40.74883941277214], [-73.95485074734776, 40.74804269112481], [-73.95621049334443, 40.74387119669816], [-73.9584549061096, 40.74431667771208], [-73.95936468132072, 40.74375158372429], [-73.95967499996725, 40.74381756680188]]]}, "properties": {"geo_id": "11109", "name": "11109", "borough": null, "area_km2": 0.1266}}, {"type": "Feature", "id": 83, "geometry": {"type": "Polygon", "coordinates": [[[-73.92058654540273, 40.88718144741709], [-73.91781451491268, 40.89441449703209], [-73.91790101099627, 40.8946670694386], [-73.91763301199582, 40.89494134683898], [-73.9169436505585, 40.896642556138744], [-73.91518666081853, 40.90158170440067], [-73.9154323498723, 40.90181243771775], [-73.91501110989708, 40.903080170196475], [-73.91459015013714, 40.904117348073505], [-73.91418495884297, 40.90413900504094], [-73.91287095936043, 40.90753593167372], [-73.91311657626868, 40.90783254182795], [-73.9126459613101, 40.90806822890785], [-73.91148997064134, 40.912233765649766], [-73.91143130032147, 40.912821080909], [-73.91165482086153, 40.91341959101214], [-73.9111108530203, 40.914363341176305], [-73.9107124654967, 40.91465945850207], [-73.91033500537922, 40.915531971946145], [-73.90245845185758, 40.91295657290158], [-73.90060654959875, 40.91260916472612], [-73.8860551106424, 40.9083140276335], [-73.88657157679225, 40.90670615508922], [-73.88619960698644, 40.90421362081693], [-73.88646221663576, 40.90295681608386], [-73.88586915085985, 40.90284095476865], [-73.88666213706689, 40.900272714818044], [-73.8856214837323, 40.89961296491258], [-73.88499341631514, 40.898838340628195], [-73.88464063242088, 40.89785539232793], [-73.8845484544503, 40.89677938444904], [-73.88486909098954, 40.89543480970426], [-73.88722783982413, 40.89091938652937], [-73.88762042234004, 40.88975602234601], [-73.88922743648938, 40.88904944650571], [-73.89303391524976, 40.887993587453856], [-73.89441644253051, 40.88738553973773], [-73.89623379974591, 40.88622344015759], [-73.89497462402849, 40.88661204699929], [-73.8947578729825, 40.88645814703739], [-73.8948236138098, 40.886051993099784], [-73.89595956035494, 40.88582795817004], [-73.89978479862059, 40.88652849359028], [-73.90236596446486, 40.88725530333739], [-73.90291248216676, 40.88945151383577], [-73.90435871520528, 40.88977110480666], [-73.90443049768116, 40.89015542030337], [-73.90498039520931, 40.89005157621261], [-73.90545041791653, 40.890161749605795], [-73.90626422709786, 40.88757142926637], [-73.90738503689626, 40.88781935585918], [-73.9079622627653, 40.88885730915063], [-73.90900299195606, 40.88950039088331], [-73.91290150409716, 40.88975042012936], [-73.91269789225257, 40.89056818263436], [-73.91454253930138, 40.8905036905823], [-73.91634271752099, 40.89128449986758], [-73.91688117916081, 40.888748799366894], [-73.91668819629328, 40.88689874139407], [-73.91397642913013, 40.88637526161241], [-73.9158661982734, 40.88485609748941], [-73.91875850890233, 40.88557178842254], [-73.91863504343235, 40.88598340460793], [-73.91869904018424, 40.886883707158105], [-73.92058654540273, 40.88718144741709]]]}, "properties": {"geo_id": "10471", "name": "10471", "borough": null, "area_km2": 6.6241}}, {"type": "Feature", "id": 84, "geometry": {"type": "Polygon", "coordinates": [[[-73.88438746562488, 40.82296870869012], [-73.88464612529188, 40.823825320032135], [-73.88461470707708, 40.825274499903934], [-73.8843880062211, 40.826816804195765], [-73.88352375946947, 40.82925873249227], [-73.88389861049795, 40.82980256427606], [-73.88005225320221, 40.83470068890195], [-73.87925049880864, 40.834425380877605], [-73.8779474393942, 40.83557678906744], [-73.87673203376042, 40.83620678056091], [-73.8690287501266, 40.83548466458646], [-73.862845627833, 40.83368792338168], [-73.86272434790236, 40.832919258791655], [-73.8612920483877, 40.833537850735624], [-73.86074986912728, 40.8335975811195], [-73.86008596620051, 40.833113707692725], [-73.84728060266129, 40.82931524157661], [-73.84724517384689, 40.82900778623078], [-73.84619853277815, 40.828462940886986], [-73.84543243902218, 40.82848387437045], [-73.84700178255167, 40.82799740721793], [-73.88438746562488, 40.82296870869012]]]}, "properties": {"geo_id": "10472", "name": "10472", "borough": null, "area_km2": 2.7356}}, {"type": "Feature", "id": 85, "geometry": {"type": "Polygon", "coordinates": [[[-73.8765235509741, 40.81613169029317], [-73.87860297822165, 40.81696280455227], [-73.88247090304384, 40.81978838554648], [-73.88368034134737, 40.8223696487526], [-73.88393284528767, 40.82260594905281], [-73.88423630695266, 40.822628211858344], [-73.88438746562488, 40.82296870869012], [-73.84700178255167, 40.82799740721793], [-73.84531693750651, 40.82842882513408], [-73.84497035736621, 40.82829661324786], [-73.84289561772364, 40.82856827731779], [-73.84175323627227, 40.825756122830455], [-73.84045101376293, 40.82334446382094], [-73.84046609799684, 40.82308099145938], [-73.83982659692249, 40.82157050805838], [-73.84010418170833, 40.82032478942674], [-73.83999672981312, 40.81993488976664], [-73.84028606849334, 40.819809033655886], [-73.8403661062132, 40.81957858777841], [-73.8419866133637, 40.8187738713472], [-73.84209669312823, 40.818060394105444], [-73.84306125675377, 40.81655760242256], [-73.84317082976146, 40.816052722273156], [-73.8437433561492, 40.81532340290994], [-73.84521087780253, 40.81188898642534], [-73.84576791662649, 40.81158232363182], [-73.84617460924837, 40.810677107296854], [-73.84719354523054, 40.81057965214985], [-73.84821518375088, 40.812463883738936], [-73.84938389534912, 40.81323942897708], [-73.85040909159697, 40.813586599042964], [-73.85060339577667, 40.813932686313265], [-73.85159243370494, 40.81430175673426], [-73.85243779165594, 40.81430284176188], [-73.85225673309168, 40.81449474060685], [-73.85279875220569, 40.81444053939463], [-73.8530151958907, 40.81458354119679], [-73.85284232247098, 40.8143417849325], [-73.85265447718828, 40.814336055576554], [-73.85261897074012, 40.814056048289714], [-73.85298063366837, 40.813875358202345], [-73.85291601903295, 40.813688634509354], [-73.85337141319296, 40.81359589391904], [-73.85434622722535, 40.813866112548716], [-73.85514714102557, 40.81436666141598], [-73.85537851727993, 40.81429009959057], [-73.85443325422196, 40.81371800732634], [-73.85346560676234, 40.81347524578068], [-73.852554648824, 40.813737577985265], [-73.85119671245495, 40.81355468155732], [-73.84965233017145, 40.812751218240145], [-73.84908276614487, 40.8122125078998], [-73.84908362503305, 40.811833736874654], [-73.84938109288207, 40.81128518069033], [-73.84917239027556, 40.81092260400004], [-73.84979573988186, 40.810034126459286], [-73.85004322654135, 40.80921652006373], [-73.8499651899484, 40.808579641855594], [-73.84938880713675, 40.80787624009542], [-73.84841463854394, 40.807369933408765], [-73.848278548737, 40.80685374553361], [-73.8483808167682, 40.80635982901134], [-73.84753655312375, 40.80592504846174], [-73.84748707682145, 40.805447400238634], [-73.8478998791178, 40.805003299557214], [-73.84864467812838, 40.804696870193794], [-73.84874536839821, 40.804894622833324], [-73.84894794665756, 40.80476314146229], [-73.84921465928447, 40.805021495142334], [-73.8498213372802, 40.805093650020254], [-73.84998034571282, 40.80506092030938], [-73.85014769053377, 40.80453415001967], [-73.85064628496407, 40.80447990248618], [-73.85204752651879, 40.80459698800051], [-73.85560935702262, 40.80446975732458], [-73.85624467298656, 40.80466268232851], [-73.85662720276514, 40.80482784242534], [-73.85657640825013, 40.804932078924104], [-73.85568837112834, 40.80467845564346], [-73.85560807094451, 40.80506261708864], [-73.85612774443373, 40.80528284509224], [-73.85724746435001, 40.805306194906095], [-73.85667740612172, 40.80499807801681], [-73.85683652902333, 40.80491044442655], [-73.85812849036179, 40.80546647674892], [-73.85890777476237, 40.805912079083065], [-73.85850340832795, 40.805818262724706], [-73.85831518931941, 40.805999183596285], [-73.85860990802313, 40.80669670628171], [-73.85893505512308, 40.80667514678111], [-73.85908718704786, 40.80647771244665], [-73.8588787143341, 40.8059888958939], [-73.8591959948244, 40.80626924608825], [-73.85936852240398, 40.80667567637225], [-73.85940283577072, 40.80753207316289], [-73.85925832160189, 40.807542875737006], [-73.85915858343638, 40.80687852991821], [-73.8586674122732, 40.80683401317131], [-73.85838984577113, 40.80826093070751], [-73.85877791402923, 40.8092330399733], [-73.85894910888643, 40.81027075606096], [-73.85907978372798, 40.809974485447846], [-73.86012815453293, 40.809607968822306], [-73.85954418744785, 40.80901988741024], [-73.85932749258103, 40.80899766539318], [-73.8594015022518, 40.80816335875483], [-73.85989061526448, 40.80919048198592], [-73.86077104451644, 40.80966364152826], [-73.86440386733815, 40.81027730062661], [-73.8676544480167, 40.81058299772157], [-73.8697730097366, 40.81342345555122], [-73.87077524317104, 40.81448953604925], [-73.87171369682208, 40.81492425034241], [-73.8765235509741, 40.81613169029317]]]}, "properties": {"geo_id": "10473", "name": "10473", "borough": null, "area_km2": 5.5954}}, {"type": "Feature", "id": 86, "geometry": {"type": "Polygon", "coordinates": [[[-73.90221939847103, 40.8049468921915], [-73.90298595485346, 40.809366547870034], [-73.89736611839454, 40.813385446973015], [-73.89643278786173, 40.81420802919242], [-73.89506496886207, 40.815628558575554], [-73.89542590399634, 40.81584297481317], [-73.8901140732158, 40.82089381075781], [-73.89023672510427, 40.821009205807876], [-73.88738706513769, 40.82254899035405], [-73.88438746562488, 40.82296870869012], [-73.88423630695266, 40.822628211858344], [-73.88443164288095, 40.822496661268865], [-73.88428780664759, 40.822101277425794], [-73.8838552830437, 40.82150249369775], [-73.88296994257118, 40.81953088938269], [-73.88236416446799, 40.81885507161277], [-73.87958607344659, 40.816733278773974], [-73.87939875630786, 40.81643116355549], [-73.87855416230717, 40.81599661089888], [-73.87250324777366, 40.81388762065417], [-73.87165911216779, 40.81325539760421], [-73.87096042060408, 40.81214574911034], [-73.87057038533698, 40.81208492796965], [-73.87055034379571, 40.81124501967905], [-73.86810998348045, 40.80675188190336], [-73.86846559859669, 40.80593435947266], [-73.87169563817227, 40.80180443896348], [-73.87160183300034, 40.80174943993509], [-73.87174670277241, 40.801546491247976], [-73.87355400204535, 40.800851326627004], [-73.8746806809761, 40.800978814552174], [-73.87473072098778, 40.80125883132701], [-73.87526503011821, 40.801396647184674], [-73.87796618913546, 40.80171243748251], [-73.87823176698981, 40.802645926065544], [-73.87892504323669, 40.802772913804695], [-73.88005202216883, 40.80275762359097], [-73.88369398000532, 40.80216300483443], [-73.883990612343, 40.8019052992611], [-73.88505214287684, 40.80213143039654], [-73.88591065622347, 40.80279650749613], [-73.88616284974276, 40.803175529274355], [-73.88727405628234, 40.80394514498739], [-73.88738214007941, 40.804109934274166], [-73.88724475048156, 40.80418665234154], [-73.88795857755512, 40.8049997875755], [-73.8885946630057, 40.804791804779846], [-73.88906385524172, 40.80502281431439], [-73.88936668188822, 40.80537991982237], [-73.88925027990192, 40.80586836940288], [-73.88981376264256, 40.80587988826113], [-73.89005968143627, 40.80570446054678], [-73.89149696976139, 40.80592540040018], [-73.89171294196245, 40.80639220694816], [-73.89485585433899, 40.80621396436476], [-73.89497141889277, 40.80623053806523], [-73.89510046337304, 40.806861942549205], [-73.89528833437369, 40.80684015553723], [-73.89546209254651, 40.8066042667981], [-73.8962208567833, 40.80647869494546], [-73.89622850058191, 40.80620971866936], [-73.89726185366524, 40.806040471187835], [-73.89738438055565, 40.80622722169461], [-73.89829485758975, 40.80609628168189], [-73.89812215265438, 40.80565148353898], [-73.89852705089307, 40.8054322625397], [-73.90096970562385, 40.804874462541314], [-73.90204625829733, 40.80478206161253], [-73.90221939847103, 40.8049468921915]]]}, "properties": {"geo_id": "10474", "name": "10474", "borough": null, "area_km2": 3.9813}}, {"type": "Feature", "id": 87, "geometry": {"type": "MultiPolygon", "coordinates": [[[[-73.90427431592431, 40.76754337582466], [-73.90275812695066, 40.76750367973994], [-73.90202179471444, 40.76741522416336], [-73.90356928629025, 40.76578066310831], [-73.90427431592431, 40.76754337582466]]], [[[-73.91607424811846, 40.75442720701158], [-73.92282737035106, 40.75759936649255], [-73.92110641314044, 40.759964171192486], [-73.91900281907286, 40.762224380795054], [-73.92188187144848, 40.76357678284266], [-73.9184906995612, 40.76773546329097], [-73.9175225963917, 40.76821235939039], [-73.91633657958694, 40.76971562251621], [-73.91487113673858, 40.769473011884116], [-73.9145095447062, 40.769917392208164], [-73.91597495445947, 40.770192944282726], [-73.91431252245808, 40.771525663874776], [-73.91167225563886, 40.76964626742994], [-73.91024290380236, 40.769425583508465], [-73.91094405525773, 40.76884973188875], [-73.90577543718148, 40.76802768785725], [-73.90446198638648, 40.7675819579883], [-73.90527042448785, 40.76774182056773], [-73.90437624228491, 40.76695608559171], [-73.90370672865349, 40.76559962502193], [-73.90344767594326, 40.76500105419346], [-73.90373036443346, 40.764232762576654], [-73.90450959729657, 40.76459022773464], [-73.90518946301002, 40.7637508976794], [-73.90469963957992, 40.76296549676435], [-73.90551013271853, 40.76163770808728], [-73.90651299098744, 40.76211062231237], [-73.90779306869274, 40.760519702038536], [-73.90740347766283, 40.760332746891756], [-73.90922587217396, 40.758061547998075], [-73.9096443393122, 40.75824303021119], [-73.90988297419985, 40.757946784577356], [-73.91068380210115, 40.75832069370214], [-73.91261441508213, 40.75597267161614], [-73.91176310848562, 40.755571289648046], [-73.91195825144337, 40.755395775158085], [-73.91149735783324, 40.75455552936331], [-73.91256738417611, 40.75330474164207], [-73.91446542274429, 40.75367396284877], [-73.91526619706696, 40.754069798307704], [-73.91547589621284, 40.753789988134585], [-73.91650805005563, 40.753889551783715], [-73.91607424811846, 40.75442720701158]]]]}, "properties": {"geo_id": "11103", "name": "11103", "borough": null, "area_km2": 1.8419}}, {"type": "Feature", "id": 88, "geometry": {"type": "Polygon", "coordinates": [[[-73.82834406862914, 40.86089122009585], [-73.82954827131007, 40.862166547926726], [-73.83316254806171, 40.86831996255217], [-73.83369232628664, 40.87045061424622], [-73.83446132829314, 40.87236203020651], [-73.83532180473004, 40.87531655570392], [-73.8363017359877, 40.87678361765003], [-73.83874254369924, 40.881266395538944], [-73.83664299815773, 40.882119787269865], [-73.83434592623861, 40.883851159054615], [-73.833419050199, 40.8842779970454], [-73.83065462053418, 40.88485035950915], [-73.82529662989562, 40.88697774418456], [-73.8195733333515, 40.89031746251563], [-73.81517164966161, 40.88903696194354], [-73.8152866178502, 40.886709647544535], [-73.82027341667347, 40.88554828138566], [-73.82005126153824, 40.882111579248736], [-73.82329376083999, 40.873097517450795], [-73.82126523222884, 40.869076153238375], [-73.8157859004566, 40.86575742575703], [-73.81699703540512, 40.864458363835176], [-73.81684561348855, 40.86430442019926], [-73.81895474126853, 40.86247428687647], [-73.81886860309302, 40.86224359654603], [-73.81937595960277, 40.86179426042549], [-73.81951421685362, 40.86147060166811], [-73.82025994219386, 40.86110397538394], [-73.82046452625713, 40.86031381894691], [-73.81999574696049, 40.85987393573123], [-73.82052389430103, 40.85974850207129], [-73.82100043835493, 40.85999077643383], [-73.82093702152923, 40.85937586406524], [-73.82111070811527, 40.859315749978094], [-73.82144310421216, 40.859387627215966], [-73.82144205781499, 40.85977737373691], [-73.82169427653994, 40.86009066017089], [-73.82165677100396, 40.860595627891854], [-73.82277874114524, 40.860119778074086], [-73.82197612410168, 40.86014050008747], [-73.82192601204248, 40.85995378281789], [-73.82241084832869, 40.8598008266212], [-73.82168788520616, 40.8597777539203], [-73.82161618670379, 40.85955257726606], [-73.82199256813219, 40.85939945508537], [-73.82196397071489, 40.85927864392718], [-73.82054743643191, 40.85906236235111], [-73.82026519396373, 40.859160732409606], [-73.8202429693847, 40.85935831657759], [-73.81908617182722, 40.85934552964936], [-73.81857238051833, 40.859509405187985], [-73.81844136796967, 40.859827584920055], [-73.81864143408454, 40.860700715784226], [-73.8182934489729, 40.861040511668534], [-73.81782341581115, 40.861061728107344], [-73.81718773295201, 40.860846635672075], [-73.81675280883276, 40.861246672634486], [-73.8154955305465, 40.860953730235366], [-73.81526370208375, 40.86111804157475], [-73.8147936979821, 40.861128266900096], [-73.81485216746147, 40.86090329493501], [-73.81381921258546, 40.860550310467914], [-73.81273213628255, 40.85887977009557], [-73.8123044067708, 40.85416366791457], [-73.81641106555327, 40.854082445485965], [-73.81714614450733, 40.85230504175906], [-73.81719099948488, 40.85176714985775], [-73.81691654120894, 40.85167339449495], [-73.8171273087797, 40.85126751180565], [-73.8168606713928, 40.850959681346104], [-73.81571161482488, 40.85081512655042], [-73.81603752282757, 40.8506015593597], [-73.81596582296892, 40.85038735762359], [-73.81619718757099, 40.8503767476484], [-73.81628443824054, 40.85019573577021], [-73.81565061379582, 40.84934935385866], [-73.81520995999794, 40.84923337098148], [-73.81514532551724, 40.84907956363074], [-73.81630338396029, 40.84857089735259], [-73.82014348156166, 40.84802251692377], [-73.8204819528383, 40.84850062381757], [-73.82549142898033, 40.84583496235966], [-73.82678589159858, 40.848411452190184], [-73.82695021598838, 40.84915825995104], [-73.8268593949555, 40.85072260809609], [-73.82604317426919, 40.8532245544079], [-73.82636111488922, 40.85328541696196], [-73.82624136997603, 40.85484423057205], [-73.82664612211296, 40.857660908336335], [-73.82741376231772, 40.85996212217163], [-73.82799714010741, 40.86084129875113], [-73.82834406862914, 40.86089122009585]]]}, "properties": {"geo_id": "10475", "name": "10475", "borough": null, "area_km2": 4.9355}}, {"type": "Feature", "id": 89, "geometry": {"type": "Polygon", "coordinates": [[[-73.98999099359916, 40.68331867179644], [-73.99457710836005, 40.68509759143928], [-73.99441121873713, 40.685454403787446], [-74.00139183471437, 40.68774915961809], [-74.00235811502961, 40.68573448201673], [-74.00451435171526, 40.68632179865845], [-74.00485324111894, 40.68566852932374], [-74.00716815944952, 40.686354601201145], [-74.00752869923892, 40.68607461152414], [-74.00771621781234, 40.686266733081816], [-74.007016737369, 40.686524786337976], [-74.00588451121787, 40.686195477279476], [-74.00563216145258, 40.68678287090421], [-74.00459380785782, 40.6882156873286], [-74.0038222044321, 40.68892935582148], [-74.00297850171866, 40.69042802512678], [-74.00196161969149, 40.690137101363625], [-74.0018534491543, 40.690389621970546], [-74.00095917417663, 40.690126135005876], [-74.00069955315197, 40.69060921634061], [-74.00132700446561, 40.691465578884184], [-74.00196888194078, 40.691844347847415], [-74.00174532392316, 40.69240428434622], [-74.00095923087925, 40.69406762340895], [-73.99941578669971, 40.69635676243811], [-73.99947348404758, 40.69670260342706], [-73.99887483891655, 40.696922180527075], [-73.99800206155894, 40.69879958936718], [-73.99749713583708, 40.69963947807493], [-73.99715812462914, 40.699793177123574], [-73.99724466491557, 40.700139019786654], [-73.99504450221865, 40.70313074075978], [-73.99466217617784, 40.70343264783348], [-73.99499397035807, 40.70365224394825], [-73.99471262426019, 40.70399807175556], [-73.99477752493719, 40.704245103557106], [-73.9935079361049, 40.70462381648972], [-73.9921301681083, 40.704689604889026], [-73.99212298907545, 40.704398659336675], [-73.99186334558982, 40.70408573808414], [-73.99094725809488, 40.704030774382964], [-73.99022579128018, 40.70493648774951], [-73.98829987268043, 40.704541061985445], [-73.98829256673389, 40.70506805605534], [-73.98795352257066, 40.70513389542093], [-73.98692199248663, 40.70516123048916], [-73.98653250211541, 40.70498003111637], [-73.9864314390546, 40.70534781769458], [-73.98343777015286, 40.70564386043514], [-73.98336568021104, 40.705462695588984], [-73.9827380777201, 40.705572393758864], [-73.98092754562639, 40.70536899543543], [-73.98090575107886, 40.70590696564324], [-73.97955686904696, 40.70574204812474], [-73.9790518515615, 40.70596702800047], [-73.97932634438654, 40.70474840218741], [-73.98027180733548, 40.70304132427389], [-73.98002682714761, 40.70214099894606], [-73.98090690986146, 40.7018611821999], [-73.98064732572018, 40.70155921460994], [-73.98074117654124, 40.701279264230536], [-73.98040233461127, 40.70069731663371], [-73.98054730859292, 40.698249009437916], [-73.98041076381342, 40.696558209617834], [-73.97948758342976, 40.696481195290964], [-73.97953816543907, 40.69617379031378], [-73.98036038767118, 40.69617942309416], [-73.98013724203399, 40.69469721008202], [-73.9791639548822, 40.693489339862694], [-73.9738558557833, 40.693285143543086], [-73.9731289015425, 40.689623453678806], [-73.98042714372157, 40.68989940339551], [-73.98025443414907, 40.68863677963271], [-73.98210042982159, 40.689356211366096], [-73.98271366218219, 40.68845602047832], [-73.98357176799576, 40.688785518618815], [-73.98440139753025, 40.687566955973146], [-73.98656469601238, 40.68840712865808], [-73.98999099359916, 40.68331867179644]]]}, "properties": {"geo_id": "11201", "name": "11201", "borough": null, "area_km2": 3.6311}}, {"type": "Feature", "id": 90, "geometry": {"type": "Polygon", "coordinates": [[[-73.94650666981916, 40.640103841371456], [-73.94661399765212, 40.64106456644958], [-73.94613113785043, 40.64109178913108], [-73.94628822341043, 40.64290342128092], [-73.94586980996822, 40.643424734341195], [-73.94607007370209, 40.645313240612204], [-73.94705748372755, 40.645247824579755], [-73.94746529513598, 40.64904130345539], [-73.94647783377243, 40.6491012333959], [-73.94767269081837, 40.66029500387035], [-73.94261197318195, 40.660610984885], [-73.94282631755141, 40.662845342360946], [-73.9316085563211, 40.66355835217092], [-73.93155891593338, 40.66275684701226], [-73.93107588729895, 40.66278949596623], [-73.92725173287697, 40.65933969695834], [-73.92720214797514, 40.65853818952677], [-73.92640916744288, 40.658587090987915], [-73.9240760311223, 40.65648307195735], [-73.92401198899186, 40.65575291765183], [-73.92330553669987, 40.65580185484405], [-73.92090060133062, 40.653626358344866], [-73.92077213060679, 40.65255580453132], [-73.92178129588386, 40.652490620470275], [-73.92133438211019, 40.652517763498835], [-73.9211779969098, 40.65066767234726], [-73.92057972304971, 40.65070568774332], [-73.92018061754464, 40.64692858812109], [-73.92041874859208, 40.64668172249872], [-73.92069263937708, 40.64666544299023], [-73.92053606340282, 40.64500199501236], [-73.91998108832017, 40.64503454762299], [-73.91995265563186, 40.64470515356148], [-73.92174152440512, 40.64338339803731], [-73.92166310698921, 40.64265323153402], [-73.91973876570816, 40.64277816473181], [-73.92332381521406, 40.63989858505904], [-73.92511235898276, 40.63869205738044], [-73.9322359494429, 40.63496356465343], [-73.9334250005404, 40.63488191560491], [-73.93333218533041, 40.63401999826629], [-73.93426927614937, 40.6336746944205], [-73.93439784610008, 40.63482757899499], [-73.93535628368913, 40.63476773647893], [-73.93560629548776, 40.63704056116653], [-73.93751602426322, 40.63692084411205], [-73.93775884991669, 40.63925953452033], [-73.94250087500548, 40.63896556646808], [-73.94265102322206, 40.64034352434559], [-73.94361673907981, 40.64028361660579], [-73.94355969576296, 40.63956445454696], [-73.94443891859805, 40.63950998699159], [-73.94454642099801, 40.64022368338522], [-73.94650666981916, 40.640103841371456]]]}, "properties": {"geo_id": "11203", "name": "11203", "borough": null, "area_km2": 5.5621}}, {"type": "Feature", "id": 91, "geometry": {"type": "Polygon", "coordinates": [[[-73.97299575872614, 40.60881152030671], [-73.98842498953312, 40.607117826266105], [-73.98738038261125, 40.60812780099958], [-73.98809348329472, 40.60809493954023], [-73.99170910508883, 40.610280113943105], [-73.9916082008013, 40.610752211276775], [-73.99176666103517, 40.610845545747274], [-73.99239341443032, 40.61024173414214], [-73.99459748795991, 40.61157033935952], [-73.99397074202696, 40.61217416290154], [-74.0008212401794, 40.61631346663335], [-73.99961818872988, 40.61747177145812], [-73.99948851748255, 40.617405895932855], [-73.99927238967173, 40.61817992624144], [-73.99902745370099, 40.61803170564222], [-73.98143046377301, 40.634954585128355], [-73.97897372624583, 40.63347746631019], [-73.97877190514126, 40.63366956438395], [-73.97851293881018, 40.63230261179009], [-73.97955756227017, 40.632912145250245], [-73.98014138676959, 40.632352310767665], [-73.97831151599355, 40.631276023076516], [-73.97815332078324, 40.63028237958488], [-73.97716602560648, 40.630748801858324], [-73.97770669060603, 40.629974877486546], [-73.97960910552476, 40.62930001249601], [-73.9767924586456, 40.62754281318223], [-73.97657629489456, 40.62757570682225], [-73.97579958976657, 40.62359559998181], [-73.97683709893316, 40.62348053248103], [-73.9766210868059, 40.62311817634653], [-73.97626084336885, 40.62315652959777], [-73.97582930890793, 40.62110882535113], [-73.97695301188668, 40.62163056651222], [-73.97705390794408, 40.62153177420223], [-73.9753971716521, 40.62076837951373], [-73.97529625804266, 40.62091108704103], [-73.97299575872614, 40.60881152030671]]]}, "properties": {"geo_id": "11204", "name": "11204", "borough": null, "area_km2": 4.1176}}, {"type": "Feature", "id": 92, "geometry": {"type": "Polygon", "coordinates": [[[-73.97268988675083, 40.687416554891314], [-73.9738558557833, 40.693285143543086], [-73.9791639548822, 40.693489339862694], [-73.98013724203399, 40.69469721008202], [-73.98036038767118, 40.69617942309416], [-73.97953816543907, 40.69617379031378], [-73.97948758342976, 40.696481195290964], [-73.98041076381342, 40.696558209617834], [-73.98054730859292, 40.698249009437916], [-73.98040233461127, 40.70069731663371], [-73.98074117654124, 40.701279264230536], [-73.98064732572018, 40.70155921460994], [-73.98090690986146, 40.7018611821999], [-73.98002682714761, 40.70214099894606], [-73.98027180733548, 40.70304132427389], [-73.97932634438654, 40.70474840218741], [-73.97912412458483, 40.705527878831866], [-73.97842440601406, 40.705555197448106], [-73.97859050174584, 40.704978827907254], [-73.9780208660294, 40.7042925293536], [-73.97721299505781, 40.704215518838865], [-73.97750908729643, 40.70319452445504], [-73.97729269168359, 40.70318899243768], [-73.97589378790224, 40.701898668163246], [-73.97676691464828, 40.70092171104618], [-73.97581504313884, 40.70024630248038], [-73.97619026844228, 40.69981819715211], [-73.97554854524336, 40.699208724425695], [-73.9735933866629, 40.70043245832287], [-73.97264883473187, 40.69959233920575], [-73.97319714889295, 40.69925211713354], [-73.97332029192198, 40.697940147143534], [-73.96577598296834, 40.697636226641684], [-73.95336898944538, 40.69940498820827], [-73.95144296561328, 40.68977005384573], [-73.95153684664277, 40.68959442811842], [-73.95473920746598, 40.68910716303753], [-73.95480436972916, 40.68872841031269], [-73.95713391301688, 40.6884658036601], [-73.95721998093869, 40.68920143419119], [-73.96000390498246, 40.6888785525215], [-73.96029150013705, 40.690344359416095], [-73.96518864756435, 40.689780522358724], [-73.9648071900816, 40.68832567804921], [-73.9707643086401, 40.687635663460156], [-73.97114569498268, 40.68954611994698], [-73.97213369409326, 40.689579300672435], [-73.97172349350014, 40.68752611231816], [-73.97268988675083, 40.687416554891314]]]}, "properties": {"geo_id": "11205", "name": "11205", "borough": null, "area_km2": 2.4371}}, {"type": "Feature", "id": 93, "geometry": {"type": "Polygon", "coordinates": [[[-73.94564283336824, 40.69203464039159], [-73.9457864805421, 40.69276481683879], [-73.94862109754558, 40.692436744920826], [-73.9485564556187, 40.692090875086606], [-73.95183100668497, 40.6917025349802], [-73.95336898944538, 40.69940498820827], [-73.95701896546002, 40.6989727359369], [-73.95745776528166, 40.70082287171145], [-73.9538135689538, 40.70318196583222], [-73.95444073505621, 40.70374763746915], [-73.9525355422062, 40.70498201194016], [-73.9519011672768, 40.70441632699902], [-73.95023408540415, 40.70547509760142], [-73.95111732796634, 40.71095402468787], [-73.9472430672349, 40.71132560208654], [-73.94710658251178, 40.71058994299397], [-73.94699836741732, 40.71059538274648], [-73.94547608180903, 40.710742888994766], [-73.94559811608029, 40.71148403271141], [-73.94390987213237, 40.71164241874547], [-73.94378785634244, 40.71090127325478], [-73.94283552217878, 40.71098863669981], [-73.94210683695282, 40.71105963638108], [-73.94222883434136, 40.71180078363798], [-73.9406848534114, 40.71196468420955], [-73.94047599955579, 40.711563841044224], [-73.94031100801257, 40.71052074566404], [-73.93768447624981, 40.711183586490435], [-73.9383180786601, 40.712523371965226], [-73.93480390314558, 40.71337231176047], [-73.93229901926298, 40.707749590518084], [-73.93115613917882, 40.70377449276388], [-73.92758773316609, 40.70176313425759], [-73.92903192362876, 40.70028734919679], [-73.92779927312264, 40.699583922132746], [-73.92996453146759, 40.698251302998685], [-73.93025995982175, 40.69853144870102], [-73.9327923741612, 40.69779735755704], [-73.93297973234546, 40.6979676424186], [-73.93400477547281, 40.69711735667693], [-73.93522383122016, 40.69698630037199], [-73.93479853082198, 40.69673903108148], [-73.93413111004014, 40.69335160629569], [-73.93705236027391, 40.69301837931857], [-73.9371959103176, 40.69375405592992], [-73.94011716779372, 40.6934152616391], [-73.93996636919395, 40.692685074415], [-73.94564283336824, 40.69203464039159]]]}, "properties": {"geo_id": "11206", "name": "11206", "borough": null, "area_km2": 3.7131}}, {"type": "Feature", "id": 94, "geometry": {"type": "Polygon", "coordinates": [[[-73.90347629824663, 40.67550542018289], [-73.90267554388015, 40.6757902023534], [-73.90346853974677, 40.67588419280392], [-73.90335139308952, 40.67711375412525], [-73.90425984352697, 40.677158430052884], [-73.90435968738922, 40.67792705027526], [-73.90331424268977, 40.67787128100964], [-73.90349301983625, 40.67889797710313], [-73.91002798448747, 40.682658124084874], [-73.9116651706701, 40.68244530021716], [-73.91181562895247, 40.683181014960404], [-73.91151233376623, 40.68350466539544], [-73.91604489847106, 40.68607167950505], [-73.90885231810135, 40.69340572582303], [-73.90359175605798, 40.690404149512055], [-73.90207491906052, 40.69200032557649], [-73.90139759671706, 40.69158803160666], [-73.90188876322297, 40.69107792396957], [-73.90042184916807, 40.68818367464556], [-73.90116510181537, 40.687876900907], [-73.89646453555139, 40.6823338150381], [-73.89577767281418, 40.6834969792027], [-73.89417396554317, 40.68528510795172], [-73.89258314950781, 40.683494041447574], [-73.89015772889415, 40.68500137740822], [-73.88892772790683, 40.68312277128194], [-73.88819314651306, 40.68255663631985], [-73.88650441515186, 40.68335096764949], [-73.88508612508572, 40.67783256151948], [-73.88528811351865, 40.67777786755063], [-73.88453601089287, 40.67488961005061], [-73.88535096908504, 40.674769654829625], [-73.88502869750715, 40.67350124602504], [-73.88421375423444, 40.673621198981635], [-73.88278157674502, 40.6680258897461], [-73.88359645422965, 40.667905946854184], [-73.88320261767879, 40.66637396050297], [-73.88250315494061, 40.66646657074591], [-73.87883538151993, 40.66153313930048], [-73.87967945735765, 40.66117171408094], [-73.87859362144458, 40.65969936989443], [-73.87774952817306, 40.66007725587047], [-73.87672123743475, 40.65870376708749], [-73.87750036298884, 40.658369735965444], [-73.8757723926027, 40.65726996944512], [-73.8797328245247, 40.65556143374347], [-73.87904970787295, 40.6546494491755], [-73.87972054618082, 40.65437567424823], [-73.87676511038948, 40.650562784287246], [-73.87680221251371, 40.64998641907696], [-73.87844669042003, 40.6493458890285], [-73.88221424998133, 40.654520983762254], [-73.89000444518807, 40.65114712349362], [-73.8913647003969, 40.65236710066995], [-73.8933995836889, 40.65093073765924], [-73.89556570961138, 40.65307914622342], [-73.89761215937186, 40.653454276784856], [-73.89800085542511, 40.65380046488261], [-73.89904060173322, 40.65736960010663], [-73.89881701985205, 40.65745174711643], [-73.8996554529738, 40.66073524068243], [-73.90065767657894, 40.66058789240757], [-73.90145330206323, 40.663657241720585], [-73.9004149891717, 40.66380456567615], [-73.90347629824663, 40.67550542018289]]]}, "properties": {"geo_id": "11207", "name": "11207", "borough": null, "area_km2": 6.9085}}, {"type": "Feature", "id": 95, "geometry": {"type": "Polygon", "coordinates": [[[-74.01942490278323, 40.60287331289887], [-74.02101684985898, 40.603553742360056], [-74.03004930841975, 40.60475944610794], [-74.03213141341182, 40.60590071805861], [-74.03427155909084, 40.60771715460063], [-74.03495633212549, 40.608661157982205], [-74.03608037642229, 40.60934700941799], [-74.03695301003944, 40.61125710936384], [-74.03920893083809, 40.61344121820657], [-74.04038425863402, 40.61534020853576], [-74.04137405843277, 40.61999502512701], [-74.04161935575482, 40.62056036374619], [-74.04170752267017, 40.623305123381265], [-74.04189539743012, 40.6241888777934], [-74.04108490450302, 40.6301014481056], [-74.03842934554378, 40.63568526585415], [-74.03724773797671, 40.6359875813084], [-74.0361386585081, 40.637173683304304], [-74.03595939314518, 40.63882061157798], [-74.02604233524517, 40.63574363426269], [-74.02351985121045, 40.634613325444995], [-74.02315222975835, 40.63425657765066], [-74.02326746893299, 40.634102846272526], [-74.0216026864337, 40.63334012005838], [-74.02101185886968, 40.633466489793335], [-74.0169689836303, 40.63161717024523], [-74.01604653804533, 40.631035407502125], [-74.0197042939947, 40.6221856358996], [-74.02008620325589, 40.62242162185362], [-74.02042473675586, 40.62216355182936], [-74.02524967201212, 40.61667849872203], [-74.02754617348052, 40.61293956268781], [-74.02637901393415, 40.6124512631301], [-74.0265879728468, 40.61259943386541], [-74.02640800795574, 40.61290689228038], [-74.02666736880104, 40.61299466580793], [-74.02504759820309, 40.61570688620006], [-74.02279962962865, 40.61458198879507], [-74.02457733233466, 40.61022288944468], [-74.02439700548067, 40.60954770834515], [-74.02126304380445, 40.60766540138365], [-74.02016084664197, 40.60717153682527], [-74.01822319545327, 40.60688640163987], [-74.01766862732573, 40.60707862391682], [-74.0170205164639, 40.60765512875973], [-74.01550051026672, 40.60684288434809], [-74.01942490278323, 40.60287331289887]]]}, "properties": {"geo_id": "11209", "name": "11209", "borough": null, "area_km2": 5.5661}}, {"type": "Feature", "id": 96, "geometry": {"type": "MultiPolygon", "coordinates": [[[[-73.87390443143043, 40.64636565015404], [-73.87458332267458, 40.64560883132092], [-73.87610288195827, 40.64621433156198], [-73.87844669042003, 40.6493458890285], [-73.87680221251371, 40.64998641907696], [-73.8767222099513, 40.650376092899776], [-73.87390443143043, 40.64636565015404]]], [[[-73.85722600679324, 40.65027668884441], [-73.85755108354867, 40.649931248836765], [-73.85783564941765, 40.64830119759401], [-73.8583783763198, 40.64727531679712], [-73.85716805781335, 40.643678147805815], [-73.85920144290445, 40.6431756142669], [-73.86201267802245, 40.64288807427267], [-73.86331110241598, 40.64229675061874], [-73.86531047148955, 40.64075104890267], [-73.86702741046346, 40.63985275628786], [-73.867322839881, 40.63986956626525], [-73.86867556804948, 40.640925118014934], [-73.86991050724313, 40.64327606051481], [-73.87001705808979, 40.64407216947823], [-73.87061370443837, 40.64485785156297], [-73.87118940084397, 40.64530315338444], [-73.87257262796474, 40.64557368352507], [-73.87921560106123, 40.65458923825554], [-73.87904970787295, 40.6546494491755], [-73.8797328245247, 40.65556143374347], [-73.8757723926027, 40.65726996944512], [-73.87750036298884, 40.658369735965444], [-73.87672123743475, 40.65870376708749], [-73.87774952817306, 40.66007725587047], [-73.87859362144458, 40.65969936989443], [-73.87967945735765, 40.66117171408094], [-73.87883538151993, 40.66153313930048], [-73.88250315494061, 40.66646657074591], [-73.88320261767879, 40.66637396050297], [-73.88359645422965, 40.667905946854184], [-73.88278157674502, 40.6680258897461], [-73.88421375423444, 40.673621198981635], [-73.88502869750715, 40.67350124602504], [-73.88535096908504, 40.674769654829625], [-73.88453601089287, 40.67488961005061], [-73.88528811351865, 40.67777786755063], [-73.88508612508572, 40.67783256151948], [-73.88650441515186, 40.68335096764949], [-73.88819314651306, 40.68255663631985], [-73.88892772790683, 40.68312277128194], [-73.88962535748249, 40.684237820873676], [-73.88808038393654, 40.68529581126769], [-73.88452279481811, 40.68668664110407], [-73.88377795756695, 40.687866143703765], [-73.8795099791439, 40.69114450207616], [-73.87402313909897, 40.6941908127434], [-73.86891496496278, 40.69514577780365], [-73.86842536874852, 40.694717034809976], [-73.86868635308088, 40.69403662958331], [-73.8674570425351, 40.688402947152646], [-73.86659791668035, 40.685267422433846], [-73.86602052930746, 40.68191812587535], [-73.86410149085437, 40.68237150817596], [-73.86328619072572, 40.67907681082052], [-73.86234862725605, 40.67916352585983], [-73.86038226198778, 40.67125070560808], [-73.85763446664579, 40.671653565543885], [-73.85568302676627, 40.663866935362776], [-73.8584305364367, 40.66345314256716], [-73.85761582963829, 40.660119970720366], [-73.86036329939269, 40.659645746502285], [-73.86317023328938, 40.65827672801125], [-73.86269583580645, 40.65761741459958], [-73.86301329465091, 40.657475064352], [-73.86299206435842, 40.65728290419041], [-73.86327388470974, 40.65694288631486], [-73.86300056909168, 40.65665161398542], [-73.86299394713004, 40.65636614854007], [-73.8631958549015, 40.65632796188301], [-73.86264218190037, 40.65566855376869], [-73.86087021384536, 40.65507904010257], [-73.85722600679324, 40.65027668884441]]]]}, "properties": {"geo_id": "11208", "name": "11208", "borough": null, "area_km2": 9.5348}}, {"type": "Feature", "id": 97, "geometry": {"type": "Polygon", "coordinates": [[[-73.9439607379851, 40.6168158310962], [-73.94573408347927, 40.61536194138268], [-73.94606405024105, 40.617102295709216], [-73.94699343761668, 40.61700391546567], [-73.94657017628202, 40.61479141594897], [-73.94742786137208, 40.61422638387246], [-73.94834279095325, 40.61413896527214], [-73.94824953535237, 40.61363388122231], [-73.9491216109271, 40.61305237416661], [-73.94930816012416, 40.61402960329275], [-73.95026631844023, 40.61392571967439], [-73.94996497273486, 40.612317139483665], [-73.95077946209229, 40.61163678209867], [-73.95070771227881, 40.61125248009712], [-73.95162983193109, 40.611121121693635], [-73.95166570931816, 40.61131327241661], [-73.95258787860939, 40.611110541686436], [-73.9530471252372, 40.61361947226465], [-73.95349378096525, 40.61357024755131], [-73.95402501104869, 40.616232911096795], [-73.95355672632535, 40.61628212913136], [-73.95445394598532, 40.621063916800885], [-73.9554914525689, 40.62094904190925], [-73.95534007284404, 40.62108073321162], [-73.95538314130508, 40.621316802033455], [-73.9550228953976, 40.621355088740835], [-73.95536748810873, 40.62317776462371], [-73.95594374749848, 40.623342674375834], [-73.95490620819469, 40.62345206373949], [-73.95608366441552, 40.62968868307508], [-73.95712129521853, 40.62958477273434], [-73.95730083397692, 40.6305125783165], [-73.9566234770804, 40.630589178864284], [-73.95636369139478, 40.63118744456805], [-73.95716799774223, 40.635403741817015], [-73.95819851668746, 40.63528883998638], [-73.958399635353, 40.636326442608905], [-73.9556965138164, 40.63762646202901], [-73.95583294037023, 40.63836760697606], [-73.95427588072393, 40.639113580361126], [-73.95359896746396, 40.63842162295604], [-73.94923188589627, 40.63854603801471], [-73.94938216800146, 40.639929476733855], [-73.94454642099801, 40.64022368338522], [-73.94443891859805, 40.63950998699159], [-73.94355969576296, 40.63956445454696], [-73.94361673907981, 40.64028361660579], [-73.94265102322206, 40.64034352434559], [-73.94250087500548, 40.63896556646808], [-73.93775884991669, 40.63925953452033], [-73.93751602426322, 40.63692084411205], [-73.93560629548776, 40.63704056116653], [-73.93535628368913, 40.63476773647893], [-73.93439784610008, 40.63482757899499], [-73.9343050994619, 40.63388331882656], [-73.93521348302725, 40.63341173060064], [-73.93519929549727, 40.633181160353956], [-73.93511355857527, 40.63242903985502], [-73.93414794333408, 40.63249436581133], [-73.93389806891614, 40.630150172345274], [-73.93487085047298, 40.63009034212918], [-73.93461374919282, 40.62775163511109], [-73.93364820659377, 40.627811467325394], [-73.93343417796996, 40.625681386040974], [-73.93433557529163, 40.624880425414574], [-73.9369145455148, 40.62524418191705], [-73.93546049300551, 40.62387646879698], [-73.93561208775508, 40.62356913715148], [-73.93717594471336, 40.62309240864601], [-73.93722650076064, 40.622960686262175], [-73.9402671368443, 40.622621952164096], [-73.93998747269228, 40.62116157720627], [-73.94084542671584, 40.6204483759022], [-73.94080248812897, 40.62012446829887], [-73.94266136924018, 40.61991680627143], [-73.94241756610396, 40.61859369435842], [-73.9439607379851, 40.6168158310962]]]}, "properties": {"geo_id": "11210", "name": "11210", "borough": null, "area_km2": 4.2481}}, {"type": "Feature", "id": 98, "geometry": {"type": "MultiPolygon", "coordinates": [[[[-73.95568242464864, 40.72394407889463], [-73.95514100389941, 40.724328135338375], [-73.9545140053554, 40.72322449659771], [-73.95568242464864, 40.72394407889463]]], [[[-73.92307709639039, 40.716389801036506], [-73.93095041154629, 40.7143636688445], [-73.93105115839613, 40.714610757806625], [-73.93084885102583, 40.7149015812246], [-73.92843852549082, 40.715531403391715], [-73.92890633741268, 40.71659666068286], [-73.92861019377725, 40.716914869726565], [-73.92595430641254, 40.71769270433223], [-73.92448944997896, 40.7179113337528], [-73.92358832507331, 40.71727395463276], [-73.92307709639039, 40.716389801036506]]], [[[-73.95701896546002, 40.6989727359369], [-73.96577598296834, 40.697636226641684], [-73.97332029192198, 40.697940147143534], [-73.97319714889295, 40.69925211713354], [-73.97264883473187, 40.69959233920575], [-73.9735933866629, 40.70043245832287], [-73.97554854524336, 40.699208724425695], [-73.97619026844228, 40.69981819715211], [-73.97581504313884, 40.70024630248038], [-73.97676691464828, 40.70092171104618], [-73.97589378790224, 40.701898668163246], [-73.97550433245085, 40.70175585811732], [-73.97540329242796, 40.701909543453766], [-73.97455226694672, 40.70159096560998], [-73.975800796613, 40.6997522415282], [-73.9756854646593, 40.69954910449669], [-73.97536087401328, 40.69958197266718], [-73.97432160076012, 40.70119566808308], [-73.97411238016754, 40.70130541185654], [-73.9725765051668, 40.700080890435196], [-73.97238893306715, 40.700168678116235], [-73.97261962482293, 40.700465167991986], [-73.97375885021253, 40.70153589213911], [-73.97318896470806, 40.70166750956531], [-73.97114120689017, 40.69991585351844], [-73.97078053569832, 40.69997614738371], [-73.97332571458747, 40.70241411761759], [-73.97283509187332, 40.70272690614503], [-73.96982831102889, 40.70024488881791], [-73.96948917769882, 40.7005192760538], [-73.97284205236755, 40.703347224764585], [-73.97266887097055, 40.70350089062713], [-73.96924354705288, 40.70136459865714], [-73.96893326817623, 40.701617033797056], [-73.9723152765075, 40.70384664653426], [-73.97215653073589, 40.703972867437166], [-73.97145703717153, 40.70350608603025], [-73.97110360534131, 40.70346208160086], [-73.97093041485118, 40.70362672390501], [-73.97101689325757, 40.70381338974374], [-73.97340390743683, 40.70530162858475], [-73.97347588931521, 40.70568591222486], [-73.97222039617434, 40.70650355583748], [-73.97017965009066, 40.70492755044658], [-73.96761964800125, 40.70334587409291], [-73.96751861681359, 40.70343916764766], [-73.96747508807839, 40.703949681684804], [-73.96929953749247, 40.70508651542595], [-73.96929139850101, 40.707095680748026], [-73.96984644147574, 40.708001599538974], [-73.96993963378026, 40.709302641769625], [-73.96960735339499, 40.710268711097584], [-73.97009782267179, 40.71045548341608], [-73.96968660520326, 40.710493802543155], [-73.96962881785409, 40.71065847307479], [-73.96978746739127, 40.71079026343014], [-73.9693833810685, 40.71100424815075], [-73.96982335135742, 40.711201987227454], [-73.96931841379067, 40.71109206325529], [-73.96881288458366, 40.71225021711354], [-73.96889932470495, 40.71253020623027], [-73.96866831357802, 40.71285951502413], [-73.96846632889675, 40.71282652273055], [-73.96850948237854, 40.71310650025365], [-73.96884849906374, 40.71322736200958], [-73.96724526577506, 40.71658650469176], [-73.96711524681999, 40.71689937032428], [-73.96726671306365, 40.71698724582322], [-73.96634977568368, 40.718304466354006], [-73.96624158022209, 40.71824953948043], [-73.96588057775813, 40.71875446887784], [-73.9651515997073, 40.71927026535651], [-73.96554822262785, 40.71966014057799], [-73.96537483657708, 40.720093760545254], [-73.96513660690745, 40.720346206504374], [-73.96437913233166, 40.72013737293802], [-73.9644800937547, 40.72023072594561], [-73.96354139595296, 40.72157536443893], [-73.96275447478814, 40.72239854015265], [-73.9616563269127, 40.724862972391136], [-73.96211796268732, 40.72514857997962], [-73.961901396643, 40.72531868348556], [-73.96153351922348, 40.72510995960662], [-73.96116543298103, 40.72526354246543], [-73.95771697820719, 40.72428519400979], [-73.95757215033676, 40.725097589012364], [-73.95615123675702, 40.724240692246326], [-73.95568242464864, 40.72394407889463], [-73.95627445898184, 40.72338986411303], [-73.9547742781658, 40.722461556282326], [-73.95603766413676, 40.7213970792153], [-73.9547538955815, 40.72060060172796], [-73.95164929383293, 40.72348682603103], [-73.95064766411721, 40.72170779748587], [-73.95006578286385, 40.71829855521801], [-73.9472156953893, 40.718560780769124], [-73.94678980525111, 40.718824081690634], [-73.94675390159055, 40.71860997380373], [-73.94632099774697, 40.718620751817625], [-73.94059182964517, 40.71920531672701], [-73.94034050921692, 40.7178602542257], [-73.94023927018455, 40.718118209205784], [-73.93725889616749, 40.718791834641515], [-73.93694930826427, 40.718099985891705], [-73.93528947986938, 40.718521758031166], [-73.93650620518301, 40.72124523728489], [-73.93504110731999, 40.72166711293437], [-73.93558818746973, 40.722990394132935], [-73.92780058738337, 40.72501140593611], [-73.92561256327082, 40.72006395711909], [-73.92481867614515, 40.72026655369307], [-73.9245307499182, 40.71966800760552], [-73.92486402755176, 40.718438572895], [-73.92837860857937, 40.717578958061615], [-73.9288690570731, 40.717727479214155], [-73.92970669412607, 40.717047292975295], [-73.92931808747797, 40.71611383621627], [-73.92946278705689, 40.71572965835392], [-73.93179366592496, 40.715182110570474], [-73.93221233842858, 40.71495728739306], [-73.93214047825873, 40.71467727934967], [-73.93175082833872, 40.71474292329526], [-73.93136896305306, 40.71425412864624], [-73.9383180786601, 40.712523371965226], [-73.93768447624981, 40.711183586490435], [-73.94031100801257, 40.71052074566404], [-73.94047599955579, 40.711563841044224], [-73.9406848534114, 40.71196468420955], [-73.94222883434136, 40.71180078363798], [-73.94210683695282, 40.71105963638108], [-73.94283552217878, 40.71098863669981], [-73.94378785634244, 40.71090127325478], [-73.94390987213237, 40.71164241874547], [-73.94559811608029, 40.71148403271141], [-73.94547608180903, 40.710742888994766], [-73.94699836741732, 40.71059538274648], [-73.94710658251178, 40.71058994299397], [-73.9472430672349, 40.71132560208654], [-73.95111732796634, 40.71095402468787], [-73.95023408540415, 40.70547509760142], [-73.9519011672768, 40.70441632699902], [-73.9525355422062, 40.70498201194016], [-73.95444073505621, 40.70374763746915], [-73.9538135689538, 40.70318196583222], [-73.95745776528166, 40.70082287171145], [-73.95701896546002, 40.6989727359369]]]]}, "properties": {"geo_id": "11211", "name": "11211, 11249", "borough": null, "area_km2": 5.9461}}, {"type": "Feature", "id": 99, "geometry": {"type": "Polygon", "coordinates": [[[-73.92177903032056, 40.65442294609643], [-73.92330553669987, 40.65580185484405], [-73.92401198899186, 40.65575291765183], [-73.9240760311223, 40.65648307195735], [-73.92640916744288, 40.658587090987915], [-73.92720214797514, 40.65853818952677], [-73.92725173287697, 40.65933969695834], [-73.93107588729895, 40.66278949596623], [-73.93155891593338, 40.66275684701226], [-73.9316085563211, 40.66355835217092], [-73.93068574653421, 40.66361818497663], [-73.91995315151702, 40.6683212580489], [-73.91941955750234, 40.66839773932428], [-73.91923182509204, 40.668633658597805], [-73.91838065296635, 40.66900085813005], [-73.92004589421177, 40.669139266408244], [-73.91996618719996, 40.66947407388735], [-73.91889141610964, 40.66991797517355], [-73.9171107559405, 40.66981789399771], [-73.91695823951072, 40.6707125815271], [-73.91487485777635, 40.67052990353179], [-73.91403805697176, 40.67089708151946], [-73.9141743217609, 40.67145711785403], [-73.91308583303955, 40.67130808271031], [-73.90347629824663, 40.67550542018289], [-73.9004149891717, 40.66380456567615], [-73.90145330206323, 40.663657241720585], [-73.90065767657894, 40.66058789240757], [-73.8996554529738, 40.66073524068243], [-73.89880987816805, 40.6574078243156], [-73.90048979558212, 40.6571512803894], [-73.90118273243087, 40.6565150882469], [-73.9031811560208, 40.65530908337414], [-73.91070790031868, 40.654178832722174], [-73.91757691083285, 40.654315709831025], [-73.91847139577064, 40.65374543252401], [-73.91915540122403, 40.654360746687146], [-73.92043116548969, 40.65440006328726], [-73.92100719216924, 40.654916479457], [-73.92177903032056, 40.65442294609643]]]}, "properties": {"geo_id": "11212", "name": "11212", "borough": null, "area_km2": 3.9854}}, {"type": "Feature", "id": 100, "geometry": {"type": "Polygon", "coordinates": [[[-73.94002911233477, 40.66301958396579], [-73.93997825978515, 40.663453232581105], [-73.94216973792528, 40.6635037611916], [-73.94226319301876, 40.663805733844505], [-73.94269552012096, 40.664052980137775], [-73.94252817558926, 40.66583700284049], [-73.94806461263916, 40.66614156117903], [-73.94709032259257, 40.67654382040915], [-73.94479047495985, 40.67622983547456], [-73.94466079375525, 40.67610351352263], [-73.94474755861397, 40.675812609061516], [-73.94417796894366, 40.675784886368454], [-73.94404073403706, 40.6760702763162], [-73.94192811670517, 40.67606373986308], [-73.94175474316556, 40.67643694163419], [-73.94153844698208, 40.67642036328466], [-73.94121087928113, 40.67993899719576], [-73.92905428025495, 40.67927888753825], [-73.93021654651969, 40.67798955428157], [-73.93045675486412, 40.67582132738736], [-73.92768817742554, 40.67566042367315], [-73.92776111851762, 40.67488644274254], [-73.92499257404644, 40.67473645324133], [-73.92560517839881, 40.66850620726164], [-73.92530961366604, 40.668484057524296], [-73.92532427234732, 40.668269974353066], [-73.92478426780195, 40.66764381313147], [-73.92424492180574, 40.66644673580552], [-73.93068574653421, 40.66361818497663], [-73.94002911233477, 40.66301958396579]]]}, "properties": {"geo_id": "11213", "name": "11213", "borough": null, "area_km2": 2.8262}}, {"type": "Feature", "id": 101, "geometry": {"type": "Polygon", "coordinates": [[[-73.97604899650695, 40.631275574032486], [-73.97815332078324, 40.63028237958488], [-73.97831151599355, 40.631276023076516], [-73.98014138676959, 40.632352310767665], [-73.97955756227017, 40.632912145250245], [-73.97851293881018, 40.63230261179009], [-73.97877190514126, 40.63366956438395], [-73.97897372624583, 40.63347746631019], [-73.98143046377301, 40.634954585128355], [-73.98117819007967, 40.63519608540998], [-73.98298657414183, 40.63636015700792], [-73.98286397585682, 40.6367334298411], [-73.98524886439634, 40.63817751835365], [-73.98583989337503, 40.63761765618195], [-73.98803753434105, 40.63894638247128], [-73.98745371839718, 40.639506256643315], [-73.99192854438371, 40.642207526940076], [-73.98834642468857, 40.64456224521362], [-73.9818018488293, 40.64713051384127], [-73.98028829062184, 40.64729495140935], [-73.9817924275167, 40.65524408965476], [-73.97977356851794, 40.6572254842429], [-73.9776043336065, 40.65586367099247], [-73.97729428865269, 40.65614357787836], [-73.97702042766079, 40.65600079487438], [-73.9765737654618, 40.65530901990255], [-73.97628519671166, 40.65600064563545], [-73.97585972735435, 40.656522065522715], [-73.97665970151077, 40.656911989521724], [-73.97515971200983, 40.658723230526306], [-73.97448226557647, 40.658338812987616], [-73.97412209477102, 40.657696453885606], [-73.97232983235702, 40.65139950769568], [-73.97268311731125, 40.65113060344969], [-73.97253191323287, 40.65075178742012], [-73.97195532996012, 40.65069675261405], [-73.9717028902679, 40.65110840819469], [-73.96620963182815, 40.65318747055199], [-73.96465395652083, 40.65088687527247], [-73.96702571883294, 40.64994886394852], [-73.96666630415277, 40.64802741195735], [-73.9675457611391, 40.64768182074547], [-73.9673373287482, 40.646501504625824], [-73.96638594741661, 40.6465835740111], [-73.96594032161663, 40.64420096993423], [-73.96687005983871, 40.644096939711005], [-73.96681972919903, 40.64386087369535], [-73.96631543921004, 40.64348743632376], [-73.96599225820727, 40.64128053371347], [-73.96630221774541, 40.6411269169562], [-73.96617285346531, 40.64042970335024], [-73.96530066576003, 40.640824692656565], [-73.9649269661513, 40.638848333205075], [-73.9657919296142, 40.63844236535894], [-73.96538229544025, 40.63627935064153], [-73.97277707895262, 40.63282290659906], [-73.97270518642496, 40.63242215046427], [-73.97573930272657, 40.63088574910473], [-73.97604899650695, 40.631275574032486]]]}, "properties": {"geo_id": "11218", "name": "11218", "borough": null, "area_km2": 3.6999}}, {"type": "Feature", "id": 102, "geometry": {"type": "Polygon", "coordinates": [[[-74.01478637505564, 40.602083501821475], [-74.01495934649101, 40.60259950123216], [-74.01452004778487, 40.602813651713966], [-74.01377837231615, 40.60364816117066], [-74.01418896117191, 40.6038676949253], [-74.01278476865434, 40.605426903915095], [-74.01237417584441, 40.60521285476979], [-74.00907578584489, 40.608375167025514], [-74.00982496456857, 40.60882525181493], [-74.00805321811465, 40.61052167276124], [-74.00731123608749, 40.610077065631735], [-74.0008212401794, 40.61631346663335], [-73.99397074202696, 40.61217416290154], [-73.99459748795991, 40.61157033935952], [-73.99239341443032, 40.61024173414214], [-73.99176666103517, 40.610845545747274], [-73.9916082008013, 40.610752211276775], [-73.99170910508883, 40.610280113943105], [-73.98809348329472, 40.60809493954023], [-73.98738038261125, 40.60812780099958], [-73.98842498953312, 40.607117826266105], [-73.98725810067467, 40.60724396341797], [-73.9868479592219, 40.60509748695667], [-73.9874818974918, 40.6045376193478], [-73.98664649580972, 40.60404346199734], [-73.98264018945424, 40.58286405641087], [-73.98384251882736, 40.58333084809871], [-73.98361219398268, 40.58298497044679], [-73.98392902418502, 40.58290816074793], [-73.98578705170384, 40.58121211792141], [-73.98595253565611, 40.58177207793138], [-73.98684545840565, 40.581234202398086], [-73.98734958236129, 40.580608444069405], [-73.9876377107891, 40.579916785192154], [-73.98805535809362, 40.57963136989544], [-73.989955977714, 40.580663597541246], [-73.99174151514158, 40.58120172102602], [-73.99182785020112, 40.581739708435414], [-73.99033706388951, 40.58422089359392], [-73.99026500148017, 40.58462162852658], [-73.99543508367078, 40.58221750394982], [-73.99605430463872, 40.58212969321881], [-74.00018000689545, 40.583073972692596], [-74.00041761894958, 40.58354607797475], [-74.00036001979822, 40.584188361744715], [-73.99879031597759, 40.58515452603264], [-73.99808466098193, 40.58536312133114], [-73.99809185836756, 40.585472913499196], [-73.9992871462678, 40.58554978156533], [-73.99952476269408, 40.58575838768091], [-73.9995679629603, 40.58624147283737], [-73.99814223263587, 40.58653240753238], [-73.99417451383323, 40.58838227053669], [-73.99560031721127, 40.587844353076406], [-73.99565791746458, 40.58793767848692], [-73.99408087507251, 40.58869517299755], [-73.99421767661771, 40.588870847185206], [-73.99497379888801, 40.58850307949852], [-73.99515381125475, 40.58862934805006], [-73.99488016707, 40.58877206580192], [-73.99546338994809, 40.58949671757458], [-73.99788295185454, 40.58834397150057], [-73.99867502781562, 40.589194871469964], [-73.99923670375588, 40.588936865349034], [-73.99946713044528, 40.589233305076654], [-73.99837977546349, 40.58977127571878], [-73.99877582038731, 40.59031475102266], [-73.99844457357642, 40.590237892617616], [-73.99776045005854, 40.59095152928582], [-73.99711233478388, 40.591275401194686], [-73.997155529819, 40.59155537183662], [-73.99755158200257, 40.59191769450102], [-73.99926548329582, 40.591127215946564], [-73.999863178261, 40.59112721821269], [-74.00020163278236, 40.59137425008974], [-74.00005760966002, 40.5917146054048], [-73.99902782827594, 40.592312967596634], [-73.99948150329881, 40.59297172237839], [-73.99838688562542, 40.5935316512564], [-73.99854531506638, 40.59359752854933], [-74.00105859055647, 40.59253804038272], [-74.00192998659853, 40.593893959845786], [-74.00184357156161, 40.593976305234335], [-74.0031255059696, 40.59560119838679], [-74.00552380794913, 40.59753893572845], [-74.0106520026959, 40.6005962793873], [-74.0123662573448, 40.60134818212956], [-74.01478637505564, 40.602083501821475]]]}, "properties": {"geo_id": "11214", "name": "11214", "borough": null, "area_km2": 5.5991}}, {"type": "Feature", "id": 103, "geometry": {"type": "Polygon", "coordinates": [[[-73.99666920018211, 40.66873881663188], [-73.99861570736023, 40.67182947477299], [-73.99847150492644, 40.67206003412134], [-73.99537101012515, 40.67559522168692], [-73.99483021219594, 40.675957508907494], [-73.99408032062817, 40.676182544279555], [-73.9928113064377, 40.676149534695945], [-73.99069872883048, 40.675809031261615], [-73.98940782578057, 40.67745578426938], [-73.98931394547037, 40.67835606143546], [-73.98850615899619, 40.67953623621662], [-73.98820333038192, 40.67942092508479], [-73.98779221018299, 40.680030221877544], [-73.98261541405046, 40.67804234010851], [-73.98304820765676, 40.677405617114914], [-73.97100876317519, 40.67274807503019], [-73.97041038063323, 40.67264911076033], [-73.97181717368899, 40.67062930874791], [-73.97935413599416, 40.66159509949605], [-73.97965701068509, 40.66124382169894], [-73.98020491361262, 40.661106678318475], [-73.98000317537768, 40.6607553116466], [-73.9795778341641, 40.66085404898244], [-73.97515971200983, 40.658723230526306], [-73.97665970151077, 40.656911989521724], [-73.97585972735435, 40.656522065522715], [-73.97628519671166, 40.65600064563545], [-73.9765737654618, 40.65530901990255], [-73.97702042766079, 40.65600079487438], [-73.97729428865269, 40.65614357787836], [-73.9776043336065, 40.65586367099247], [-73.97977356851794, 40.6572254842429], [-73.9817924275167, 40.65524408965476], [-73.98028829062184, 40.64729495140935], [-73.9818018488293, 40.64713051384127], [-73.98834642468857, 40.64456224521362], [-73.98905998178942, 40.64411766019352], [-73.99830624446479, 40.64973948539055], [-73.99779449592242, 40.65028843329308], [-74.00216234519009, 40.652950873029205], [-73.9916737131667, 40.66302942557829], [-73.99581146821868, 40.665532888536866], [-73.9948597557633, 40.666844853717784], [-73.99648174272835, 40.6689254558809], [-73.99666920018211, 40.66873881663188]]]}, "properties": {"geo_id": "11215", "name": "11215", "borough": null, "area_km2": 5.6904}}, {"type": "Feature", "id": 104, "geometry": {"type": "Polygon", "coordinates": [[[-73.94773018706293, 40.669715110251715], [-73.95527118554162, 40.670124516288894], [-73.95797447716627, 40.67065802222973], [-73.95765669143151, 40.67153623417873], [-73.95679162979978, 40.671354757299895], [-73.95648103148852, 40.67223845818661], [-73.95733889732787, 40.672414445157614], [-73.95519356820554, 40.67834234387269], [-73.9528144366704, 40.677841843884224], [-73.95298686964867, 40.678720242205195], [-73.95529393829854, 40.679204241941825], [-73.95713391301688, 40.6884658036601], [-73.95480436972916, 40.68872841031269], [-73.95473920746598, 40.68910716303753], [-73.95153684664277, 40.68959442811842], [-73.95144296561328, 40.68977005384573], [-73.95183100668497, 40.6917025349802], [-73.9485564556187, 40.692090875086606], [-73.94862109754558, 40.692436744920826], [-73.9457864805421, 40.69276481683879], [-73.94534834107546, 40.69056879379528], [-73.94818286687689, 40.690240732579575], [-73.94789553835646, 40.6887748954195], [-73.94505386173076, 40.68910294617587], [-73.94395808047867, 40.683585782102085], [-73.94134448404895, 40.683803706030275], [-73.94105624667937, 40.68356750830062], [-73.93822196948852, 40.68389539425617], [-73.93739659766418, 40.679728382312824], [-73.94121087928113, 40.67993899719576], [-73.94153844698208, 40.67642036328466], [-73.94175474316556, 40.67643694163419], [-73.94192811670517, 40.67606373986308], [-73.94404073403706, 40.6760702763162], [-73.94417796894366, 40.675784886368454], [-73.94474755861397, 40.675812609061516], [-73.94466079375525, 40.67610351352263], [-73.94479047495985, 40.67622983547456], [-73.94709032259257, 40.67654382040915], [-73.94773018706293, 40.669715110251715]]]}, "properties": {"geo_id": "11216", "name": "11216", "borough": null, "area_km2": 2.4249}}, {"type": "Feature", "id": 105, "geometry": {"type": "Polygon", "coordinates": [[[-73.9708789983413, 40.67271510494854], [-73.98304820765676, 40.677405617114914], [-73.98261541405046, 40.67804234010851], [-73.98696303042412, 40.67974467449629], [-73.98779221018299, 40.680030221877544], [-73.98820333038192, 40.67942092508479], [-73.98850615899619, 40.67953623621662], [-73.98808061443432, 40.68017298032105], [-73.98912610832237, 40.68057931029263], [-73.98870056302384, 40.68121605660862], [-73.9908637096429, 40.682056149134674], [-73.98656469601238, 40.68840712865808], [-73.98440139753025, 40.687566955973146], [-73.98357176799576, 40.688785518618815], [-73.98271366218219, 40.68845602047832], [-73.98210042982159, 40.689356211366096], [-73.98025443414907, 40.68863677963271], [-73.98042714372157, 40.68989940339551], [-73.9731289015425, 40.689623453678806], [-73.97268988675083, 40.687416554891314], [-73.97364906746446, 40.68730149815499], [-73.97337559482663, 40.685885133320554], [-73.97231570019451, 40.685456698869174], [-73.97206381188396, 40.684243448899835], [-73.97303015256206, 40.68414486765736], [-73.97278549862999, 40.68285476714241], [-73.97068006296146, 40.68242057587567], [-73.9706152413484, 40.682244893895714], [-73.97244172082007, 40.677162025426476], [-73.97142565180688, 40.67575645301395], [-73.97162045321792, 40.67546555509867], [-73.97105094353232, 40.67523485212118], [-73.97135396162395, 40.67479576396342], [-73.97146970724872, 40.67390099599831], [-73.9712969157323, 40.67331906061914], [-73.9708789983413, 40.67271510494854]]]}, "properties": {"geo_id": "11217", "name": "11217, 11243", "borough": null, "area_km2": 1.9516}}, {"type": "Feature", "id": 106, "geometry": {"type": "Polygon", "coordinates": [[[-73.99728400606053, 40.61971149046943], [-74.00389051571055, 40.62370238333505], [-74.0044740555322, 40.62314242477264], [-74.00667879553194, 40.62447079655073], [-74.00609526259359, 40.62503076622562], [-74.01270282563674, 40.62902115044617], [-74.00853871375358, 40.63302892652995], [-74.00702542747152, 40.6321122696975], [-74.00630491541253, 40.63258441504331], [-74.00796232666, 40.63358341505883], [-74.00384087980693, 40.6375470994423], [-74.00123942923905, 40.6359771387863], [-74.00052604059303, 40.63645473721693], [-74.00325000222522, 40.63810156455639], [-73.99393155262818, 40.64707140830604], [-73.98905998178942, 40.64411766019352], [-73.99192854438371, 40.642207526940076], [-73.98745371839718, 40.639506256643315], [-73.98803753434105, 40.63894638247128], [-73.98583989337503, 40.63761765618195], [-73.98524886439634, 40.63817751835365], [-73.98286397585682, 40.6367334298411], [-73.98298657414183, 40.63636015700792], [-73.98117819007967, 40.63519608540998], [-73.99728400606053, 40.61971149046943]]]}, "properties": {"geo_id": "11219", "name": "11219", "borough": null, "area_km2": 3.8386}}, {"type": "Feature", "id": 107, "geometry": {"type": "Polygon", "coordinates": [[[-74.01214075656013, 40.628686346877956], [-74.01254427336924, 40.62882354302632], [-74.01288289075755, 40.62868077653747], [-74.01477093399306, 40.62995413165442], [-74.01490071946972, 40.630354854091195], [-74.0169689836303, 40.63161717024523], [-74.02101185886968, 40.633466489793335], [-74.0216026864337, 40.63334012005838], [-74.02326746893299, 40.634102846272526], [-74.02315222975835, 40.63425657765066], [-74.02351985121045, 40.634613325444995], [-74.02604233524517, 40.63574363426269], [-74.03595939314518, 40.63882061157798], [-74.03607387471727, 40.63730545342331], [-74.03639787495098, 40.63680031049977], [-74.03724773797671, 40.6359875813084], [-74.03842934554378, 40.63568526585415], [-74.03660825742993, 40.6393638745584], [-74.03571535180421, 40.64063773614147], [-74.03677524083987, 40.64160905626545], [-74.0340741509974, 40.64431624661138], [-74.03284140365794, 40.64356453418553], [-74.03261809206104, 40.64376771183424], [-74.03230810556204, 40.643575664388194], [-74.03052159406224, 40.64527242940934], [-74.02820761963606, 40.64401590887319], [-74.02538363639155, 40.64691505920937], [-74.02507365609442, 40.64672299233062], [-74.02414425629946, 40.64761250118014], [-74.02513191496394, 40.64832044376903], [-74.02496625349498, 40.64860593733259], [-74.02553608358343, 40.64978057945515], [-74.02452025537283, 40.650939098895456], [-74.0208725246486, 40.64874948188826], [-74.02145613923383, 40.648183949098296], [-74.01925752705264, 40.64685037337252], [-74.01342806408609, 40.65245604871741], [-74.01125830393353, 40.651133296477184], [-74.00949267582195, 40.652813262521505], [-74.00934850746647, 40.65272544130455], [-74.0105087857238, 40.65160546999108], [-74.00624160204832, 40.64902019532641], [-74.00682534413227, 40.64846571594044], [-74.0024143603358, 40.64580894243256], [-74.00209725981203, 40.64611087490792], [-74.00010810414801, 40.644859272346594], [-74.00034593170825, 40.64455734557959], [-73.99994234492401, 40.6443158050401], [-73.99969730953116, 40.644606751823645], [-73.99773706898712, 40.643410003811944], [-74.00325000222522, 40.63810156455639], [-74.00052604059303, 40.63645473721693], [-74.00123942923905, 40.6359771387863], [-74.00384087980693, 40.6375470994423], [-74.00796232666, 40.63358341505883], [-74.00630491541253, 40.63258441504331], [-74.00702542747152, 40.6321122696975], [-74.00853871375358, 40.63302892652995], [-74.01270282563674, 40.62902115044617], [-74.01214075656013, 40.628686346877956]]]}, "properties": {"geo_id": "11220", "name": "11220", "borough": null, "area_km2": 4.4961}}, {"type": "Feature", "id": 108, "geometry": {"type": "Polygon", "coordinates": [[[-73.91604489847106, 40.68607167950505], [-73.91804826277465, 40.6872149489], [-73.91799808593902, 40.686967883674704], [-73.91821446433998, 40.68694058994162], [-73.91814280096655, 40.68657273952343], [-73.92043635603397, 40.6863108500478], [-73.92040074453584, 40.68593753639177], [-73.92349483600829, 40.685582814669736], [-73.92366747461635, 40.6859617078948], [-73.9263649501232, 40.68558468705771], [-73.9263435343893, 40.68538704974467], [-73.92653119203298, 40.685238952001455], [-73.9269927756456, 40.68518435033126], [-73.9270789090246, 40.68555220444013], [-73.93209864385653, 40.684923978334716], [-73.9323802452645, 40.6845673237436], [-73.93530112475544, 40.68422865130647], [-73.93587773539988, 40.6845254094913], [-73.93809180675984, 40.68428508199743], [-73.93798397567375, 40.68392271396235], [-73.94105624667937, 40.68356750830062], [-73.94134448404895, 40.683803706030275], [-73.94396231626793, 40.68358542886898], [-73.94505386173076, 40.68910294617587], [-73.94789553835646, 40.6887748954195], [-73.94818286687689, 40.690240732579575], [-73.94534834107546, 40.69056879379528], [-73.94564283336824, 40.69203464039159], [-73.93996636919395, 40.692685074415], [-73.94011716779372, 40.6934152616391], [-73.9371959103176, 40.69375405592992], [-73.93705236027391, 40.69301837931857], [-73.93413111004014, 40.69335160629569], [-73.93479853082198, 40.69673903108148], [-73.93522383122016, 40.69698630037199], [-73.93400477547281, 40.69711735667693], [-73.93297973234546, 40.6979676424186], [-73.9327923741612, 40.69779735755704], [-73.93025995982175, 40.69853144870102], [-73.92996453146759, 40.698251302998685], [-73.92779927312264, 40.699583922132746], [-73.92903192362876, 40.70028734919679], [-73.92758773316609, 40.70176313425759], [-73.91782083539356, 40.69620665461339], [-73.91636927252443, 40.69768229452142], [-73.91336381610242, 40.695972825229], [-73.91180383233609, 40.69755262721151], [-73.91030474889313, 40.69670059037591], [-73.91185754312917, 40.695115313484564], [-73.90885231810135, 40.69340572582303], [-73.91604489847106, 40.68607167950505]]]}, "properties": {"geo_id": "11221", "name": "11221", "borough": null, "area_km2": 3.5846}}, {"type": "Feature", "id": 109, "geometry": {"type": "Polygon", "coordinates": [[[-73.95568242464864, 40.72394407889463], [-73.95757215033676, 40.725097589012364], [-73.95771697820719, 40.72428519400979], [-73.95814261872007, 40.72440611887622], [-73.95794043102913, 40.724647583878834], [-73.95794740065864, 40.725037342009166], [-73.95835137550007, 40.72519668477981], [-73.95842340508642, 40.72539982286377], [-73.96012634831723, 40.725318082465826], [-73.96028471625655, 40.72594943138093], [-73.96161245468718, 40.72586753897741], [-73.96161921196325, 40.72666352077559], [-73.96099742036391, 40.72877128484144], [-73.96142911046832, 40.730967234815964], [-73.96226509253293, 40.73291628778551], [-73.96235845695128, 40.73371229711426], [-73.96209099165975, 40.73450818806151], [-73.96157822413339, 40.73517773805144], [-73.9598306449053, 40.737060042525194], [-73.95916638257785, 40.737559353938636], [-73.95694991829004, 40.738881517459326], [-73.95471244560503, 40.73912768703915], [-73.95198464012516, 40.7387478062238], [-73.94652275581953, 40.73692837306401], [-73.94644348905094, 40.73678011954988], [-73.94720239285466, 40.73535319811914], [-73.94706602944123, 40.73440345062156], [-73.94659691790292, 40.73444166059013], [-73.94673335369913, 40.73529259753546], [-73.94616971311905, 40.73620359368087], [-73.94525343385581, 40.73589025981874], [-73.9451816046986, 40.735478512583846], [-73.94503009385107, 40.73542903479206], [-73.94449534190372, 40.73628514145168], [-73.9423959846096, 40.735427747302914], [-73.9417396790826, 40.73494982993971], [-73.94114861388434, 40.73415355065205], [-73.94099738611341, 40.733791165672386], [-73.94115618921964, 40.73374733085561], [-73.94057226021374, 40.73306084230961], [-73.9406877630012, 40.73301698578106], [-73.9398162551218, 40.73115010003134], [-73.93810010263594, 40.72972740673917], [-73.93693167830634, 40.7291064577813], [-73.93492616249563, 40.72854541152092], [-73.93200409480669, 40.72814298857761], [-73.92958009322628, 40.72761453829005], [-73.927879032315, 40.7258678196036], [-73.92780058738337, 40.72501140593611], [-73.93558818746973, 40.722990394132935], [-73.93504110731999, 40.72166711293437], [-73.93650620518301, 40.72124523728489], [-73.93528947986938, 40.718521758031166], [-73.93694930826427, 40.718099985891705], [-73.93725889616749, 40.718791834641515], [-73.94023927018455, 40.718118209205784], [-73.94034050921692, 40.7178602542257], [-73.94059182964517, 40.71920531672701], [-73.94632099774697, 40.718620751817625], [-73.94675390159055, 40.71860997380373], [-73.94678980525111, 40.718824081690634], [-73.9472156953893, 40.718560780769124], [-73.95006578286385, 40.71829855521801], [-73.95064766411721, 40.72170779748587], [-73.95164929383293, 40.72348682603103], [-73.9547538955815, 40.72060060172796], [-73.95603766413676, 40.7213970792153], [-73.9547742781658, 40.722461556282326], [-73.95627445898184, 40.72338986411303], [-73.95568242464864, 40.72394407889463]], [[-73.95568242464864, 40.72394407889463], [-73.9545140053554, 40.72322449659771], [-73.95514100389941, 40.724328135338375], [-73.95568242464864, 40.72394407889463]]]}, "properties": {"geo_id": "11222", "name": "11222", "borough": null, "area_km2": 3.958}}, {"type": "Feature", "id": 110, "geometry": {"type": "Polygon", "coordinates": [[[-73.96900235272327, 40.584063409633906], [-73.97459020228852, 40.58313703828913], [-73.97742719147399, 40.582907067325394], [-73.98281275677357, 40.58379182536137], [-73.98664649580972, 40.60404346199734], [-73.9874818974918, 40.6045376193478], [-73.9868479592219, 40.60509748695667], [-73.98725810067467, 40.60724396341797], [-73.96237779633108, 40.6099887971144], [-73.96188229098243, 40.60733716162432], [-73.96173216619742, 40.605355369089395], [-73.96073092613479, 40.605470312796946], [-73.96018052626373, 40.59841599479506], [-73.95977849466311, 40.596296870447546], [-73.9610244690399, 40.5961600598565], [-73.9608886884648, 40.59436491523621], [-73.95946987114655, 40.59456753871469], [-73.95899628028614, 40.59178414402109], [-73.96514647557127, 40.59109997407648], [-73.96564449246098, 40.58888781506579], [-73.96797050761931, 40.588630475733744], [-73.96783403739288, 40.587911299839945], [-73.96581049825348, 40.5881357892113], [-73.96597647513568, 40.58743316947239], [-73.96770475224184, 40.58723055296728], [-73.96756828507215, 40.58651686626447], [-73.9661496798031, 40.5866701659541], [-73.96633008662887, 40.58589618502682], [-73.96928247326412, 40.585573125706404], [-73.96914598501229, 40.5848759095738], [-73.9664960772647, 40.58514415797034], [-73.96661877110878, 40.58457327495995], [-73.96785727533249, 40.5845132424745], [-73.96900235272327, 40.584063409633906]]]}, "properties": {"geo_id": "11223", "name": "11223", "borough": null, "area_km2": 5.361}}, {"type": "Feature", "id": 111, "geometry": {"type": "Polygon", "coordinates": [[[-73.98588786667324, 40.58114625509306], [-73.98595253565611, 40.58177207793138], [-73.98578705170384, 40.58121211792141], [-73.98392902418502, 40.58290816074793], [-73.98361219398268, 40.58298497044679], [-73.98384251882736, 40.58333084809871], [-73.98264018945424, 40.58286405641087], [-73.98281275677357, 40.58379182536137], [-73.97742719147399, 40.582907067325394], [-73.97459020228852, 40.58313703828913], [-73.96900235272327, 40.584063409633906], [-73.96785727533249, 40.5845132424745], [-73.96661877110878, 40.58457327495995], [-73.96676307217754, 40.58398592923071], [-73.96764154436077, 40.58393128396033], [-73.97058680911239, 40.583218427218135], [-73.97113455084397, 40.58201634282841], [-73.96733311002336, 40.58151577084603], [-73.96760006526321, 40.58037949819019], [-73.96900422281871, 40.58003404045414], [-73.96992062123859, 40.57558221308676], [-73.96825779985785, 40.57504378410451], [-73.96766024885432, 40.5750436174432], [-73.96756673649715, 40.57487890283871], [-73.96642206630582, 40.57481269867182], [-73.95941684171483, 40.57517824130465], [-73.95938881503821, 40.5739101318402], [-73.9672003303995, 40.573325239604294], [-73.96743796100486, 40.57321002541951], [-73.96742367235002, 40.572984947399874], [-73.96753156143497, 40.57318809347673], [-73.96856107684357, 40.57312799414344], [-73.9694539010575, 40.57285924417631], [-73.969281378385, 40.57229925803362], [-73.9695619111857, 40.57280986636415], [-73.9708505792056, 40.57277177332263], [-73.97133297744203, 40.572645633707054], [-73.97118209841862, 40.571942925965764], [-73.97160655219257, 40.57262923282367], [-73.97249926934087, 40.572574553912645], [-73.97334166993538, 40.5723222304676], [-73.97324836063855, 40.57162502837988], [-73.97344967632118, 40.57227284899774], [-73.97440717073196, 40.5722401286502], [-73.97547273744465, 40.571971370246644], [-73.97540814784132, 40.57142239548626], [-73.97568151672405, 40.57195494580578], [-73.97684057002478, 40.57194969571503], [-73.97766133817562, 40.571730273877854], [-73.97766872442534, 40.57117033513488], [-73.97807904717918, 40.571230799875046], [-73.97771189090459, 40.571252687664], [-73.9778053101116, 40.5717577498318], [-73.97858276413284, 40.57189513764616], [-73.97984990820225, 40.57153854228996], [-73.97944686036958, 40.571220073527165], [-73.97975640895922, 40.571247576542675], [-73.9800082392637, 40.57169776862863], [-73.98064894352444, 40.57173630561034], [-73.98203843023629, 40.57147851962645], [-73.98157055717554, 40.57124788191516], [-73.98194490818985, 40.57123696214379], [-73.98217518975217, 40.571560885071094], [-73.98249194583747, 40.57156642339419], [-73.9880353072623, 40.57098523589734], [-73.98861843901551, 40.570897461398204], [-73.98857527903702, 40.57069983116152], [-73.9887192272819, 40.5708810025108], [-73.9899358699653, 40.570760344129795], [-73.9907709699829, 40.57060121557316], [-73.99079261520457, 40.57024988227324], [-73.99086455609005, 40.5706012230539], [-73.99119570548373, 40.57061222813149], [-73.9927290978292, 40.57043117829585], [-73.99296666889465, 40.57036531776793], [-73.99298108458814, 40.570195140739315], [-73.99315383876048, 40.57038179790526], [-73.99493916994935, 40.57035444238392], [-73.99514074207777, 40.570316023817746], [-73.99518395685416, 40.57001958669464], [-73.99529191860368, 40.570321519723215], [-73.99576704156094, 40.57039290314324], [-73.99719242736974, 40.5703490299446], [-73.9973724083958, 40.570134939411915], [-73.99766755408696, 40.570376488624234], [-73.99846663000685, 40.57049727348815], [-73.9996616513366, 40.5703820014157], [-73.99974803779453, 40.570497283445874], [-74.00077748331297, 40.570491791481224], [-74.00200848997501, 40.570206316835645], [-74.00208765836466, 40.569585989473595], [-74.00248367358292, 40.57173790863862], [-74.00482344933074, 40.572890652113536], [-74.00666648932508, 40.57339560393493], [-74.0087111186037, 40.573757781241525], [-74.01007179168077, 40.57382903491253], [-74.01115893969825, 40.57416929016329], [-74.0120157866638, 40.574882852771005], [-74.01236873683895, 40.57585447584719], [-74.01246248497169, 40.57668339638684], [-74.01302427111789, 40.57780321382011], [-74.01234776044691, 40.57921960686358], [-74.01133274409246, 40.58018588201471], [-74.00745214395482, 40.581805632644155], [-74.0060481327461, 40.581981382467745], [-74.0039816720127, 40.581723461266876], [-74.00294484043282, 40.581432543488894], [-74.00062640731366, 40.58129533940961], [-73.99804156940789, 40.58155882543913], [-73.9976167751134, 40.58121297233119], [-73.99789039045515, 40.58081772614574], [-73.99776799760667, 40.58058716043088], [-73.9918281551493, 40.57924742781295], [-73.9903593576896, 40.57942298132703], [-73.98899147689494, 40.57883547059573], [-73.98842989483065, 40.57881345698888], [-73.98739306945394, 40.57908782818082], [-73.9866945400347, 40.57981237733278], [-73.98701849607413, 40.58002101939428], [-73.98588786667324, 40.58114625509306]]]}, "properties": {"geo_id": "11224", "name": "11224", "borough": null, "area_km2": 4.1361}}, {"type": "Feature", "id": 112, "geometry": {"type": "Polygon", "coordinates": [[[-73.96188395739085, 40.65488239358401], [-73.96285684826054, 40.6552285543516], [-73.96313060598627, 40.65549763101308], [-73.96283457267356, 40.65639782399819], [-73.96283412616167, 40.657199299908434], [-73.96325893370985, 40.65807227666134], [-73.96371929909263, 40.659856529991536], [-73.96502283431217, 40.66217352776824], [-73.96466247507627, 40.662019709990034], [-73.96435966455594, 40.66209647038913], [-73.96418656482018, 40.66226110338379], [-73.96391930094357, 40.663254629897246], [-73.96286648545222, 40.663814229746855], [-73.96239110063314, 40.66308945368092], [-73.96095641145038, 40.663286599764966], [-73.96257373365233, 40.67164224031728], [-73.95527118554162, 40.670124516288894], [-73.94773018706293, 40.669715110251715], [-73.94806461263916, 40.66614156117903], [-73.94252817558926, 40.66583700284049], [-73.94269552012096, 40.664052980137775], [-73.94226319301876, 40.663805733844505], [-73.94216973792528, 40.6635037611916], [-73.93997825978515, 40.663453232581105], [-73.94002911233477, 40.66301958396579], [-73.94282631755141, 40.662845342360946], [-73.94261197318195, 40.660610984885], [-73.94767269081837, 40.66029500387035], [-73.94726485089576, 40.65643565586593], [-73.95305328080327, 40.656081342526306], [-73.9530962325416, 40.65650405637189], [-73.95943249109008, 40.65609474847827], [-73.95985804977418, 40.65563377451829], [-73.96013849022792, 40.65676472191875], [-73.96120540064749, 40.656605889412106], [-73.96061427545082, 40.65669352151297], [-73.96091012774039, 40.656155645331985], [-73.96070156961662, 40.65534311897922], [-73.96188395739085, 40.65488239358401]]]}, "properties": {"geo_id": "11225", "name": "11225", "borough": null, "area_km2": 2.2899}}, {"type": "Feature", "id": 113, "geometry": {"type": "Polygon", "coordinates": [[[-73.9556965138164, 40.63762646202901], [-73.9630992238636, 40.63404438349019], [-73.96335061801165, 40.63551567013366], [-73.96421555375508, 40.63509873484863], [-73.96451015146214, 40.63668531327858], [-73.96538229544025, 40.63627935064153], [-73.9657919296142, 40.63844236535894], [-73.9649269661513, 40.638848333205075], [-73.96530066576003, 40.640824692656565], [-73.96617285346531, 40.64042970335024], [-73.96630221774541, 40.6411269169562], [-73.96599225820727, 40.64128053371347], [-73.96631543921004, 40.64348743632376], [-73.96681972919903, 40.64386087369535], [-73.96687005983871, 40.644096939711005], [-73.96594032161663, 40.64420096993423], [-73.96637155806003, 40.64653416368962], [-73.9673373287482, 40.646501504625824], [-73.9675457611391, 40.64768182074547], [-73.96666630415277, 40.64802741195735], [-73.96702571883294, 40.64994886394852], [-73.96465395652083, 40.65088687527247], [-73.96620963182815, 40.65318747055199], [-73.96070156961662, 40.65534311897922], [-73.96091012774039, 40.656155645331985], [-73.96061427545082, 40.65669352151297], [-73.96013849022792, 40.65676472191875], [-73.95985804977418, 40.65563377451829], [-73.95943249109008, 40.65609474847827], [-73.9530962325416, 40.65650405637189], [-73.95305328080327, 40.656081342526306], [-73.94726485089576, 40.65643565586593], [-73.94647783377243, 40.6491012333959], [-73.94746529513598, 40.64904130345539], [-73.94724350673336, 40.64696614522146], [-73.94705748372755, 40.645247824579755], [-73.94607007370209, 40.645313240612204], [-73.94586980996822, 40.643424734341195], [-73.94628822341043, 40.64290342128092], [-73.94613113785043, 40.64109178913108], [-73.94661399765212, 40.64106456644958], [-73.94650666981916, 40.640103841371456], [-73.94938216800146, 40.639929476733855], [-73.94923188589627, 40.63854603801471], [-73.95359896746396, 40.63842162295604], [-73.95427588072393, 40.639113580361126], [-73.95583294037023, 40.63836760697606], [-73.9556965138164, 40.63762646202901]]]}, "properties": {"geo_id": "11226", "name": "11226", "borough": null, "area_km2": 3.3415}}, {"type": "Feature", "id": 114, "geometry": {"type": "Polygon", "coordinates": [[[-73.99961818872988, 40.61747177145812], [-74.00731123608749, 40.610077065631735], [-74.00805321811465, 40.61052167276124], [-74.00982496456857, 40.60882525181493], [-74.00907578584489, 40.608375167025514], [-74.01237417584441, 40.60521285476979], [-74.01278476865434, 40.605426903915095], [-74.01418896117191, 40.6038676949253], [-74.01377837231615, 40.60364816117066], [-74.01452004778487, 40.602813651713966], [-74.01495934649101, 40.60259950123216], [-74.01478637505564, 40.602083501821475], [-74.01688234206676, 40.60244003663084], [-74.01832280887288, 40.60241785763192], [-74.01913673239521, 40.60261535035363], [-74.01942490278323, 40.60287331289887], [-74.01550051026672, 40.60684288434809], [-74.0170205164639, 40.60765512875973], [-74.01766862732573, 40.60707862391682], [-74.01822319545327, 40.60688640163987], [-74.02016084664197, 40.60717153682527], [-74.02126304380445, 40.60766540138365], [-74.02446907501904, 40.60965199522998], [-74.02457733233466, 40.61022288944468], [-74.02279962962865, 40.61458198879507], [-74.02504759820309, 40.61570688620006], [-74.02666736880104, 40.61299466580793], [-74.02640800795574, 40.61290689228038], [-74.0265879728468, 40.61259943386541], [-74.02637901393415, 40.6124512631301], [-74.02754617348052, 40.61293956268781], [-74.02524967201212, 40.61667849872203], [-74.02042473675586, 40.62216355182936], [-74.02008620325589, 40.62242162185362], [-74.0197042939947, 40.6221856358996], [-74.01604653804533, 40.631035407502125], [-74.01490071946972, 40.630354854091195], [-74.01477093399306, 40.62995413165442], [-74.01288289075755, 40.62868077653747], [-74.01254427336924, 40.62882354302632], [-74.01214075656013, 40.628686346877956], [-74.00609526259359, 40.62503076622562], [-74.00667879553194, 40.62447079655073], [-74.0044740555322, 40.62314242477264], [-74.00389051571055, 40.62370238333505], [-73.99728400606053, 40.61971149046943], [-73.99902745370099, 40.61803170564222], [-73.99927238967173, 40.61817992624144], [-73.99948851748255, 40.617405895932855], [-73.99961818872988, 40.61747177145812]]]}, "properties": {"geo_id": "11228", "name": "11228", "borough": null, "area_km2": 3.8083}}, {"type": "Feature", "id": 115, "geometry": {"type": "Polygon", "coordinates": [[[-73.97299575872614, 40.60881152030671], [-73.97529625804266, 40.62091108704103], [-73.9753971716521, 40.62076837951373], [-73.97705390794408, 40.62153177420223], [-73.97695301188668, 40.62163056651222], [-73.97582930890793, 40.62110882535113], [-73.97626084336885, 40.62315652959777], [-73.9766210868059, 40.62311817634653], [-73.97683709893316, 40.62348053248103], [-73.97579958976657, 40.62359559998181], [-73.97657629489456, 40.62757570682225], [-73.9767924586456, 40.62754281318223], [-73.97960910552476, 40.62930001249601], [-73.97770669060603, 40.629974877486546], [-73.97716602560648, 40.630748801858324], [-73.97604899650695, 40.631275574032486], [-73.97573930272657, 40.63088574910473], [-73.97270518642496, 40.63242215046427], [-73.97277707895262, 40.63282290659906], [-73.96451015146214, 40.63668531327858], [-73.96421555375508, 40.63509873484863], [-73.96335061801165, 40.63551567013366], [-73.9630992238636, 40.63404438349019], [-73.958399635353, 40.636326442608905], [-73.95819851668746, 40.63528883998638], [-73.95716799774223, 40.635403741817015], [-73.95636369139478, 40.63118744456805], [-73.9566234770804, 40.630589178864284], [-73.95730083397692, 40.6305125783165], [-73.95712129521853, 40.62958477273434], [-73.95608366441552, 40.62968868307508], [-73.95490620819469, 40.62345206373949], [-73.95594374749848, 40.623342674375834], [-73.95536748810873, 40.62317776462371], [-73.9550228953976, 40.621355088740835], [-73.95538314130508, 40.621316802033455], [-73.95534007284404, 40.62108073321162], [-73.9554914525689, 40.62094904190925], [-73.95445394598532, 40.621063916800885], [-73.95355672632535, 40.61628212913136], [-73.95402442667157, 40.61622998216489], [-73.95349378096525, 40.61357024755131], [-73.9530471252372, 40.61361947226465], [-73.95258787860939, 40.611110541686436], [-73.97299575872614, 40.60881152030671]]]}, "properties": {"geo_id": "11230", "name": "11230", "borough": null, "area_km2": 4.7654}}, {"type": "Feature", "id": 116, "geometry": {"type": "Polygon", "coordinates": [[[-73.84314804772336, 40.70922166263624], [-73.8413428505142, 40.70994380733915], [-73.8377115517686, 40.71103665212711], [-73.83611529529922, 40.71182488360491], [-73.83600731233366, 40.71173140775112], [-73.83129724715023, 40.71426625562178], [-73.82715324385968, 40.71538546251455], [-73.82573731097203, 40.71610245665086], [-73.82379763233838, 40.712970470250966], [-73.82112725811885, 40.71068270517018], [-73.81998360515175, 40.70942930796857], [-73.81861275439991, 40.70685256242875], [-73.81911828943745, 40.7066392658904], [-73.8184644972545, 40.705666588071644], [-73.82008204034551, 40.70503234104578], [-73.82063530348404, 40.705840166927366], [-73.82202198499881, 40.70521102224819], [-73.82177740270834, 40.70495812495456], [-73.82154265147196, 40.70372810406354], [-73.82245892968814, 40.70365815698249], [-73.82343955845666, 40.70380239344339], [-73.82339001065822, 40.703445497249035], [-73.83152458883042, 40.701388134204706], [-73.83233402332709, 40.70076350837473], [-73.83341489943598, 40.70119326209791], [-73.83391693893033, 40.70234679128019], [-73.8330219452318, 40.70257056756374], [-73.8337176928965, 40.704147072811075], [-73.83475706698879, 40.703885071721054], [-73.83523761821334, 40.704994647518575], [-73.83419822870967, 40.70525665291016], [-73.83497994350316, 40.707096771489525], [-73.83618346443677, 40.707570590740985], [-73.83554674836684, 40.708343707523504], [-73.83418252198908, 40.708671122636545], [-73.83481493118421, 40.709643679728515], [-73.8340492974524, 40.710026846005846], [-73.8358993161563, 40.711643421309674], [-73.83675264302046, 40.71080473584114], [-73.83746706258984, 40.71071242466583], [-73.840507054738, 40.70951446864899], [-73.84151109507201, 40.70896690188707], [-73.84314804772336, 40.70922166263624]]]}, "properties": {"geo_id": "11415", "name": "11415", "borough": null, "area_km2": 1.5745}}, {"type": "Feature", "id": 117, "geometry": {"type": "Polygon", "coordinates": [[[-73.95899628028614, 40.59178414402109], [-73.95946987114655, 40.59456753871469], [-73.9608886884648, 40.59436491523621], [-73.9610244690399, 40.5961600598565], [-73.95977849466311, 40.596296870447546], [-73.96018052626373, 40.59841599479506], [-73.96073092613479, 40.605470312796946], [-73.96173216619742, 40.605355369089395], [-73.96188229098243, 40.60733716162432], [-73.96237779633108, 40.6099887971144], [-73.9535964510954, 40.61095175518672], [-73.95166570931816, 40.61131327241661], [-73.95162983193109, 40.611121121693635], [-73.95070771227881, 40.61125248009712], [-73.95077946209229, 40.61163678209867], [-73.94996497273486, 40.612317139483665], [-73.95026631844023, 40.61392571967439], [-73.94930816012416, 40.61402960329275], [-73.9491216109271, 40.61305237416661], [-73.94824953535237, 40.61363388122231], [-73.94834279095325, 40.61413896527214], [-73.94742786137208, 40.61422638387246], [-73.94657017628202, 40.61479141594897], [-73.94699343761668, 40.61700391546567], [-73.94606405024105, 40.617102295709216], [-73.94573408347927, 40.61536194138268], [-73.94482584291221, 40.61604770742921], [-73.94430936542284, 40.61341245624788], [-73.94374788198252, 40.61294556780805], [-73.9429766764704, 40.61345022996721], [-73.93753536922671, 40.60855617703019], [-73.93604342328501, 40.60951603500663], [-73.9342298310553, 40.60789558204648], [-73.93351629064547, 40.608345318061325], [-73.9298678071595, 40.60507135241277], [-73.93355073606013, 40.6026855672524], [-73.92813261439277, 40.59778009723829], [-73.92956679777488, 40.596820305540234], [-73.91805672253489, 40.58643732760516], [-73.91918780022186, 40.585960533110274], [-73.91961238357612, 40.586169435915245], [-73.92040454844364, 40.586087643344726], [-73.92082229376066, 40.58599460870045], [-73.92108182630481, 40.58573128624078], [-73.92211861724226, 40.585808848143394], [-73.92235598706758, 40.586023103361505], [-73.92296098869613, 40.58589176010032], [-73.92353693428099, 40.58597997849177], [-73.92389717004107, 40.585799060716376], [-73.92404106898944, 40.58589796881366], [-73.92401961090695, 40.58577169372784], [-73.92456699638653, 40.58564579350023], [-73.92520046651984, 40.585805406161455], [-73.9257037672872, 40.5864699747951], [-73.92684057226052, 40.58728865517972], [-73.92732241164249, 40.5878489004889], [-73.92743705758592, 40.58837048522318], [-73.92776078085295, 40.588661638144394], [-73.92395589302546, 40.591140483221565], [-73.92420047640114, 40.59136571848103], [-73.92460392770914, 40.59120129586746], [-73.92815665185027, 40.588826574419684], [-73.9288834919637, 40.58924972595531], [-73.9299058006357, 40.5894644486138], [-73.93053865166944, 40.59026631478914], [-73.93037204303712, 40.59121042539234], [-73.9304725962281, 40.59146300792718], [-73.93010476729842, 40.59200625526518], [-73.9303423164855, 40.59209423312306], [-73.93028433971759, 40.59244553240122], [-73.93017636063796, 40.59240703963652], [-73.92971472757638, 40.59312040625184], [-73.92985805698264, 40.593784735428414], [-73.9304335250018, 40.59440541000659], [-73.93190234456789, 40.59468625937711], [-73.93241310837102, 40.59522454162709], [-73.93305440158169, 40.59487358267564], [-73.93301142911773, 40.59463750486978], [-73.95899628028614, 40.59178414402109]]]}, "properties": {"geo_id": "11229", "name": "11229", "borough": null, "area_km2": 5.5892}}, {"type": "Feature", "id": 118, "geometry": {"type": "Polygon", "coordinates": [[[-74.00798304161039, 40.68627769396504], [-74.00752869923892, 40.68607461152414], [-74.00716815944952, 40.686354601201145], [-74.00485324111894, 40.68566852932374], [-74.00451435171526, 40.68632179865845], [-74.00235811502961, 40.68573448201673], [-74.00139183471437, 40.68774915961809], [-73.99441121873713, 40.685454403787446], [-73.99457710836005, 40.68509759143928], [-73.98999099359916, 40.68331867179644], [-73.9908637096429, 40.682056149134674], [-73.98870056302384, 40.68121605660862], [-73.98912610832237, 40.68057931029263], [-73.98808061443432, 40.68017298032105], [-73.98931394547037, 40.67835606143546], [-73.98940782578057, 40.67745578426938], [-73.99069872883048, 40.675809031261615], [-73.9928113064377, 40.676149534695945], [-73.99408032062817, 40.676182544279555], [-73.99483021219594, 40.675957508907494], [-73.99537101012515, 40.67559522168692], [-73.99847150492644, 40.67206003412134], [-73.9993078646748, 40.670769997448524], [-74.00030279988391, 40.66871690623573], [-74.00105980325708, 40.66894746301198], [-74.00141305856533, 40.6683600769469], [-74.00221331840639, 40.668579646495196], [-74.00289816806568, 40.6673499711037], [-74.00319374816505, 40.66726213040093], [-74.00398680246326, 40.667668332697644], [-74.00604872791017, 40.66805251157311], [-74.00475121709376, 40.670720495449075], [-74.00543615872108, 40.67092357856583], [-74.00661833104701, 40.668623393843774], [-74.00985538683794, 40.66852435010426], [-74.01154181522521, 40.665087731741934], [-74.01575182321822, 40.664565724441744], [-74.01690534573139, 40.66484552809177], [-74.01788605304075, 40.66584996856913], [-74.01857940184357, 40.67038972015069], [-74.01875983738991, 40.67107588495424], [-74.01933677861201, 40.67162474465819], [-74.01888255277781, 40.67160286189752], [-74.01751253462942, 40.67103216516141], [-74.01668922099432, 40.665438431729015], [-74.01648723814033, 40.66492793212249], [-74.01602583918405, 40.66486212264852], [-74.01593947554153, 40.665471475392955], [-74.0122772645715, 40.66572993366251], [-74.0108791483984, 40.668601111602335], [-74.01036007060924, 40.66864507595022], [-74.01033850928987, 40.66907875264111], [-74.01090808249337, 40.66918849111862], [-74.010872119641, 40.669710002099116], [-74.01154262837562, 40.669786790525094], [-74.0115138969129, 40.67040711289491], [-74.01196098517255, 40.67089014791498], [-74.01261706361187, 40.67084067186152], [-74.01355441596606, 40.67125777122739], [-74.0139941996763, 40.67119184394566], [-74.01436916544515, 40.671455296231635], [-74.01387177598865, 40.671878052783704], [-74.01423233940663, 40.672207381850164], [-74.01297803501771, 40.67332739863871], [-74.01336021882678, 40.67359085333204], [-74.01511914569079, 40.67215786276328], [-74.01632338186462, 40.67290976675658], [-74.01457889690288, 40.6744141379312], [-74.01496109326318, 40.674677587272164], [-74.01670558199491, 40.67319516855356], [-74.01816954052208, 40.67439715826296], [-74.01783089460352, 40.67525907058949], [-74.01829961365544, 40.67545662077992], [-74.01886911464179, 40.67507226031205], [-74.01840778557933, 40.67552247811858], [-74.01848719122583, 40.67585732790057], [-74.01801853109372, 40.67589033954647], [-74.01791054323878, 40.676510675450984], [-74.01977084791369, 40.67661467225072], [-74.01995125343912, 40.677103210938725], [-74.01908601314065, 40.67714178455945], [-74.01921598439122, 40.67777855052152], [-74.01843007624694, 40.677910428243486], [-74.0184158310605, 40.67854721805901], [-74.01824998913985, 40.678552734030646], [-74.01858179531884, 40.67898086561721], [-74.0195552449194, 40.679030110216466], [-74.01928142010878, 40.67965047523754], [-74.01899306391202, 40.67990304234477], [-74.01772417673676, 40.68066080219372], [-74.01747178680561, 40.68061692442589], [-74.0167868623585, 40.681023252790176], [-74.01520069278098, 40.68197865417887], [-74.01532330928434, 40.682110386998104], [-74.0148690794423, 40.68238492383977], [-74.01360691721506, 40.68122129642103], [-74.01387367496862, 40.68100717228317], [-74.01301546814602, 40.68041440159277], [-74.00967007755271, 40.683269294880475], [-74.01092500851797, 40.68449335085007], [-74.00798304161039, 40.68627769396504]]]}, "properties": {"geo_id": "11231", "name": "11231", "borough": null, "area_km2": 3.6256}}, {"type": "Feature", "id": 119, "geometry": {"type": "Polygon", "coordinates": [[[-73.80287548873993, 40.74976575913053], [-73.80913231779925, 40.75027035281967], [-73.8070154778103, 40.76586250155014], [-73.8074628651043, 40.76595108200647], [-73.80714563230343, 40.768289076265695], [-73.80668362983718, 40.7682553650535], [-73.80649911954396, 40.76963291819942], [-73.80556789269473, 40.76955998710051], [-73.80535400813899, 40.77109668388458], [-73.80629241296765, 40.771191586694144], [-73.80615226554721, 40.77220690688908], [-73.80427530128016, 40.77206100708287], [-73.80388424686386, 40.77489840856242], [-73.79829652502546, 40.774449603671556], [-73.79823032230568, 40.774850220535164], [-73.79785614713633, 40.7744158950123], [-73.79275935648602, 40.7740225765518], [-73.79270954494322, 40.77378643882111], [-73.79163220884537, 40.77424012345803], [-73.78595622335335, 40.763102509702854], [-73.78542385669172, 40.762514142715396], [-73.78516743734566, 40.76143223288224], [-73.7861278822939, 40.761357166877524], [-73.78590202753696, 40.75974832288423], [-73.78447216947735, 40.75987740476373], [-73.78212626868391, 40.75533865978589], [-73.78052306167103, 40.75333194552805], [-73.78009266061392, 40.752507698108744], [-73.78121483785156, 40.75150525450495], [-73.7862433068197, 40.75013682851252], [-73.78741742157968, 40.75091302248934], [-73.78695135088579, 40.74993502838021], [-73.79229748979766, 40.748468114149425], [-73.79230513578841, 40.74833089013578], [-73.79481677000227, 40.74842322391416], [-73.79477709430536, 40.74958692960469], [-73.79566295258135, 40.75023626675736], [-73.79785340298811, 40.74915320875569], [-73.79802070329865, 40.74873080991723], [-73.80280536968048, 40.749068471373135], [-73.80287548873993, 40.74976575913053]]]}, "properties": {"geo_id": "11358", "name": "11358", "borough": null, "area_km2": 5.0468}}, {"type": "Feature", "id": 120, "geometry": {"type": "Polygon", "coordinates": [[[-74.02446259658824, 40.65094460073912], [-74.02382126716599, 40.65135645275457], [-74.02305712401524, 40.650972338916915], [-74.02262478323561, 40.65131277782397], [-74.02154342982189, 40.650670706315736], [-74.02090213660824, 40.65124722901297], [-74.0238074552228, 40.65304724151572], [-74.02359128057586, 40.653217462544134], [-74.02196198031955, 40.65222417406375], [-74.02162324685352, 40.652317560843294], [-74.02123414898276, 40.652696413279735], [-74.02118373977535, 40.65283915124494], [-74.02320236236913, 40.65409587184988], [-74.02306545894332, 40.6542331384701], [-74.02209937831464, 40.65358555965397], [-74.02163088532605, 40.65364603391707], [-74.02114813578584, 40.65421154873297], [-74.02182582886547, 40.654656076747905], [-74.0216457018591, 40.65488118286943], [-74.02089592619735, 40.65443117735948], [-74.02063644072224, 40.65443671377199], [-74.02047779781329, 40.65421715959697], [-74.019194726732, 40.65402524616195], [-74.01862515134897, 40.653492852140054], [-74.01787568524803, 40.654063885670894], [-74.0144238499232, 40.65761062753182], [-74.01247071416496, 40.65931810919346], [-74.01183629362878, 40.65891194877752], [-74.01023625275538, 40.66046015813838], [-74.00859977303504, 40.65952157744748], [-74.00568776252355, 40.662272027321926], [-74.00428198853997, 40.66144316493611], [-74.003489069334, 40.66223917767573], [-74.00389277676099, 40.662469726157845], [-74.0034026015652, 40.66298576012984], [-74.0045921221049, 40.663737788150605], [-74.00432541002836, 40.66405070323756], [-74.00528425708602, 40.66465451442596], [-74.0048589512417, 40.66506624990502], [-74.00113179615789, 40.662903461521395], [-74.00094436743402, 40.66307912905519], [-74.00083623286372, 40.66300776564403], [-73.99953141148372, 40.66439662568013], [-74.00292696653412, 40.666460662456345], [-74.00224209645863, 40.66679554071203], [-74.00162209484132, 40.66676810334938], [-74.00120395939584, 40.66702062801786], [-74.00146349880505, 40.66716884299181], [-74.00068489249276, 40.66754762954015], [-73.99997837184807, 40.66744881959297], [-73.99902671866413, 40.668442424819176], [-73.99902671041337, 40.66900784886713], [-73.9986590130824, 40.669512884092136], [-73.99881041336253, 40.66959522905713], [-73.99822639169714, 40.67120366049761], [-73.99666920018211, 40.66873881663188], [-73.99648174272835, 40.6689254558809], [-73.9948597557633, 40.666844853717784], [-73.99581146821868, 40.665532888536866], [-73.9916737131667, 40.66302942557829], [-74.00216234519009, 40.652950873029205], [-73.99779449592242, 40.65028843329308], [-73.99830624446479, 40.64973948539055], [-73.99393155262818, 40.64707140830604], [-73.99773706898712, 40.643410003811944], [-73.99969730953116, 40.644606751823645], [-73.99994234492401, 40.6443158050401], [-74.00034593170825, 40.64455734557959], [-74.00010810414801, 40.644859272346594], [-74.00209725981203, 40.64611087490792], [-74.00066306490517, 40.64748877362799], [-74.00507409002483, 40.65014561380263], [-74.00624160204832, 40.64902019532641], [-74.0105087857238, 40.65160546999108], [-74.00934850746647, 40.65272544130455], [-74.00949267582195, 40.652813262521505], [-74.01125830393353, 40.651133296477184], [-74.01342806408609, 40.65245604871741], [-74.01925752705264, 40.64685037337252], [-74.02145613923383, 40.648183949098296], [-74.0208725246486, 40.64874948188826], [-74.02446259658824, 40.65094460073912]]]}, "properties": {"geo_id": "11232", "name": "11232", "borough": null, "area_km2": 2.8546}}, {"type": "Feature", "id": 121, "geometry": {"type": "Polygon", "coordinates": [[[-73.92424492180574, 40.66644673580552], [-73.92478426780195, 40.66764381313147], [-73.92532427234732, 40.668269974353066], [-73.92530961366604, 40.668484057524296], [-73.92560517839881, 40.66850620726164], [-73.92499257404644, 40.67473645324133], [-73.92776111851762, 40.67488644274254], [-73.92768817742554, 40.67566042367315], [-73.93045675486412, 40.67582132738736], [-73.93021654651969, 40.67798955428157], [-73.92905428025495, 40.67927888753825], [-73.93739659766418, 40.679728382312824], [-73.93822196948852, 40.68389539425617], [-73.93798397567375, 40.68392271396235], [-73.93809180675984, 40.68428508199743], [-73.93587773539988, 40.6845254094913], [-73.93530112475544, 40.68422865130647], [-73.9323802452645, 40.6845673237436], [-73.93209864385653, 40.684923978334716], [-73.9270789090246, 40.68555220444013], [-73.9269927756456, 40.68518435033126], [-73.92653119203298, 40.685238952001455], [-73.9263435343893, 40.68538704974467], [-73.9263649501232, 40.68558468705771], [-73.92366747461635, 40.6859617078948], [-73.92349483600829, 40.685582814669736], [-73.92040074453584, 40.68593753639177], [-73.92043635603397, 40.6863108500478], [-73.91814280096655, 40.68657273952343], [-73.91821446433998, 40.68694058994162], [-73.91799808593902, 40.686967883674704], [-73.91804826277465, 40.6872149489], [-73.91151233376623, 40.68350466539544], [-73.91181562895247, 40.683181014960404], [-73.9116651706701, 40.68244530021716], [-73.91002798448747, 40.682658124084874], [-73.90349301983625, 40.67889797710313], [-73.90331424268977, 40.67787128100964], [-73.90435968738922, 40.67792705027526], [-73.90425984352697, 40.677158430052884], [-73.90335139308952, 40.67711375412525], [-73.90346853974677, 40.67588419280392], [-73.90267554388015, 40.6757902023534], [-73.90438522268207, 40.67520425372132], [-73.91308583303955, 40.67130808271031], [-73.9141743217609, 40.67145711785403], [-73.91403805697176, 40.67089708151946], [-73.91487485777635, 40.67052990353179], [-73.91695823951072, 40.6707125815271], [-73.9171107559405, 40.66981789399771], [-73.91889141610964, 40.66991797517355], [-73.91996618719996, 40.66947407388735], [-73.92004589421177, 40.669139266408244], [-73.91838065296635, 40.66900085813005], [-73.91923182509204, 40.668633658597805], [-73.91941955750234, 40.66839773932428], [-73.91995315151702, 40.6683212580489], [-73.92424492180574, 40.66644673580552]]]}, "properties": {"geo_id": "11233", "name": "11233", "borough": null, "area_km2": 3.4898}}, {"type": "Feature", "id": 122, "geometry": {"type": "MultiPolygon", "coordinates": [[[[-73.93076236134628, 40.58286097463781], [-73.93095690431663, 40.582729341178066], [-73.93184231491186, 40.58294396444678], [-73.93204260949086, 40.58423414026627], [-73.93009822031998, 40.58450196440157], [-73.9301912176248, 40.58508391901677], [-73.93127092960059, 40.58543590461519], [-73.93139987935109, 40.586078265335736], [-73.92712403051692, 40.58487889916958], [-73.9258350614257, 40.58495492885006], [-73.92530257618867, 40.58464167643422], [-73.92345186122063, 40.584816125688164], [-73.92101119072174, 40.58457293109458], [-73.91998141020467, 40.584671031422666], [-73.91884328627759, 40.58504352629753], [-73.91879986977848, 40.585219162979925], [-73.91842525581873, 40.585372606559865], [-73.91733051168887, 40.585585918693106], [-73.91697730971336, 40.585887592280876], [-73.91516945614823, 40.58628701289617], [-73.9134415780333, 40.58607711923319], [-73.912556623518, 40.585527488658215], [-73.9125072913609, 40.584709499913224], [-73.9123707205403, 40.58452823885132], [-73.91260860767156, 40.58431981502158], [-73.91263789043029, 40.58395203370211], [-73.91250116976671, 40.5838860543929], [-73.91268839347512, 40.58387521760873], [-73.91271022415386, 40.58369956680517], [-73.9124224553238, 40.58351270121055], [-73.91243704309797, 40.583369982568684], [-73.91304954066509, 40.58300813371631], [-73.9130565050947, 40.583189295994664], [-73.91461232109279, 40.58275678389001], [-73.91490018372755, 40.58287227919853], [-73.91498623035287, 40.58315231281707], [-73.91613864754011, 40.582856721012405], [-73.91656309189138, 40.58315346876275], [-73.91729747298604, 40.583192426969084], [-73.91677240628651, 40.582747389722094], [-73.91632590216145, 40.58281843029374], [-73.91595917322327, 40.582433890184106], [-73.91541204814794, 40.58236212379152], [-73.91489346616808, 40.58249349138116], [-73.91438959222033, 40.5823833249034], [-73.91446129889775, 40.58261394178576], [-73.91423811313997, 40.58259730658676], [-73.91417305012689, 40.5828003734404], [-73.91372672725998, 40.58272867428172], [-73.91335922328507, 40.58295347159946], [-73.91297038066992, 40.58297513614358], [-73.91298513166052, 40.58270615660073], [-73.91289114915182, 40.58299703452571], [-73.9125022270182, 40.58307908309535], [-73.91222156789937, 40.58296358728226], [-73.91248807823685, 40.58288693609559], [-73.9119335502494, 40.582968856483845], [-73.91155939839211, 40.582770943252335], [-73.9112720597868, 40.58226567789402], [-73.91156790702735, 40.58178282057523], [-73.91371374528559, 40.581630743187134], [-73.91444085159235, 40.58171363106331], [-73.9150170851818, 40.581538391313316], [-73.91814119827467, 40.582139026802174], [-73.92195605785605, 40.58319568583336], [-73.92443254637313, 40.583559655301414], [-73.92943692364162, 40.58342010800075], [-73.93059640759074, 40.583195740437276], [-73.93087023441309, 40.582987300518006], [-73.93076236134628, 40.58286097463781]]], [[[-73.94482584291221, 40.61604770742921], [-73.9439607379851, 40.6168158310962], [-73.94241756610396, 40.61859369435842], [-73.94266136924018, 40.61991680627143], [-73.94080248812897, 40.62012446829887], [-73.94084542671584, 40.6204483759022], [-73.93998747269228, 40.62116157720627], [-73.9402671368443, 40.622621952164096], [-73.93722650076064, 40.622960686262175], [-73.93717594471336, 40.62309240864601], [-73.93561208775508, 40.62356913715148], [-73.93546049300551, 40.62387646879698], [-73.9369145455148, 40.62524418191705], [-73.93433557529163, 40.624880425414574], [-73.93343417796996, 40.625681386040974], [-73.93364820659377, 40.627811467325394], [-73.93461374919282, 40.62775163511109], [-73.93487085047298, 40.63009034212918], [-73.93389806891614, 40.630150172345274], [-73.93414794333408, 40.63249436581133], [-73.93511355857527, 40.63242903985502], [-73.93521348302725, 40.63341173060064], [-73.9343050994619, 40.63388331882656], [-73.93426927614937, 40.6336746944205], [-73.93333218533041, 40.63401999826629], [-73.9334250005404, 40.63488191560491], [-73.9322359494429, 40.63496356465343], [-73.92511235898276, 40.63869205738044], [-73.92374935692217, 40.639580472718656], [-73.92154933585803, 40.64134663562639], [-73.92159367179732, 40.64041343835629], [-73.92015846962003, 40.64134567835562], [-73.91958188522285, 40.64139468274663], [-73.91885522024295, 40.63448279672336], [-73.92041288190957, 40.633473803116], [-73.91859875704098, 40.632067200994655], [-73.91719408181106, 40.63173682320139], [-73.9174609577362, 40.631517431917906], [-73.91747576923905, 40.63119355735872], [-73.9166837370057, 40.63073735103439], [-73.91659042338155, 40.63045182521779], [-73.90269311091596, 40.62421571661021], [-73.90291684019273, 40.62395240569205], [-73.90283089550223, 40.62360099965155], [-73.90222572959098, 40.62358401781158], [-73.90186640956912, 40.62296338852694], [-73.90105266701883, 40.62271017009558], [-73.9005282649712, 40.62168316498116], [-73.89810731472602, 40.621851221906454], [-73.89699809990698, 40.62167456666913], [-73.896472559324, 40.62142706320114], [-73.89630787278598, 40.62077365393676], [-73.89621412250462, 40.62083395479453], [-73.89573235759849, 40.62024064342422], [-73.89577592614748, 40.620021099433785], [-73.89561057166561, 40.619801365895874], [-73.89571905539503, 40.61953247455581], [-73.8956112756532, 40.619351220335396], [-73.89584933921645, 40.61914283192361], [-73.89608105180102, 40.618385478445774], [-73.8964561493373, 40.61807291037466], [-73.89664457653737, 40.61734845422343], [-73.89645096356797, 40.61677187311924], [-73.8964663505473, 40.61614058418523], [-73.896171206677, 40.61600307823473], [-73.89617175314953, 40.615651744975644], [-73.8957335141557, 40.61488829526221], [-73.8960289942054, 40.61480621904521], [-73.89586375457355, 40.614520610758646], [-73.89427275373657, 40.613882365853065], [-73.89243601432129, 40.61377086994491], [-73.89131312261587, 40.61323732331406], [-73.89095360105152, 40.61283624260355], [-73.89104058042756, 40.61250694956304], [-73.89141578461316, 40.6121230331607], [-73.89209317075334, 40.61195898329873], [-73.89215061159568, 40.61207431864731], [-73.89274904929418, 40.61172903427008], [-73.89393070581826, 40.61153799503285], [-73.89396723696271, 40.61121414277756], [-73.89357833722015, 40.61116437703285], [-73.89354978662784, 40.610999662813086], [-73.89189216048308, 40.611536095797234], [-73.89099810374, 40.61205127313204], [-73.89116354914232, 40.612194159305915], [-73.8910769738522, 40.61227642118304], [-73.89033545446826, 40.61201221568398], [-73.8896951780727, 40.6115120501025], [-73.88978253353088, 40.61095768501165], [-73.89030222493602, 40.610315899755626], [-73.891946520147, 40.60910425708525], [-73.8918669306218, 40.60932376599251], [-73.89198208254054, 40.60938425979955], [-73.89177296992095, 40.60952130293441], [-73.89195316349227, 40.60945010774386], [-73.892270561206, 40.609164946789804], [-73.89237211240376, 40.60872587440469], [-73.89222100815272, 40.6086269201171], [-73.89242280788821, 40.608555744444885], [-73.89217071996876, 40.60854452903691], [-73.89248107744243, 40.60815505858151], [-73.89272746933183, 40.60722754730476], [-73.89334768835796, 40.606745040134506], [-73.89486081731094, 40.606406079359765], [-73.89587727501441, 40.60585255556838], [-73.89834144375094, 40.60530580199286], [-73.8991622163281, 40.605526108857184], [-73.89983209967902, 40.605504736252726], [-73.9005152018556, 40.606279362476116], [-73.90087429725851, 40.60698234085706], [-73.90056383885107, 40.60747613617636], [-73.90047480977829, 40.609216260336694], [-73.90025106283854, 40.60951799400418], [-73.90015658480289, 40.61007785045662], [-73.90139395937317, 40.61114389957128], [-73.90133548107706, 40.61172025654698], [-73.90161620180696, 40.61186322655244], [-73.90198375133092, 40.61174276954248], [-73.90271055501364, 40.61224842943661], [-73.90696246568972, 40.61606172512386], [-73.90673881716668, 40.61629759621772], [-73.90706312059288, 40.61620453585886], [-73.90725738035559, 40.61638035959414], [-73.90701943872658, 40.61653387586335], [-73.90735814303261, 40.61644631590998], [-73.90729307946626, 40.61661095111697], [-73.90794805048837, 40.61703417578722], [-73.9077316896195, 40.61720966915351], [-73.90778188977788, 40.61737439708346], [-73.90813518659161, 40.61715509643274], [-73.9083870008047, 40.61739134968724], [-73.90860329289177, 40.617265261331], [-73.90879036332029, 40.61743558714636], [-73.90911494596642, 40.61713940646634], [-73.9089566613027, 40.61699106232939], [-73.90964159945852, 40.61657439404387], [-73.9095986214837, 40.61639320382974], [-73.9086489507587, 40.61548667088301], [-73.90785692273559, 40.615206069673796], [-73.90740371167868, 40.61475555914444], [-73.90730278380082, 40.61481037369548], [-73.90544677320344, 40.61301376596018], [-73.9042375143097, 40.612364993131855], [-73.90437457608616, 40.61222786745638], [-73.90428844205057, 40.612013701703006], [-73.90313741260934, 40.610969715059106], [-73.90274849146233, 40.61093095951067], [-73.90225940814015, 40.610425502168226], [-73.9016395948469, 40.60576430830223], [-73.90524216968615, 40.60491095810259], [-73.90542134103573, 40.605542409122215], [-73.90597476565942, 40.60638277118888], [-73.90809973101703, 40.60628018763541], [-73.90863942077466, 40.60665939989922], [-73.90933833990117, 40.60647879673081], [-73.90985754901916, 40.606029058385836], [-73.90885768608959, 40.605062101177445], [-73.90832604730333, 40.60407355120322], [-73.91091972230248, 40.60350467283547], [-73.91364884287914, 40.60398435053254], [-73.91675669353681, 40.606907107698994], [-73.9166052075438, 40.60708815446711], [-73.91671978225085, 40.60762621767911], [-73.91632230742155, 40.608674441219655], [-73.91678317840505, 40.60877358848377], [-73.91638536083205, 40.610090801876325], [-73.91606078949471, 40.61043091998968], [-73.91616153120657, 40.61051333738792], [-73.91449612217039, 40.611653945565436], [-73.91493258878998, 40.61395989734551], [-73.91385837342685, 40.61463980645359], [-73.91422538711055, 40.61493102913428], [-73.91662608021575, 40.613445116710665], [-73.91573487750343, 40.611830527277796], [-73.91805627775624, 40.610273161773044], [-73.91809967883198, 40.61012497373365], [-73.91772556622725, 40.609756903907304], [-73.91801478440074, 40.60886779665004], [-73.91950689561038, 40.60797404770418], [-73.9195215860835, 40.6077380055013], [-73.91701789277846, 40.60538118948096], [-73.91712602154027, 40.60530990277358], [-73.91476603357891, 40.6033593706146], [-73.91489576882786, 40.60328810201358], [-73.91442815119002, 40.60286505592576], [-73.91396731034193, 40.602776878341565], [-73.91329817177177, 40.602249374268524], [-73.91029519428594, 40.60195063136464], [-73.9098269108311, 40.60204907763619], [-73.90894162463795, 40.60160921188296], [-73.90768027844658, 40.60229440516536], [-73.90657104825519, 40.60234291515266], [-73.9053894272902, 40.602649365904426], [-73.90457573066404, 40.602527922051365], [-73.90393443542995, 40.6027250132758], [-73.90332982408424, 40.60245551606864], [-73.90319990300932, 40.602647542598895], [-73.90289741093757, 40.60264179782533], [-73.90142719305315, 40.6032718498491], [-73.89983534468331, 40.60334183827956], [-73.89880491077203, 40.60365933220187], [-73.89793392128753, 40.60332369660865], [-73.89738639129875, 40.60341653219951], [-73.89534854988925, 40.60312374603141], [-73.89470002790112, 40.603315289567895], [-73.89379992205724, 40.60318820062096], [-73.8932664763996, 40.60347865509535], [-73.89219345006077, 40.60338982002873], [-73.89117036053429, 40.60359746048231], [-73.8908024053746, 40.603981383255686], [-73.8889720146485, 40.60455054766379], [-73.88873383527223, 40.604846755545125], [-73.88764551012672, 40.60527937490477], [-73.88477908654818, 40.60513929712065], [-73.88396447161564, 40.60555019732437], [-73.88272081648516, 40.604176535753844], [-73.88300967822292, 40.6037431519523], [-73.8829453562148, 40.603457627378674], [-73.88339267623347, 40.603018914270365], [-73.88336411589306, 40.60287615574076], [-73.88268202886223, 40.60165677064114], [-73.8823029308696, 40.60016870164268], [-73.88180740386282, 40.59936671150875], [-73.88164454029622, 40.59779651814676], [-73.8808190703575, 40.59625857663565], [-73.88076436826394, 40.59462810801778], [-73.87971156037364, 40.59139912385596], [-73.879359704882, 40.59084430491771], [-73.87897074562146, 40.5908987919437], [-73.8789206762548, 40.59071209263063], [-73.8792952223726, 40.59066308023975], [-73.87896535539265, 40.58989967814273], [-73.87913913331678, 40.589372858934034], [-73.87878871812657, 40.58803302596483], [-73.87807830408845, 40.586681831095454], [-73.87671344240471, 40.58491272106031], [-73.87970304863609, 40.58013444056012], [-73.88174159744405, 40.579593085563495], [-73.88186423839116, 40.57945597147656], [-73.88174956516939, 40.57915941453635], [-73.88287279912115, 40.57912762749556], [-73.88437127906327, 40.5786021428066], [-73.88734568956723, 40.5780726057065], [-73.88882155215083, 40.57812344992041], [-73.88964286632707, 40.577794865162836], [-73.89118347716234, 40.577873189270505], [-73.89207688869735, 40.57747329044757], [-73.89454737981775, 40.57683878984947], [-73.89552663684469, 40.576768319606394], [-73.89594946288204, 40.57802033450042], [-73.89650951042638, 40.579008970118664], [-73.89694081425661, 40.57945401618568], [-73.89710556578957, 40.58000312476563], [-73.89703968310685, 40.58070573566636], [-73.89649044853647, 40.582017258536645], [-73.89655371942774, 40.58300544491206], [-73.89703462211475, 40.583988516578465], [-73.89813445329627, 40.5851862311699], [-73.89792445575749, 40.5859600792539], [-73.89827643137988, 40.58652033118742], [-73.89826162866733, 40.58678381914432], [-73.89905234159045, 40.58768481179726], [-73.89963512529891, 40.58800371940176], [-73.9008087582968, 40.58807061380354], [-73.90209874951668, 40.58735807155652], [-73.90281879888032, 40.58737515162824], [-73.90426681557943, 40.586909750794895], [-73.90589333497722, 40.58750397176972], [-73.90588560814714, 40.58787725854087], [-73.90651907015229, 40.588025994964916], [-73.90692258306584, 40.58783418639281], [-73.90712462495306, 40.587532421642216], [-73.90649122008784, 40.587345261361676], [-73.90633310426632, 40.5871310379959], [-73.90644125333712, 40.58703231322311], [-73.90811214021745, 40.58679760860078], [-73.91088553497737, 40.58594890431793], [-73.91148300866367, 40.586081116675636], [-73.91191458828169, 40.586427293447855], [-73.91197183878461, 40.58669632794849], [-73.91188496726517, 40.58704759604543], [-73.91167615420858, 40.58704194611743], [-73.91157505365929, 40.587261452530186], [-73.91191189463457, 40.58846942412334], [-73.91148354429724, 40.591109593961114], [-73.9120282056412, 40.59310273765585], [-73.9120407571824, 40.594508085072654], [-73.91259387185076, 40.59557897913921], [-73.9131980372775, 40.596172313846715], [-73.91364334188376, 40.597100391609956], [-73.91419034595926, 40.59735881250623], [-73.91512478129864, 40.59877582282412], [-73.91585150183295, 40.59931433782942], [-73.91769426582661, 40.60008970558783], [-73.91782353216045, 40.60039172592956], [-73.91813316361089, 40.600441353286435], [-73.91859366587575, 40.60079850419552], [-73.92016340070884, 40.601085064405396], [-73.92017756887203, 40.60128269971691], [-73.92140145794976, 40.60170075256744], [-73.92151642988549, 40.60192590457447], [-73.92166064991521, 40.601777783881325], [-73.92267638897353, 40.60159182550426], [-73.92323875299178, 40.60108167005194], [-73.92401093945874, 40.59972076326187], [-73.92457270078768, 40.59972113333477], [-73.92629299524731, 40.6006280329758], [-73.92833669591815, 40.602226797915044], [-73.92879046083587, 40.602210611179444], [-73.9289629840065, 40.6025236248768], [-73.92951016714635, 40.60271060802211], [-73.92961769954924, 40.603188268684164], [-73.92901216321783, 40.60368744937705], [-73.92927112742333, 40.603995026327276], [-73.92987640514947, 40.60374287588163], [-73.93014259906283, 40.60402849689763], [-73.93048862358565, 40.60373775819633], [-73.93097818942046, 40.60393567864773], [-73.93117274810052, 40.60384796181645], [-73.93196576304977, 40.603123807509725], [-73.93212463520466, 40.60271218183555], [-73.93176463344909, 40.60259668716408], [-73.93108851071973, 40.60172343809639], [-73.9307285331743, 40.60159147139168], [-73.93032563567479, 40.601179508160016], [-73.9296485975076, 40.6012065436866], [-73.92933915148238, 40.60097030121783], [-73.92941139405976, 40.60076174096244], [-73.9292745119171, 40.600800083978676], [-73.9293683029272, 40.600646432967885], [-73.92922442831156, 40.600487146162976], [-73.92865556394692, 40.60038798168913], [-73.9285905039624, 40.600613014730214], [-73.92837472168799, 40.600349379825715], [-73.92784900132719, 40.60031611339511], [-73.92720844840757, 40.59991496891138], [-73.92289839701547, 40.59644822189628], [-73.92178378379857, 40.59503664166573], [-73.92032944145906, 40.59472273538743], [-73.91863880791381, 40.5933052339506], [-73.91796235068365, 40.59292048094982], [-73.91726498432952, 40.59198125916242], [-73.91690521641573, 40.59174494670008], [-73.91656037472642, 40.59109143420275], [-73.91509939542577, 40.5904206325652], [-73.91481904407833, 40.59003615290552], [-73.91454551057464, 40.58995360576758], [-73.91462551479779, 40.58933334011769], [-73.91424385754314, 40.58933854551557], [-73.91420800090758, 40.58922323708538], [-73.91440292575606, 40.588833620632755], [-73.91725615970464, 40.587479778651904], [-73.91819332614173, 40.586607602676885], [-73.92956679777488, 40.596820305540234], [-73.92813261439277, 40.59778009723829], [-73.93355073606013, 40.6026855672524], [-73.9298678071595, 40.60507135241277], [-73.93351629064547, 40.608345318061325], [-73.9342298310553, 40.60789558204648], [-73.93604342328501, 40.60951603500663], [-73.93753536922671, 40.60855617703019], [-73.9429766764704, 40.61345022996721], [-73.94374788198252, 40.61294556780805], [-73.94430936542284, 40.61341245624788], [-73.94482584291221, 40.61604770742921]]]]}, "properties": {"geo_id": "11234", "name": "11234", "borough": null, "area_km2": 18.4602}}, {"type": "Feature", "id": 123, "geometry": {"type": "MultiPolygon", "coordinates": [[[[-73.9304725962281, 40.59146300792718], [-73.9303423164855, 40.59209423312306], [-73.93010476729842, 40.59200625526518], [-73.93029238339943, 40.59163856597632], [-73.9304725962281, 40.59146300792718]]], [[[-73.95938881503821, 40.5739101318402], [-73.95941684171483, 40.57517824130465], [-73.96642206630582, 40.57481269867182], [-73.96756673649715, 40.57487890283871], [-73.96766024885432, 40.5750436174432], [-73.96825779985785, 40.57504378410451], [-73.96992062123859, 40.57558221308676], [-73.96900422281871, 40.58003404045414], [-73.96760006526321, 40.58037949819019], [-73.96733311002336, 40.58151577084603], [-73.97113455084397, 40.58201634282841], [-73.97058680911239, 40.583218427218135], [-73.96764154436077, 40.58393128396033], [-73.96676307217754, 40.58398592923071], [-73.9664960772647, 40.58514415797034], [-73.96914598501229, 40.5848759095738], [-73.96928247326412, 40.585573125706404], [-73.96633008662887, 40.58589618502682], [-73.9661496798031, 40.5866701659541], [-73.96756828507215, 40.58651686626447], [-73.96770475224184, 40.58723055296728], [-73.96597647513568, 40.58743316947239], [-73.96581049825348, 40.5881357892113], [-73.96783403739288, 40.587911299839945], [-73.96797050761931, 40.588630475733744], [-73.96564449246098, 40.58888781506579], [-73.96514647557127, 40.59109997407648], [-73.93301142911773, 40.59463750486978], [-73.93305440158169, 40.59487358267564], [-73.93241310837102, 40.59522454162709], [-73.93190234456789, 40.59468625937711], [-73.93230539627189, 40.59491706068126], [-73.93279517907371, 40.59484049377398], [-73.93267336170781, 40.59423656654677], [-73.93143683263902, 40.59216625620739], [-73.93114174538741, 40.592006881340545], [-73.93136506272181, 40.59193016053392], [-73.93130049451516, 40.59169406911584], [-73.93156014854718, 40.59129348319056], [-73.93121630798238, 40.58953111579606], [-73.9307056486394, 40.58894342154419], [-73.93063397030386, 40.58862498135657], [-73.92970612682953, 40.58760884096733], [-73.9313481885046, 40.58732986404577], [-73.93125507062155, 40.586852212889745], [-73.92919542563209, 40.5870870150948], [-73.9284970159177, 40.58703168656342], [-73.92807973594469, 40.58669656031774], [-73.92827478473937, 40.58610929463928], [-73.92815984086971, 40.58586219065043], [-73.92744681705696, 40.58601545153581], [-73.9258350614257, 40.58495492885006], [-73.92712403051692, 40.58487889916958], [-73.93139987935109, 40.586078265335736], [-73.93127092960059, 40.58543590461519], [-73.9301912176248, 40.58508391901677], [-73.93009822031998, 40.58450196440157], [-73.93204260949086, 40.58423414026627], [-73.93186377567528, 40.58308121730829], [-73.93259836987838, 40.58291696244108], [-73.93349105958514, 40.583060212398365], [-73.93421116793067, 40.5829782829136], [-73.93437661756265, 40.58313757608121], [-73.93611171717905, 40.583314221363466], [-73.93653667571577, 40.583166237545704], [-73.93712692845185, 40.583347719025426], [-73.93855259865836, 40.583337511130274], [-73.93847354199427, 40.583178270281145], [-73.93866796482135, 40.58316190541614], [-73.939294384502, 40.583167727703724], [-73.93930143510784, 40.58333241957393], [-73.94124554564164, 40.58330049256572], [-73.94143992001008, 40.58333901903278], [-73.94157649045107, 40.583608079186256], [-73.94369350836946, 40.583466406455805], [-73.94836649704763, 40.58349055993173], [-73.95349347638108, 40.5829877059954], [-73.9532997563292, 40.58200498818009], [-73.94969943683472, 40.582321865439226], [-73.94273798433373, 40.58099561186418], [-73.932909762148, 40.58114400203721], [-73.93257843721165, 40.581264579419326], [-73.93105717733131, 40.57626813381258], [-73.93150417369473, 40.57565905460811], [-73.93485925730373, 40.57552925540564], [-73.93489555425218, 40.57522185787726], [-73.93507526246358, 40.57550741924761], [-73.93647162320242, 40.57585953487166], [-73.93669522381991, 40.575420489599864], [-73.9368462824848, 40.57555781296222], [-73.94251242132131, 40.57537414138526], [-73.94255545274278, 40.57556629921216], [-73.94427592795209, 40.575803199788055], [-73.94463599348732, 40.57569358170788], [-73.94459317458015, 40.5752379235559], [-73.944744135535, 40.57551247669381], [-73.94580962879049, 40.57554592188721], [-73.9461986385685, 40.57524966586803], [-73.94592516685394, 40.57511778686231], [-73.94992126720798, 40.57455416865389], [-73.95208118831546, 40.57439589125617], [-73.95254206694247, 40.57422590470148], [-73.95374430413091, 40.57429775998415], [-73.9539963033232, 40.57426492352172], [-73.9540828273083, 40.5740728218287], [-73.95413304526684, 40.574330853504314], [-73.95439939432954, 40.57436938679993], [-73.95620649619754, 40.57426578733944], [-73.95637214163796, 40.57417252701784], [-73.95630759198283, 40.573799209083354], [-73.95656652315319, 40.574172600674174], [-73.9584311971037, 40.57409094640699], [-73.95896403348573, 40.573948408150116], [-73.9589859482142, 40.57343239273772], [-73.9590720867661, 40.57384414412964], [-73.95938881503821, 40.5739101318402]]]]}, "properties": {"geo_id": "11235", "name": "11235", "borough": null, "area_km2": 5.8068}}, {"type": "Feature", "id": 124, "geometry": {"type": "MultiPolygon", "coordinates": [[[[-73.88828923335055, 40.64672087615675], [-73.88844778121812, 40.64672651962666], [-73.88853403761269, 40.64686384256657], [-73.88846910899345, 40.64690220662269], [-73.88828923335055, 40.64672087615675]]], [[[-73.91885522024295, 40.63448279672336], [-73.91958188522285, 40.64139468274663], [-73.92015846962003, 40.64134567835562], [-73.92159367179732, 40.64041343835629], [-73.92154933585803, 40.64134663562639], [-73.91973876570816, 40.64277816473181], [-73.92166310698921, 40.64265323153402], [-73.92174152440512, 40.64338339803731], [-73.91995265563186, 40.64470515356148], [-73.91998108832017, 40.64503454762299], [-73.92053606340282, 40.64500199501236], [-73.92069263937708, 40.64666544299023], [-73.92041874859208, 40.64668172249872], [-73.92018061754464, 40.64692858812109], [-73.92057972304971, 40.65070568774332], [-73.9211779969098, 40.65066767234726], [-73.92133438211019, 40.652517763498835], [-73.92077213060679, 40.65255580453132], [-73.92090060133062, 40.653626358344866], [-73.92177903032056, 40.65442294609643], [-73.92100719216924, 40.654916479457], [-73.92043116548969, 40.65440006328726], [-73.91915540122403, 40.654360746687146], [-73.91847139577064, 40.65374543252401], [-73.91757691083285, 40.654315709831025], [-73.91070790031868, 40.654178832722174], [-73.9031811560208, 40.65530908337414], [-73.90118273243087, 40.6565150882469], [-73.90048979558212, 40.6571512803894], [-73.89904060173322, 40.65736960010663], [-73.8981374368093, 40.654042126874536], [-73.89761215937186, 40.653454276784856], [-73.89556570961138, 40.65307914622342], [-73.8933995836889, 40.65093073765924], [-73.8913647003969, 40.65236710066995], [-73.89000444518807, 40.65114712349362], [-73.89125319721414, 40.65002294921892], [-73.89056981773419, 40.64920984462128], [-73.89098038880472, 40.64936394251723], [-73.89119696066848, 40.64915005435765], [-73.89116844447295, 40.64895789240542], [-73.88941287366197, 40.64712819045822], [-73.8894924708957, 40.64693613195048], [-73.88879484928343, 40.64605163834229], [-73.8893770925957, 40.64697444803064], [-73.88886497234908, 40.64722098502373], [-73.88853386336372, 40.64696814426823], [-73.88859915863527, 40.64671019764346], [-73.88808039208615, 40.64662186080549], [-73.88809549686894, 40.646210157568326], [-73.8882903638451, 40.646045659839615], [-73.88800210887075, 40.64602891076111], [-73.887412296815, 40.64533664865492], [-73.88791723788995, 40.64506815279753], [-73.88808285984932, 40.64515065769563], [-73.88791014159489, 40.64500227100106], [-73.88734041230654, 40.64522678679246], [-73.88690926840074, 40.64447429204804], [-73.88654919430675, 40.64431473974899], [-73.88623294341684, 40.643814876084406], [-73.88469187836878, 40.64312165481533], [-73.88373454769909, 40.64245096276438], [-73.88079182264092, 40.63975805753416], [-73.88054787667606, 40.639159440456204], [-73.87954068633776, 40.63821967196547], [-73.87911542990037, 40.638268631899145], [-73.87896375068671, 40.63846060757921], [-73.87863976916564, 40.63829557876218], [-73.8783810553388, 40.63790554536245], [-73.87858352770948, 40.63752148883085], [-73.87780643024472, 40.636883874511476], [-73.87714513893889, 40.63597738926663], [-73.878206982428, 40.63457318638016], [-73.87998872668973, 40.63351557077611], [-73.88037879942657, 40.632977998305144], [-73.88127338452136, 40.632369581986396], [-73.88301123999318, 40.631624780245545], [-73.88364651146, 40.6309447167072], [-73.88377026584726, 40.630220217005], [-73.88345377661936, 40.6299069904156], [-73.8840452139279, 40.629561744693504], [-73.88263523710054, 40.6282757515305], [-73.8836956467716, 40.62755769361899], [-73.88512727283029, 40.62882722675324], [-73.88571874831311, 40.6284490349383], [-73.88604255893716, 40.62869638759582], [-73.88766444783762, 40.628269796219286], [-73.89042008548994, 40.626279736725856], [-73.89148934276513, 40.62448016708223], [-73.89216759913586, 40.623854992515106], [-73.89300414165011, 40.62335622181674], [-73.89327061588236, 40.62341685495647], [-73.89394821675201, 40.623186919421364], [-73.89533262727838, 40.62246905241628], [-73.91446413857832, 40.630993731470355], [-73.91600482509087, 40.63201043953009], [-73.91663888627123, 40.632032859296444], [-73.91719408181106, 40.63173682320139], [-73.91859875704098, 40.632067200994655], [-73.92041288190957, 40.633473803116], [-73.91885522024295, 40.63448279672336]]]]}, "properties": {"geo_id": "11236", "name": "11236", "borough": null, "area_km2": 9.0054}}, {"type": "Feature", "id": 125, "geometry": {"type": "Polygon", "coordinates": [[[-73.91782083539356, 40.69620665461339], [-73.93115613917882, 40.70377449276388], [-73.93229901926298, 40.707749590518084], [-73.93480390314558, 40.71337231176047], [-73.93136896305306, 40.71425412864624], [-73.93123964670855, 40.71372705714501], [-73.93145637752045, 40.71343624158681], [-73.93264714562952, 40.71304169863363], [-73.93203540673002, 40.711592104366986], [-73.93338481056449, 40.71123607394117], [-73.93328407115351, 40.71097800786467], [-73.93189859575524, 40.71133950531152], [-73.9309341549254, 40.709165078011225], [-73.93050182497431, 40.708681739342595], [-73.93024908204681, 40.70892861523943], [-73.93154457349709, 40.71185531078192], [-73.93077955068243, 40.71216226675969], [-73.93160931529006, 40.712036503613945], [-73.93184686203725, 40.712547170367664], [-73.93173122585405, 40.71275021428569], [-73.9304250054237, 40.71316663616233], [-73.93095041154629, 40.7143636688445], [-73.92307709639039, 40.716389801036506], [-73.92358975367027, 40.71602783390898], [-73.92431142296984, 40.71584715636155], [-73.92488203346078, 40.71526564060144], [-73.92433502362354, 40.71412346135175], [-73.92406088780407, 40.7141123017977], [-73.92223710405926, 40.712853983044695], [-73.92154666422203, 40.71104197089859], [-73.92074650005354, 40.710536386292944], [-73.92189487054236, 40.70939534941344], [-73.91181047337906, 40.703437413910635], [-73.91290108326778, 40.70236229581442], [-73.91068118908647, 40.701048595882035], [-73.91180788616701, 40.699940578615625], [-73.90426206484132, 40.69570211596291], [-73.90579332719244, 40.694127881759464], [-73.90207491906052, 40.69200032557649], [-73.90359175605798, 40.690404149512055], [-73.91185754312917, 40.695115313484564], [-73.91030474889313, 40.69670059037591], [-73.91180383233609, 40.69755262721151], [-73.91336381610242, 40.695972825229], [-73.91636927252443, 40.69768229452142], [-73.91782083539356, 40.69620665461339]]]}, "properties": {"geo_id": "11237", "name": "11237", "borough": null, "area_km2": 2.5419}}, {"type": "Feature", "id": 126, "geometry": {"type": "Polygon", "coordinates": [[[-73.96920625127511, 40.67279701266181], [-73.9708789983413, 40.67271510494854], [-73.9712969157323, 40.67331906061914], [-73.97146232569645, 40.674301731363265], [-73.97135396162395, 40.67479576396342], [-73.97105094353232, 40.67523485212118], [-73.97162045321792, 40.67546555509867], [-73.97142565180688, 40.67575645301395], [-73.97244172082007, 40.677162025426476], [-73.9706152413484, 40.682244893895714], [-73.97068006296146, 40.68242057587567], [-73.97278549862999, 40.68285476714241], [-73.97303015256206, 40.68414486765736], [-73.97206381188396, 40.684243448899835], [-73.97231570019451, 40.685456698869174], [-73.97337559482663, 40.685885133320554], [-73.97364906746446, 40.68730149815499], [-73.97172349350014, 40.68752611231816], [-73.97213369409326, 40.689579300672435], [-73.97114569498268, 40.68954611994698], [-73.9707643086401, 40.687635663460156], [-73.9648071900816, 40.68832567804921], [-73.96518864756435, 40.689780522358724], [-73.96332067111686, 40.68999952374531], [-73.96029150013705, 40.690344359416095], [-73.96000390498246, 40.6888785525215], [-73.95721998093869, 40.68920143419119], [-73.95529393829854, 40.679204241941825], [-73.95298686964867, 40.678720242205195], [-73.9528144366704, 40.677841843884224], [-73.95519356820554, 40.67834234387269], [-73.95733889732787, 40.672414445157614], [-73.95648103148852, 40.67223845818661], [-73.95679162979978, 40.671354757299895], [-73.95765669143151, 40.67153623417873], [-73.95797447716627, 40.67065802222973], [-73.96257373365233, 40.67164224031728], [-73.96095641145038, 40.663286599764966], [-73.96239110063314, 40.66308945368092], [-73.96920625127511, 40.67279701266181]]]}, "properties": {"geo_id": "11238", "name": "11238", "borough": null, "area_km2": 2.8612}}, {"type": "Feature", "id": 127, "geometry": {"type": "MultiPolygon", "coordinates": [[[[-73.88828923335055, 40.64672087615675], [-73.88864178759857, 40.647078040262016], [-73.8885187886312, 40.647363378839096], [-73.88820203942207, 40.64714348848273], [-73.88828923335055, 40.64672087615675]]], [[[-73.87841525586718, 40.63891017433246], [-73.87861620327166, 40.63936602157591], [-73.87930674128752, 40.64006941431823], [-73.87989714398259, 40.64036098004939], [-73.88025637304445, 40.6409706976849], [-73.88048697174034, 40.64097642715201], [-73.8807381500066, 40.641564072581765], [-73.88029162761377, 40.64140441091902], [-73.88002442216408, 40.64171703829029], [-73.88006714867052, 40.642002540807304], [-73.88142854779453, 40.64237175415471], [-73.88224099272487, 40.64345403527778], [-73.88214679063292, 40.643744886234835], [-73.88342103519277, 40.6445257045855], [-73.88480576477744, 40.64394520512869], [-73.88557673644186, 40.644039297580505], [-73.88743290829228, 40.645935032289835], [-73.88766257277754, 40.646506172413716], [-73.88772636527726, 40.6471430250909], [-73.88751689420754, 40.647417299004175], [-73.88763876970803, 40.64780168816625], [-73.8886330044078, 40.64802223809559], [-73.88924442025517, 40.648747451930085], [-73.8900651092593, 40.64932464426902], [-73.89056981773419, 40.64920984462128], [-73.89125319721414, 40.65002294921892], [-73.89000444518807, 40.65114712349362], [-73.88221424998133, 40.654520983762254], [-73.87610288195827, 40.64621433156198], [-73.87458332267458, 40.64560883132092], [-73.87620206401928, 40.64325555770984], [-73.87841525586718, 40.63891017433246]]]]}, "properties": {"geo_id": "11239", "name": "11239", "borough": null, "area_km2": 1.0769}}, {"type": "Feature", "id": 128, "geometry": {"type": "Polygon", "coordinates": [[[-73.80751708456837, 40.76217988791355], [-73.81251896862129, 40.76265474369868], [-73.81259697947206, 40.76315441490618], [-73.81399867963249, 40.76277242165159], [-73.81391975386146, 40.76259663027499], [-73.81587775558819, 40.762067294912995], [-73.8161145932397, 40.76257819646406], [-73.81833974739116, 40.76203277689995], [-73.8284327229153, 40.75925958510129], [-73.83380302434463, 40.75672033039537], [-73.83649952356534, 40.75517615010235], [-73.83798822552966, 40.75451402387171], [-73.83867516746383, 40.7570182000144], [-73.83678804169294, 40.761165601995216], [-73.83691406816737, 40.76276871310562], [-73.83790596322123, 40.76458713541311], [-73.83945617458812, 40.765445666887125], [-73.83912996283668, 40.76598867156887], [-73.83952670783002, 40.76613744113378], [-73.8396993813645, 40.7663901981218], [-73.83973464956554, 40.76673608513644], [-73.83949571092192, 40.76701571656135], [-73.83958934809932, 40.76710916831384], [-73.83993602132442, 40.76706573453253], [-73.83990050117782, 40.76682414757856], [-73.84031332525859, 40.76629223984688], [-73.84448848806089, 40.76545805886642], [-73.84528220147224, 40.76566772815693], [-73.84619792508947, 40.7661959453843], [-73.84723012953565, 40.76631259799677], [-73.84780668179529, 40.76677447824278], [-73.84856901946321, 40.76809296024036], [-73.84823656190167, 40.76823524951842], [-73.84819267712273, 40.76848221870341], [-73.84874811738342, 40.768713507723724], [-73.84899984584905, 40.76914750748275], [-73.84846421355438, 40.769728689980106], [-73.84859214729214, 40.77062364460149], [-73.84949312710943, 40.77132747931195], [-73.84996095847205, 40.771997806747855], [-73.84897539646903, 40.773561022433725], [-73.84921844473374, 40.77464825857312], [-73.84894198045906, 40.7755591506869], [-73.84911477635181, 40.77578444587384], [-73.84903980266277, 40.777003012711035], [-73.84622373703468, 40.77690596789272], [-73.84625312890299, 40.776686427828174], [-73.83998555077852, 40.77650223140722], [-73.83905371361715, 40.77662719175997], [-73.83896670088986, 40.77677528623507], [-73.83886115392806, 40.778614115220684], [-73.8363338638937, 40.77852821122399], [-73.833391056487, 40.77134374746038], [-73.83086694813841, 40.77295946886653], [-73.82908591342509, 40.77479581878169], [-73.82830293252056, 40.7760023415255], [-73.82777584737993, 40.775979597001715], [-73.82740580600976, 40.77665973944107], [-73.82582432160109, 40.77667382827623], [-73.82583352415374, 40.77591629326707], [-73.82432934606037, 40.77674292217101], [-73.82167160574062, 40.77686509792974], [-73.81764343097666, 40.77639767684277], [-73.81387596325396, 40.77568350930996], [-73.8066925780684, 40.77512273361287], [-73.8066064200002, 40.77495241489822], [-73.8062598596835, 40.774935364259015], [-73.80628927065257, 40.774754260578916], [-73.80438344717008, 40.7745753772578], [-73.80405170282174, 40.774432086869794], [-73.80398742524378, 40.77419044000901], [-73.80427530128016, 40.77206100708287], [-73.80615226554721, 40.77220690688908], [-73.80629241296765, 40.771191586694144], [-73.80535400813899, 40.77109668388458], [-73.80556789269473, 40.76955998710051], [-73.80649911954396, 40.76963291819942], [-73.80668362983718, 40.7682553650535], [-73.80714563230343, 40.768289076265695], [-73.8074628651043, 40.76595108200647], [-73.8070154778103, 40.76586250155014], [-73.80751708456837, 40.76217988791355]]]}, "properties": {"geo_id": "11354", "name": "11354", "borough": null, "area_km2": 5.6841}}, {"type": "Feature", "id": 129, "geometry": {"type": "Polygon", "coordinates": [[[-73.83591484401622, 40.74343326643215], [-73.83595020206954, 40.74372975034104], [-73.83544053448672, 40.74552409278187], [-73.83470092540351, 40.74688992120259], [-73.83412936651685, 40.747427071239436], [-73.83300233620349, 40.7478316662202], [-73.83313898454595, 40.748029486512344], [-73.83226326285335, 40.75182146282264], [-73.83229183281833, 40.75194227350934], [-73.83559210338751, 40.751376122890555], [-73.83682879657366, 40.7533705709946], [-73.83743343671877, 40.754079571643175], [-73.83777981627857, 40.754129465472076], [-73.83798822552966, 40.75451402387171], [-73.83649952356534, 40.75517615010235], [-73.83380302434463, 40.75672033039537], [-73.8284327229153, 40.75925958510129], [-73.81833974739116, 40.76203277689995], [-73.8161145932397, 40.76257819646406], [-73.81587775558819, 40.762067294912995], [-73.81391975386146, 40.76259663027499], [-73.81399867963249, 40.76277242165159], [-73.81259697947206, 40.76315441490618], [-73.81251896862129, 40.76265474369868], [-73.80751708456837, 40.76217988791355], [-73.80913231779925, 40.75027035281967], [-73.80750857433563, 40.75013590253697], [-73.81416060432672, 40.74613948534805], [-73.81367141571862, 40.74555680683238], [-73.81378249095897, 40.74455240584332], [-73.81430657272031, 40.74297227237923], [-73.81012952605225, 40.742295741214335], [-73.81035586286133, 40.73884869835154], [-73.80938885098622, 40.738819654309424], [-73.80929517023348, 40.73877009356499], [-73.80967045860415, 40.738770714405284], [-73.8093963350395, 40.738726344905665], [-73.80941127167826, 40.73855070507554], [-73.81322147974154, 40.73869967510126], [-73.81504672983611, 40.73894415961728], [-73.81513062390347, 40.73992142813373], [-73.8172072827894, 40.74061642180786], [-73.81758437014929, 40.739963767433096], [-73.8165316544896, 40.739599787184844], [-73.81890477731329, 40.74009211013213], [-73.82101029111371, 40.740809038569594], [-73.82341794740603, 40.74191614744439], [-73.82301205073362, 40.74256328688703], [-73.82442543613618, 40.743037548247564], [-73.82498101435776, 40.74310426800118], [-73.82523514079774, 40.74252825514926], [-73.82519978785733, 40.742248236374216], [-73.82537305014617, 40.742232030675346], [-73.82708986582699, 40.74259692878068], [-73.83591484401622, 40.74343326643215]]]}, "properties": {"geo_id": "11355", "name": "11355", "borough": null, "area_km2": 4.5183}}, {"type": "Feature", "id": 130, "geometry": {"type": "Polygon", "coordinates": [[[-73.84903980266277, 40.777003012711035], [-73.84896527446776, 40.77802395855623], [-73.84936934691854, 40.77816721395781], [-73.84953488002374, 40.7784144568426], [-73.84944770210174, 40.77864490115149], [-73.84980131603965, 40.77874966272367], [-73.84979331449375, 40.77909548953077], [-73.84956923837603, 40.77918851839076], [-73.84957596381147, 40.77940810635634], [-73.84979241053239, 40.77949622036594], [-73.84984232973586, 40.77977624887036], [-73.84955322028213, 40.77988566137066], [-73.8494877300294, 40.78010515501476], [-73.84960951726377, 40.780538982842984], [-73.84981868417218, 40.78065453467495], [-73.84984545389264, 40.781593270313735], [-73.84918817682161, 40.7816363278441], [-73.84954884193166, 40.78182344151412], [-73.8492589525994, 40.78227319983096], [-73.85027680753419, 40.782461168962726], [-73.85315140929855, 40.7823221414488], [-73.85328925267564, 40.782036864220856], [-73.85528260736935, 40.781973510969564], [-73.85545339165496, 40.78314298376413], [-73.8561389859643, 40.783368910156526], [-73.85645678619001, 40.78335283801167], [-73.85644276842181, 40.78315519942856], [-73.85670276872106, 40.78315003354176], [-73.85686115491895, 40.783380788350705], [-73.85730173951966, 40.78335937684124], [-73.85768386793208, 40.783656281039704], [-73.85808093515521, 40.783722644402985], [-73.85813778689534, 40.78415638291447], [-73.8578337591687, 40.78448537673799], [-73.85852550102655, 40.78522730699392], [-73.85899498581115, 40.78520592447671], [-73.85908818798985, 40.78552991741312], [-73.85894366337683, 40.785568166926225], [-73.85913838308774, 40.78570015244941], [-73.85900053393813, 40.78599641542992], [-73.85858130758079, 40.786155096481494], [-73.85867435759783, 40.786550452663406], [-73.85814607921623, 40.78704385615961], [-73.857013023136, 40.786647213950786], [-73.85670958100089, 40.78669624232941], [-73.85618856852807, 40.787162198533025], [-73.85617340049033, 40.78749703740848], [-73.85594186883209, 40.78768887975464], [-73.8533631357608, 40.787839332811686], [-73.8528495439042, 40.78820098335665], [-73.85289255111304, 40.788349253996074], [-73.85438045103652, 40.78831820672566], [-73.85479856369004, 40.78868103935901], [-73.85446284870056, 40.790272562372145], [-73.85265533357706, 40.79110466516438], [-73.85285662463035, 40.7915331009134], [-73.85374336613476, 40.79229177622257], [-73.85377907067023, 40.792478463440304], [-73.85363341759182, 40.793021735882334], [-73.85373253712203, 40.793933113263314], [-73.85352983218102, 40.79414145558624], [-73.85276363791873, 40.79438750538509], [-73.85263238228002, 40.79494726320385], [-73.85242365234026, 40.794612138708025], [-73.85159416550381, 40.79408408488851], [-73.84906049245464, 40.793361674548606], [-73.84885070116204, 40.79350412578576], [-73.84908038193132, 40.79414669443764], [-73.84878333732128, 40.7945415467362], [-73.84884678756471, 40.79522781327325], [-73.84781981166361, 40.79578638748959], [-73.84632372014613, 40.796163175676476], [-73.84560890507747, 40.79603596272451], [-73.84527799851709, 40.795448146140174], [-73.84460027029107, 40.79490926667563], [-73.84373355364099, 40.79488064755649], [-73.84333594327686, 40.795022833957276], [-73.84330592641, 40.79550037676464], [-73.84289495313025, 40.79518142826737], [-73.84289444789206, 40.795395516784026], [-73.84208487338607, 40.79563594701749], [-73.84148581384899, 40.79543750392907], [-73.84134785289699, 40.79573923478795], [-73.84148444137887, 40.79601389603295], [-73.84060129349204, 40.79680865070157], [-73.8390332224967, 40.79705349755103], [-73.83843431917573, 40.79678916527902], [-73.83736420489147, 40.79426250543269], [-73.83708337701496, 40.79390529338576], [-73.83712722575423, 40.793696755543465], [-73.83653892589206, 40.79207103972403], [-73.83660494215361, 40.791659423045594], [-73.83742177791562, 40.79139159408127], [-73.83764654125653, 40.7910405847699], [-73.83717377316512, 40.78943150260699], [-73.8372831449314, 40.78900896767795], [-73.83713733798189, 40.7895631984651], [-73.83637922188375, 40.78945782471344], [-73.83567833326225, 40.789577595953816], [-73.83528925015763, 40.789198266945945], [-73.83414838737683, 40.789075862455306], [-73.83390405351533, 40.78858145798877], [-73.83347102006249, 40.788454575210665], [-73.83216300506952, 40.78874910939846], [-73.83174286505073, 40.78923705994099], [-73.83149732585234, 40.78922572227129], [-73.83112629209856, 40.787435610643286], [-73.83018711892052, 40.78753853068477], [-73.82995903124619, 40.786352467688054], [-73.83090542422224, 40.78624407062787], [-73.83059172443303, 40.78464068274773], [-73.82690122371314, 40.7846461776292], [-73.82678620319537, 40.7816652176827], [-73.82513954646744, 40.78170115723345], [-73.8266564071836, 40.7788159816065], [-73.82908591342509, 40.77479581878169], [-73.83086694813841, 40.77295946886653], [-73.833391056487, 40.77134374746038], [-73.8363338638937, 40.77852821122399], [-73.83886115392806, 40.778614115220684], [-73.83896670088986, 40.77677528623507], [-73.83905371361715, 40.77662719175997], [-73.83998555077852, 40.77650223140722], [-73.84625312890299, 40.776686427828174], [-73.84622373703468, 40.77690596789272], [-73.84903980266277, 40.777003012711035]]]}, "properties": {"geo_id": "11356", "name": "11356", "borough": null, "area_km2": 4.0868}}, {"type": "Feature", "id": 131, "geometry": {"type": "Polygon", "coordinates": [[[-73.82830293252056, 40.7760023415255], [-73.82513954646744, 40.78170115723345], [-73.82678620319537, 40.7816652176827], [-73.82690122371314, 40.7846461776292], [-73.83059172443303, 40.78464068274773], [-73.83090542422224, 40.78624407062787], [-73.82995903124619, 40.786352467688054], [-73.83018711892052, 40.78753853068477], [-73.83112629209856, 40.787435610643286], [-73.8314324062304, 40.78919269049871], [-73.83195187585709, 40.78941302802751], [-73.83214519697152, 40.79008302542531], [-73.83176012152052, 40.79098273740197], [-73.83136185533542, 40.79138288679446], [-73.83066056042526, 40.79165084266116], [-73.82997461683546, 40.791562001265966], [-73.82914317655536, 40.79187916108459], [-73.82836900191471, 40.792394021149164], [-73.82860701845176, 40.79252612263522], [-73.82828923852217, 40.79251467070725], [-73.82792715641462, 40.792876435786035], [-73.8277812915073, 40.79341967550138], [-73.8280157368409, 40.794935119150125], [-73.82838246310503, 40.79557793357952], [-73.82878607542393, 40.79592437030252], [-73.82880708179341, 40.79618240648987], [-73.82913184901497, 40.796292677732175], [-73.82946275782386, 40.79682564611947], [-73.82905892507955, 40.796561553511985], [-73.82739694200664, 40.79679512387925], [-73.82696989235752, 40.797129341112104], [-73.82718535497438, 40.7976072479644], [-73.82673700002846, 40.79779870622882], [-73.826145677694, 40.797413553200954], [-73.8250622620038, 40.79737348775351], [-73.82403435695673, 40.79819534318057], [-73.8236803313328, 40.79822224952439], [-73.82256601993718, 40.79892868080523], [-73.82184859090277, 40.79978393090458], [-73.82103776541298, 40.800441410754644], [-73.81985879014391, 40.8009940103008], [-73.81740732515895, 40.799299397825024], [-73.8165339900034, 40.799034516722124], [-73.81600807689276, 40.7985231580321], [-73.81367758563258, 40.79754777871696], [-73.8137509413759, 40.797147166060626], [-73.81364286678374, 40.79704818094299], [-73.81324511762557, 40.79721222126164], [-73.81288407003765, 40.79716771997724], [-73.812542065286, 40.798056458185755], [-73.81223847649652, 40.79812732715316], [-73.81179089764322, 40.79802778679169], [-73.81182140552454, 40.797456931874905], [-73.81160493515031, 40.79737423624224], [-73.80636354619135, 40.796393914240845], [-73.80595875166814, 40.79649204397612], [-73.80537460793383, 40.796167180365096], [-73.80403802170036, 40.79625823678962], [-73.8034884015556, 40.796476879905455], [-73.80335768419451, 40.79671270421553], [-73.80300373933112, 40.796712099846275], [-73.80296129278734, 40.79641010640292], [-73.8024055198922, 40.796266428758436], [-73.8010106487362, 40.79652203429132], [-73.80088118681796, 40.79633516870153], [-73.80062086768831, 40.79642803972182], [-73.79981261373496, 40.79617412313328], [-73.79960265865442, 40.796332952974495], [-73.79813128153567, 40.795611264656], [-73.79616832406683, 40.7950314154512], [-73.79508472869188, 40.79506792043382], [-73.79500571315681, 40.794925053627765], [-73.7946084219254, 40.79492983583588], [-73.79442819866458, 40.794814235605166], [-73.79458007128666, 40.79475412216271], [-73.79437224463942, 40.79422127263068], [-73.79461155510985, 40.79391428876407], [-73.79470931442278, 40.79266286267611], [-73.79493374923364, 40.792493088468866], [-73.79497894623897, 40.79188932654964], [-73.79376697592267, 40.789082041405514], [-73.79263396125127, 40.78878357656306], [-73.79179436564911, 40.78935296866799], [-73.79058461823271, 40.788192496777256], [-73.79491659122156, 40.786339353039466], [-73.79508420634052, 40.78585108739228], [-73.79411566975588, 40.78609638785693], [-73.79323383881736, 40.7816757753157], [-73.79311103527016, 40.78168653388244], [-73.79292482375946, 40.78118665628264], [-73.79252754593267, 40.78121338914689], [-73.79244911698426, 40.7808893682744], [-73.79200199225436, 40.780690940620374], [-73.79212556533011, 40.78043315775648], [-73.79192646546912, 40.779439201372874], [-73.79105394005133, 40.779031400552284], [-73.7917129631322, 40.77843423947661], [-73.79161416580902, 40.77769846944772], [-73.79196962155922, 40.77718309977512], [-73.79142785632877, 40.77723701532964], [-73.7903530510089, 40.77457266219031], [-73.79270954494322, 40.77378643882111], [-73.79275935648602, 40.7740225765518], [-73.79785614713633, 40.7744158950123], [-73.79823032230568, 40.774850220535164], [-73.79829652502546, 40.774449603671556], [-73.80388424686386, 40.77489840856242], [-73.80398742524378, 40.77419044000901], [-73.80405170282174, 40.774432086869794], [-73.80438344717008, 40.7745753772578], [-73.80628927065257, 40.774754260578916], [-73.8062598596835, 40.774935364259015], [-73.8066064200002, 40.77495241489822], [-73.8066925780684, 40.77512273361287], [-73.81387596325396, 40.77568350930996], [-73.81764343097666, 40.77639767684277], [-73.82167160574062, 40.77686509792974], [-73.82432934606037, 40.77674292217101], [-73.82583352415374, 40.77591629326707], [-73.82582432160109, 40.77667382827623], [-73.82740580600976, 40.77665973944107], [-73.82777584737993, 40.775979597001715], [-73.82830293252056, 40.7760023415255]]]}, "properties": {"geo_id": "11357", "name": "11357", "borough": null, "area_km2": 7.2804}}, {"type": "Feature", "id": 132, "geometry": {"type": "Polygon", "coordinates": [[[-73.78930695808826, 40.76970706301558], [-73.79163220884537, 40.77424012345803], [-73.7903530510089, 40.77457266219031], [-73.79142785632877, 40.77723701532964], [-73.79196962155922, 40.77718309977512], [-73.79161416580902, 40.77769846944772], [-73.7917129631322, 40.77843423947661], [-73.79105394005133, 40.779031400552284], [-73.79192646546912, 40.779439201372874], [-73.79212556533011, 40.78043315775648], [-73.79200199225436, 40.780690940620374], [-73.79132290151894, 40.78077205518715], [-73.79209589051169, 40.78068562057741], [-73.79244911698426, 40.7808893682744], [-73.79252754593267, 40.78121338914689], [-73.79302562011561, 40.78128564809659], [-73.79311103527016, 40.78168653388244], [-73.79323383881736, 40.7816757753157], [-73.79411566975588, 40.78609638785693], [-73.79508420634052, 40.78585108739228], [-73.79491659122156, 40.786339353039466], [-73.79058461823271, 40.788192496777256], [-73.79179436564911, 40.78935296866799], [-73.79028180651049, 40.790316374487425], [-73.78568086146014, 40.790340847614914], [-73.78383810045673, 40.79063932755642], [-73.78252869349997, 40.791279133315676], [-73.7843400976401, 40.791749142544106], [-73.78227559132569, 40.79137197660404], [-73.78174910213606, 40.79113493326669], [-73.78107559883797, 40.791677114309024], [-73.78090055311579, 40.792192792621364], [-73.78070074378029, 40.79364712408322], [-73.78079335979851, 40.79403705308598], [-73.78100891427104, 40.79438329982299], [-73.78190288913514, 40.79490100556052], [-73.78310912177162, 40.794914260601324], [-73.7833190938578, 40.794760950212016], [-73.78326077250449, 40.79492552481426], [-73.78200376176898, 40.794978049038804], [-73.78153924500673, 40.79565786446621], [-73.77980385033959, 40.796203509772326], [-73.77936162768576, 40.79668573787128], [-73.77871181753223, 40.79659666060339], [-73.77827075454275, 40.79672756038729], [-73.776870360885, 40.7964448948294], [-73.77617808395009, 40.796097715719675], [-73.7743129088103, 40.79442527804906], [-73.77401087986377, 40.79402944391387], [-73.77363240641343, 40.79274965287093], [-73.77236530038995, 40.791539471892364], [-73.77210288623976, 40.79012815686214], [-73.77062797475477, 40.788461917994724], [-73.77082462518355, 40.78798472419321], [-73.77173643695697, 40.78746503282702], [-73.77426668091174, 40.7867563836379], [-73.77438912482492, 40.78685543410169], [-73.774229527105, 40.787063721929286], [-73.77501564614317, 40.78739462821882], [-73.7763408885538, 40.7884896146208], [-73.77480762771279, 40.78697153175273], [-73.77426703452896, 40.786652084143086], [-73.77407452936647, 40.78591611608123], [-73.77160731822944, 40.78299633604567], [-73.76930398478913, 40.78077948431622], [-73.76834025895059, 40.77963573707449], [-73.768159721325, 40.77963537399694], [-73.7682323949415, 40.77950377241099], [-73.7676010995783, 40.77830030241455], [-73.7676166151083, 40.77799292216149], [-73.76709347113898, 40.776844562042065], [-73.76633152957099, 40.7758439316494], [-73.76572932229011, 40.774602083108874], [-73.76469394623558, 40.773342878874736], [-73.76358542809392, 40.77235798984006], [-73.7634068019793, 40.77182514193286], [-73.76398472691758, 40.77174947420482], [-73.76426493314484, 40.77214529164759], [-73.76406224811075, 40.77228760372628], [-73.76537899598976, 40.773607771621634], [-73.76984495427386, 40.77261220091409], [-73.77026722859749, 40.773699963736014], [-73.7711704776896, 40.773515118231195], [-73.77143502991953, 40.77427868307955], [-73.7715721333408, 40.774306402430035], [-73.77385532619093, 40.773904683491686], [-73.77348527382202, 40.772306513561695], [-73.77447521774073, 40.77209985458356], [-73.77481648351856, 40.77367600710859], [-73.77885587978028, 40.772800021883775], [-73.78930695808826, 40.76970706301558]]]}, "properties": {"geo_id": "11360", "name": "11360", "borough": null, "area_km2": 4.2498}}, {"type": "Feature", "id": 133, "geometry": {"type": "Polygon", "coordinates": [[[-73.89036714532389, 40.74623174444251], [-73.8917520463251, 40.74680945208353], [-73.89474077028282, 40.74650481007555], [-73.89443190401015, 40.745554843469534], [-73.8946713508642, 40.74475908473942], [-73.89459093948264, 40.74540128304727], [-73.89480607840254, 40.74628528965514], [-73.89718875138568, 40.750470440457626], [-73.89583868564857, 40.750617443981135], [-73.89652579223495, 40.754389347858435], [-73.87885801744652, 40.75624404068904], [-73.87924399148305, 40.7583688804183], [-73.87831254191687, 40.75846122166901], [-73.87793381605522, 40.75633638649745], [-73.87221519123258, 40.756945008390474], [-73.87168673316384, 40.75395813464418], [-73.87206951609177, 40.753859749429516], [-73.8694222353597, 40.74915776673165], [-73.8784611888048, 40.74821248583537], [-73.87889532364557, 40.747636545380004], [-73.87984012643214, 40.74806022657481], [-73.89050312160437, 40.74694001959203], [-73.89036714532389, 40.74623174444251]]]}, "properties": {"geo_id": "11372", "name": "11372", "borough": null, "area_km2": 1.9154}}, {"type": "Feature", "id": 134, "geometry": {"type": "Polygon", "coordinates": [[[-73.75800397883633, 40.760379285722586], [-73.75987521252718, 40.759993446213365], [-73.75951049300058, 40.7590320214361], [-73.75917812875551, 40.759108180243], [-73.75861963838052, 40.75982613701936], [-73.75812082510588, 40.760011734065564], [-73.75759413037692, 40.75992279487012], [-73.75726386005056, 40.75942255415017], [-73.75749633698203, 40.759022309600326], [-73.7582983330771, 40.75884284126282], [-73.75892059911736, 40.75845439000756], [-73.75825961976925, 40.757574683281995], [-73.75940083421047, 40.75741238715065], [-73.76002982487522, 40.7571556921567], [-73.76031326475325, 40.756629289249474], [-73.76018561515488, 40.75599224031216], [-73.75881367489535, 40.75409000479944], [-73.75847004188107, 40.75329879487631], [-73.75912840770866, 40.752893949443525], [-73.75944059182292, 40.75240054557018], [-73.76004520999028, 40.75288488388801], [-73.76089776098655, 40.75468721691446], [-73.76184040116027, 40.755534554460645], [-73.76185854490498, 40.756517214415744], [-73.76932757121018, 40.755209440994854], [-73.77580222750966, 40.75327344836943], [-73.77566623785039, 40.752927344421074], [-73.7798059502363, 40.7518923251634], [-73.78052306167103, 40.75333194552805], [-73.78212626868391, 40.75533865978589], [-73.78447216947735, 40.75987740476373], [-73.78590202753696, 40.75974832288423], [-73.7861278822939, 40.761357166877524], [-73.78516743734566, 40.76143223288224], [-73.78542385669172, 40.762514142715396], [-73.78595622335335, 40.763102509702854], [-73.78930695808826, 40.76970706301558], [-73.77885587978028, 40.772800021883775], [-73.77481648351856, 40.77367600710859], [-73.77447521774073, 40.77209985458356], [-73.77348527382202, 40.772306513561695], [-73.77385532619093, 40.773904683491686], [-73.77283643243923, 40.77412225906348], [-73.7715721333408, 40.774306402430035], [-73.77143502991953, 40.77427868307955], [-73.7711704776896, 40.773515118231195], [-73.77026722859749, 40.773699963736014], [-73.76984495427386, 40.77261220091409], [-73.76537899598976, 40.773607771621634], [-73.76406224811075, 40.77228760372628], [-73.76426493314484, 40.77214529164759], [-73.76398472691758, 40.77174947420482], [-73.7634068019793, 40.77182514193286], [-73.76358542809392, 40.77235798984006], [-73.761260162984, 40.770393444433424], [-73.75959825133097, 40.768721180810054], [-73.75893537284905, 40.768335530708825], [-73.75879343262872, 40.767654535428896], [-73.75841963475825, 40.767198123576854], [-73.7578718210838, 40.76694445650126], [-73.75738725272366, 40.767168506746856], [-73.75640770153034, 40.76651318902168], [-73.75651660478837, 40.76634873412009], [-73.75602521830469, 40.76646297418015], [-73.75546963540978, 40.7663629852741], [-73.75493634050846, 40.76609286647363], [-73.75410155277966, 40.76535000471047], [-73.75376959730954, 40.76530537969096], [-73.75567071935696, 40.7646891130789], [-73.75919535175622, 40.76432873716673], [-73.75886705485954, 40.76327406552473], [-73.75858976040809, 40.76408593158452], [-73.7584524843451, 40.76411309137711], [-73.75844683733763, 40.76367940863291], [-73.7578516277123, 40.762569278956214], [-73.75802657459705, 40.762108527996936], [-73.75848182757181, 40.76199420365685], [-73.75800397883633, 40.760379285722586]]]}, "properties": {"geo_id": "11361", "name": "11361", "borough": null, "area_km2": 4.6218}}, {"type": "Feature", "id": 135, "geometry": {"type": "Polygon", "coordinates": [[[-73.75800397883633, 40.760379285722586], [-73.75848182757181, 40.76199420365685], [-73.75802657459705, 40.762108527996936], [-73.7578516277123, 40.762569278956214], [-73.75844683733763, 40.76367940863291], [-73.7584524843451, 40.76411309137711], [-73.75858976040809, 40.76408593158452], [-73.75886705485954, 40.76327406552473], [-73.75919535175622, 40.76432873716673], [-73.75567071935696, 40.7646891130789], [-73.75376959730954, 40.76530537969096], [-73.7538065695983, 40.76506940999277], [-73.75341085592896, 40.764695277358534], [-73.75219390261756, 40.76383081379817], [-73.75107532996954, 40.76176434763948], [-73.74860936803397, 40.76093007715652], [-73.74753772406628, 40.75985727925893], [-73.74655785511995, 40.75933911371626], [-73.74629180741492, 40.759058563037165], [-73.74642499349235, 40.75820798199811], [-73.74626060443694, 40.75777394857637], [-73.74609492017747, 40.75768026180525], [-73.74578382761317, 40.75785524010485], [-73.744632448474, 40.75689202876679], [-73.74469131589034, 40.75660121504342], [-73.74456154225662, 40.75655701124461], [-73.74458178893987, 40.75692485353257], [-73.74486945709808, 40.757210945681585], [-73.74573312600401, 40.75789904430428], [-73.74604390496708, 40.75780640813451], [-73.74631007207134, 40.75805402264191], [-73.74606192092854, 40.758761622909915], [-73.74616198609152, 40.75902533998749], [-73.74655021805945, 40.759448887131605], [-73.7474939501011, 40.759977952546436], [-73.7481553092553, 40.76072597358935], [-73.74837596003749, 40.761560861128785], [-73.74936398366148, 40.761842979821], [-73.749170812421, 40.76137595117038], [-73.75004363285369, 40.761575470529564], [-73.75046139972027, 40.76183438308147], [-73.75141814027752, 40.76276417824184], [-73.75169639215991, 40.76365407840342], [-73.75250898269405, 40.76452865833846], [-73.75304219416171, 40.76481525682228], [-73.75338683843955, 40.76533200854155], [-73.74940748033015, 40.76755216074485], [-73.74687749020995, 40.76451642323275], [-73.74428231460008, 40.7653560762865], [-73.74125576913158, 40.76570613687922], [-73.74006946295707, 40.76627437524218], [-73.73754125066144, 40.76840406148298], [-73.73837487838277, 40.769405047289226], [-73.738704496334, 40.77004806723813], [-73.73809776194781, 40.77010158471777], [-73.73694719292884, 40.76890774117951], [-73.73549610579741, 40.77067203949682], [-73.73645628364187, 40.770712666241224], [-73.73566521495117, 40.77172641221529], [-73.73488671893253, 40.77138976392078], [-73.73389293383308, 40.772529289654905], [-73.72153426284609, 40.7648257523506], [-73.72097860744864, 40.764758533839554], [-73.71351989885464, 40.75983809168577], [-73.7168565902303, 40.75952794903226], [-73.71831679506738, 40.75908138836908], [-73.71998110305243, 40.75816320707932], [-73.72111170586473, 40.75711196246369], [-73.72241306681451, 40.7549192984207], [-73.7232689234844, 40.753949712746795], [-73.72384124975846, 40.753457029489375], [-73.72641744945764, 40.75191513226396], [-73.72738114804979, 40.75102811475403], [-73.72825279692827, 40.74969622072998], [-73.72914328863745, 40.74727194911015], [-73.73063070039181, 40.74536508289495], [-73.73226814013238, 40.7438208547223], [-73.73436713609847, 40.742349032425906], [-73.73816408887764, 40.740376008118126], [-73.73932960872213, 40.739472880020344], [-73.74017067234068, 40.73848117605983], [-73.74128090256521, 40.73879108914922], [-73.74306489539656, 40.73843826379129], [-73.74360397604363, 40.739010376113725], [-73.7439652132874, 40.74078978642553], [-73.74996675760858, 40.73974349394167], [-73.75138686192832, 40.74019670939528], [-73.75347171274704, 40.74240249020534], [-73.74887803244192, 40.74328735795484], [-73.74567439973806, 40.74302781010129], [-73.74477843745177, 40.7432838357587], [-73.74625942637158, 40.74671257001844], [-73.7438242185049, 40.74742630672658], [-73.74570669268003, 40.7515860440176], [-73.74652863622447, 40.75184037343643], [-73.74709697936129, 40.75234665820656], [-73.74774095230752, 40.75385219758257], [-73.74711169540528, 40.754174699228656], [-73.74809414442936, 40.755900559298425], [-73.75004832036691, 40.75840254406311], [-73.75057678136395, 40.75801393418745], [-73.75115759556176, 40.75906917634049], [-73.7523040307925, 40.759455912734936], [-73.75321093996627, 40.758244677400924], [-73.75404739220794, 40.75850996278601], [-73.75511595663129, 40.75847930217964], [-73.75557149196072, 40.75828264727001], [-73.75584059397266, 40.75773975641516], [-73.75682233971382, 40.75973452499513], [-73.75800397883633, 40.760379285722586]]]}, "properties": {"geo_id": "11362", "name": "11362", "borough": null, "area_km2": 6.585}}, {"type": "Feature", "id": 136, "geometry": {"type": "Polygon", "coordinates": [[[-73.85439418816156, 40.6796587737383], [-73.86328619072572, 40.67907681082052], [-73.86410149085437, 40.68237150817596], [-73.86602052930746, 40.68191812587535], [-73.86629921353875, 40.683186536330126], [-73.83753586823237, 40.6913618885777], [-73.83551945119511, 40.68724735151339], [-73.83524522385638, 40.68732381294081], [-73.83509455576753, 40.68701069270536], [-73.83543383432097, 40.6868739396171], [-73.83488905196218, 40.68554468766793], [-73.83527874842645, 40.68542996556312], [-73.83511374334039, 40.68508388743328], [-73.84787152651747, 40.681489335397956], [-73.84863544487072, 40.68168247721938], [-73.8484416360532, 40.6812924638], [-73.85014449927738, 40.68080612385813], [-73.85047468292244, 40.68148176850226], [-73.85131889565858, 40.681241322098515], [-73.85098870465086, 40.68056567985703], [-73.85267710926183, 40.680079283713695], [-73.85301451368007, 40.68076041989989], [-73.8547028845242, 40.68028497311951], [-73.85439418816156, 40.6796587737383]]]}, "properties": {"geo_id": "11416", "name": "11416", "borough": null, "area_km2": 1.7229}}, {"type": "Feature", "id": 137, "geometry": {"type": "Polygon", "coordinates": [[[-73.73754125066144, 40.76840406148298], [-73.74006946295707, 40.76627437524218], [-73.74125576913158, 40.76570613687922], [-73.74428231460008, 40.7653560762865], [-73.74687749020995, 40.76451642323275], [-73.74940748033015, 40.76755216074485], [-73.75338683843955, 40.76533200854155], [-73.75372487702063, 40.76568405992606], [-73.75507545205929, 40.76753141216256], [-73.75486285389624, 40.768403790909865], [-73.75439221954247, 40.76875960624575], [-73.75471701275535, 40.76879323515996], [-73.75469913481739, 40.769726412336716], [-73.75557341860016, 40.7715288264135], [-73.75438011266694, 40.772042301747504], [-73.75356897939265, 40.77269382018778], [-73.75336488735681, 40.77320939638032], [-73.75395293692728, 40.77430855314781], [-73.75423824883056, 40.775264334495056], [-73.75518690397219, 40.776496000975456], [-73.75486777852855, 40.77687409770639], [-73.75498269161922, 40.77704451644945], [-73.75481442060449, 40.77763702395862], [-73.75429887365767, 40.77840445504302], [-73.75402724222828, 40.77960607461683], [-73.75301154925455, 40.78086648542649], [-73.75299553799961, 40.781289141984644], [-73.75245929692046, 40.78178204559525], [-73.75080857116153, 40.78289285464865], [-73.74412297755207, 40.77864031501904], [-73.74008122692076, 40.77621040113881], [-73.73937432994154, 40.77601118250916], [-73.73912279556995, 40.7757032013839], [-73.73770381219013, 40.77479421265916], [-73.73389293383308, 40.772529289654905], [-73.73488671893253, 40.77138976392078], [-73.73566521495117, 40.77172641221529], [-73.73645628364187, 40.770712666241224], [-73.73549610579741, 40.77067203949682], [-73.73694719292884, 40.76890774117951], [-73.73809776194781, 40.77010158471777], [-73.738704496334, 40.77004806723813], [-73.73837487838277, 40.769405047289226], [-73.73754125066144, 40.76840406148298]]]}, "properties": {"geo_id": "11363", "name": "11363", "borough": null, "area_km2": 2.1994}}, {"type": "Feature", "id": 138, "geometry": {"type": "Polygon", "coordinates": [[[-73.74653922101146, 40.735778051955734], [-73.77014458906403, 40.73182572199794], [-73.77229828774725, 40.73510724828271], [-73.7731578792504, 40.73699185167336], [-73.77455224421401, 40.74081529724706], [-73.77753350686694, 40.74715050861864], [-73.77850161129538, 40.746883388177835], [-73.78001406863858, 40.75007569438161], [-73.77906761528996, 40.75033188999521], [-73.7798059502363, 40.7518923251634], [-73.77566623785039, 40.752927344421074], [-73.77580222750966, 40.75327344836943], [-73.76932757121018, 40.755209440994854], [-73.76185854490498, 40.756517214415744], [-73.76184040116027, 40.755534554460645], [-73.76089776098655, 40.75468721691446], [-73.76004520999028, 40.75288488388801], [-73.75944059182292, 40.75240054557018], [-73.75912840770866, 40.752893949443525], [-73.75847004188107, 40.75329879487631], [-73.75881367489535, 40.75409000479944], [-73.76018561515488, 40.75599224031216], [-73.76031326475325, 40.756629289249474], [-73.76002982487522, 40.7571556921567], [-73.75940083421047, 40.75741238715065], [-73.75825961976925, 40.757574683281995], [-73.75892059911736, 40.75845439000756], [-73.7582983330771, 40.75884284126282], [-73.75749633698203, 40.759022309600326], [-73.75726386005056, 40.75942255415017], [-73.75759413037692, 40.75992279487012], [-73.75812082510588, 40.760011734065564], [-73.75861963838052, 40.75982613701936], [-73.75917812875551, 40.759108180243], [-73.75951049300058, 40.7590320214361], [-73.75987521252718, 40.759993446213365], [-73.75800397883633, 40.760379285722586], [-73.75682233971382, 40.75973452499513], [-73.75584059397266, 40.75773975641516], [-73.75557149196072, 40.75828264727001], [-73.75511595663129, 40.75847930217964], [-73.75404739220794, 40.75850996278601], [-73.75321093996627, 40.758244677400924], [-73.7523040307925, 40.759455912734936], [-73.75115759556176, 40.75906917634049], [-73.75057678136395, 40.75801393418745], [-73.75004832036691, 40.75840254406311], [-73.74809414442936, 40.755900559298425], [-73.74711169540528, 40.754174699228656], [-73.74774095230752, 40.75385219758257], [-73.74709697936129, 40.75234665820656], [-73.74652863622447, 40.75184037343643], [-73.74570669268003, 40.7515860440176], [-73.7438242185049, 40.74742630672658], [-73.74625942637158, 40.74671257001844], [-73.74477843745177, 40.7432838357587], [-73.74567439973806, 40.74302781010129], [-73.74887803244192, 40.74328735795484], [-73.75347171274704, 40.74240249020534], [-73.75138686192832, 40.74019670939528], [-73.75098335378416, 40.7400201728204], [-73.74996675760858, 40.73974349394167], [-73.7439652132874, 40.74078978642553], [-73.74360397604363, 40.739010376113725], [-73.74306489539656, 40.73843826379129], [-73.74128090256521, 40.73879108914922], [-73.74017067234068, 40.73848117605983], [-73.7415193450926, 40.73685931045777], [-73.74294648865508, 40.73545718524306], [-73.74672496356023, 40.7324792527315], [-73.7466132316863, 40.733395758691785], [-73.7459463008591, 40.73418478171279], [-73.74653922101146, 40.735778051955734]]]}, "properties": {"geo_id": "11364", "name": "11364", "borough": null, "area_km2": 6.4015}}, {"type": "Feature", "id": 139, "geometry": {"type": "Polygon", "coordinates": [[[-73.88720804100157, 40.72779491961437], [-73.88723498177711, 40.72893127592841], [-73.88755756342029, 40.730199669492805], [-73.88806288875551, 40.73008488200987], [-73.88852450039406, 40.734531835731126], [-73.889359460821, 40.73583914463878], [-73.89138003340015, 40.73591792133993], [-73.89136536712748, 40.7360606347773], [-73.88875930434982, 40.73653573430398], [-73.89168745282733, 40.7421433130641], [-73.8906984625615, 40.74226314784553], [-73.89087752378114, 40.74310321195821], [-73.89071869233314, 40.74313050888558], [-73.8913914254305, 40.74663893803194], [-73.89036714532389, 40.74623174444251], [-73.89050312160437, 40.74694001959203], [-73.87984012643214, 40.74806022657481], [-73.87889532364557, 40.747636545380004], [-73.8784611888048, 40.74821248583537], [-73.8694222353597, 40.74915776673165], [-73.86919202845152, 40.748762261361016], [-73.87001546815607, 40.74847224993421], [-73.86867738415634, 40.74619258810885], [-73.86826572522264, 40.746312887109646], [-73.86749217428613, 40.74330375064118], [-73.86756182481653, 40.74094334240787], [-73.86647748687977, 40.73820831446135], [-73.86554604668554, 40.738426811206345], [-73.86492848475879, 40.736894514846924], [-73.8658311044174, 40.73664305242577], [-73.8644724770232, 40.73400649515025], [-73.86835751152971, 40.732737434562566], [-73.86804750900542, 40.7325833733357], [-73.86872676118055, 40.732123030399414], [-73.86995709066572, 40.730307396622536], [-73.87148845520831, 40.729513135933956], [-73.87145995086749, 40.72932646053604], [-73.87475541514463, 40.73054327523689], [-73.87500844559324, 40.73029652194799], [-73.8767775152219, 40.72970007135897], [-73.8774854712959, 40.72927813400325], [-73.877694233447, 40.72955283175942], [-73.8800411643694, 40.728611103788424], [-73.88401778882738, 40.72826384884777], [-73.88353390717167, 40.7284994096618], [-73.88509280551004, 40.728358248433715], [-73.88720804100157, 40.72779491961437]]]}, "properties": {"geo_id": "11373", "name": "11373", "borough": null, "area_km2": 3.9537}}, {"type": "Feature", "id": 140, "geometry": {"type": "Polygon", "coordinates": [[[-73.81088698294997, 40.727173359970706], [-73.81100888919144, 40.72744254687793], [-73.81128313841604, 40.727426528109085], [-73.81188115566871, 40.72774589914152], [-73.8115779951404, 40.72777834060508], [-73.81173415487609, 40.7286953466745], [-73.81154619751695, 40.7288158087475], [-73.8115598223242, 40.729101286307085], [-73.81191254047701, 40.7294092763359], [-73.81188220400209, 40.72993073152905], [-73.8112684756159, 40.730055986294936], [-73.81089975144742, 40.730302409915275], [-73.81137606510315, 40.7302867225669], [-73.81205776118291, 40.73164923884125], [-73.81205611998966, 40.73223112548864], [-73.8107713244557, 40.73232783277548], [-73.81069563607753, 40.73356834020193], [-73.81229040992397, 40.73359839841145], [-73.81226767773231, 40.73398262779034], [-73.8125343200169, 40.73411481065885], [-73.81304126019153, 40.73605343515673], [-73.81254334799164, 40.736036157178575], [-73.81238888960189, 40.73706793510543], [-73.8104838310263, 40.73699345206083], [-73.81039340113536, 40.73833823507088], [-73.80914468073514, 40.73839655709205], [-73.80941169564389, 40.738402488809676], [-73.8093963350395, 40.738726344905665], [-73.80966335129227, 40.73873227603954], [-73.80929517023348, 40.73877009356499], [-73.80938885098622, 40.738819654309424], [-73.81035586286133, 40.73884869835154], [-73.81012952605225, 40.742295741214335], [-73.81430657272031, 40.74297227237923], [-73.81378249095897, 40.74455240584332], [-73.81367141571862, 40.74555680683238], [-73.81416060432672, 40.74613948534805], [-73.80750857433563, 40.75013590253697], [-73.80287548873993, 40.74976575913053], [-73.80280536968048, 40.749068471373135], [-73.79802070329865, 40.74873080991723], [-73.79785340298811, 40.74915320875569], [-73.79566295258135, 40.75023626675736], [-73.79477709430536, 40.74958692960469], [-73.79481677000227, 40.74842322391416], [-73.79230513578841, 40.74833089013578], [-73.79229748979766, 40.748468114149425], [-73.78695135088579, 40.74993502838021], [-73.78741742157968, 40.75091302248934], [-73.7862433068197, 40.75013682851252], [-73.78121483785156, 40.75150525450495], [-73.78009266061392, 40.752507698108744], [-73.77906761528996, 40.75033188999521], [-73.78001406863858, 40.75007569438161], [-73.77850161129538, 40.746883388177835], [-73.77753350686694, 40.74715050861864], [-73.77455224421401, 40.74081529724706], [-73.7731578792504, 40.73699185167336], [-73.77229828774725, 40.73510724828271], [-73.77010865895276, 40.731781734045875], [-73.77153839364624, 40.731521082151836], [-73.77355072530587, 40.73607038476291], [-73.77515442610722, 40.73560691752107], [-73.77559873928823, 40.73653551376142], [-73.77694957390338, 40.73615387140147], [-73.77670606093038, 40.73559895755119], [-73.7802527908017, 40.734601197132314], [-73.78039913151531, 40.73399213904231], [-73.78820864558085, 40.731360815877814], [-73.8008464379621, 40.72827080555026], [-73.81088698294997, 40.727173359970706]]]}, "properties": {"geo_id": "11365", "name": "11365", "borough": null, "area_km2": 6.5191}}, {"type": "Feature", "id": 141, "geometry": {"type": "Polygon", "coordinates": [[[-73.76618765662435, 40.726328224569386], [-73.76856328989452, 40.72585543472861], [-73.76862046258586, 40.72601474608844], [-73.76924141150549, 40.72590071202606], [-73.77286722056985, 40.72487039981145], [-73.77548314140907, 40.72372272846993], [-73.7772771773861, 40.72234833984998], [-73.77803889107271, 40.72328303155563], [-73.77700561934145, 40.723720197663084], [-73.77633929260135, 40.724465481727094], [-73.77523270624083, 40.72523735095929], [-73.77757568527421, 40.7301934570892], [-73.78115814054858, 40.72921220620652], [-73.78079992056054, 40.728426522216566], [-73.78316930927076, 40.72764600569456], [-73.78359976607146, 40.72841534954689], [-73.78619304263445, 40.72756382753983], [-73.78574812983058, 40.72679446644047], [-73.78831241822765, 40.725953821796985], [-73.78883813749817, 40.72627866937352], [-73.78964584845563, 40.72642287557405], [-73.80978259252775, 40.71971676095565], [-73.81039268340118, 40.720837631617904], [-73.80933892716008, 40.720956661091385], [-73.81062782828728, 40.724417191610705], [-73.8106864836363, 40.72662956742995], [-73.81088698294997, 40.727173359970706], [-73.8008464379621, 40.72827080555026], [-73.78820864558085, 40.731360815877814], [-73.78039913151531, 40.73399213904231], [-73.7802527908017, 40.734601197132314], [-73.77670606093038, 40.73559895755119], [-73.77694957390338, 40.73615387140147], [-73.77559873928823, 40.73653551376142], [-73.77515442610722, 40.73560691752107], [-73.77355072530587, 40.73607038476291], [-73.77153839364624, 40.731521082151836], [-73.76564629062571, 40.73253578337192], [-73.76435223076875, 40.73114978114038], [-73.76234463361469, 40.72953722275439], [-73.7578722481205, 40.72710702126892], [-73.75670647344614, 40.72623172797381], [-73.75835291068037, 40.725889354399904], [-73.75994789213216, 40.72580485816492], [-73.76475869064072, 40.72639667793768], [-73.76618765662435, 40.726328224569386]]]}, "properties": {"geo_id": "11366", "name": "11366", "borough": null, "area_km2": 2.8371}}, {"type": "Feature", "id": 142, "geometry": {"type": "Polygon", "coordinates": [[[-73.8256650354224, 40.71615175301366], [-73.82647267467867, 40.716306680083754], [-73.82650120463451, 40.716432982311446], [-73.82905445112637, 40.716727746988646], [-73.83102254746929, 40.7173290113374], [-73.83278647424184, 40.718802780765415], [-73.83554920399989, 40.721968728087845], [-73.8377815681215, 40.72673131265943], [-73.83840689216164, 40.72774226402279], [-73.84086107568461, 40.7304410365988], [-73.84284891139335, 40.73206866417583], [-73.8442872069741, 40.73420055068165], [-73.84488941401243, 40.73591409224985], [-73.84482702636208, 40.73791219134669], [-73.84523332028938, 40.74009756404567], [-73.8395903308564, 40.742719318391636], [-73.83768348885985, 40.743298534865886], [-73.8349334145203, 40.743365989898805], [-73.82708986582699, 40.74259692878068], [-73.82537305014617, 40.742232030675346], [-73.82519978785733, 40.742248236374216], [-73.82523514079774, 40.74252825514926], [-73.82498101435776, 40.74310426800118], [-73.82301205073362, 40.74256328688703], [-73.82341794740603, 40.74191614744439], [-73.82101029111371, 40.740809038569594], [-73.81890477731329, 40.74009211013213], [-73.8165316544896, 40.739599787184844], [-73.81758437014929, 40.739963767433096], [-73.8172072827894, 40.74061642180786], [-73.81513062390347, 40.73992142813373], [-73.81504672983611, 40.73894415961728], [-73.81322147974154, 40.73869967510126], [-73.80941127167826, 40.73855070507554], [-73.80941169564389, 40.738402488809676], [-73.80914468073514, 40.73839655709205], [-73.81039340113536, 40.73833823507088], [-73.8104838310263, 40.73699345206083], [-73.81238888960189, 40.73706793510543], [-73.81254334799164, 40.736036157178575], [-73.81304126019153, 40.73605343515673], [-73.81305658706246, 40.73573506794797], [-73.81284059322212, 40.735553562985224], [-73.8125343200169, 40.73411481065885], [-73.81226767773231, 40.73398262779034], [-73.81229040992397, 40.73359839841145], [-73.81069563607753, 40.73356834020193], [-73.8107713244557, 40.73232783277548], [-73.81205611998966, 40.73223112548864], [-73.81205776118291, 40.73164923884125], [-73.81137606510315, 40.7302867225669], [-73.81225654558459, 40.73024973482952], [-73.81105130652428, 40.73029716917734], [-73.8112684756159, 40.730055986294936], [-73.81188220400209, 40.72993073152905], [-73.81191254047701, 40.7294092763359], [-73.8115598223242, 40.729101286307085], [-73.81154619751695, 40.7288158087475], [-73.81173415487609, 40.7286953466745], [-73.8115779951404, 40.72777834060508], [-73.81188115566871, 40.72774589914152], [-73.81128313841604, 40.727426528109085], [-73.81100888919144, 40.72744254687793], [-73.81074341470583, 40.72690962684607], [-73.81062782828728, 40.724417191610705], [-73.80933892716008, 40.720956661091385], [-73.81039268340118, 40.720837631617904], [-73.80978259252775, 40.71971676095565], [-73.8090388791614, 40.719913152939455], [-73.80868263387974, 40.71834255536556], [-73.8117655394371, 40.71758459214595], [-73.81211490143521, 40.719061846958326], [-73.81712588839612, 40.717681064064315], [-73.81669531022936, 40.716840480873394], [-73.81821884194048, 40.716392754895644], [-73.81930624689743, 40.71713555361], [-73.82018752669157, 40.71673619758065], [-73.82187529709466, 40.71691448631075], [-73.82524579482568, 40.716453041644705], [-73.8256650354224, 40.71615175301366]]]}, "properties": {"geo_id": "11367", "name": "11367", "borough": null, "area_km2": 6.6445}}, {"type": "Feature", "id": 143, "geometry": {"type": "Polygon", "coordinates": [[[-73.85728971902094, 40.71146881347244], [-73.85818399153281, 40.711601667383455], [-73.8575509412649, 40.71076098738663], [-73.8580276186884, 40.710503568242125], [-73.85963652107242, 40.71042319828056], [-73.85975616808152, 40.711845132829126], [-73.86207840607342, 40.712199268479], [-73.8596519332171, 40.71338207438775], [-73.85968628309004, 40.714200056203836], [-73.86003825712322, 40.71493059204822], [-73.86523694525515, 40.7199761804229], [-73.86876475704138, 40.72382292180149], [-73.86970739769502, 40.72514696692227], [-73.87107960758821, 40.724506237616175], [-73.87117273056761, 40.724857671171684], [-73.87097692133109, 40.725367977316964], [-73.87145286779956, 40.72551672670359], [-73.87106883423573, 40.72634521480453], [-73.87115470148798, 40.72671859823584], [-73.87063450404855, 40.727058365146725], [-73.87100083215967, 40.7279261200772], [-73.87181840617758, 40.72679619227242], [-73.87390789199591, 40.72843437583096], [-73.87250601854761, 40.72946486143573], [-73.87160468477926, 40.72911253083829], [-73.87148845520831, 40.729513135933956], [-73.86995709066572, 40.730307396622536], [-73.86872676118055, 40.732123030399414], [-73.86804750900542, 40.7325833733357], [-73.86832139678809, 40.732753861815816], [-73.8644724770232, 40.73400649515025], [-73.86462346748928, 40.73428114846133], [-73.85943153182066, 40.735790033740805], [-73.85886830990736, 40.73593756173504], [-73.85872446305308, 40.73570682578995], [-73.85567707622863, 40.73658685867262], [-73.8534028491559, 40.73700118910273], [-73.85404609113996, 40.73657382410034], [-73.85390953661874, 40.736315643816305], [-73.85614819840214, 40.73564874131848], [-73.8547037718144, 40.732830806694295], [-73.8541981880542, 40.73302779024531], [-73.85390362472079, 40.73242905962903], [-73.85216331434174, 40.732948342606704], [-73.85181840136508, 40.73228366777254], [-73.853587586525, 40.73175344766126], [-73.85325709804464, 40.7310887953765], [-73.85148071158547, 40.73161900115188], [-73.85113581229825, 40.73095432415126], [-73.85288330691563, 40.73042957627662], [-73.85173305293907, 40.72847932169649], [-73.85177808262414, 40.727699867819226], [-73.85358329795292, 40.72713675684667], [-73.8571089549782, 40.72175596474794], [-73.85740455702738, 40.721860632191365], [-73.85736152394176, 40.72173980935471], [-73.85852362160404, 40.721532641269825], [-73.85776964438325, 40.71645390057607], [-73.85728971902094, 40.71146881347244]]]}, "properties": {"geo_id": "11374", "name": "11374", "borough": null, "area_km2": 2.4268}}, {"type": "Feature", "id": 144, "geometry": {"type": "Polygon", "coordinates": [[[-73.85187209768827, 40.73734506966115], [-73.85567707622863, 40.73658685867262], [-73.85872446305308, 40.73570682578995], [-73.85886830990736, 40.73593756173504], [-73.86462346748928, 40.73428114846133], [-73.8658311044174, 40.73664305242577], [-73.86492848475879, 40.736894514846924], [-73.86554604668554, 40.738426811206345], [-73.86647748687977, 40.73820831446135], [-73.86756182481653, 40.74094334240787], [-73.86749217428613, 40.74330375064118], [-73.86826572522264, 40.746312887109646], [-73.86867738415634, 40.74619258810885], [-73.87001546815607, 40.74847224993421], [-73.86919202845152, 40.748762261361016], [-73.87206951609177, 40.753859749429516], [-73.87168673316384, 40.75395813464418], [-73.87221519123258, 40.756945008390474], [-73.86567332638407, 40.757629242399325], [-73.8588867462827, 40.75790109328879], [-73.85926509378888, 40.759921690419105], [-73.85816115936603, 40.75962390380234], [-73.85788283735924, 40.7581084600217], [-73.8577530678414, 40.75802595741285], [-73.85540614395897, 40.75834142631242], [-73.8544966551925, 40.75827989670269], [-73.85525278692421, 40.759148189618855], [-73.85603844477339, 40.75972557110762], [-73.8581084605099, 40.76063939538703], [-73.85912505775379, 40.76127742428158], [-73.86109824079323, 40.76366225991028], [-73.86043358306715, 40.76387005731315], [-73.85949054399404, 40.7625624119703], [-73.85907910411652, 40.76252348298268], [-73.85892051565398, 40.76240800954418], [-73.85898599228645, 40.7621720415227], [-73.8586182923433, 40.7619355426695], [-73.85711821675426, 40.76118712087811], [-73.85530006638137, 40.76064688114129], [-73.85466579584347, 40.760168496691534], [-73.8539652844317, 40.76027191122776], [-73.85328697326004, 40.76012832251006], [-73.85158490613831, 40.75935761293873], [-73.85021998534862, 40.75956444724374], [-73.84914261228558, 40.760309612846555], [-73.84858701611648, 40.7601771360645], [-73.84474748320626, 40.76275757775718], [-73.84307053651868, 40.76359519822541], [-73.8430399497576, 40.76431976963559], [-73.84272876996411, 40.76462675685444], [-73.84052487617738, 40.765386766723715], [-73.83957937702101, 40.765253706270855], [-73.83936239429477, 40.765412599215274], [-73.83790596322123, 40.76458713541311], [-73.8368998035431, 40.76269732948063], [-73.83678804169294, 40.761165601995216], [-73.83867516746383, 40.7570182000144], [-73.83813899320856, 40.754854584883], [-73.83777981627857, 40.754129465472076], [-73.83743343671877, 40.754079571643175], [-73.83682879657366, 40.7533705709946], [-73.83559210338751, 40.751376122890555], [-73.83229183281833, 40.75194227350934], [-73.83224943408817, 40.75157990450475], [-73.83313898454595, 40.748029486512344], [-73.83300233620349, 40.7478316662202], [-73.83412936651685, 40.747427071239436], [-73.83470092540351, 40.74688992120259], [-73.83544053448672, 40.74552409278187], [-73.83595020206954, 40.74372975034104], [-73.83591484401622, 40.74343326643215], [-73.83768348885985, 40.743298534865886], [-73.83911349753184, 40.742916275645086], [-73.84750924919726, 40.73900818720225], [-73.84766759902655, 40.73919504017797], [-73.84823754022982, 40.73928911434724], [-73.84904019820243, 40.738603980258944], [-73.85204456058969, 40.73768015164946], [-73.85187209768827, 40.73734506966115]]]}, "properties": {"geo_id": "11368", "name": "11368", "borough": null, "area_km2": 6.9051}}, {"type": "Feature", "id": 145, "geometry": {"type": "Polygon", "coordinates": [[[-73.8613189023102, 40.67502316471544], [-73.86234862725605, 40.67916352585983], [-73.85439418816156, 40.6796587737383], [-73.8547028845242, 40.68028497311951], [-73.85301451368007, 40.68076041989989], [-73.85267710926183, 40.680079283713695], [-73.85098870465086, 40.68056567985703], [-73.85131889565858, 40.681241322098515], [-73.85047468292244, 40.68148176850226], [-73.85014449927738, 40.68080612385813], [-73.8484416360532, 40.6812924638], [-73.84863544487072, 40.68168247721938], [-73.84787152651747, 40.681489335397956], [-73.83426219859095, 40.68532969397085], [-73.8335232305362, 40.68380802101508], [-73.83379033003837, 40.68369312650399], [-73.8310857656621, 40.678150226150315], [-73.83078307673135, 40.67808939624833], [-73.83121317961204, 40.67624004678377], [-73.83181332520458, 40.675571199402526], [-73.83491188430405, 40.67632226715087], [-73.83500631123182, 40.676042435107355], [-73.83566205627265, 40.6762025708016], [-73.83631417804725, 40.67490247492794], [-73.83713671468455, 40.67466759115208], [-73.83334946624001, 40.66677366648317], [-73.83487676386821, 40.66720954446274], [-73.8356985075482, 40.667260127100896], [-73.84008612037482, 40.66846852428007], [-73.84013707356485, 40.66826548125609], [-73.84226997045836, 40.66873503821602], [-73.84243447943884, 40.6692897094676], [-73.84322020659079, 40.669340188987654], [-73.84847963164385, 40.67091725071143], [-73.8613189023102, 40.67502316471544]]]}, "properties": {"geo_id": "11417", "name": "11417", "borough": null, "area_km2": 2.8791}}, {"type": "Feature", "id": 146, "geometry": {"type": "Polygon", "coordinates": [[[-73.88257649293479, 40.75585264743057], [-73.88324863698705, 40.75952580218849], [-73.88277929270924, 40.759574731005976], [-73.88312955405198, 40.76156228291554], [-73.88267464414524, 40.761605736457895], [-73.88273899208032, 40.76196261887935], [-73.88301073381882, 40.76344505747945], [-73.88394225613378, 40.7633471888288], [-73.8842712077995, 40.765164540513666], [-73.88241533053802, 40.76536028291709], [-73.8827656694245, 40.767314897377034], [-73.88755427629074, 40.766359010297336], [-73.88822199442546, 40.76859388076545], [-73.88874131691345, 40.76891826301565], [-73.88945569011314, 40.77353560552111], [-73.88391623599925, 40.774134000863405], [-73.88455128742252, 40.7743597075911], [-73.88483910024162, 40.774952859457024], [-73.88477345569038, 40.77533156793647], [-73.88428937777422, 40.77548478827924], [-73.88441202168822, 40.775550785124494], [-73.88505699181259, 40.77840595897548], [-73.8852516098943, 40.77861475306117], [-73.88505635693429, 40.778773753293315], [-73.88508424793419, 40.779350176141406], [-73.88488094524176, 40.77998675243911], [-73.88385499510436, 40.78026568623066], [-73.88290160013058, 40.78034706351628], [-73.8827429375782, 40.78022613371783], [-73.88139182598013, 40.78060352482416], [-73.87920337381266, 40.78076593585581], [-73.87870541023142, 40.78058426010003], [-73.87904996429644, 40.78173192257291], [-73.8793097284246, 40.781852963358716], [-73.87833986564976, 40.78302669102904], [-73.87515785256325, 40.78150819287074], [-73.87484698817077, 40.78168351889093], [-73.87124935314863, 40.7860381977051], [-73.86969080473517, 40.78529536724888], [-73.86987176583077, 40.785086971759156], [-73.86942692296483, 40.78359333184072], [-73.87048383722853, 40.78230449799542], [-73.87146635335161, 40.782124445355485], [-73.87255934460764, 40.7808191640605], [-73.8647104763813, 40.77673153422914], [-73.85505112827181, 40.77219645453024], [-73.85508803217061, 40.77182870544545], [-73.85645599347272, 40.77032080918713], [-73.85735802820554, 40.77056895631356], [-73.85753170864339, 40.770388018155394], [-73.85820335708055, 40.770322972849954], [-73.8562129258097, 40.76919516130344], [-73.85624247093735, 40.76888778687365], [-73.85705060871408, 40.76914130877859], [-73.85768063551441, 40.76827474968639], [-73.85877286645147, 40.767348370167674], [-73.8593727216707, 40.76707462946167], [-73.86092534247746, 40.76693927687047], [-73.86110514774319, 40.76727435257381], [-73.86131523028449, 40.766939746843946], [-73.86226857320227, 40.76680365323748], [-73.86260051798327, 40.76689188139795], [-73.8627524011039, 40.766765804189745], [-73.86215431228541, 40.766194183317126], [-73.86216905914695, 40.7660459847506], [-73.86043358306715, 40.76387005731315], [-73.86109824079323, 40.76366225991028], [-73.85912505775379, 40.76127742428158], [-73.8581084605099, 40.76063939538703], [-73.85603844477339, 40.75972557110762], [-73.85525278692421, 40.759148189618855], [-73.8544966551925, 40.75827989670269], [-73.85540614395897, 40.75834142631242], [-73.8577530678414, 40.75802595741285], [-73.85788283735924, 40.7581084600217], [-73.85816115936603, 40.75962390380234], [-73.85926509378888, 40.759921690419105], [-73.8588867462827, 40.75790109328879], [-73.86567332638407, 40.757629242399325], [-73.87793381605522, 40.75633638649745], [-73.87831254191687, 40.75846122166901], [-73.87924399148305, 40.7583688804183], [-73.87885801744652, 40.75624404068904], [-73.88257649293479, 40.75585264743057]]]}, "properties": {"geo_id": "11369", "name": "11369", "borough": null, "area_km2": 5.6575}}, {"type": "Feature", "id": 147, "geometry": {"type": "MultiPolygon", "coordinates": [[[[-73.87485599389385, 40.79226173868806], [-73.87222197723743, 40.7910401869909], [-73.87119835260656, 40.79000153815679], [-73.87078332790972, 40.78799741729163], [-73.8716306700842, 40.78679617013083], [-73.87298296801721, 40.78589190566856], [-73.87343099494832, 40.78576065125745], [-73.87652919121173, 40.78582988584182], [-73.87830672412647, 40.7853541924822], [-73.88537495424399, 40.78666793337453], [-73.88770018811358, 40.78687333295508], [-73.8890499275539, 40.78737418196578], [-73.88961190672018, 40.78819814192315], [-73.89030249458469, 40.789878578400355], [-73.89080031622085, 40.79020841915071], [-73.89160933587435, 40.79015977762945], [-73.89217954424235, 40.790396359525595], [-73.89282568946211, 40.79281781635438], [-73.89179359690155, 40.79677475456209], [-73.89126543806195, 40.79729575630741], [-73.89016637015258, 40.797964428439116], [-73.88921314052737, 40.79779883240683], [-73.88766633073968, 40.79837921811822], [-73.88648242553846, 40.79793341201277], [-73.8837558214223, 40.795707462669164], [-73.88362586978305, 40.79566890530216], [-73.88366145846885, 40.79597086165762], [-73.8832215692673, 40.7955532176854], [-73.88228314853208, 40.795211916418296], [-73.87975560892187, 40.79488542902843], [-73.87841272952447, 40.79453818407153], [-73.87582942574959, 40.79315208494628], [-73.87485599389385, 40.79226173868806]]], [[[-73.89652579223495, 40.754389347858435], [-73.89772121548162, 40.76097780706686], [-73.89845198377277, 40.759929960804435], [-73.89866136275728, 40.75991916619519], [-73.89641110470991, 40.763150474359406], [-73.89506637404422, 40.764329497382555], [-73.89445813077192, 40.765448797219854], [-73.8934970649411, 40.765952945595814], [-73.90065747977252, 40.767210944933], [-73.90046950081661, 40.76738095673255], [-73.90051253498888, 40.76757312587106], [-73.89961612754297, 40.768302449789196], [-73.90033018110326, 40.76880810223424], [-73.89809628707428, 40.77063963551906], [-73.89776450414789, 40.77040329385374], [-73.89602208658854, 40.771856447405824], [-73.89573261471264, 40.77226789692983], [-73.89593457201399, 40.772410806018804], [-73.89370046252796, 40.77422578467072], [-73.89289238846739, 40.77380783588401], [-73.8926100388894, 40.77426319992744], [-73.89234752033329, 40.77584941446534], [-73.89184790828715, 40.77668334732088], [-73.89143679185173, 40.7763810394322], [-73.89140123209282, 40.776046147744836], [-73.89176341311159, 40.77535481419136], [-73.89182916952262, 40.774882780725065], [-73.89034434439716, 40.77324002268359], [-73.88997528388987, 40.77372274517479], [-73.88945569011314, 40.77353560552111], [-73.88874131691345, 40.76891826301565], [-73.88822199442546, 40.76859388076545], [-73.88755427629074, 40.766359010297336], [-73.8827656694245, 40.767314897377034], [-73.88241533053802, 40.76536028291709], [-73.8842712077995, 40.765164540513666], [-73.88394225613378, 40.7633471888288], [-73.88301073381882, 40.76344505747945], [-73.88273899208032, 40.76196261887935], [-73.88267464414524, 40.761605736457895], [-73.88312955405198, 40.76156228291554], [-73.88277929270924, 40.759574731005976], [-73.88324863698705, 40.75952580218849], [-73.88257649293479, 40.75585264743057], [-73.89652579223495, 40.754389347858435]]]]}, "properties": {"geo_id": "11370", "name": "11370", "borough": null, "area_km2": 3.7976}}, {"type": "Feature", "id": 148, "geometry": {"type": "Polygon", "coordinates": [[[-73.8413428505142, 40.70994380733915], [-73.84417345962468, 40.70877840295377], [-73.84567479041569, 40.7084126266502], [-73.849332250906, 40.708390024262556], [-73.85593721016009, 40.706394799670974], [-73.85667742414756, 40.707691253958856], [-73.85728971902094, 40.71146881347244], [-73.85776964438325, 40.71645390057607], [-73.85852362160404, 40.721532641269825], [-73.85736152394176, 40.72173980935471], [-73.85740455702738, 40.721860632191365], [-73.8571089549782, 40.72175596474794], [-73.85358329795292, 40.72713675684667], [-73.85177808262414, 40.727699867819226], [-73.85173305293907, 40.72847932169649], [-73.85288330691563, 40.73042957627662], [-73.85113581229825, 40.73095432415126], [-73.85148071158547, 40.73161900115188], [-73.85325709804464, 40.7310887953765], [-73.853587586525, 40.73175344766126], [-73.85181840136508, 40.73228366777254], [-73.85216331434174, 40.732948342606704], [-73.85390362472079, 40.73242905962903], [-73.8541981880542, 40.73302779024531], [-73.8547037718144, 40.732830806694295], [-73.85614819840214, 40.73564874131848], [-73.85390953661874, 40.736315643816305], [-73.85404609113996, 40.73657382410034], [-73.8534028491559, 40.73700118910273], [-73.85187209768827, 40.73734506966115], [-73.85204456058969, 40.73768015164946], [-73.84904019820243, 40.738603980258944], [-73.84823754022982, 40.73928911434724], [-73.84766759902655, 40.73919504017797], [-73.84750924919726, 40.73900818720225], [-73.84523332028938, 40.74009756404567], [-73.84482702636208, 40.73791219134669], [-73.84488941401243, 40.73591409224985], [-73.8442872069741, 40.73420055068165], [-73.84284891139335, 40.73206866417583], [-73.84086107568461, 40.7304410365988], [-73.83840689216164, 40.72774226402279], [-73.8377815681215, 40.72673131265943], [-73.83554920399989, 40.721968728087845], [-73.83278647424184, 40.718802780765415], [-73.83102254746929, 40.7173290113374], [-73.82905445112637, 40.716727746988646], [-73.82650120463451, 40.716432982311446], [-73.82647267467867, 40.716306680083754], [-73.8256650354224, 40.71615175301366], [-73.82715324385968, 40.71538546251455], [-73.83129724715023, 40.71426625562178], [-73.83600731233366, 40.71173140775112], [-73.83611529529922, 40.71182488360491], [-73.8377115517686, 40.71103665212711], [-73.8413428505142, 40.70994380733915]]]}, "properties": {"geo_id": "11375", "name": "11375", "borough": null, "area_km2": 5.1332}}, {"type": "Feature", "id": 149, "geometry": {"type": "Polygon", "coordinates": [[[-73.90285091300966, 40.71379443303434], [-73.90072111379396, 40.71483562595444], [-73.90079984424773, 40.71525838727727], [-73.89796974893787, 40.716556931264755], [-73.89782594320585, 40.716238411299734], [-73.89423757622276, 40.71792594420596], [-73.89457596162846, 40.71837639549821], [-73.8928646920564, 40.719209223298975], [-73.89242461387272, 40.71918685484969], [-73.89212911975069, 40.71898895553721], [-73.88602759368563, 40.72184311831897], [-73.88761163724514, 40.72380992386313], [-73.88706287973267, 40.724034457221855], [-73.88720804100157, 40.72779491961437], [-73.88509280551004, 40.728358248433715], [-73.88353390717167, 40.7284994096618], [-73.88401778882738, 40.72826384884777], [-73.8800411643694, 40.728611103788424], [-73.877694233447, 40.72955283175942], [-73.8774854712959, 40.72927813400325], [-73.8767775152219, 40.72970007135897], [-73.87500844559324, 40.73029652194799], [-73.87475541514463, 40.73054327523689], [-73.87145995086749, 40.72932646053604], [-73.87160468477926, 40.72911253083829], [-73.87250601854761, 40.72946486143573], [-73.87390789199591, 40.72843437583096], [-73.87181840617758, 40.72679619227242], [-73.87100083215967, 40.7279261200772], [-73.87063450404855, 40.727058365146725], [-73.87115470148798, 40.72671859823584], [-73.87106883423573, 40.72634521480453], [-73.87145286779956, 40.72551672670359], [-73.87097692133109, 40.725367977316964], [-73.87117273056761, 40.724857671171684], [-73.87107960758821, 40.724506237616175], [-73.86970739769502, 40.72514696692227], [-73.86876475704138, 40.72382292180149], [-73.86523694525515, 40.7199761804229], [-73.86003825712322, 40.71493059204822], [-73.85963624447992, 40.71398041402007], [-73.8596519332171, 40.71338207438775], [-73.86501026809474, 40.71077546570927], [-73.8666197507953, 40.71040405366377], [-73.87017855155615, 40.70923336233473], [-73.87377425248518, 40.70755756439573], [-73.87504526568806, 40.7068123746179], [-73.88377468263825, 40.70629452453437], [-73.8855345413955, 40.70644450540557], [-73.88929763158514, 40.70789742239662], [-73.89095542981347, 40.708733413476146], [-73.8918567773038, 40.70897031359545], [-73.90285091300966, 40.71379443303434]]]}, "properties": {"geo_id": "11379", "name": "11379", "borough": null, "area_km2": 5.3725}}, {"type": "Feature", "id": 150, "geometry": {"type": "MultiPolygon", "coordinates": [[[[-73.91734447563569, 40.731383190569666], [-73.91722909669507, 40.73131723354691], [-73.91736619260327, 40.731328311034005], [-73.91734447563569, 40.731383190569666]]], [[[-73.91734447563569, 40.731383190569666], [-73.91930637802473, 40.73215311374826], [-73.92237069897638, 40.73442238810972], [-73.92252954774874, 40.734351131457814], [-73.924029678362, 40.73516457824632], [-73.92583325655337, 40.73570372579139], [-73.92576766350857, 40.736280081889184], [-73.92397123690793, 40.73578485415934], [-73.923042119526, 40.74043384919764], [-73.92095522544297, 40.74136016206969], [-73.9200315195756, 40.74126071331405], [-73.91991538185127, 40.74180958304028], [-73.91689006100985, 40.74278457130516], [-73.91681025688723, 40.74311388389009], [-73.91494836255038, 40.74292588086695], [-73.91463602453466, 40.74447368960529], [-73.91556697766302, 40.744578676378026], [-73.9147171068529, 40.748793986643285], [-73.91378606774092, 40.7487109510388], [-73.91374248149026, 40.74892500886516], [-73.9101556074298, 40.74849957544737], [-73.9094594642734, 40.75085402521127], [-73.91033765685125, 40.75267722510664], [-73.91067650431147, 40.752995879130786], [-73.91195825144337, 40.755395775158085], [-73.91176310848562, 40.755571289648046], [-73.91261441508213, 40.75597267161614], [-73.91068380210115, 40.75832069370214], [-73.90988297419985, 40.757946784577356], [-73.9096443393122, 40.75824303021119], [-73.90922587217396, 40.758061547998075], [-73.90740347766283, 40.760332746891756], [-73.90779306869274, 40.760519702038536], [-73.90651299098744, 40.76211062231237], [-73.90551013271853, 40.76163770808728], [-73.90469963957992, 40.76296549676435], [-73.90518946301002, 40.7637508976794], [-73.90450959729657, 40.76459022773464], [-73.90373036443346, 40.764232762576654], [-73.90344767594326, 40.76500105419346], [-73.90370672865349, 40.76559962502193], [-73.90437624228491, 40.76695608559171], [-73.90527042448785, 40.76774182056773], [-73.90427431592431, 40.76754337582466], [-73.90356928629025, 40.76578066310831], [-73.90202179471444, 40.76741522416336], [-73.8934970649411, 40.765952945595814], [-73.89445813077192, 40.765448797219854], [-73.89506637404422, 40.764329497382555], [-73.89641110470991, 40.763150474359406], [-73.89866136275728, 40.75991916619519], [-73.89845198377277, 40.759929960804435], [-73.89772121548162, 40.76097780706686], [-73.89583868564857, 40.750617443981135], [-73.89718875138568, 40.750470440457626], [-73.89480607840254, 40.74628528965514], [-73.89459093948264, 40.74540128304727], [-73.8946713508642, 40.74475908473942], [-73.89443190401015, 40.745554843469534], [-73.89474077028282, 40.74650481007555], [-73.8917520463251, 40.74680945208353], [-73.8913914254305, 40.74663893803194], [-73.89071869233314, 40.74313050888558], [-73.89087752378114, 40.74310321195821], [-73.8906984625615, 40.74226314784553], [-73.89168745282733, 40.7421433130641], [-73.88875930434982, 40.73653573430398], [-73.89136536712748, 40.7360606347773], [-73.89138003340015, 40.73591792133993], [-73.889359460821, 40.73583914463878], [-73.88852450039406, 40.734531835731126], [-73.89175041718403, 40.73448550771783], [-73.89213420496361, 40.73367890960332], [-73.8959592050102, 40.73353421210811], [-73.8978931338631, 40.73360181727536], [-73.89786321592315, 40.73428797968348], [-73.90071367910902, 40.73435634671285], [-73.90518123610647, 40.728958431364944], [-73.90572305998118, 40.728519715064444], [-73.90847055653505, 40.72982843623298], [-73.91174657005331, 40.729913336362955], [-73.91734447563569, 40.731383190569666]]]]}, "properties": {"geo_id": "11377", "name": "11377", "borough": null, "area_km2": 6.5907}}, {"type": "Feature", "id": 151, "geometry": {"type": "Polygon", "coordinates": [[[-73.90072111379396, 40.71483562595444], [-73.9048939255072, 40.71285742996621], [-73.90537725963601, 40.71287429683788], [-73.90556364128886, 40.7137143474126], [-73.90683351099402, 40.71361657064268], [-73.90692101870862, 40.712946919226056], [-73.90801028725805, 40.71301366910674], [-73.90797366244357, 40.71341437524967], [-73.9088098663423, 40.71389811894139], [-73.90890479397503, 40.71306378614807], [-73.91078035394985, 40.71318602458661], [-73.91070088603344, 40.71326830586123], [-73.9122796336264, 40.714175291395065], [-73.91303825220697, 40.71333048001672], [-73.92403936338361, 40.714007986628964], [-73.92406088780407, 40.7141123017977], [-73.92368576895053, 40.71408460611952], [-73.9241246490924, 40.71513888487139], [-73.92366968046498, 40.71553382982233], [-73.92232713484907, 40.71607639467653], [-73.92063926839144, 40.71577331974026], [-73.92056684753864, 40.716003829781904], [-73.92224020051043, 40.71638374928808], [-73.92279439507934, 40.717536922021786], [-73.9234646905981, 40.71813023794364], [-73.92393983165378, 40.71904181337055], [-73.92383754246512, 40.72016160795147], [-73.92423352956283, 40.72090295441], [-73.92424014567197, 40.72142995262863], [-73.92515546150634, 40.7223363218879], [-73.92442529500352, 40.72358745504982], [-73.92214507043646, 40.72370670516283], [-73.92072409362717, 40.723310490264105], [-73.9203700918318, 40.72368353319706], [-73.92226718272325, 40.724178886171366], [-73.92428740310038, 40.72429002268057], [-73.92528266623, 40.72471885515399], [-73.92655877676899, 40.7256693625027], [-73.92855518958618, 40.727844466525546], [-73.92923304259902, 40.728262088185915], [-73.93143341925698, 40.728741007155314], [-73.93102896460354, 40.72908660494275], [-73.93164218808687, 40.729224208444], [-73.93545698767426, 40.73180648049256], [-73.9374179981427, 40.733761828524464], [-73.93441480294696, 40.73488550661942], [-73.93478219804173, 40.735555435290436], [-73.93161273736713, 40.73682716252059], [-73.92672069544922, 40.73590740572037], [-73.924029678362, 40.73516457824632], [-73.92252954774874, 40.734351131457814], [-73.92237069897638, 40.73442238810972], [-73.91930637802473, 40.73215311374826], [-73.91756088986588, 40.73144373034092], [-73.91174657005331, 40.729913336362955], [-73.90847055653505, 40.72982843623298], [-73.90572305998118, 40.728519715064444], [-73.90518123610647, 40.728958431364944], [-73.90071367910902, 40.73435634671285], [-73.89786321592315, 40.73428797968348], [-73.8978931338631, 40.73360181727536], [-73.8959592050102, 40.73353421210811], [-73.89213420496361, 40.73367890960332], [-73.89175041718403, 40.73448550771783], [-73.88852450039406, 40.734531835731126], [-73.88806288875551, 40.73008488200987], [-73.88755756342029, 40.730199669492805], [-73.88719944057812, 40.72861284917458], [-73.88706287973267, 40.724034457221855], [-73.88761163724514, 40.72380992386313], [-73.88602759368563, 40.72184311831897], [-73.89212911975069, 40.71898895553721], [-73.89242461387272, 40.71918685484969], [-73.8928646920564, 40.719209223298975], [-73.89457596162846, 40.71837639549821], [-73.89423757622276, 40.71792594420596], [-73.89782594320585, 40.716238411299734], [-73.89796974893787, 40.716556931264755], [-73.90079984424773, 40.71525838727727], [-73.90072111379396, 40.71483562595444]], [[-73.91734447563569, 40.731383190569666], [-73.91736619260327, 40.731328311034005], [-73.91722909669507, 40.73131723354691], [-73.91734447563569, 40.731383190569666]]]}, "properties": {"geo_id": "11378", "name": "11378", "borough": null, "area_km2": 6.6619}}, {"type": "Feature", "id": 152, "geometry": {"type": "Polygon", "coordinates": [[[-73.86629921353875, 40.683186536330126], [-73.86659791668035, 40.685267422433846], [-73.8674570425351, 40.688402947152646], [-73.86868635308088, 40.69403662958331], [-73.86842536874852, 40.694717034809976], [-73.86891496496278, 40.69514577780365], [-73.87067676773641, 40.69784313567232], [-73.86931781733138, 40.69935671365322], [-73.86952979748219, 40.70160766488901], [-73.86898854754065, 40.70174428852949], [-73.86915940982566, 40.702891796146815], [-73.86281070222347, 40.7034113998367], [-73.85820247760867, 40.702911756747724], [-73.85893438045434, 40.70132068997079], [-73.85827099107425, 40.70122106330999], [-73.85728281818655, 40.701214352729814], [-73.85722417345096, 40.70165344311312], [-73.85529754418788, 40.7019913885115], [-73.85529623348252, 40.70259523610134], [-73.85068813392611, 40.70208980259334], [-73.85058241017052, 40.7009862679467], [-73.85165828321308, 40.70047713236035], [-73.85278344209465, 40.70050602469881], [-73.8539657885001, 40.70077102882173], [-73.85456484884939, 40.70059612206426], [-73.850706789107, 40.70020142509445], [-73.84804566804003, 40.69683834291077], [-73.84696095795299, 40.69492654438479], [-73.8443051971294, 40.68943892500642], [-73.86629921353875, 40.683186536330126]]]}, "properties": {"geo_id": "11421", "name": "11421", "borough": null, "area_km2": 3.3137}}, {"type": "Feature", "id": 153, "geometry": {"type": "Polygon", "coordinates": [[[-73.75460907012868, 40.64719952860148], [-73.75522079325516, 40.647442374141754], [-73.7541134597611, 40.64869712774084], [-73.74841022044443, 40.64545691374817], [-73.74711706318882, 40.644372627858424], [-73.74616387807318, 40.64486459116937], [-73.7460819071194, 40.645572567551525], [-73.74644003421595, 40.64805465273575], [-73.74625059947479, 40.64859221473079], [-73.74615696876113, 40.65046944758885], [-73.74587600098104, 40.65043588958371], [-73.74603354239102, 40.65070522741057], [-73.74645089151909, 40.65088730465191], [-73.74703143635193, 40.65175044832147], [-73.74726260128907, 40.65161371684144], [-73.74728534708447, 40.65131732908575], [-73.74767412207716, 40.651433464019156], [-73.74851795204681, 40.651292582924924], [-73.74820547657032, 40.651967118508004], [-73.74862996448722, 40.65217116176232], [-73.74869377923392, 40.65245127014945], [-73.74923421483197, 40.65249087683857], [-73.74921092012907, 40.65293548256057], [-73.74936912021391, 40.653034639960175], [-73.74923758474478, 40.653511947257314], [-73.7489554251533, 40.65379130062497], [-73.7491824861845, 40.6547469839005], [-73.74907287982195, 40.65514199496791], [-73.74705293271519, 40.657487112742515], [-73.74506374199058, 40.657405866933246], [-73.7449527006946, 40.65816867296728], [-73.74244095437835, 40.66086944083718], [-73.74001812074025, 40.66475061436443], [-73.73849046642708, 40.66641598413642], [-73.7411795771781, 40.6664055969465], [-73.74080299016039, 40.666843915403526], [-73.74193484826874, 40.66684646004444], [-73.74110055985962, 40.66818953224177], [-73.74195010482977, 40.66849336777933], [-73.74089816432425, 40.67018179323623], [-73.7400486240356, 40.6698724604625], [-73.73899661364317, 40.671560868254446], [-73.73982443399727, 40.67189760746005], [-73.7387869350172, 40.673553108375074], [-73.73794457155603, 40.673243776558685], [-73.73695756267429, 40.67487741755404], [-73.73400087282789, 40.680426067945305], [-73.73222258045729, 40.68512101527753], [-73.72586271156939, 40.68323958575524], [-73.72563255547222, 40.679588471567804], [-73.72629190160617, 40.67705934814604], [-73.72755834981366, 40.674163857852335], [-73.72823949702094, 40.66802263018544], [-73.72827482009515, 40.66643073506067], [-73.72811343809981, 40.665343416491524], [-73.72785502958097, 40.66506832632636], [-73.72781209255253, 40.66322372474064], [-73.72833187061366, 40.66304379718309], [-73.72793345775216, 40.66174731365007], [-73.72644462203263, 40.65916367725866], [-73.72556800928368, 40.65672421219611], [-73.72550089675227, 40.65551634249262], [-73.72498712138174, 40.6542525095477], [-73.72522704488502, 40.65200235072357], [-73.73051717086565, 40.65030760462552], [-73.73513230198296, 40.649730939584586], [-73.7390447450431, 40.648202797999005], [-73.74143545817364, 40.64689069588266], [-73.74166263798197, 40.64219760439617], [-73.7420473903597, 40.64147384160431], [-73.7414241861413, 40.64050078361361], [-73.74227600918196, 40.64012391378995], [-73.74125744714785, 40.638897446518115], [-73.73946833282893, 40.635703950553776], [-73.73996051749805, 40.6351451256026], [-73.74000311103987, 40.63530990988962], [-73.74176980508966, 40.63499000475048], [-73.7424682849195, 40.63511783203803], [-73.74255407754744, 40.63529369130886], [-73.74208257655827, 40.63609960561786], [-73.74096816993962, 40.6373048121009], [-73.7412901883035, 40.637887434369986], [-73.74188738645095, 40.63812482910343], [-73.7427299597977, 40.63826944682424], [-73.74397092174515, 40.637882455219255], [-73.74403537709424, 40.637986901049636], [-73.7435202576304, 40.63889153664851], [-73.74373593970064, 40.63902376781648], [-73.74480943936355, 40.63720360917715], [-73.74519140383953, 40.637193477036575], [-73.7462607641153, 40.63644376695707], [-73.74679273782112, 40.63677980503586], [-73.74645221843903, 40.637262139200494], [-73.74526790467297, 40.637918273284264], [-73.74515907847012, 40.638110168024866], [-73.74533102126311, 40.63837404957418], [-73.74567067568312, 40.63812227988732], [-73.7455128095433, 40.63794626353614], [-73.74703722296022, 40.63691758306176], [-73.74677424281431, 40.63785572521388], [-73.74687446266141, 40.638031612945994], [-73.74659941891707, 40.63834940373021], [-73.74632182652752, 40.63933691888354], [-73.74634858595387, 40.63988044783418], [-73.74617360743024, 40.64041255243396], [-73.74635986875768, 40.640703911933116], [-73.7463140003095, 40.641395499633866], [-73.74729451866146, 40.64318726597146], [-73.74813439098459, 40.644067443285074], [-73.7487526692297, 40.6444695359477], [-73.7486932361416, 40.64494151096671], [-73.748850941255, 40.64516692873135], [-73.74944281793486, 40.64492667777511], [-73.75171436291478, 40.64650162731164], [-73.75388707766946, 40.6475438299043], [-73.75427501324623, 40.647885013939394], [-73.75450546319396, 40.64793491239025], [-73.75488114759624, 40.6476886822299], [-73.75460907012868, 40.64719952860148]]]}, "properties": {"geo_id": "11422", "name": "11422", "borough": null, "area_km2": 5.2466}}, {"type": "Feature", "id": 154, "geometry": {"type": "Polygon", "coordinates": [[[-73.86891496496278, 40.69514577780365], [-73.87402313909897, 40.6941908127434], [-73.8795099791439, 40.69114450207616], [-73.88377795756695, 40.687866143703765], [-73.88452279481811, 40.68668664110407], [-73.88808038393654, 40.68529581126769], [-73.88962535748249, 40.684237820873676], [-73.89015772889415, 40.68500137740822], [-73.89258314950781, 40.683494041447574], [-73.89417396554317, 40.68528510795172], [-73.89577767281418, 40.6834969792027], [-73.89646453555139, 40.6823338150381], [-73.90116510181537, 40.687876900907], [-73.90042184916807, 40.68818367464556], [-73.90188876322297, 40.69107792396957], [-73.90139759671706, 40.69158803160666], [-73.90579332719244, 40.694127881759464], [-73.90426206484132, 40.69570211596291], [-73.91180788616701, 40.699940578615625], [-73.91068118908647, 40.701048595882035], [-73.91290108326778, 40.70236229581442], [-73.91181047337906, 40.703437413910635], [-73.92189487054236, 40.70939534941344], [-73.92074650005354, 40.710536386292944], [-73.92154666422203, 40.71104197089859], [-73.92223710405926, 40.712853983044695], [-73.92403936338361, 40.714007986628964], [-73.91303825220697, 40.71333048001672], [-73.9122796336264, 40.714175291395065], [-73.91070088603344, 40.71326830586123], [-73.91078035394985, 40.71318602458661], [-73.90890479397503, 40.71306378614807], [-73.9088098663423, 40.71389811894139], [-73.90797366244357, 40.71341437524967], [-73.90801028725805, 40.71301366910674], [-73.90692101870862, 40.712946919226056], [-73.90683351099402, 40.71361657064268], [-73.90556364128886, 40.7137143474126], [-73.90537725963601, 40.71287429683788], [-73.9048939255072, 40.71285742996621], [-73.90285091300966, 40.71379443303434], [-73.8918567773038, 40.70897031359545], [-73.89095542981347, 40.708733413476146], [-73.88929763158514, 40.70789742239662], [-73.8855345413955, 40.70644450540557], [-73.88377468263825, 40.70629452453437], [-73.87504526568806, 40.7068123746179], [-73.87377425248518, 40.70755756439573], [-73.87017855155615, 40.70923336233473], [-73.8666197507953, 40.71040405366377], [-73.86501026809474, 40.71077546570927], [-73.86207840607342, 40.712199268479], [-73.85975616808152, 40.711845132829126], [-73.85963652107242, 40.71042319828056], [-73.8580276186884, 40.710503568242125], [-73.8575509412649, 40.71076098738663], [-73.85818399153281, 40.711601667383455], [-73.85728971902094, 40.71146881347244], [-73.85667742414756, 40.707691253958856], [-73.85593721016009, 40.706394799670974], [-73.85471728860601, 40.70677204437657], [-73.85470625939585, 40.705213002244676], [-73.8525198291945, 40.70228978754244], [-73.85529623348252, 40.70259523610134], [-73.85529754418788, 40.7019913885115], [-73.85722417345096, 40.70165344311312], [-73.85728281818655, 40.701214352729814], [-73.85827099107425, 40.70122106330999], [-73.85893438045434, 40.70132068997079], [-73.85820247760867, 40.702911756747724], [-73.86281070222347, 40.7034113998367], [-73.86915940982566, 40.702891796146815], [-73.86898854754065, 40.70174428852949], [-73.86952979748219, 40.70160766488901], [-73.86931781733138, 40.69935671365322], [-73.87067676773641, 40.69784313567232], [-73.86891496496278, 40.69514577780365]]]}, "properties": {"geo_id": "11385", "name": "11385", "borough": null, "area_km2": 9.4434}}, {"type": "Feature", "id": 155, "geometry": {"type": "Polygon", "coordinates": [[[-73.72586271156939, 40.68323958575524], [-73.73744456384394, 40.68670306484488], [-73.737597343289, 40.68636306019884], [-73.74755227404314, 40.689349694415796], [-73.74728396312635, 40.68973886446577], [-73.74812626724882, 40.690130470026595], [-73.74732780956485, 40.691490131031586], [-73.74707526625501, 40.69152251364405], [-73.74533416484495, 40.69419757961508], [-73.74864560009698, 40.701588313361086], [-73.74330983344159, 40.70295990522008], [-73.74309559543875, 40.702399492701204], [-73.74114311737966, 40.70180773583329], [-73.7410486651572, 40.701983189143824], [-73.73823592789348, 40.70188350426963], [-73.73819705999192, 40.70259705809522], [-73.73235506856939, 40.70241893529847], [-73.73239399889628, 40.701705383430834], [-73.72770605211471, 40.70156263914501], [-73.72778088053846, 40.706201491312584], [-73.72746516800011, 40.70578902762598], [-73.7268952568879, 40.70579865596705], [-73.72619968807197, 40.68898247733986], [-73.72580044093709, 40.68435382024517], [-73.72586271156939, 40.68323958575524]]]}, "properties": {"geo_id": "11411", "name": "11411", "borough": null, "area_km2": 3.1139}}, {"type": "Feature", "id": 156, "geometry": {"type": "Polygon", "coordinates": [[[-73.76184174845136, 40.6844889543258], [-73.76289634903983, 40.686022720247145], [-73.76619921252487, 40.69218327480238], [-73.76539187050935, 40.69206635107882], [-73.76522355852705, 40.692757692101566], [-73.76929215629409, 40.6966525254898], [-73.7698775070322, 40.69632432413147], [-73.77211969579233, 40.69870027240703], [-73.77318935152937, 40.70018456417688], [-73.77293652610123, 40.70029385670047], [-73.77496653267652, 40.70363000005188], [-73.77559559075397, 40.70532749835218], [-73.7741825528938, 40.70508868437515], [-73.7672533484984, 40.70631003023376], [-73.76734599441987, 40.706634100823024], [-73.76456604572532, 40.70739698515548], [-73.75245778518529, 40.71031398120992], [-73.75184292032208, 40.708824989896016], [-73.75273824977253, 40.70860733461569], [-73.75212341479913, 40.70711285496153], [-73.75121375802846, 40.70730851630019], [-73.74534894576786, 40.69410428980256], [-73.74707526625501, 40.69152251364405], [-73.74732780956485, 40.691490131031586], [-73.74972870994664, 40.68783383933824], [-73.75039570662481, 40.68881791980053], [-73.75441838703429, 40.687256559840726], [-73.76072903734375, 40.685095987553936], [-73.7606796223761, 40.684799448361375], [-73.76184174845136, 40.6844889543258]]]}, "properties": {"geo_id": "11412", "name": "11412", "borough": null, "area_km2": 4.2635}}, {"type": "Feature", "id": 157, "geometry": {"type": "Polygon", "coordinates": [[[-73.74841022044443, 40.64545691374817], [-73.76735624102338, 40.656157574572376], [-73.76582038733666, 40.6563026765647], [-73.76615130023279, 40.658548588319114], [-73.76767273079022, 40.65841992145097], [-73.76796157231897, 40.66034734677032], [-73.76616032905102, 40.66008568893045], [-73.76352882063259, 40.666289021332], [-73.76544473920197, 40.6667870054579], [-73.76364830420836, 40.667156619752056], [-73.76293445422161, 40.669219230861835], [-73.76259740264699, 40.67073914759706], [-73.7629324348255, 40.671815794632714], [-73.76225426078972, 40.67194065534675], [-73.76404632680396, 40.67284463437797], [-73.76367909966777, 40.674743272049746], [-73.76248415088605, 40.674197343943156], [-73.75789871198008, 40.67612560471776], [-73.75984265981099, 40.67891837967233], [-73.75889791288749, 40.67896032043308], [-73.75804610598294, 40.67922203163221], [-73.76184174845136, 40.6844889543258], [-73.7606796223761, 40.684799448361375], [-73.76072903734375, 40.685095987553936], [-73.75441838703429, 40.687256559840726], [-73.75039570662481, 40.68881791980053], [-73.74972870994664, 40.68783383933824], [-73.74812626724882, 40.690130470026595], [-73.74728396312635, 40.68973886446577], [-73.74746583733325, 40.68932205695264], [-73.737597343289, 40.68636306019884], [-73.73744456384394, 40.68670306484488], [-73.73222258045729, 40.68512101527753], [-73.73400087282789, 40.680426067945305], [-73.73695756267429, 40.67487741755404], [-73.73794457155603, 40.673243776558685], [-73.7387869350172, 40.673553108375074], [-73.73982443399727, 40.67189760746005], [-73.73899661364317, 40.671560868254446], [-73.7400486240356, 40.6698724604625], [-73.74089816432425, 40.67018179323623], [-73.74195010482977, 40.66849336777933], [-73.74110055985962, 40.66818953224177], [-73.74193484826874, 40.66684646004444], [-73.74080299016039, 40.666843915403526], [-73.7411795771781, 40.6664055969465], [-73.73849046642708, 40.66641598413642], [-73.74001812074025, 40.66475061436443], [-73.74244095437835, 40.66086944083718], [-73.7449527006946, 40.65816867296728], [-73.74506374199058, 40.657405866933246], [-73.74705293271519, 40.657487112742515], [-73.74907287982195, 40.65514199496791], [-73.7491824861845, 40.6547469839005], [-73.7489554251533, 40.65379130062497], [-73.74923758474478, 40.653511947257314], [-73.74936912021391, 40.653034639960175], [-73.74921092012907, 40.65293548256057], [-73.74923421483197, 40.65249087683857], [-73.74869377923392, 40.65245127014945], [-73.74862996448722, 40.65217116176232], [-73.74820547657032, 40.651967118508004], [-73.74851795204681, 40.651292582924924], [-73.74767412207716, 40.651433464019156], [-73.74728534708447, 40.65131732908575], [-73.74726260128907, 40.65161371684144], [-73.74703143635193, 40.65175044832147], [-73.74645089151909, 40.65088730465191], [-73.74603354239102, 40.65070522741057], [-73.74587600098104, 40.65043588958371], [-73.74615696876113, 40.65046944758885], [-73.74625059947479, 40.64859221473079], [-73.74644003421595, 40.64805465273575], [-73.7460819071194, 40.645572567551525], [-73.74616387807318, 40.64486459116937], [-73.74711706318882, 40.644372627858424], [-73.74841022044443, 40.64545691374817]]]}, "properties": {"geo_id": "11413", "name": "11413", "borough": null, "area_km2": 8.1231}}, {"type": "Feature", "id": 158, "geometry": {"type": "MultiPolygon", "coordinates": [[[[-73.85722600679324, 40.65027668884441], [-73.86001477260973, 40.65397459859662], [-73.86099247597234, 40.655210937596195], [-73.86045217060216, 40.65506755452878], [-73.8597902772516, 40.65447387603459], [-73.85975501057686, 40.65410603183891], [-73.85940953881496, 40.65386406897737], [-73.85944605253147, 40.65363904121311], [-73.8590435361784, 40.65310606025454], [-73.85897957084397, 40.65267779529922], [-73.85731765004779, 40.65123747777766], [-73.85695865773765, 40.650589262298794], [-73.85722600679324, 40.65027668884441]]], [[[-73.82988885280999, 40.65552047416106], [-73.83032953705138, 40.65513136541161], [-73.83041596375173, 40.65515894073572], [-73.83026391048202, 40.65542770551434], [-73.82988885280999, 40.65552047416106]]], [[[-73.86269583580645, 40.65761741459958], [-73.86317023328938, 40.65827672801125], [-73.86036329939269, 40.659645746502285], [-73.85761582963829, 40.660119970720366], [-73.8584305364367, 40.66345314256716], [-73.85568302676627, 40.663866935362776], [-73.85763446664579, 40.671653565543885], [-73.86038226198778, 40.67125070560808], [-73.8613189023102, 40.67502316471544], [-73.84847963164385, 40.67091725071143], [-73.84322020659079, 40.669340188987654], [-73.84243447943884, 40.6692897094676], [-73.84226997045836, 40.66873503821602], [-73.84013707356485, 40.66826548125609], [-73.84008612037482, 40.66846852428007], [-73.8356985075482, 40.667260127100896], [-73.83487676386821, 40.66720954446274], [-73.83334946624001, 40.66677366648317], [-73.83029450708035, 40.66040130209392], [-73.82931076238809, 40.65890119388543], [-73.82860149859908, 40.657198372121655], [-73.82639002378917, 40.64832390254242], [-73.82681408623915, 40.648774687254374], [-73.82828370793627, 40.649040390603616], [-73.82891708473038, 40.64938168829616], [-73.8291177535703, 40.64982664232225], [-73.82987299773953, 40.65043161535386], [-73.83000870998654, 40.65091489868441], [-73.83093669383071, 40.65162442173478], [-73.83133028395754, 40.65274487283699], [-73.83128517702386, 40.653480409598], [-73.83155877082764, 40.653601581223256], [-73.83157985397499, 40.65381570546849], [-73.82901516951851, 40.65610656295765], [-73.82966520606159, 40.65559699719373], [-73.8303066701881, 40.65561990364947], [-73.8305813305015, 40.65532387161644], [-73.8306042649464, 40.654807885544805], [-73.83170930532629, 40.653931175995794], [-73.8320549947989, 40.65404696232339], [-73.83204669509448, 40.65448062648775], [-73.83149041966728, 40.654979363991345], [-73.83116368294695, 40.65591760174805], [-73.83021113473795, 40.656338896640925], [-73.83003034306363, 40.656569191649886], [-73.82947562078742, 40.656447600002096], [-73.82924446719353, 40.65663939209828], [-73.82928688759435, 40.6569633398105], [-73.82896910591182, 40.6572044088877], [-73.82917662740361, 40.6577975909945], [-73.83013379734676, 40.65840286133046], [-73.82970824993392, 40.65850104437916], [-73.82959973125911, 40.65865459165052], [-73.83013021881638, 40.65980818606347], [-73.83002364328107, 40.6591986863399], [-73.82969344071847, 40.658654730435074], [-73.83019840739479, 40.65850725857206], [-73.83024206293362, 40.65834812545552], [-73.82922732459222, 40.65770434356145], [-73.8290913088525, 40.65733634025032], [-73.82949608080803, 40.656903264809195], [-73.82950394844188, 40.65664526659055], [-73.8300947973808, 40.65673397403552], [-73.83050665575507, 40.65634482206746], [-73.8312715826668, 40.65600559323709], [-73.83185105604373, 40.654886569042226], [-73.8321826108423, 40.65489254284608], [-73.83290413042052, 40.65748467124652], [-73.83278142429877, 40.657550367776985], [-73.83208578402414, 40.65613304489767], [-73.83194152426341, 40.656171261212585], [-73.8326005280126, 40.65782458320062], [-73.83112877792122, 40.65831649326159], [-73.83338567393952, 40.658050795580145], [-73.83108726813401, 40.649088458968386], [-73.83166667067599, 40.64797492437892], [-73.83462129632531, 40.64812194005623], [-73.83556462509841, 40.64845815685093], [-73.83654164520324, 40.65269750150824], [-73.83805031987062, 40.65771161488325], [-73.83826974523784, 40.65937526325941], [-73.83878461798672, 40.661088731446895], [-73.83806152403159, 40.66200447358467], [-73.83873806144429, 40.66245556853522], [-73.83997931066273, 40.66190285563945], [-73.83972207672369, 40.660952802287234], [-73.83978807542573, 40.660486280930606], [-73.83845139036862, 40.65580729778241], [-73.83592506011658, 40.64549978947444], [-73.83632909648107, 40.64531920912634], [-73.84000510427681, 40.64513773641875], [-73.84058231698029, 40.64486405911281], [-73.8408919663315, 40.64496878992108], [-73.84599542022876, 40.64456950873004], [-73.84950617167554, 40.64413499041348], [-73.8520745036456, 40.64617495567695], [-73.85243268413689, 40.6471580498737], [-73.85234504385193, 40.64767944702803], [-73.85170078113879, 40.64894670981771], [-73.85139035049096, 40.64917687122873], [-73.85118877595032, 40.64907230867506], [-73.85090746701542, 40.64917075667862], [-73.85078351706645, 40.64980738651989], [-73.85058158504347, 40.6498620200901], [-73.85058772297269, 40.65033962097664], [-73.85037885248754, 40.65027347455702], [-73.85044331406175, 40.65045471432649], [-73.8501545563922, 40.650657452691085], [-73.84925997568959, 40.65102957467553], [-73.84939600307301, 40.65143598129044], [-73.84992166706816, 40.65165625133759], [-73.85078686948903, 40.65153111689535], [-73.85149396491781, 40.65119716813683], [-73.8517831233032, 40.65081327102881], [-73.85251167099707, 40.65055070809855], [-73.85396018386524, 40.650645879265774], [-73.8549613303834, 40.650971030945605], [-73.85530660435373, 40.65128986105269], [-73.85591921717673, 40.65130709884624], [-73.85627885366453, 40.65165339186676], [-73.85632827885783, 40.65213104638118], [-73.85677360181677, 40.652856225249025], [-73.85710493710091, 40.65296093923192], [-73.85772531206014, 40.65272565674851], [-73.85827973999291, 40.652995330233054], [-73.85876019964036, 40.65415971023004], [-73.85915612633124, 40.65440173682988], [-73.8593062895795, 40.65497283588581], [-73.86083910293925, 40.65617142673487], [-73.86136479639438, 40.656413602580045], [-73.8613572117276, 40.656594749201325], [-73.86067245547869, 40.65658294264676], [-73.8606150422077, 40.65646210257662], [-73.86061466370664, 40.65664325788267], [-73.8602102334074, 40.657010568165475], [-73.86008096854326, 40.65677984911833], [-73.86005894083489, 40.656971957217294], [-73.85984270509228, 40.65696620436406], [-73.86007317309002, 40.6570598076262], [-73.85979859036817, 40.65737786822471], [-73.85994204153164, 40.65771839620768], [-73.85957374682604, 40.65803634210381], [-73.85963773266357, 40.658459116911764], [-73.86025729886175, 40.6586300478748], [-73.86023511003108, 40.658899009711696], [-73.8604588016666, 40.65878948995252], [-73.86039431631653, 40.65860276641727], [-73.86052430888378, 40.65848764320044], [-73.86097147033907, 40.65837290362964], [-73.86086985442991, 40.65870764437132], [-73.86048721063979, 40.65899263839771], [-73.86060905476822, 40.659327649701225], [-73.86121573345523, 40.65876844745187], [-73.8612744512064, 40.65826347808955], [-73.86095770573517, 40.658059981642], [-73.86011376354979, 40.65832794719584], [-73.85976785319366, 40.65828360945927], [-73.86021555521704, 40.65791086380041], [-73.86057612157197, 40.657839937037], [-73.86041049064964, 40.65776288220153], [-73.86033948767316, 40.657246776615466], [-73.8606207020489, 40.65720320117599], [-73.86087360963838, 40.65690707067235], [-73.86161587572222, 40.65699579918557], [-73.86170024651484, 40.658022449861754], [-73.86269583580645, 40.65761741459958]]]]}, "properties": {"geo_id": "11414", "name": "11414", "borough": null, "area_km2": 5.9437}}, {"type": "Feature", "id": 159, "geometry": {"type": "Polygon", "coordinates": [[[-73.80155640392438, 40.66675066434558], [-73.81032201274354, 40.66707835649976], [-73.81155862521295, 40.663177305295356], [-73.81116934431215, 40.66317666693635], [-73.81228772881565, 40.66282167530415], [-73.81442963300988, 40.662512245069436], [-73.81497040217674, 40.6624746891802], [-73.82304867742144, 40.66355237582895], [-73.82570867904462, 40.66359486381361], [-73.82789940777361, 40.66390557798448], [-73.83270405780421, 40.66540582787714], [-73.83713671468455, 40.67466759115208], [-73.83631417804725, 40.67490247492794], [-73.83566205627265, 40.6762025708016], [-73.83500631123182, 40.676042435107355], [-73.83491188430405, 40.67632226715087], [-73.83181332520458, 40.675571199402526], [-73.83162549840083, 40.67571365323016], [-73.83114057603136, 40.67643756437727], [-73.83078307673135, 40.67808939624833], [-73.8310857656621, 40.678150226150315], [-73.83174564404572, 40.679534561443404], [-73.81393550180262, 40.68459595900418], [-73.81085945773935, 40.68602371805513], [-73.80787804409819, 40.68710022137105], [-73.80323276336614, 40.67768326860911], [-73.80139914331353, 40.67356294565183], [-73.80117246469837, 40.67220663151301], [-73.80113414859024, 40.67054871627372], [-73.80119662042534, 40.668940381014885], [-73.80155640392438, 40.66675066434558]]]}, "properties": {"geo_id": "11420", "name": "11420", "borough": null, "area_km2": 5.4529}}, {"type": "Feature", "id": 160, "geometry": {"type": "Polygon", "coordinates": [[[-73.8443051971294, 40.68943892500642], [-73.84696095795299, 40.69492654438479], [-73.84804566804003, 40.69683834291077], [-73.850706789107, 40.70020142509445], [-73.85456484884939, 40.70059612206426], [-73.8539657885001, 40.70077102882173], [-73.85278344209465, 40.70050602469881], [-73.85165828321308, 40.70047713236035], [-73.85054612365305, 40.7010850325535], [-73.85068813392611, 40.70208980259334], [-73.8525198291945, 40.70228978754244], [-73.85470625939585, 40.705213002244676], [-73.85471728860601, 40.70677204437657], [-73.849332250906, 40.708390024262556], [-73.84567479041569, 40.7084126266502], [-73.84417345962468, 40.70877840295377], [-73.84314804772336, 40.70922166263624], [-73.84151109507201, 40.70896690188707], [-73.840507054738, 40.70951446864899], [-73.83746706258984, 40.71071242466583], [-73.83675264302046, 40.71080473584114], [-73.8358993161563, 40.711643421309674], [-73.8340492974524, 40.710026846005846], [-73.83481493118421, 40.709643679728515], [-73.83418252198908, 40.708671122636545], [-73.83554674836684, 40.708343707523504], [-73.83618346443677, 40.707570590740985], [-73.83497994350316, 40.707096771489525], [-73.83419822870967, 40.70525665291016], [-73.83523761821334, 40.704994647518575], [-73.83475706698879, 40.703885071721054], [-73.8337176928965, 40.704147072811075], [-73.8330219452318, 40.70257056756374], [-73.83391693893033, 40.70234679128019], [-73.83341489943598, 40.70119326209791], [-73.83233402332709, 40.70076350837473], [-73.83152458883042, 40.701388134204706], [-73.82339001065822, 40.703445497249035], [-73.82343955845666, 40.70380239344339], [-73.82245892968814, 40.70365815698249], [-73.82154265147196, 40.70372810406354], [-73.82177740270834, 40.70495812495456], [-73.82202198499881, 40.70521102224819], [-73.82063530348404, 40.705840166927366], [-73.82008204034551, 40.70503234104578], [-73.8184644972545, 40.705666588071644], [-73.81911828943745, 40.7066392658904], [-73.81861275439991, 40.70685256242875], [-73.81739971093185, 40.7046383597161], [-73.81492555458395, 40.69942483142601], [-73.81365509871733, 40.69719951528684], [-73.81441263406089, 40.69712388565536], [-73.81993437765114, 40.69560656306175], [-73.82022208967429, 40.695897958848995], [-73.82110221420704, 40.69582247663624], [-73.82481221991145, 40.69475772208766], [-73.82886794084739, 40.6938306012611], [-73.8443051971294, 40.68943892500642]]]}, "properties": {"geo_id": "11418", "name": "11418", "borough": null, "area_km2": 4.2426}}, {"type": "Feature", "id": 161, "geometry": {"type": "Polygon", "coordinates": [[[-73.83174564404572, 40.679534561443404], [-73.83379033003837, 40.68369312650399], [-73.8335232305362, 40.68380802101508], [-73.83426219859095, 40.68532969397085], [-73.83511374334039, 40.68508388743328], [-73.83527874842645, 40.68542996556312], [-73.83488905196218, 40.68554468766793], [-73.83543383432097, 40.6868739396171], [-73.83509455576753, 40.68701069270536], [-73.83524522385638, 40.68732381294081], [-73.83551945119511, 40.68724735151339], [-73.83753586823237, 40.6913618885777], [-73.82886794084739, 40.6938306012611], [-73.82481221991145, 40.69475772208766], [-73.82084238946068, 40.6958879470311], [-73.82005630715022, 40.69585927293685], [-73.81993437765114, 40.69560656306175], [-73.81441263406089, 40.69712388565536], [-73.81365509871733, 40.69719951528684], [-73.80787804409819, 40.68710022137105], [-73.81085945773935, 40.68602371805513], [-73.81393550180262, 40.68459595900418], [-73.83174564404572, 40.679534561443404]]]}, "properties": {"geo_id": "11419", "name": "11419", "borough": null, "area_km2": 2.9272}}, {"type": "Feature", "id": 162, "geometry": {"type": "MultiPolygon", "coordinates": [[[[-73.77803889107271, 40.72328303155563], [-73.77956020356007, 40.72581113910767], [-73.78115814054858, 40.72921220620652], [-73.77757568527421, 40.7301934570892], [-73.77523270624083, 40.72523735095929], [-73.77633929260135, 40.724465481727094], [-73.77700561934145, 40.723720197663084], [-73.77803889107271, 40.72328303155563]]], [[[-73.7801873505278, 40.70849833651931], [-73.78137628955707, 40.71110813353926], [-73.7817372993159, 40.71101549637549], [-73.7826255787962, 40.71293851649388], [-73.77357139371608, 40.71512236980414], [-73.77490413557622, 40.717836815610106], [-73.77583541851247, 40.71766845699278], [-73.77636561088705, 40.71877288512988], [-73.77551316037415, 40.71909510881286], [-73.77681703435199, 40.721858880244504], [-73.7772771773861, 40.72234833984998], [-73.77583767697351, 40.72343247398056], [-73.77605439772121, 40.7233560422397], [-73.77424005745435, 40.724318656928126], [-73.77139358692303, 40.725350562319676], [-73.76862046258586, 40.72601474608844], [-73.76856328989452, 40.72585543472861], [-73.76618765662435, 40.726328224569386], [-73.76481526458402, 40.72467856939266], [-73.76153818109665, 40.72299752059461], [-73.76025734127252, 40.72202321266916], [-73.75943826918005, 40.72106083511428], [-73.76030558841423, 40.72064543913466], [-73.75813708373715, 40.71775889575263], [-73.75730606265955, 40.718119456623114], [-73.75595644714807, 40.716266628168604], [-73.75676576856652, 40.71591701022432], [-73.75558117757758, 40.7143280233595], [-73.75469960338151, 40.71471041635232], [-73.75370911856186, 40.713324936423504], [-73.7531871689388, 40.712055733587974], [-73.75408253739542, 40.711838067944555], [-73.75335311231542, 40.71010181069346], [-73.76456604572532, 40.70739698515548], [-73.76734599441987, 40.706634100823024], [-73.7672533484984, 40.70631003023376], [-73.7741825528938, 40.70508868437515], [-73.77559559075397, 40.70532749835218], [-73.77555702833652, 40.706068511962194], [-73.77504919093461, 40.706923889832055], [-73.77399389795582, 40.707542141373075], [-73.7709387509606, 40.708628521975754], [-73.77656305957797, 40.70722327379577], [-73.78182530564035, 40.70616839623473], [-73.78313776087869, 40.70629713590889], [-73.77997581063585, 40.707021244919126], [-73.78023356524606, 40.70760911859872], [-73.77937446216905, 40.707810588359166], [-73.77968205788765, 40.708596182316136], [-73.7801873505278, 40.70849833651931]]]]}, "properties": {"geo_id": "11423", "name": "11423", "borough": null, "area_km2": 3.664}}, {"type": "Feature", "id": 163, "geometry": {"type": "Polygon", "coordinates": [[[-73.72965509147355, 40.722537315131426], [-73.73157553585776, 40.72762512266109], [-73.73160305062609, 40.72796004863024], [-73.7312382706885, 40.72894731457447], [-73.73216831880298, 40.72915259448773], [-73.73173076059486, 40.73029339954286], [-73.73072780462326, 40.730269100399624], [-73.73047996893985, 40.73088334864904], [-73.73174984565377, 40.730930230186736], [-73.73106445376634, 40.7326797932445], [-73.72968585278278, 40.732742439764195], [-73.72636334968885, 40.73345372165382], [-73.72711035751901, 40.73607400192446], [-73.72609216056198, 40.73622529156435], [-73.72749566083445, 40.74068063079233], [-73.72662907004596, 40.74080483622254], [-73.72841459376394, 40.7418795186815], [-73.73232607954522, 40.743771583661115], [-73.73063070039181, 40.74536508289495], [-73.72914328863745, 40.74727194911015], [-73.72825279692827, 40.74969622072998], [-73.72738114804979, 40.75102811475403], [-73.72641744945764, 40.75191513226396], [-73.72384124975846, 40.753457029489375], [-73.72299349396621, 40.754218037193695], [-73.72243388630854, 40.753387772612484], [-73.7211674713093, 40.75241306885502], [-73.72109671085416, 40.75207254721838], [-73.7218443887038, 40.75107526217393], [-73.7215867288703, 40.75054764552403], [-73.7204252672286, 40.75038014661572], [-73.71740824392805, 40.743510876328784], [-73.7184053600994, 40.74325531071233], [-73.71795016644909, 40.74336947698071], [-73.71720019832003, 40.74151217682037], [-73.71656448678397, 40.74164785233355], [-73.71476895348472, 40.737899558362145], [-73.71370107893054, 40.73616221556003], [-73.71474118835428, 40.735956194336865], [-73.71396346947193, 40.73387922051696], [-73.71250433250188, 40.73419946961288], [-73.71147970818033, 40.732500639766045], [-73.71228872526164, 40.73232150916591], [-73.71204255757085, 40.730838718255356], [-73.71089458591966, 40.7309730802974], [-73.71065614699971, 40.72938051463909], [-73.71177503762803, 40.72928999855203], [-73.71159219614607, 40.72818614290184], [-73.71055381962833, 40.72801885111835], [-73.71049952655288, 40.72722822050083], [-73.71769811114373, 40.72620308151438], [-73.7256732429234, 40.724037520968615], [-73.72965509147355, 40.722537315131426]]]}, "properties": {"geo_id": "11426", "name": "11426", "borough": null, "area_km2": 3.4984}}, {"type": "Feature", "id": 164, "geometry": {"type": "Polygon", "coordinates": [[[-73.75181389521731, 40.72049569823337], [-73.75813708373715, 40.71775889575263], [-73.76030558841423, 40.72064543913466], [-73.75943826918005, 40.72106083511428], [-73.76025734127252, 40.72202321266916], [-73.76153818109665, 40.72299752059461], [-73.76481526458402, 40.72467856939266], [-73.76618765662435, 40.726328224569386], [-73.76475869064072, 40.72639667793768], [-73.75994789213216, 40.72580485816492], [-73.75835291068037, 40.725889354399904], [-73.75670647344614, 40.72623172797381], [-73.7578722481205, 40.72710702126892], [-73.76234463361469, 40.72953722275439], [-73.76435223076875, 40.73114978114038], [-73.76564629062571, 40.73253578337192], [-73.74653922101146, 40.735778051955734], [-73.7459463008591, 40.73418478171279], [-73.7466132316863, 40.733395758691785], [-73.74672496356023, 40.7324792527315], [-73.74294648865508, 40.73545718524306], [-73.7415193450926, 40.73685931045777], [-73.73901097918541, 40.73974663477261], [-73.73816408887764, 40.740376008118126], [-73.73436713609847, 40.742349032425906], [-73.73232607954522, 40.743771583661115], [-73.72841459376394, 40.7418795186815], [-73.72662907004596, 40.74080483622254], [-73.72749566083445, 40.74068063079233], [-73.72609216056198, 40.73622529156435], [-73.72711035751901, 40.73607400192446], [-73.72636334968885, 40.73345372165382], [-73.72968585278278, 40.732742439764195], [-73.73106445376634, 40.7326797932445], [-73.73174984565377, 40.730930230186736], [-73.73047996893985, 40.73088334864904], [-73.73072780462326, 40.730269100399624], [-73.73173076059486, 40.73029339954286], [-73.73216831880298, 40.72915259448773], [-73.73306229240637, 40.72935778324718], [-73.73361641754722, 40.72793178682708], [-73.74081160429584, 40.729562131228356], [-73.73930887850852, 40.728169886335415], [-73.74738800101692, 40.72319241554522], [-73.74889165536223, 40.72243814841003], [-73.75181389521731, 40.72049569823337]]]}, "properties": {"geo_id": "11427", "name": "11427", "borough": null, "area_km2": 4.0876}}, {"type": "Feature", "id": 165, "geometry": {"type": "Polygon", "coordinates": [[[-73.75730606265955, 40.718119456623114], [-73.75181389521731, 40.72049569823337], [-73.74889165536223, 40.72243814841003], [-73.74738800101692, 40.72319241554522], [-73.73930887850852, 40.728169886335415], [-73.74081160429584, 40.729562131228356], [-73.73361641754722, 40.72793178682708], [-73.73306229240637, 40.72935778324718], [-73.7312382706885, 40.72894731457447], [-73.73159674124028, 40.72773496285859], [-73.72965509147355, 40.722537315131426], [-73.73032767010467, 40.72215462443544], [-73.72966344177162, 40.72047875601471], [-73.73216158250075, 40.72005641025051], [-73.73233375138227, 40.7203038401167], [-73.73315193335742, 40.71958660913538], [-73.73530633916089, 40.718499163152536], [-73.735381648187, 40.71770335229245], [-73.75370911856186, 40.713324936423504], [-73.75469960338151, 40.71471041635232], [-73.75558117757758, 40.7143280233595], [-73.75676576856652, 40.71591701022432], [-73.75595644714807, 40.716266628168604], [-73.75730606265955, 40.718119456623114]]]}, "properties": {"geo_id": "11428", "name": "11428", "borough": null, "area_km2": 2.1514}}, {"type": "Feature", "id": 166, "geometry": {"type": "Polygon", "coordinates": [[[-73.80155640392438, 40.66675066434558], [-73.80119662042534, 40.668940381014885], [-73.80113414859024, 40.67054871627372], [-73.80117246469837, 40.67220663151301], [-73.80139914331353, 40.67356294565183], [-73.8057700022681, 40.682930109204406], [-73.79457584054688, 40.686105592341804], [-73.79373750874187, 40.684358413254316], [-73.79271982629729, 40.684647531173546], [-73.79257710448677, 40.68416419281894], [-73.79266139431243, 40.68256688290898], [-73.79186976291174, 40.679749308890635], [-73.79112604058169, 40.677771718577816], [-73.792317017677, 40.67737313634949], [-73.79157221060198, 40.675746878521366], [-73.79034553446502, 40.67604108629874], [-73.78988672188524, 40.6752003458702], [-73.79047643939967, 40.673389864560356], [-73.78808390380551, 40.6730121919858], [-73.78940840749675, 40.6668388589678], [-73.79307004963108, 40.66706508652398], [-73.79739604375365, 40.66694103697499], [-73.79919966032297, 40.66651601287903], [-73.80155640392438, 40.66675066434558]]]}, "properties": {"geo_id": "11436", "name": "11436", "borough": null, "area_km2": 2.0364}}, {"type": "Feature", "id": 167, "geometry": {"type": "Polygon", "coordinates": [[[-73.78915889414289, 40.59752681144552], [-73.78916496925592, 40.59788364736348], [-73.78876753017194, 40.59830561762636], [-73.7882194024464, 40.598551641342645], [-73.78710025115525, 40.59944438015303], [-73.78660863654406, 40.600030856756106], [-73.78595226147264, 40.600337054334005], [-73.7853939049557, 40.601516279335364], [-73.78448550093282, 40.6018000391893], [-73.78351799341263, 40.60253931820658], [-73.78313213187185, 40.60381218022312], [-73.78348428838814, 40.604048897391344], [-73.78395700764193, 40.60486773871358], [-73.7831759708024, 40.60583792863987], [-73.77940492945004, 40.60922882002796], [-73.77856798906988, 40.60964442084253], [-73.77713385380964, 40.609855743715315], [-73.77635657664305, 40.60965660810626], [-73.77526148076394, 40.60972034740925], [-73.77412667441506, 40.60874646235119], [-73.7744590334034, 40.60844518655703], [-73.77481210945233, 40.60840745159199], [-73.77423104401127, 40.60770364179197], [-73.77429664966706, 40.60747320707033], [-73.7745993561139, 40.60741890501528], [-73.77484223591298, 40.608017748415016], [-73.77525812159855, 40.60857850241325], [-73.77600515258361, 40.60920028636276], [-73.7749429105508, 40.60806735206514], [-73.77454273418657, 40.607122355075646], [-73.7748948936546, 40.605218150825245], [-73.77518534690189, 40.60452153884215], [-73.77468903684762, 40.60432294096972], [-73.77497069466249, 40.604098418753914], [-73.7753738325921, 40.60415959309115], [-73.77588031291458, 40.603474380534664], [-73.77605558391123, 40.60275558314909], [-73.77559365402247, 40.60304563151591], [-73.77568805992296, 40.60281525214248], [-73.776056394084, 40.60251404183211], [-73.77648155320232, 40.60244899415852], [-73.77662640814656, 40.602207732891266], [-73.77648969278678, 40.60216903980857], [-73.77780453276212, 40.60096387484427], [-73.7781003878015, 40.600794268499456], [-73.7783667038569, 40.60084418890752], [-73.77808623891234, 40.60071738661216], [-73.7781376390323, 40.60042104680108], [-73.78017493639412, 40.60069944235649], [-73.78081119489461, 40.59994858080456], [-73.78197374021144, 40.599028537382246], [-73.78186064286663, 40.59837505887792], [-73.78110698053102, 40.59759959039526], [-73.78016484348942, 40.59720253982582], [-73.78006515777616, 40.596856503427894], [-73.7797178443579, 40.59734990342893], [-73.77902543674904, 40.59766148207339], [-73.77742278861339, 40.598811208036494], [-73.77718970664515, 40.59959577102139], [-73.77600253243929, 40.601394056091756], [-73.77559835896567, 40.6016457897713], [-73.774971429757, 40.601743376952356], [-73.77470733549106, 40.601034699578044], [-73.77474432801785, 40.60074382263187], [-73.77410638194715, 40.59984227396188], [-73.77422445502322, 40.59900259515276], [-73.77374303919741, 40.59867227153174], [-73.77372286588424, 40.59824953154324], [-73.77353615674063, 40.59808996495471], [-73.77302553302079, 40.59788035223282], [-73.77252856809187, 40.59789034884639], [-73.77171447761391, 40.59797107877419], [-73.77112999813825, 40.5982992931025], [-73.77037451678093, 40.59808918068471], [-73.76945929170573, 40.5982575263562], [-73.76810680480865, 40.597832104827475], [-73.76793289214659, 40.598139172207404], [-73.76829228105369, 40.598343013138404], [-73.76967406067124, 40.59863125079171], [-73.77035701666978, 40.59898944247673], [-73.77093362606405, 40.59885884250605], [-73.77116215069816, 40.59942472802016], [-73.77112245234594, 40.60050061321177], [-73.77073717683267, 40.601537382127084], [-73.77083706613415, 40.60181206198169], [-73.77074298420827, 40.60194362504511], [-73.77062080938092, 40.60186652668899], [-73.77018563055059, 40.602749484897906], [-73.77042264819035, 40.60294209502466], [-73.77016283288351, 40.603095284868736], [-73.77056737138223, 40.604841789597295], [-73.770011069331, 40.605334742714454], [-73.77005299954152, 40.60570812013781], [-73.76983495054044, 40.60627860316663], [-73.7700117477749, 40.60722865961125], [-73.76978025307436, 40.607519145468096], [-73.76978605514735, 40.60792538819296], [-73.76922242376483, 40.608445770769606], [-73.76893185322244, 40.6091533465496], [-73.76900306708266, 40.60938954286986], [-73.76918206244243, 40.60970281015182], [-73.76976426587075, 40.61006629198205], [-73.77125422953995, 40.610387664099676], [-73.77186494425139, 40.61084451529343], [-73.77223726556446, 40.611504006529955], [-73.77340561923974, 40.6110891055841], [-73.77289710015636, 40.61023172322994], [-73.77296939332882, 40.610155011538836], [-73.77377953836927, 40.61128197835166], [-73.77393516660375, 40.61212219435334], [-73.77417386254008, 40.61183171441564], [-73.7738606408685, 40.61285765498724], [-73.77341849054154, 40.613663756326375], [-73.77296502155795, 40.613558559053594], [-73.77173903079158, 40.613962361855975], [-73.76933297732063, 40.613974027591205], [-73.7683379873988, 40.61423003811492], [-73.76689699685076, 40.61430397945206], [-73.76514850682265, 40.6137349908977], [-73.7650125474779, 40.61347670150473], [-73.76515833684536, 40.612988424409764], [-73.76498051115205, 40.612345776878335], [-73.76506084986282, 40.61203303346777], [-73.76230434275054, 40.61135763403341], [-73.76172633492153, 40.6118450124676], [-73.76023890826987, 40.610820852177525], [-73.76177917351873, 40.60914972381564], [-73.76154908731226, 40.609033964900206], [-73.75998657771483, 40.61088071126046], [-73.75948979094603, 40.610813797520905], [-73.75972268541125, 40.610150041833926], [-73.75911682690385, 40.61036835812124], [-73.7565605145393, 40.610137898390974], [-73.75586838819336, 40.61030660834062], [-73.75560991758378, 40.61007549542323], [-73.75497579772998, 40.61014002072031], [-73.75472992195877, 40.610402997625435], [-73.75346171364897, 40.61052105587231], [-73.75008639995093, 40.611639136859445], [-73.74821933033361, 40.61200835580084], [-73.74799488618856, 40.61230979253968], [-73.74761428903571, 40.61199604966678], [-73.74721741796928, 40.61217633472409], [-73.74685233523698, 40.61157167403567], [-73.7457630242359, 40.611991969888656], [-73.74310701154447, 40.60771514565285], [-73.74339605604331, 40.60747424830437], [-73.74028837972295, 40.60459619920613], [-73.73921016073173, 40.60403930639239], [-73.73840707220737, 40.60312071519987], [-73.73822918592526, 40.60256585877922], [-73.73835669008719, 40.59759804375753], [-73.73879124687788, 40.59697321556836], [-73.7393807613034, 40.5972380558113], [-73.7399288229125, 40.59705265033624], [-73.7401173290548, 40.596729189175896], [-73.73979440701076, 40.59643201892091], [-73.74009775383264, 40.59620763092951], [-73.74039312862654, 40.59618085048207], [-73.74036201665446, 40.59677365923374], [-73.74063480780877, 40.59699934967712], [-73.74126932723162, 40.59680315367581], [-73.74144163719978, 40.596940782000885], [-73.74183154996105, 40.596678156844774], [-73.74151524843681, 40.59652922606842], [-73.74051404214389, 40.59657088664752], [-73.7406160174893, 40.596274677345605], [-73.74049437853007, 40.596071286751744], [-73.73992549128961, 40.59605902143428], [-73.73957857058011, 40.596376633792715], [-73.7396130804549, 40.59676098545131], [-73.7394397036334, 40.59689783299186], [-73.73885681400321, 40.59678122785527], [-73.73838018832188, 40.59711501063803], [-73.73841366220724, 40.59592383906309], [-73.73798692814682, 40.59455595104686], [-73.73848462587782, 40.59435396874083], [-73.73900222981804, 40.594585709643304], [-73.7393052065694, 40.59445464645118], [-73.73995263348094, 40.59463727091008], [-73.74013316212994, 40.59451141799859], [-73.74065085829803, 40.59472119317806], [-73.7409038267388, 40.59448571009233], [-73.74089613533393, 40.59461195404864], [-73.741370668136, 40.594810649402234], [-73.74169539439657, 40.59464120151718], [-73.7422632951904, 40.59490597846802], [-73.7424290783908, 40.594867922827966], [-73.74238639876499, 40.59473058662575], [-73.74332234078162, 40.59479855645444], [-73.74348157536069, 40.59459030641517], [-73.74462633886738, 40.59466422120178], [-73.74665857687268, 40.5942954252729], [-73.74809417247485, 40.59363433716071], [-73.748951983474, 40.59341113996548], [-73.75022925271618, 40.59271125186047], [-73.75165288767703, 40.59137486993291], [-73.75395901296531, 40.590902233896934], [-73.7559538358096, 40.59087355018665], [-73.75785321145204, 40.59134967583216], [-73.76140926118644, 40.59172491899738], [-73.76295072342198, 40.59161282726096], [-73.76797304893259, 40.59072827038345], [-73.76872866760246, 40.590872523772276], [-73.76978766337743, 40.59074838907745], [-73.76976350499389, 40.59148943916118], [-73.77023022479506, 40.593977170081416], [-73.7710815363768, 40.59352872055652], [-73.77227090590218, 40.593196217138065], [-73.77270322940309, 40.593125708074204], [-73.77271695941775, 40.59332336143751], [-73.77446031825738, 40.593140149424556], [-73.77445378443619, 40.59294251040099], [-73.77667254266993, 40.59272176966012], [-73.77653294424502, 40.59139850061218], [-73.77695068429446, 40.59137735377999], [-73.77710476683063, 40.59267869193755], [-73.77881205408671, 40.59250632320562], [-73.77885464358121, 40.59269305212705], [-73.77929406743368, 40.5926499800283], [-73.77913343111689, 40.59114002684816], [-73.78142461012861, 40.59077111398665], [-73.781628684364, 40.59222625031677], [-73.78242108911827, 40.59214540920896], [-73.78242046307638, 40.59233754457669], [-73.78507820248457, 40.592194326591645], [-73.7833769830973, 40.59272362482852], [-73.78361398217893, 40.59514499145553], [-73.78454321313195, 40.595075372467925], [-73.78479399412974, 40.59770536713404], [-73.78915889414289, 40.59752681144552]]]}, "properties": {"geo_id": "11691", "name": "11691", "borough": null, "area_km2": 7.1163}}, {"type": "Feature", "id": 168, "geometry": {"type": "Polygon", "coordinates": [[[-73.80276329921944, 40.59261580551529], [-73.80243916012601, 40.59264269675742], [-73.80249487074099, 40.59328507718062], [-73.80237964900435, 40.59328487908499], [-73.80258524250794, 40.59438315486649], [-73.80234725253294, 40.59449802761307], [-73.80309601318606, 40.59456518838587], [-73.80334716021304, 40.59487303668759], [-73.80320312961405, 40.59487279011828], [-73.80321672377673, 40.59514729396129], [-73.80368467989598, 40.595197500847895], [-73.80470383411219, 40.596384993299544], [-73.80511210350895, 40.59714874220729], [-73.80471446453265, 40.59767506971011], [-73.80393587678931, 40.59794273487215], [-73.80298255847858, 40.59884689003364], [-73.801967066073, 40.59885063423026], [-73.80056170034014, 40.59917758047741], [-73.7984299103138, 40.59917386114717], [-73.79554810479212, 40.59949814700826], [-73.79457606757641, 40.59941955906165], [-73.79387689557994, 40.599604953911104], [-73.7933067619659, 40.59998271301636], [-73.79233451544776, 40.59996998106808], [-73.79029959867377, 40.60121791709177], [-73.78785921624156, 40.603112843253385], [-73.78650472327548, 40.60324757532034], [-73.78616684201337, 40.6030493212277], [-73.78716308441065, 40.602326542037105], [-73.78793076858135, 40.60099398595077], [-73.78951845139245, 40.5999813267945], [-73.7903347513378, 40.59919780461537], [-73.79040828769914, 40.5987148529826], [-73.79124253536952, 40.596789517793546], [-73.79092825455275, 40.59596001498676], [-73.79102340501454, 40.59547161253166], [-73.79065107361748, 40.59478473320707], [-73.78977264398713, 40.59473372302211], [-73.78940469163715, 40.594947144212064], [-73.78937515822803, 40.59517765384123], [-73.78917346254707, 40.59519375282105], [-73.78910613446828, 40.59598962316597], [-73.78927023045843, 40.596478499722146], [-73.78915889414289, 40.59752681144552], [-73.78479399412974, 40.59770536713404], [-73.78454321313195, 40.595075372467925], [-73.78361398217893, 40.59514499145553], [-73.7833769830973, 40.59272362482852], [-73.78507820248457, 40.592194326591645], [-73.78242046307638, 40.59233754457669], [-73.78242108911827, 40.59214540920896], [-73.781628684364, 40.59222625031677], [-73.78142461012861, 40.59077111398665], [-73.77913343111689, 40.59114002684816], [-73.77929406743368, 40.5926499800283], [-73.77885464358121, 40.59269305212705], [-73.77881205408671, 40.59250632320562], [-73.77710476683063, 40.59267869193755], [-73.77695068429446, 40.59137735377999], [-73.77653294424502, 40.59139850061218], [-73.77667254266993, 40.59272176966012], [-73.77445378443619, 40.59294251040099], [-73.77446031825738, 40.593140149424556], [-73.77271695941775, 40.59332336143751], [-73.77270322940309, 40.593125708074204], [-73.77227090590218, 40.593196217138065], [-73.7710815363768, 40.59352872055652], [-73.77023022479506, 40.593977170081416], [-73.76976350499389, 40.59148943916118], [-73.76978766337743, 40.59074838907745], [-73.77592493590119, 40.59017862148046], [-73.77583802613923, 40.59032667165067], [-73.77665982534293, 40.59006477023963], [-73.77761039474888, 40.590055634669845], [-73.77918175696699, 40.58959204764926], [-73.78036987859393, 40.5896053040028], [-73.78453569892491, 40.58847684028683], [-73.78768424501416, 40.58792276028644], [-73.78860013399826, 40.587485279629874], [-73.78941336647827, 40.5876295030096], [-73.7914738084924, 40.58730388379657], [-73.80115730446265, 40.58539419437582], [-73.8013372844888, 40.58540548494138], [-73.80171514636476, 40.586674238987726], [-73.80401268407617, 40.58649702359107], [-73.80430255292264, 40.58832555948352], [-73.80514536971397, 40.58821719954579], [-73.80539984789684, 40.589848046197694], [-73.8053330866655, 40.59051766596129], [-73.803143543596, 40.59065666569275], [-73.80333279906664, 40.59241366594906], [-73.80242526106399, 40.59247249486785], [-73.80276329921944, 40.59261580551529]]]}, "properties": {"geo_id": "11692", "name": "11692", "borough": null, "area_km2": 2.585}}, {"type": "Feature", "id": 169, "geometry": {"type": "MultiPolygon", "coordinates": [[[[-73.82010481980066, 40.58699545212681], [-73.81892947114683, 40.587597463374316], [-73.81912990265036, 40.588036948083555], [-73.81883408922685, 40.58825057695565], [-73.81741369688405, 40.588918061416074], [-73.8176359200754, 40.58928621835161], [-73.81674291438269, 40.58931773527826], [-73.81525045320214, 40.58999056765104], [-73.81470145549672, 40.59061000981923], [-73.81390195290766, 40.59067459311056], [-73.8131298398104, 40.591244259692566], [-73.81224386803653, 40.59132515964074], [-73.81170302337858, 40.59159326563382], [-73.81151525043408, 40.59178509419911], [-73.81149770226148, 40.592899456553674], [-73.8113281278483, 40.591746359827965], [-73.81101121315929, 40.59176779748926], [-73.81090957253565, 40.59205857970518], [-73.80987915617209, 40.59228195356177], [-73.80948891035422, 40.59276439306023], [-73.80961621742331, 40.593577066531736], [-73.80686908080824, 40.592260465074844], [-73.8060416228444, 40.59202301804291], [-73.80578605100175, 40.59075997542783], [-73.80580441352538, 40.591874397869624], [-73.80430098620808, 40.591317396354555], [-73.80416258668747, 40.59185514263215], [-73.8073204310192, 40.59306819573249], [-73.80804609324254, 40.59365130902185], [-73.80781496908973, 40.593886975996206], [-73.80797984411865, 40.59415075295573], [-73.80790018594003, 40.594304328927976], [-73.80753927388017, 40.594594674409024], [-73.80711960471601, 40.59528017211576], [-73.80605295851922, 40.59555834698809], [-73.80485175059955, 40.59505675880243], [-73.80411214894264, 40.594319892516836], [-73.80400575429321, 40.59376526032359], [-73.80412891899765, 40.59351294818106], [-73.80380667933548, 40.592892072291534], [-73.80361929981014, 40.5929411587274], [-73.80303706145101, 40.592577847796505], [-73.80242526106399, 40.59247249486785], [-73.80333279906664, 40.59241366594906], [-73.803143543596, 40.59065666569275], [-73.8053330866655, 40.59051766596129], [-73.80539984789684, 40.589848046197694], [-73.80514536971397, 40.58821719954579], [-73.80430255292264, 40.58832555948352], [-73.80401268407617, 40.58649702359107], [-73.80171514636476, 40.586674238987726], [-73.8013372844888, 40.58540548494138], [-73.80323972303161, 40.584898224245904], [-73.80377221793246, 40.58501441684829], [-73.80562420797347, 40.58451252014957], [-73.80659645454905, 40.58444828543423], [-73.80783617235565, 40.58401668586223], [-73.80887300853077, 40.58402390491468], [-73.80951442001158, 40.583821854302656], [-73.81352600577888, 40.5834716100696], [-73.81730928836521, 40.582335847986286], [-73.81750966341605, 40.582786314921485], [-73.81544875965731, 40.58337590152425], [-73.81770293079852, 40.58320383251442], [-73.81880705177743, 40.584945786967154], [-73.81957127964606, 40.58458467506158], [-73.82014491852465, 40.58547489194373], [-73.81934481442926, 40.585786544718495], [-73.82010481980066, 40.58699545212681]]], [[[-73.8238277475045, 40.61150133315055], [-73.82379728238229, 40.612127100783], [-73.82235092068409, 40.614260328433566], [-73.82141952367, 40.61505487693697], [-73.82075629588635, 40.61523500139361], [-73.81652847643687, 40.61494836159497], [-73.81657282995916, 40.61453671247867], [-73.81559660533087, 40.61067047213911], [-73.81477327478387, 40.60885209014606], [-73.81505845147213, 40.60731546063867], [-73.81600511441755, 40.60619710094738], [-73.81589033965423, 40.60602673944015], [-73.81598477714556, 40.60573594168387], [-73.81642554587987, 40.6052261133795], [-73.81739089607122, 40.60515628636817], [-73.81725016410368, 40.603942860146375], [-73.81772301836163, 40.60222536470136], [-73.81830882683258, 40.601336976205545], [-73.81849418038627, 40.59938845883984], [-73.81928423741128, 40.59752872706218], [-73.81973798166791, 40.59751846048502], [-73.8204249300037, 40.596487489695186], [-73.82053389990656, 40.596136324997346], [-73.82044123774702, 40.59577935570038], [-73.82067325269105, 40.595197819476134], [-73.82135876751447, 40.594688353563186], [-73.82480006846411, 40.59508341394771], [-73.82590249345321, 40.594860015483356], [-73.82913613629715, 40.59480448332248], [-73.8304833793435, 40.59458689429752], [-73.8324133135502, 40.5946171730902], [-73.83465882465511, 40.59516938664847], [-73.83484514211601, 40.59554294784804], [-73.83439635517371, 40.596464555907765], [-73.83351644665731, 40.596984797141204], [-73.83335737765353, 40.59723708847227], [-73.83215356098644, 40.59767999462388], [-73.83239091846873, 40.59780111238511], [-73.83154071229686, 40.59795357819277], [-73.83062739808365, 40.59743072315741], [-73.83038897138499, 40.59773229985491], [-73.82948051577176, 40.59813169672139], [-73.82909975721941, 40.5977633274965], [-73.82806290343653, 40.597679436785725], [-73.82784602741397, 40.59799750927883], [-73.82721859810036, 40.5983314336472], [-73.82710244361236, 40.59868808335763], [-73.82689354449505, 40.598704237700034], [-73.82601290429369, 40.59947145266222], [-73.82584734351735, 40.59943826425671], [-73.82589155770982, 40.59905405883031], [-73.82550412822629, 40.59848804176643], [-73.82501518868246, 40.598185369957626], [-73.82456871471436, 40.59816822044117], [-73.82396188900218, 40.59887545174559], [-73.82422063947995, 40.5990734736399], [-73.82376436415578, 40.60003894550878], [-73.82194286477767, 40.599800084734305], [-73.82146701476265, 40.59999148270397], [-73.82234505570648, 40.60022340683298], [-73.82443335025549, 40.60034738737165], [-73.82445377310633, 40.60079756621733], [-73.82399229862425, 40.60099997579228], [-73.82350830049567, 40.601548194051446], [-73.82357840831509, 40.6022729295348], [-73.82305244897375, 40.6023434858081], [-73.82294377334381, 40.60258486103869], [-73.82276661772303, 40.60420402120303], [-73.82290218456019, 40.604687315292445], [-73.82246779563702, 40.60552655442073], [-73.82290630014245, 40.60585111749352], [-73.82235724304809, 40.60647059528], [-73.82211234838228, 40.60647021651049], [-73.82126819708616, 40.607001398337715], [-73.82090596387636, 40.607780357985064], [-73.82003131704627, 40.60892631856082], [-73.8199791785577, 40.60956303066246], [-73.8196165455796, 40.61047922548207], [-73.82052019549248, 40.61195185290786], [-73.82043344489517, 40.612066999012036], [-73.82087953940837, 40.61225983102165], [-73.82128604590723, 40.61109666861606], [-73.8210636416984, 40.61076145699096], [-73.82062486314396, 40.610530209865644], [-73.82048882856574, 40.610222579859034], [-73.8208588574989, 40.609229539395486], [-73.82114743668733, 40.60905981116664], [-73.82137931538105, 40.60854414922236], [-73.82161719066102, 40.60847864343015], [-73.82182478838783, 40.60896205035117], [-73.82166560266965, 40.609230793932745], [-73.82186558980659, 40.60986789775202], [-73.82233268427858, 40.61028583034481], [-73.82289440249903, 40.61033610363567], [-73.8233460397578, 40.611154749052005], [-73.8238277475045, 40.61150133315055]]]]}, "properties": {"geo_id": "11693", "name": "11693", "borough": null, "area_km2": 2.5452}}, {"type": "Feature", "id": 170, "geometry": {"type": "MultiPolygon", "coordinates": [[[[-73.71049952655288, 40.72722822050083], [-73.71055381962833, 40.72801885111835], [-73.71159219614607, 40.72818614290184], [-73.71177503762803, 40.72928999855203], [-73.71065614699971, 40.72938051463909], [-73.71089458591966, 40.7309730802974], [-73.71204255757085, 40.730838718255356], [-73.71228872526164, 40.73232150916591], [-73.71147970818033, 40.732500639766045], [-73.71250433250188, 40.73419946961288], [-73.71396346947193, 40.73387922051696], [-73.71474118835428, 40.735956194336865], [-73.70922236394476, 40.737139110414205], [-73.70845916454613, 40.73507860464012], [-73.70762756242983, 40.73546076391918], [-73.7083193882832, 40.73733445018851], [-73.70191175667483, 40.73871238502304], [-73.70176204143456, 40.738300282198196], [-73.70092297116358, 40.738720800504744], [-73.70097991923862, 40.738896613536056], [-73.70001090368112, 40.73932227726197], [-73.70146968585733, 40.737509031440894], [-73.70766103981553, 40.72783038817271], [-73.71049952655288, 40.72722822050083]]], [[[-73.74864560009698, 40.701588313361086], [-73.75121375802846, 40.70730851630019], [-73.75212341479913, 40.70711285496153], [-73.75273824977253, 40.70860733461569], [-73.75184292032208, 40.708824989896016], [-73.75245778518529, 40.71031398120992], [-73.75335311231542, 40.71010181069346], [-73.75408253739542, 40.711838067944555], [-73.7531871689388, 40.712055733587974], [-73.75370911856186, 40.713324936423504], [-73.735381648187, 40.71770335229245], [-73.73530633916089, 40.718499163152536], [-73.73315193335742, 40.71958660913538], [-73.73233375138227, 40.7203038401167], [-73.73216158250075, 40.72005641025051], [-73.72966344177162, 40.72047875601471], [-73.728566649482, 40.71695737678595], [-73.72696189772117, 40.710662558431416], [-73.7268925689547, 40.709976199975046], [-73.72704601753072, 40.7094989728719], [-73.7268952568879, 40.70579865596705], [-73.72746516800011, 40.70578902762598], [-73.72778088053846, 40.706201491312584], [-73.72770605211471, 40.70156263914501], [-73.73239399889628, 40.701705383430834], [-73.73235506856939, 40.70241893529847], [-73.73819705999192, 40.70259705809522], [-73.73823592789348, 40.70188350426963], [-73.7410486651572, 40.701983189143824], [-73.74114311737966, 40.70180773583329], [-73.74309559543875, 40.702399492701204], [-73.74330983344159, 40.70295990522008], [-73.74864560009698, 40.701588313361086]]]]}, "properties": {"geo_id": "11429", "name": "11429", "borough": null, "area_km2": 4.0593}}, {"type": "Feature", "id": 171, "geometry": {"type": "Polygon", "coordinates": [[[-73.79992086969553, 40.70247387178261], [-73.80412913825911, 40.701460054657225], [-73.80762093313722, 40.70872860828618], [-73.80889964434216, 40.710597181406385], [-73.80950842891099, 40.712140750466595], [-73.80862757144382, 40.71239180820212], [-73.80895752214883, 40.71305659016679], [-73.80983115722387, 40.71281100752195], [-73.81014670895335, 40.71347027269549], [-73.81021970534549, 40.71570463383554], [-73.80777391313717, 40.7157170446218], [-73.8082384864823, 40.71723842030475], [-73.80883082045968, 40.716986886864134], [-73.80999250079049, 40.71695038325258], [-73.81037442810575, 40.71711020942522], [-73.81071409766557, 40.71690765566367], [-73.81180359745133, 40.7168819941486], [-73.8118964591774, 40.71721151789518], [-73.8117655394371, 40.71758459214595], [-73.80868263387974, 40.71834255536556], [-73.8090388791614, 40.719913152939455], [-73.78964584845563, 40.72642287557405], [-73.78883813749817, 40.72627866937352], [-73.78831241822765, 40.725953821796985], [-73.78574812983058, 40.72679446644047], [-73.78619304263445, 40.72756382753983], [-73.78359976607146, 40.72841534954689], [-73.78316930927076, 40.72764600569456], [-73.78079992056054, 40.728426522216566], [-73.77906512467793, 40.72496480233185], [-73.77775173957755, 40.72284331493899], [-73.77681703435199, 40.721858880244504], [-73.77551316037415, 40.71909510881286], [-73.77636561088705, 40.71877288512988], [-73.77583541851247, 40.71766845699278], [-73.77490413557622, 40.717836815610106], [-73.77357139371608, 40.71512236980414], [-73.7826255787962, 40.71293851649388], [-73.7817372993159, 40.71101549637549], [-73.78137628955707, 40.71110813353926], [-73.7801873505278, 40.70849833651931], [-73.78330553300152, 40.70794431518519], [-73.78672502246816, 40.70789580609709], [-73.78868853378275, 40.70746575339384], [-73.78956938390044, 40.70722033758243], [-73.78916134767385, 40.706225983508396], [-73.79102385656348, 40.70577923731491], [-73.79146106424774, 40.70668031541325], [-73.79252968605195, 40.7063583633802], [-73.79165431421885, 40.70485813671831], [-73.79284589147909, 40.70442112377619], [-73.79395961914982, 40.7058284460809], [-73.79489850770777, 40.70546232342163], [-73.79379204757792, 40.70403306499887], [-73.7945432818729, 40.70369405658543], [-73.79841250742109, 40.702740227656896], [-73.7991524219825, 40.703751597393634], [-73.80019958316461, 40.70334170401949], [-73.79992086969553, 40.70247387178261]]]}, "properties": {"geo_id": "11432", "name": "11432", "borough": null, "area_km2": 5.5644}}, {"type": "Feature", "id": 172, "geometry": {"type": "Polygon", "coordinates": [[[-73.79437143341872, 40.68691219215754], [-73.79478076385827, 40.68747285764352], [-73.79415249655389, 40.68775170288622], [-73.79458332987484, 40.68835632391876], [-73.79521155049555, 40.68809394492259], [-73.79561368359654, 40.688654594529325], [-73.79499267096138, 40.68891698855002], [-73.79545228223287, 40.68954910525176], [-73.79610216263552, 40.68928127036129], [-73.7971516509785, 40.69040848373577], [-73.79632844402646, 40.69075287165749], [-73.7967665284206, 40.69135749705266], [-73.79760419772663, 40.69100215234309], [-73.79827931069916, 40.691931072179834], [-73.79974630750532, 40.69334993867208], [-73.8006823629019, 40.69386209191526], [-73.80093311887266, 40.69442246011951], [-73.79990006562998, 40.694986092329266], [-73.800532156929, 40.695854538502076], [-73.80119725615934, 40.69533418205753], [-73.80236535638934, 40.69787236552709], [-73.8027656110824, 40.69910820035212], [-73.80209747177081, 40.70064412654086], [-73.80353393382225, 40.70027878787173], [-73.80396443277439, 40.701053547883774], [-73.8020730622819, 40.70157730736818], [-73.80241126242147, 40.70185236571429], [-73.79992086969553, 40.70247387178261], [-73.80019958316461, 40.70334170401949], [-73.7991524219825, 40.703751597393634], [-73.79841250742109, 40.702740227656896], [-73.7945432818729, 40.70369405658543], [-73.79379204757792, 40.70403306499887], [-73.79489850770777, 40.70546232342163], [-73.79395961914982, 40.7058284460809], [-73.79284589147909, 40.70442112377619], [-73.79165431421885, 40.70485813671831], [-73.79252968605195, 40.7063583633802], [-73.79146106424774, 40.70668031541325], [-73.79102385656348, 40.70577923731491], [-73.78916134767385, 40.706225983508396], [-73.78956938390044, 40.70722033758243], [-73.78868853378275, 40.70746575339384], [-73.78672502246816, 40.70789580609709], [-73.78279317848471, 40.70799824498423], [-73.77968205788765, 40.708596182316136], [-73.77937446216905, 40.707810588359166], [-73.78023356524606, 40.70760911859872], [-73.77997581063585, 40.707021244919126], [-73.78313776087869, 40.70629713590889], [-73.78182530564035, 40.70616839623473], [-73.77656305957797, 40.70722327379577], [-73.7709387509606, 40.708628521975754], [-73.77374106457393, 40.70764594605088], [-73.77490443639365, 40.707066335047024], [-73.77541151845557, 40.706436027746754], [-73.77561660288718, 40.70551418390622], [-73.77496653267652, 40.70363000005188], [-73.77293652610123, 40.70029385670047], [-73.77318935152937, 40.70018456417688], [-73.77211969579233, 40.69870027240703], [-73.7698775070322, 40.69632432413147], [-73.77579562506398, 40.693036783018265], [-73.77624779683784, 40.69369092010354], [-73.77748339113619, 40.69300163180146], [-73.77783239518772, 40.69431979920919], [-73.77944296426966, 40.69364768185488], [-73.78023853115958, 40.69297398855638], [-73.78169034245467, 40.692312515585435], [-73.78077861753556, 40.69103171599731], [-73.78479386238267, 40.689359490535765], [-73.78698143725326, 40.688606001881375], [-73.79038802852395, 40.68775588654684], [-73.7908619597413, 40.68840451651844], [-73.79437143341872, 40.68691219215754]]]}, "properties": {"geo_id": "11433", "name": "11433", "borough": null, "area_km2": 4.1077}}, {"type": "Feature", "id": 173, "geometry": {"type": "Polygon", "coordinates": [[[-73.75522079325516, 40.647442374141754], [-73.75056785695422, 40.64472600855822], [-73.74907293019115, 40.643630327620706], [-73.74776708585176, 40.64209587443436], [-73.74739527212073, 40.64132102558536], [-73.74754731542265, 40.64113471327737], [-73.74748071400451, 40.6396908036997], [-73.7481255445742, 40.636865076165876], [-73.74840018168176, 40.636651583154716], [-73.74852719391049, 40.63545512887219], [-73.74935778969308, 40.634946409847686], [-73.75069928653805, 40.6346254399815], [-73.75243940962756, 40.633679499316216], [-73.75348486581481, 40.63351156795365], [-73.75479141524747, 40.6328830580038], [-73.75546194038066, 40.632774694067585], [-73.75567881209791, 40.632583019185134], [-73.75738827313177, 40.632109043933575], [-73.75773517525568, 40.6318243163113], [-73.75901177925083, 40.63148664403017], [-73.76053510822523, 40.63066089750339], [-73.76220822415483, 40.6302526501401], [-73.763125465023, 40.62964519813511], [-73.76452479900354, 40.62921988392414], [-73.76499964820722, 40.62941848099841], [-73.76474114936491, 40.629165430840594], [-73.76640121357832, 40.628350865548995], [-73.76700211450989, 40.62752864510275], [-73.76777868918907, 40.625910784541745], [-73.76828506949224, 40.62532441908967], [-73.76878568145115, 40.62432083017412], [-73.76884464990259, 40.62393667672589], [-73.7685518477976, 40.6231895019213], [-73.7686832995371, 40.62267923358475], [-73.76944929236414, 40.62201104092669], [-73.76952095775958, 40.622120976656035], [-73.7698037682853, 40.62158905194531], [-73.76975500385448, 40.62110586932643], [-73.77008706593764, 40.62091439784037], [-73.77046416426833, 40.62019601351094], [-73.77109879766031, 40.62000514284104], [-73.77165211526886, 40.62041796342428], [-73.77171509506827, 40.620961559095726], [-73.77091766276568, 40.62240373799008], [-73.77082098850084, 40.623281881440164], [-73.77155559351762, 40.62336019792674], [-73.77266098798405, 40.62457010111086], [-73.77348787364251, 40.62506030759206], [-73.77407621288337, 40.62578609229716], [-73.77654124928749, 40.627651883516805], [-73.77946762919281, 40.62731717900092], [-73.78136345659281, 40.62484499150921], [-73.78488085176481, 40.62663025627854], [-73.78346383661132, 40.62812076633424], [-73.78284001712797, 40.629404155091606], [-73.78264272201551, 40.630249179887535], [-73.78377992132151, 40.63063559569725], [-73.78434676976879, 40.63137226587615], [-73.78570629353031, 40.632093944490656], [-73.78690909341482, 40.632260867718365], [-73.7883248977181, 40.63342727645815], [-73.78938941646743, 40.63403857591756], [-73.78942473503574, 40.63426371384666], [-73.78971358889999, 40.63406661719605], [-73.79080232935966, 40.63385450913514], [-73.79069310698645, 40.63421662338103], [-73.79131223699595, 40.63439890523681], [-73.79123154787735, 40.63485439479227], [-73.79222274083578, 40.63588823310721], [-73.7934327294215, 40.6360880383964], [-73.79425996113916, 40.63656162618246], [-73.79474256234502, 40.63662836373178], [-73.79726050507364, 40.63800522787375], [-73.79863569350282, 40.638402894566696], [-73.79923376079302, 40.63842040907641], [-73.80177359709553, 40.63975878496276], [-73.80466001065498, 40.640905558154344], [-73.80565968344624, 40.641604429196704], [-73.80670414371865, 40.641776366682905], [-73.80864694849038, 40.64281714722251], [-73.81075661384514, 40.643490367399274], [-73.81202992491555, 40.64430491388697], [-73.81350641204651, 40.64463669265171], [-73.81642868435468, 40.645997320926554], [-73.81830867816171, 40.64638457705373], [-73.81895602058582, 40.646863191373974], [-73.82015584051015, 40.64826491651757], [-73.82124901106161, 40.64913946368818], [-73.82192391239678, 40.65011216585821], [-73.82263008451164, 40.652885493022424], [-73.82320326041001, 40.654187404730955], [-73.82348124707893, 40.65536809009426], [-73.82340727738409, 40.65608162108658], [-73.82233893837206, 40.659362740084475], [-73.82148663189213, 40.659998210766354], [-73.81869390402726, 40.66110273610062], [-73.81261960684276, 40.660159774408534], [-73.81143712048954, 40.660256654357035], [-73.81124166529005, 40.66054728110044], [-73.81151497246431, 40.66076731213578], [-73.81866947257835, 40.662134736790804], [-73.82345419216125, 40.66014397626654], [-73.82498036598714, 40.65543076630723], [-73.82369443229938, 40.651070079927536], [-73.82339626138008, 40.64935138492441], [-73.82331033939175, 40.649137159434254], [-73.82318054816673, 40.64915891827073], [-73.82290949397304, 40.64809352311735], [-73.82319800329067, 40.648011623336835], [-73.82392359056094, 40.64890204811493], [-73.82391573123729, 40.649149067068656], [-73.82466378524111, 40.649726615543514], [-73.82482971523835, 40.64966648304331], [-73.82475106776326, 40.64942482183878], [-73.82499624970333, 40.64937578898723], [-73.82536241979234, 40.6499143241249], [-73.82548500430268, 40.649892551891654], [-73.82557959122569, 40.64955234161401], [-73.82586088181874, 40.64947591379124], [-73.826147605437, 40.650080201011434], [-73.82629910571112, 40.6500255341577], [-73.82611967679841, 40.64973431546118], [-73.82617067248678, 40.64952578862972], [-73.82643809010169, 40.64924073450251], [-73.82627449253043, 40.648406071747345], [-73.82639002378917, 40.64832390254242], [-73.82860149859908, 40.657198372121655], [-73.82931076238809, 40.65890119388543], [-73.82991432639118, 40.659665138215395], [-73.83270405780421, 40.66540582787714], [-73.82687624453992, 40.663706418260546], [-73.82304867742144, 40.66355237582895], [-73.81497040217674, 40.6624746891802], [-73.81281425342044, 40.66272372102807], [-73.81116934431215, 40.66317666693635], [-73.81155862521295, 40.663177305295356], [-73.81032201274354, 40.66707835649976], [-73.8016861385025, 40.666761867204016], [-73.79919966032297, 40.66651601287903], [-73.7971076379669, 40.66695150782213], [-73.79307004963108, 40.66706508652398], [-73.78940840749675, 40.6668388589678], [-73.78808390380551, 40.6730121919858], [-73.79047643939967, 40.673389864560356], [-73.78988672188524, 40.6752003458702], [-73.79034553446502, 40.67604108629874], [-73.79157221060198, 40.675746878521366], [-73.792317017677, 40.67737313634949], [-73.79112604058169, 40.677771718577816], [-73.79186976291174, 40.679749308890635], [-73.79266139431243, 40.68256688290898], [-73.79257710448677, 40.68416419281894], [-73.79271982629729, 40.684647531173546], [-73.79373750874187, 40.684358413254316], [-73.79457584054688, 40.686105592341804], [-73.79391178270401, 40.68630202903926], [-73.79437143341872, 40.68691219215754], [-73.7908619597413, 40.68840451651844], [-73.79038802852395, 40.68775588654684], [-73.78698143725326, 40.688606001881375], [-73.78479386238267, 40.689359490535765], [-73.78077861753556, 40.69103171599731], [-73.78169034245467, 40.692312515585435], [-73.78023853115958, 40.69297398855638], [-73.77944296426966, 40.69364768185488], [-73.77783239518772, 40.69431979920919], [-73.77748339113619, 40.69300163180146], [-73.77624779683784, 40.69369092010354], [-73.77579562506398, 40.693036783018265], [-73.76929215629409, 40.6966525254898], [-73.76522355852705, 40.692757692101566], [-73.76539187050935, 40.69206635107882], [-73.76619921252487, 40.69218327480238], [-73.76470218456363, 40.68926526795246], [-73.76461541141656, 40.68933096521583], [-73.76234406731477, 40.68518167785067], [-73.75804610598294, 40.67922203163221], [-73.75889791288749, 40.67896032043308], [-73.75984265981099, 40.67891837967233], [-73.75789871198008, 40.67612560471776], [-73.76248415088605, 40.674197343943156], [-73.76367909966777, 40.674743272049746], [-73.76404632680396, 40.67284463437797], [-73.76225426078972, 40.67194065534675], [-73.7629324348255, 40.671815794632714], [-73.76259740264699, 40.67073914759706], [-73.76293445422161, 40.669219230861835], [-73.76364830420836, 40.667156619752056], [-73.76544473920197, 40.6667870054579], [-73.76352882063259, 40.666289021332], [-73.76616032905102, 40.66008568893045], [-73.76796157231897, 40.66034734677032], [-73.76767273079022, 40.65841992145097], [-73.76615130023279, 40.658548588319114], [-73.76582038733666, 40.6563026765647], [-73.76735624102338, 40.656157574572376], [-73.7541134597611, 40.64869712774084], [-73.75522079325516, 40.647442374141754]]]}, "properties": {"geo_id": "11434", "name": "11434", "borough": null, "area_km2": 26.7606}}, {"type": "Feature", "id": 174, "geometry": {"type": "Polygon", "coordinates": [[[-73.8057700022681, 40.682930109204406], [-73.80733277824561, 40.68612765846297], [-73.81492555458395, 40.69942483142601], [-73.81739971093185, 40.7046383597161], [-73.81988301092147, 40.709280933098675], [-73.82112725811885, 40.71068270517018], [-73.82379763233838, 40.712970470250966], [-73.82573731097203, 40.71610245665086], [-73.82524579482568, 40.716453041644705], [-73.82187529709466, 40.71691448631075], [-73.82018752669157, 40.71673619758065], [-73.81930624689743, 40.71713555361], [-73.81821884194048, 40.716392754895644], [-73.81669531022936, 40.716840480873394], [-73.81712588839612, 40.717681064064315], [-73.81211490143521, 40.719061846958326], [-73.8117655394371, 40.71758459214595], [-73.8118964591774, 40.71721151789518], [-73.81180359745133, 40.7168819941486], [-73.81071409766557, 40.71690765566367], [-73.81037442810575, 40.71711020942522], [-73.80999250079049, 40.71695038325258], [-73.80883082045968, 40.716986886864134], [-73.8082384864823, 40.71723842030475], [-73.80777391313717, 40.7157170446218], [-73.81021970534549, 40.71570463383554], [-73.81014670895335, 40.71347027269549], [-73.80983115722387, 40.71281100752195], [-73.80895752214883, 40.71305659016679], [-73.80862757144382, 40.71239180820212], [-73.80950842891099, 40.712140750466595], [-73.80889964434216, 40.710597181406385], [-73.80762093313722, 40.70872860828618], [-73.80412913825911, 40.701460054657225], [-73.80241126242147, 40.70185236571429], [-73.8020730622819, 40.70157730736818], [-73.80396443277439, 40.701053547883774], [-73.80353393382225, 40.70027878787173], [-73.80209747177081, 40.70064412654086], [-73.8027656110824, 40.69910820035212], [-73.80236535638934, 40.69787236552709], [-73.80119725615934, 40.69533418205753], [-73.800532156929, 40.695854538502076], [-73.79990006562998, 40.694986092329266], [-73.80093311887266, 40.69442246011951], [-73.8006823629019, 40.69386209191526], [-73.79974630750532, 40.69334993867208], [-73.79827931069916, 40.691931072179834], [-73.79760419772663, 40.69100215234309], [-73.7967665284206, 40.69135749705266], [-73.79632844402646, 40.69075287165749], [-73.7971516509785, 40.69040848373577], [-73.79610216263552, 40.68928127036129], [-73.79545228223287, 40.68954910525176], [-73.79499267096138, 40.68891698855002], [-73.79561368359654, 40.688654594529325], [-73.79521155049555, 40.68809394492259], [-73.79458332987484, 40.68835632391876], [-73.79415249655389, 40.68775170288622], [-73.79478076385827, 40.68747285764352], [-73.79391178270401, 40.68630202903926], [-73.8057700022681, 40.682930109204406]]]}, "properties": {"geo_id": "11435", "name": "11435", "borough": null, "area_km2": 3.9278}}, {"type": "Feature", "id": 175, "geometry": {"type": "Polygon", "coordinates": [[[-73.86495602260939, 40.56663006891859], [-73.86558024811264, 40.56764638043082], [-73.86687686119181, 40.56721421062982], [-73.86734323036154, 40.56798878625477], [-73.86446862243879, 40.569143739782724], [-73.86662763608817, 40.5730603630145], [-73.8636096071577, 40.57382536554384], [-73.86340743261644, 40.5741160749193], [-73.86396712224297, 40.575028015042726], [-73.86274872037144, 40.57585549758142], [-73.86288509369598, 40.57605877614319], [-73.85305350137281, 40.58125626445087], [-73.85044510943229, 40.5821312366592], [-73.84860893087637, 40.58218921758011], [-73.8452118505506, 40.58158083370759], [-73.8392998661381, 40.58186366617429], [-73.83902488500041, 40.582434201016184], [-73.83867861265378, 40.58270819599573], [-73.83584129271249, 40.58287984472494], [-73.82852794577468, 40.58485640292599], [-73.8282229992183, 40.58583858814819], [-73.82784779179072, 40.58613995529], [-73.82315661600957, 40.58748876518361], [-73.82271033062229, 40.58742769170809], [-73.82145915006552, 40.58677249042302], [-73.81912990265036, 40.588036948083555], [-73.81892947114683, 40.587597463374316], [-73.82010481980066, 40.58699545212681], [-73.81934481442926, 40.585786544718495], [-73.82014491852465, 40.58547489194373], [-73.81957127964606, 40.58458467506158], [-73.81880705177743, 40.584945786967154], [-73.81770293079852, 40.58320383251442], [-73.81544875965731, 40.58337590152425], [-73.81750966341605, 40.582786314921485], [-73.81730928836521, 40.582335847986286], [-73.82223028537429, 40.58111389356415], [-73.8271738526775, 40.57944710356418], [-73.83146038053981, 40.57842142405003], [-73.83386702613684, 40.577650893567], [-73.83778786445302, 40.5759217778029], [-73.84616035211955, 40.57303477713907], [-73.85220555637372, 40.5707425641082], [-73.85396304503168, 40.57031113205119], [-73.85713309292969, 40.56912936099866], [-73.86022390109585, 40.56791995799338], [-73.86255135269117, 40.56680837406497], [-73.8628680422217, 40.56683071105247], [-73.86269595483154, 40.56650112836903], [-73.86300472396651, 40.56687479109448], [-73.86349389808258, 40.56703457239678], [-73.86495602260939, 40.56663006891859]]]}, "properties": {"geo_id": "11694", "name": "11694", "borough": null, "area_km2": 3.4583}}, {"type": "Feature", "id": 176, "geometry": {"type": "Polygon", "coordinates": [[[-73.86288509369598, 40.57605877614319], [-73.86274872037144, 40.57585549758142], [-73.86396712224297, 40.575028015042726], [-73.86340743261644, 40.5741160749193], [-73.8636096071577, 40.57382536554384], [-73.86662763608817, 40.5730603630145], [-73.86446862243879, 40.569143739782724], [-73.86734323036154, 40.56798878625477], [-73.86687686119181, 40.56721421062982], [-73.86558024811264, 40.56764638043082], [-73.86495602260939, 40.56663006891859], [-73.8657265153562, 40.56650471095831], [-73.8666199491278, 40.56609403050255], [-73.86654824988679, 40.5659512171445], [-73.86662715852522, 40.56608854925538], [-73.86703033654574, 40.56605607897919], [-73.86848546841985, 40.56552526127034], [-73.86840666476434, 40.56533303436749], [-73.86852861546222, 40.56554726913779], [-73.86924877567114, 40.56538340261087], [-73.87062476834036, 40.56481404036248], [-73.87051714497103, 40.564632761674446], [-73.87066075983972, 40.564814080895786], [-73.87099922834483, 40.564737606863666], [-73.87264168430606, 40.56408617512722], [-73.87258438122991, 40.56393789186687], [-73.87276400179735, 40.564113758781566], [-73.87321758371904, 40.564064853765885], [-73.87459325777554, 40.563632684099254], [-73.87464389220997, 40.56350098851916], [-73.87637945105307, 40.563069189670195], [-73.88026201845194, 40.56151974059251], [-73.88031987737885, 40.561366091553424], [-73.88044204569704, 40.56147601117456], [-73.88126998457376, 40.561378056869586], [-73.88241527687802, 40.5609126174315], [-73.88237236022657, 40.560758864141775], [-73.88250890725506, 40.560879775531596], [-73.88325032700294, 40.56085857309191], [-73.88488540815497, 40.56018500030716], [-73.88485686293613, 40.56004224158386], [-73.8849790173956, 40.56016313561183], [-73.88590782428128, 40.55999388380276], [-73.88692340845118, 40.55958316668795], [-73.88695245949452, 40.55942948593346], [-73.88789522286125, 40.55951275429979], [-73.88940053916767, 40.55891584518182], [-73.8896384792981, 40.55866355155152], [-73.89021404688711, 40.55881232290862], [-73.89081177527487, 40.55861526640229], [-73.89191374158871, 40.55816615991225], [-73.89213734534262, 40.55786993064689], [-73.8925471997933, 40.558122837352464], [-73.89346877032835, 40.55794802802448], [-73.89495249539864, 40.55729612990922], [-73.89491685330547, 40.55707651249587], [-73.89519705514454, 40.55739516649768], [-73.8954921184311, 40.55741739385047], [-73.89697560034907, 40.556902709882245], [-73.89707674520689, 40.55665576765898], [-73.8973425353618, 40.55699087237431], [-73.89803332395648, 40.55710128015611], [-73.89913500127535, 40.55679483425483], [-73.89912083848256, 40.556641112452766], [-73.8995597822193, 40.556707372608734], [-73.89981196390991, 40.55652643541266], [-73.9001860898171, 40.556620084713856], [-73.90057504460455, 40.55642279576953], [-73.90070428776006, 40.55663151314655], [-73.90124389963422, 40.55676372929542], [-73.90279139628599, 40.55673211181165], [-73.90691710086706, 40.555604668046215], [-73.91948242478821, 40.550624099831474], [-73.92641564104494, 40.54815842189786], [-73.9305482415101, 40.546426274953376], [-73.93612002334541, 40.5445191208676], [-73.9390860557127, 40.543170285183606], [-73.94047515265088, 40.542863594745405], [-73.940555201648, 40.54185903497903], [-73.94073512182652, 40.54183167986186], [-73.9401323352181, 40.54800719316505], [-73.94008688222314, 40.55054337443733], [-73.94028027256957, 40.551575523794604], [-73.94025055726038, 40.55261304649403], [-73.93991119772794, 40.55383705455092], [-73.93925522139605, 40.55497855017723], [-73.93865720985913, 40.55567541386048], [-73.93647522626952, 40.55693135022135], [-73.93509298397628, 40.55727093366711], [-73.9332215370506, 40.557368673895766], [-73.9320623761656, 40.55772481921393], [-73.92615615714763, 40.56155292633281], [-73.92421219900257, 40.562001808596705], [-73.92108097095227, 40.562082044048125], [-73.9191010461451, 40.56247042932402], [-73.91722891329024, 40.562985119369756], [-73.91519044118432, 40.564092534694446], [-73.9138653021728, 40.564607572473605], [-73.91313103458513, 40.5646399571955], [-73.9122019074513, 40.565056461519234], [-73.91148919275744, 40.565116300297525], [-73.91010012805266, 40.56495602267149], [-73.90981304756484, 40.564324491825786], [-73.90927362605511, 40.56399469006379], [-73.90851788860142, 40.56393919447687], [-73.90790576078938, 40.56414182110503], [-73.90809349633436, 40.563719271036945], [-73.90798590160453, 40.563444704081306], [-73.90640331481185, 40.562724285600915], [-73.90449561217858, 40.56287093485929], [-73.90286790112252, 40.5635173446808], [-73.90271011713868, 40.56312195873684], [-73.90227867153645, 40.56281966354696], [-73.90104773339932, 40.56286252661508], [-73.90000348406346, 40.56321295773036], [-73.89613475101994, 40.56535596462379], [-73.89533420197625, 40.56633238959753], [-73.89565700111099, 40.567057312542836], [-73.89531152260278, 40.56702406050301], [-73.89345236410205, 40.568235556024405], [-73.89260955477732, 40.568586106537076], [-73.89016258059193, 40.56822696782448], [-73.8895943574786, 40.567940963081696], [-73.8891120851228, 40.56791854007024], [-73.88838464677616, 40.568142909771126], [-73.88785931965413, 40.56803809542436], [-73.88654842897445, 40.56847048781179], [-73.88533882197211, 40.56860103753484], [-73.8848998709474, 40.56850178545975], [-73.88430923537652, 40.568698818278946], [-73.88488553030994, 40.56846883339572], [-73.88475626632643, 40.56828754646564], [-73.88467681553182, 40.568441175967045], [-73.88429529434877, 40.56843530268783], [-73.88473469871634, 40.56827105597844], [-73.88446180424955, 40.567891998324654], [-73.88357581746536, 40.56820950147522], [-73.88369067116246, 40.56839626476396], [-73.88346736820536, 40.56847838267984], [-73.88336684524974, 40.56833006103125], [-73.88267572374782, 40.56835680529403], [-73.88191920218, 40.56872932398558], [-73.87867273776246, 40.56863810702757], [-73.87788781715325, 40.568780005314984], [-73.87585628638747, 40.56957931167114], [-73.86288509369598, 40.57605877614319]]]}, "properties": {"geo_id": "11697", "name": "11697", "borough": null, "area_km2": 6.7049}}, {"type": "Feature", "id": 177, "geometry": {"type": "MultiPolygon", "coordinates": [[[[-74.21462116913948, 40.556913073220564], [-74.21409431391515, 40.556463906665584], [-74.21556768808142, 40.555813373884305], [-74.2147413729295, 40.55624311330086], [-74.2149950647809, 40.556797091611266], [-74.21462116913948, 40.556913073220564]]], [[[-73.88697409909504, 40.55940205913195], [-73.88695245949452, 40.55942948593346], [-73.88694527106249, 40.55942398923806], [-73.88697409909504, 40.55940205913195]]], [[[-73.87239793041532, 40.563569880414555], [-73.87258438122991, 40.56393789186687], [-73.87237632542997, 40.563575346029936], [-73.87239793041532, 40.563569880414555]]], [[[-73.87027328824334, 40.564176848154176], [-73.87051714497103, 40.564632761674446], [-73.87025168288787, 40.5641823133696], [-73.87027328824334, 40.564176848154176]]], [[[-73.86824882062693, 40.56506935172932], [-73.8683850480667, 40.56534398883747], [-73.86823441314486, 40.565074824821345], [-73.86824882062693, 40.56506935172932]]], [[[-73.86654824988679, 40.5659512171445], [-73.86654104049771, 40.565956698386735], [-73.86631151493216, 40.56554471008259], [-73.86654824988679, 40.5659512171445]]], [[[-73.93074802915294, 40.582795090734606], [-73.93076236134628, 40.58286097463781], [-73.93072638286968, 40.582838994528984], [-73.93074802915294, 40.582795090734606]]], [[[-74.19744122075909, 40.598461890080344], [-74.19838459760882, 40.60085922456336], [-74.19709954753876, 40.59982389964678], [-74.19702521043786, 40.59903901303668], [-74.1971617562616, 40.59893996589193], [-74.19695215430377, 40.59868780327205], [-74.19703822120374, 40.598566884331966], [-74.1973194857559, 40.598698152370204], [-74.19744122075909, 40.598461890080344]]], [[[-74.13585955731955, 40.54644925258843], [-74.13745891341668, 40.547309220760766], [-74.13865596705614, 40.54848805148732], [-74.13770067120971, 40.54938401015006], [-74.13455949950571, 40.55125420659193], [-74.13042752151715, 40.554437466272084], [-74.1273021861721, 40.55729557692545], [-74.11945502968447, 40.5522206164191], [-74.11850360180033, 40.55141462744227], [-74.11876233740851, 40.55121673369593], [-74.1165636535641, 40.549127439573816], [-74.11494520919031, 40.54959019943255], [-74.11338095336727, 40.54807112848122], [-74.1147409689265, 40.54799841249064], [-74.11545978319965, 40.5475146049768], [-74.11600728430071, 40.547843430705804], [-74.11654706766359, 40.54787033226237], [-74.11741705026088, 40.54741929670607], [-74.11804294548635, 40.547308862503854], [-74.11978118142898, 40.545468037697816], [-74.12040692588054, 40.54528622557825], [-74.12160148463003, 40.54527947715102], [-74.12250023428844, 40.54485582058602], [-74.12424565310131, 40.543108243650224], [-74.12638515973804, 40.540520293454826], [-74.13071246352926, 40.53453724039323], [-74.13356284900678, 40.53150917181498], [-74.13618508232722, 40.52962314648962], [-74.13691103056351, 40.52928192564413], [-74.13728609026109, 40.529742607099685], [-74.13835800581069, 40.529708382432716], [-74.13892705734732, 40.530037073323975], [-74.13910257140382, 40.53140377988984], [-74.14027209914512, 40.533301770367906], [-74.14061200360885, 40.534130289275446], [-74.1405844245454, 40.534701244933466], [-74.14031962514801, 40.535376793756924], [-74.13998168409132, 40.53548699894157], [-74.13822549087325, 40.535209155429975], [-74.13507408791651, 40.53524035442532], [-74.13395229927849, 40.535565557026224], [-74.1332768310356, 40.53600551368998], [-74.12828458827747, 40.540397415155404], [-74.12771037190694, 40.54115013451264], [-74.12740260817283, 40.54201783781166], [-74.12743995880992, 40.54273693773283], [-74.12772910727385, 40.543422820013866], [-74.12755650815915, 40.543477908162075], [-74.12763594727755, 40.54362603985149], [-74.12781573222124, 40.54356545395808], [-74.1291861899051, 40.545227277584125], [-74.130260038042, 40.546054998213606], [-74.13154910135653, 40.54652563666019], [-74.13308973905097, 40.54683677014922], [-74.13435621057964, 40.5467913783055], [-74.13585955731955, 40.54644925258843]]], [[[-73.81520998588331, 40.60981896301646], [-73.81559660533087, 40.61067047213911], [-73.81540290729473, 40.61038470196108], [-73.81450063041306, 40.61105847030139], [-73.81450153039293, 40.61073458528896], [-73.81520998588331, 40.60981896301646]]], [[[-73.81615940237204, 40.61294406822082], [-73.81642945130862, 40.61428396204687], [-73.81472159769976, 40.614495316308776], [-73.81443995344628, 40.61474738355419], [-73.81408028948572, 40.6145601560248], [-73.81416748218152, 40.61429130665908], [-73.81467982360824, 40.6139737370431], [-73.81486701044534, 40.61401246587106], [-73.81485901513952, 40.61429791215371], [-73.81549364751321, 40.61404092141079], [-73.81479724378495, 40.61319440315196], [-73.81503556798653, 40.61297520290312], [-73.81523725037135, 40.612981016861816], [-73.81546676036379, 40.61334369912501], [-73.81615940237204, 40.61294406822082]]], [[[-74.00066306490517, 40.64748877362799], [-74.0024143603358, 40.64580894243256], [-74.00682534413227, 40.64846571594044], [-74.00507409002483, 40.65014561380263], [-74.00066306490517, 40.64748877362799]]], [[[-73.8238277475045, 40.61150133315055], [-73.82409931869867, 40.612319699358174], [-73.82432191670269, 40.61258903013474], [-73.82444502490995, 40.61234218627048], [-73.82467533244775, 40.612419392173265], [-73.82468800931643, 40.61307816335873], [-73.82575121815879, 40.61419416843085], [-73.82725889104715, 40.613378493931904], [-73.82758229844863, 40.61366992818332], [-73.82787757371962, 40.6136978186983], [-73.82724270815373, 40.614064669347414], [-73.82750168328067, 40.61420229821495], [-73.8284525328505, 40.61421470038171], [-73.8305469750712, 40.61493145463692], [-73.83148327575125, 40.61500419583151], [-73.83331430582433, 40.61449084347266], [-73.83434474133591, 40.61436607235467], [-73.83542469159212, 40.61460916587216], [-73.83546726411255, 40.61487272744009], [-73.835790660572, 40.6151860968581], [-73.83634550905153, 40.61512101298527], [-73.83625886242856, 40.61520323353329], [-73.83651076437592, 40.61529691521144], [-73.83663360411283, 40.61514338117059], [-73.83778523924488, 40.61554026299539], [-73.83771280120811, 40.615704848617064], [-73.83721548582069, 40.61580844774775], [-73.83691209491946, 40.616148372627215], [-73.83633554618241, 40.616246365917576], [-73.83574366949217, 40.616717626895586], [-73.83502824560681, 40.6176223855715], [-73.83494826873182, 40.617918708880495], [-73.83517130873776, 40.61803431039013], [-73.83500527672072, 40.61817131206594], [-73.83497541550118, 40.61859396796534], [-73.83535693462606, 40.61871528609246], [-73.83552099233954, 40.61937976180312], [-73.8357438355873, 40.61957770579819], [-73.83553402104215, 40.61993971898391], [-73.8349579261817, 40.61984008066157], [-73.83511725996675, 40.61949995450097], [-73.83487923644178, 40.61961489432544], [-73.83479920217154, 40.61993317576535], [-73.83531017491316, 40.620148003064955], [-73.8349059351325, 40.62047130923971], [-73.83454596521229, 40.620371979040826], [-73.83472645296727, 40.62021853005411], [-73.83438875123299, 40.61985573088336], [-73.83379852374449, 40.6196462745115], [-73.83411501775569, 40.61984435702291], [-73.83407134204725, 40.62002545057733], [-73.83423016272569, 40.6198939294623], [-73.83447454856386, 40.62011935493966], [-73.83420028219147, 40.62032207465836], [-73.8342787251432, 40.62064607376563], [-73.83305245366302, 40.62125913390091], [-73.83254690744599, 40.62175246198041], [-73.83184062387373, 40.62185024370372], [-73.83158801119603, 40.6220310304767], [-73.83267631204673, 40.62186244225185], [-73.83289162082475, 40.622192130976686], [-73.83273946003432, 40.62253775401128], [-73.83228500973678, 40.62276216520761], [-73.83140695668303, 40.62240405739409], [-73.83101696832861, 40.62277677709459], [-73.83047052439609, 40.62234229477725], [-73.83007248808029, 40.6230443749556], [-73.83020126266506, 40.62340138871346], [-73.82995553662286, 40.62370295307837], [-73.82986986447622, 40.62339540917771], [-73.82978992777917, 40.62366428086314], [-73.82942933097758, 40.623806475807996], [-73.82919056581656, 40.62420137191895], [-73.82965889926956, 40.62419108760635], [-73.83011371744533, 40.62382944754726], [-73.83052683622962, 40.62286388908609], [-73.83033236907104, 40.62284164387805], [-73.83041214917041, 40.62263315708295], [-73.8308798733236, 40.62285891938229], [-73.8308793725789, 40.62305654396475], [-73.83060509715024, 40.62325376547214], [-73.83070472226807, 40.62374248590261], [-73.83050991792693, 40.62385199070664], [-73.8304589275228, 40.62407149918807], [-73.83076971722107, 40.62368219608535], [-73.8306555154, 40.6232593293426], [-73.83098001421583, 40.6231445254464], [-73.83109582935904, 40.62293060156717], [-73.8315354462028, 40.62287635069094], [-73.83193089505959, 40.62319532583061], [-73.83174437833452, 40.622876656665824], [-73.83213266502052, 40.623179151851815], [-73.83154677957478, 40.62409505668027], [-73.83096197640423, 40.62457728235051], [-73.83091810825542, 40.62482973903598], [-73.83134274561196, 40.62500602968054], [-73.831169316958, 40.625208889992535], [-73.83076561108561, 40.62530161948182], [-73.83095236628466, 40.62552696745927], [-73.83067785809166, 40.625812022210894], [-73.83062649060446, 40.626179749108246], [-73.83091296258289, 40.62686087996146], [-73.83166880772374, 40.62713097900054], [-73.83218077793494, 40.62696703975885], [-73.83230298703309, 40.62707700987293], [-73.83219416656151, 40.627373288931345], [-73.83246038103586, 40.62752189609039], [-73.8323946945748, 40.62785666529676], [-73.83228592841904, 40.628130986141855], [-73.83184642971563, 40.6281248546005], [-73.83159358552463, 40.628387984796916], [-73.83157140206492, 40.62861302544623], [-73.83171496573596, 40.62882732962986], [-73.83188054702134, 40.62888246775616], [-73.8316292650546, 40.628525276775825], [-73.83188952217694, 40.62817981350827], [-73.83214137032104, 40.62831193161566], [-73.83262423881841, 40.628263229284094], [-73.83305735725925, 40.62793997324959], [-73.83304213682138, 40.628263836896274], [-73.8328688560853, 40.62840631444491], [-73.83289642592013, 40.6289059070855], [-73.83236264766332, 40.629141182353976], [-73.83195786917584, 40.629651123170085], [-73.83189790390317, 40.63057328628093], [-73.83114327953571, 40.63265273401898], [-73.83132818349117, 40.63361917258555], [-73.83193912099736, 40.63423490076656], [-73.83195885839702, 40.63498151320656], [-73.83249059030634, 40.63558065380636], [-73.83340565835772, 40.63850244171236], [-73.83290031403568, 40.638864020932296], [-73.83221555156442, 40.63892889881847], [-73.82866878502918, 40.63661255423898], [-73.82808697680208, 40.63588157109952], [-73.82562281125342, 40.635773558445855], [-73.82443266006771, 40.636216403817656], [-73.82413763525597, 40.638790568098024], [-73.82457574591817, 40.6393511748076], [-73.82419221928144, 40.63995444323275], [-73.8233732472115, 40.638987021546676], [-73.8227697664339, 40.63557706086535], [-73.82209641931661, 40.63407187438669], [-73.82184963983947, 40.63204034495454], [-73.82107762256382, 40.62973351889119], [-73.81990825536973, 40.62784327417062], [-73.81796488738614, 40.62710460843303], [-73.81800982391486, 40.6264788661316], [-73.81770142083028, 40.625962355888085], [-73.81611287666448, 40.62460389665298], [-73.81608485942242, 40.62431290339673], [-73.8167272994931, 40.62386927227972], [-73.81795149297027, 40.62409080105519], [-73.81891964630377, 40.62308773447907], [-73.818892079221, 40.62262656517897], [-73.81778445537829, 40.621938615654926], [-73.81778530959781, 40.621625710121315], [-73.81697157154504, 40.62149266718115], [-73.81691289731015, 40.62187135578476], [-73.81653069956303, 40.62200249673279], [-73.8157180052035, 40.62149066454913], [-73.81543362394876, 40.62011780948743], [-73.81717938446818, 40.61926971171453], [-73.81744691443947, 40.618913313120636], [-73.81744910637806, 40.618111835522704], [-73.81777495164476, 40.61750300726712], [-73.81751864004487, 40.61639370201934], [-73.81716715477941, 40.615844183731284], [-73.8171182622744, 40.61528416694543], [-73.81652847643687, 40.61494836159497], [-73.82075629588635, 40.61523500139361], [-73.82141952367, 40.61505487693697], [-73.82235092068409, 40.614260328433566], [-73.82379728238229, 40.612127100783], [-73.8238277475045, 40.61150133315055]]], [[[-73.87841525586718, 40.63891017433246], [-73.87620206401928, 40.64325555770984], [-73.87495175503673, 40.64514261871685], [-73.87390443143043, 40.64636565015404], [-73.87318547446033, 40.645442611166686], [-73.87344638410909, 40.64467435814058], [-73.87326767095465, 40.643905620829145], [-73.87297231622786, 40.64383942005815], [-73.87275724206926, 40.6432463081284], [-73.87195171769012, 40.6423945297265], [-73.87084545022272, 40.640554284296215], [-73.87008294312884, 40.6398452698241], [-73.87007696590503, 40.6392139615744], [-73.86952318443271, 40.638647907951324], [-73.8694738251061, 40.63809340445641], [-73.86956058928705, 40.63794528427268], [-73.87124083878517, 40.63732136596971], [-73.87243132853003, 40.636548662148954], [-73.87347670365646, 40.636286317326146], [-73.87514707034121, 40.637051194700696], [-73.87711141209712, 40.638639799008345], [-73.87841525586718, 40.63891017433246]]], [[[-73.99902671041337, 40.66900784886713], [-73.99907717682511, 40.669040786605045], [-73.99896903161756, 40.66916155586636], [-73.99902671041337, 40.66900784886713]]], [[[-73.99881041336253, 40.66959522905713], [-73.99891855422001, 40.66980383314718], [-73.99855803918175, 40.671335414385155], [-73.99876711852814, 40.671604404867075], [-73.99861570736023, 40.67182947477299], [-73.99822639169714, 40.67120366049761], [-73.99881041336253, 40.66959522905713]]], [[[-73.89182916952262, 40.774882780725065], [-73.8914452479624, 40.77562349936206], [-73.8914510194348, 40.77651280031142], [-73.89111783958171, 40.7771273074913], [-73.89056135203799, 40.7774012542016], [-73.89046697873866, 40.77770308578673], [-73.8901706603615, 40.77785101962724], [-73.88947403631947, 40.77553379380367], [-73.88978668691362, 40.77423857608779], [-73.89006875664873, 40.773964371529075], [-73.89019203711753, 40.77364609921257], [-73.89009098110648, 40.77362404494138], [-73.89034434439716, 40.77324002268359], [-73.89182916952262, 40.774882780725065]]], [[[-73.98888602420539, 40.77987903304385], [-73.98892207445265, 40.78022487318658], [-73.98812748963785, 40.78139954071651], [-73.98736205071124, 40.78106460164526], [-73.98845997329367, 40.779758222800005], [-73.98888602420539, 40.77987903304385]]], [[[-73.98807689237047, 40.781652051100984], [-73.98804079545721, 40.78158617372459], [-73.98809856644793, 40.78160264811449], [-73.98807689237047, 40.781652051100984]]], [[[-73.89184790828715, 40.77668334732088], [-73.89234752033329, 40.77584941446534], [-73.89285811736377, 40.777156386120346], [-73.89252554089313, 40.777403102894965], [-73.89184790828715, 40.77668334732088]]], [[[-73.97448226557647, 40.658338812987616], [-73.9795778341641, 40.66085404898244], [-73.98000317537768, 40.6607553116466], [-73.98020491361262, 40.661106678318475], [-73.97965701068509, 40.66124382169894], [-73.97935413599416, 40.66159509949605], [-73.97181717368899, 40.67062930874791], [-73.97041038063323, 40.67264911076033], [-73.96920625127511, 40.67279701266181], [-73.96286648545222, 40.663814229746855], [-73.96391930094357, 40.663254629897246], [-73.96418656482018, 40.66226110338379], [-73.96435966455594, 40.66209647038913], [-73.96466247507627, 40.662019709990034], [-73.96502283431217, 40.66217352776824], [-73.96371929909263, 40.659856529991536], [-73.96325893370985, 40.65807227666134], [-73.96283412616167, 40.657199299908434], [-73.96283457267356, 40.65639782399819], [-73.96313060598627, 40.65549763101308], [-73.96285684826054, 40.6552285543516], [-73.96188395739085, 40.65488239358401], [-73.9717028902679, 40.65110840819469], [-73.97185440077406, 40.650751623615115], [-73.97234455485322, 40.65065841990545], [-73.97269039234371, 40.65096591821543], [-73.97263262343634, 40.65122940362138], [-73.97232983235702, 40.65139950769568], [-73.97412209477102, 40.657696453885606], [-73.97448226557647, 40.658338812987616]]], [[[-73.90244413132203, 40.804414605630214], [-73.90231382961078, 40.804595647248995], [-73.90229218914166, 40.80457367109602], [-73.90244413132203, 40.804414605630214]]], [[[-73.80595829313523, 40.82143065744037], [-73.80598602899391, 40.82183143382348], [-73.80617369951996, 40.8219031122571], [-73.80602903351951, 40.82195227402577], [-73.80625216371988, 40.82225456877327], [-73.80620776777224, 40.82261130824804], [-73.80582724719004, 40.82176529318094], [-73.80595829313523, 40.82143065744037]]], [[[-73.87673447278644, 40.81538535140654], [-73.87926884639504, 40.8163486859311], [-73.88236416446799, 40.81885507161277], [-73.88296994257118, 40.81953088938269], [-73.88441700936868, 40.822600945935214], [-73.88393284528767, 40.82260594905281], [-73.88368034134737, 40.8223696487526], [-73.88247090304384, 40.81978838554648], [-73.87860297822165, 40.81696280455227], [-73.8765235509741, 40.81613169029317], [-73.87673447278644, 40.81538535140654]]], [[[-73.98204308109565, 40.768410654627054], [-73.98168207148608, 40.76838863987405], [-73.9810247714098, 40.76927233983455], [-73.9581741797017, 40.80058372210828], [-73.94923394327517, 40.796869259325724], [-73.97301214260084, 40.76428080233657], [-73.98149448374197, 40.767883577652746], [-73.9817905607601, 40.76771345091017], [-73.98216599840534, 40.76776840444757], [-73.98238250841355, 40.76813623298823], [-73.98204308109565, 40.768410654627054]]], [[[-73.90963116659485, 40.83712653692545], [-73.90932009578157, 40.83732940143551], [-73.90910270710908, 40.83773544761636], [-73.90887704279315, 40.838904516490395], [-73.90962439562344, 40.84211092587584], [-73.90958737372692, 40.842758648227175], [-73.90514944680079, 40.84254648635693], [-73.90501231184248, 40.84240364862397], [-73.90527526003221, 40.840488057435884], [-73.90580430494813, 40.83950588435993], [-73.90672388812588, 40.838348363685974], [-73.90807714365171, 40.83716373481053], [-73.90916157911126, 40.83696697475859], [-73.90963116659485, 40.83712653692545]]], [[[-73.89696518651498, 40.83434375751692], [-73.90122767877567, 40.8355002662047], [-73.89647360170801, 40.843708271998416], [-73.89760832112185, 40.843808094362416], [-73.89617986189582, 40.84665582474788], [-73.89289860504456, 40.846268565793], [-73.8953760813367, 40.842938763150975], [-73.88941848514406, 40.83942546553983], [-73.88868890571665, 40.83915578204032], [-73.88813838814629, 40.83986338496191], [-73.88659980279976, 40.83928000372851], [-73.88730287148451, 40.83812791389864], [-73.88841525507645, 40.83855168106868], [-73.888741484575, 40.83797011729811], [-73.89057189301866, 40.83690143068007], [-73.89385410193073, 40.83639398153617], [-73.89469327812114, 40.83591168137206], [-73.89582963247767, 40.83488070125857], [-73.89696518651498, 40.83434375751692]]], [[[-73.81641316299205, 40.86118025978866], [-73.81681068208448, 40.86123578571653], [-73.81718773295201, 40.860846635672075], [-73.81782341581115, 40.861061728107344], [-73.81835859712454, 40.86101316720298], [-73.81864143408454, 40.860700715784226], [-73.81844136796967, 40.859827584920055], [-73.81857238051833, 40.859509405187985], [-73.81908617182722, 40.85934552964936], [-73.8202429693847, 40.85935831657759], [-73.82026519396373, 40.859160732409606], [-73.82054743643191, 40.85906236235111], [-73.82196397071489, 40.85927864392718], [-73.82199256813219, 40.85939945508537], [-73.82161618670379, 40.85955257726606], [-73.82168788520616, 40.8597777539203], [-73.82241084832869, 40.8598008266212], [-73.82192601204248, 40.85995378281789], [-73.82197612410168, 40.86014050008747], [-73.82277874114524, 40.860119778074086], [-73.82165677100396, 40.860595627891854], [-73.82169427653994, 40.86009066017089], [-73.82144205781499, 40.85977737373691], [-73.82144310421216, 40.859387627215966], [-73.82111070811527, 40.859315749978094], [-73.82093702152923, 40.85937586406524], [-73.82100043835493, 40.85999077643383], [-73.82052389430103, 40.85974850207129], [-73.81999574696049, 40.85987393573123], [-73.82046452625713, 40.86031381894691], [-73.82025994219386, 40.86110397538394], [-73.81951421685362, 40.86147060166811], [-73.81937595960277, 40.86179426042549], [-73.81886860309302, 40.86224359654603], [-73.81895474126853, 40.86247428687647], [-73.81684561348855, 40.86430442019926], [-73.8166218096686, 40.86417780837945], [-73.8151717040042, 40.86560274021581], [-73.81508592597157, 40.86524579142215], [-73.815225538233, 40.86444456178471], [-73.81487993045276, 40.86391702476549], [-73.81493121727961, 40.86367557312252], [-73.8152433548524, 40.86323692075583], [-73.8151064772366, 40.86305555104217], [-73.81641316299205, 40.86118025978866]]], [[[-73.88068487688847, 40.86077606847501], [-73.88103826972187, 40.86127596902883], [-73.88200577829558, 40.86204547879961], [-73.88379522346779, 40.86417169286643], [-73.88397510037643, 40.86468238800008], [-73.88384404542207, 40.86519825961484], [-73.88232361204986, 40.86630557740686], [-73.88123121136859, 40.866600885628266], [-73.88002948430207, 40.867368158011175], [-73.87909545114192, 40.86804237886593], [-73.87966676955348, 40.86801003969241], [-73.87991199321053, 40.86836161648768], [-73.87619123265365, 40.87047659073008], [-73.87519124039562, 40.871573392171875], [-73.8725520591926, 40.87517703764224], [-73.87094734227068, 40.87850731279193], [-73.86943654349099, 40.87812684582556], [-73.87031622468348, 40.87577837963534], [-73.87056318270182, 40.87151339992355], [-73.87039021832273, 40.86378962400768], [-73.87108232963482, 40.857378775514846], [-73.87094518400966, 40.8572633446355], [-73.86954888826585, 40.85772837390145], [-73.86841366942937, 40.85778197880493], [-73.86927618742995, 40.85669056723377], [-73.87005718702392, 40.856603618992786], [-73.87071584232321, 40.85622558980217], [-73.87169463443048, 40.85479394677635], [-73.87186964847297, 40.85401464507842], [-73.87136243040801, 40.85086864764925], [-73.87133416311997, 40.84679546998659], [-73.87146696532936, 40.84540679531813], [-73.87184602843146, 40.84376039129549], [-73.87305418041916, 40.843240232327524], [-73.87401689196484, 40.842538641977356], [-73.8745898565613, 40.841518233969786], [-73.8781730534854, 40.84261995841507], [-73.87658554125511, 40.845044594229044], [-73.87629406879489, 40.84629586927965], [-73.8752852471012, 40.848441144774824], [-73.87505091869227, 40.85003831083493], [-73.87527312886844, 40.851048603348815], [-73.87416363292778, 40.85285341500582], [-73.87483405246364, 40.85387517471038], [-73.87538386077529, 40.85368364055558], [-73.8772329570515, 40.854591375693644], [-73.8769566964892, 40.855419982121454], [-73.87738325183369, 40.855420436262946], [-73.87844529297875, 40.85582228693067], [-73.88087871583151, 40.85751007307324], [-73.88100750012562, 40.858267743960745], [-73.88060609218132, 40.86035879233466], [-73.88068487688847, 40.86077606847501]]]]}, "properties": {"geo_id": "99999", "name": "", "borough": null, "area_km2": 14.5834}}]}