{"type": "FeatureCollection", "features": [{"type": "Feature", "id": 0, "geometry": {"type": "MultiPolygon", "coordinates": [[[[-74.05050806403247, 40.566422034161], [-74.04998352562573, 40.566395924928464], [-74.04931640362085, 40.56588774778062], [-74.04923629842045, 40.56536273636829], [-74.05002620158642, 40.56531818062132], [-74.05090601705051, 40.5660943416282], [-74.05067916748612, 40.56631084573659], [-74.05107159803815, 40.56672249390058], [-74.05050806403247, 40.566422034161]]], [[[-74.05314036821066, 40.577702715043344], [-74.05406044939872, 40.577116445239064], [-74.05489778210803, 40.577782440920004], [-74.05469316907444, 40.57969163172704], [-74.05485134625349, 40.57970759257522], [-74.05484560052173, 40.57994579142779], [-74.05368629150418, 40.5805487596146], [-74.05293190639816, 40.57990247466604], [-74.05314036821066, 40.577702715043344]]], [[[-74.15945602438066, 40.641448332821646], [-74.15997875699615, 40.64144648083656], [-74.16111242522052, 40.64183545323481], [-74.16153403242895, 40.64415628242124], [-74.15809750008869, 40.6437575671229], [-74.15755778855947, 40.64323986598113], [-74.15800633457705, 40.64302367586042], [-74.15819904046337, 40.642595077663586], [-74.1585874256811, 40.642460384083655], [-74.15881093745415, 40.6417586352431], [-74.15945602438066, 40.641448332821646]]], [[[-74.08221272914936, 40.64828016229026], [-74.08142228203741, 40.648504725447005], [-74.08072838762372, 40.648274873846454], [-74.07980996428704, 40.64838331298811], [-74.07899546333257, 40.64814255442262], [-74.07650657152858, 40.64696881818354], [-74.07445282563641, 40.64506748822084], [-74.07395839976465, 40.645193205445715], [-74.07359107919277, 40.64499892804317], [-74.0734985136762, 40.64508337347528], [-74.07385653684726, 40.6454248160998], [-74.07333813856984, 40.64578311616245], [-74.07324539464851, 40.64570492526971], [-74.07369011806499, 40.64530572455757], [-74.0732385381076, 40.64496386391], [-74.07302520507201, 40.645131238320324], [-74.07320225954697, 40.644943941243696], [-74.0730555988172, 40.6448079178411], [-74.07342590747587, 40.645000568012804], [-74.07312184183509, 40.644714799469135], [-74.07279850341496, 40.64491012376894], [-74.0725877555387, 40.644790863173824], [-74.07270308267603, 40.64464559562772], [-74.07256468232953, 40.644719748858336], [-74.07266630771204, 40.6446209206597], [-74.0725322202573, 40.64455679217041], [-74.07272467145079, 40.64462088376627], [-74.07269828799026, 40.64444127346753], [-74.07165829759784, 40.645033746435196], [-74.07230919046792, 40.64457775355492], [-74.07201843213238, 40.644411932941026], [-74.07229190281822, 40.6442660478206], [-74.07218488601615, 40.64411046489273], [-74.07186080870875, 40.64420176177033], [-74.07175648087781, 40.64401184549878], [-74.07205817506036, 40.6439004276988], [-74.07200080155476, 40.64378113296976], [-74.0716496940852, 40.6437868857248], [-74.07159679201159, 40.64346015748881], [-74.07135612176633, 40.64349730455621], [-74.07149090063892, 40.643428740586074], [-74.07141659716515, 40.643193109595934], [-74.07113105720936, 40.64320526367847], [-74.07150263147456, 40.64312930469566], [-74.07147777322615, 40.64280829377516], [-74.07164892198995, 40.642679931679815], [-74.07170351967268, 40.642796335280146], [-74.0721843496904, 40.64271409328926], [-74.07210952444632, 40.64246321679294], [-74.07037430990596, 40.642691403053334], [-74.0703292371539, 40.64252612813249], [-74.07323829183596, 40.64218473608254], [-74.07314400585976, 40.64185297397773], [-74.07024658698661, 40.642206974297046], [-74.07019399559272, 40.64200750330808], [-74.07308689819385, 40.64163681496981], [-74.0728900560963, 40.64092267287623], [-74.0700184914874, 40.64127813223767], [-74.06998354653898, 40.64106894261439], [-74.07285041194937, 40.64080368844521], [-74.0727769001111, 40.640528963147524], [-74.07307725837745, 40.640513311796504], [-74.07309035578784, 40.638618999686045], [-74.07292933384748, 40.63859264983843], [-74.07301444562208, 40.638409384119], [-74.07237941129381, 40.63816272607427], [-74.0726063279755, 40.6381363083472], [-74.07257275212609, 40.63787190987609], [-74.07348353801726, 40.637787357935785], [-74.07337342888036, 40.6366107256396], [-74.07209483807509, 40.636647277624746], [-74.07335822045596, 40.636536094165336], [-74.07290753967621, 40.633634367681196], [-74.07332821316406, 40.63205844299052], [-74.07298474612325, 40.63030897898163], [-74.06802173543952, 40.62878758518564], [-74.06813019247991, 40.62853904609168], [-74.0729117793656, 40.62999637940668], [-74.07229520282672, 40.62713842700826], [-74.07319206053835, 40.62707053042593], [-74.07352694647261, 40.626863194268694], [-74.07270543377281, 40.62687414856302], [-74.07225500955772, 40.62460875019414], [-74.07002735061577, 40.62145406385088], [-74.06649335296383, 40.61889760159536], [-74.06596065271782, 40.619359015593915], [-74.06640988953299, 40.618864467567256], [-74.0661990795487, 40.618722481288955], [-74.06557280841211, 40.61927454360011], [-74.06544586069482, 40.61920262828948], [-74.06668207982925, 40.61806749593871], [-74.06641558715178, 40.617872498165745], [-74.06604991535909, 40.61819541035291], [-74.06569864744144, 40.617956415586775], [-74.06546549952755, 40.61810707028097], [-74.06496189280482, 40.61777239906801], [-74.06435705158668, 40.61824594486579], [-74.06425721751592, 40.61817168758575], [-74.06509908407207, 40.61751095612564], [-74.06443662005026, 40.61706241460274], [-74.06401211702041, 40.61740222613368], [-74.06390892240363, 40.61732882514924], [-74.0643274585805, 40.61698850302234], [-74.06376129983167, 40.616798750007455], [-74.06376668678124, 40.616603630840466], [-74.06143961457276, 40.61437802069976], [-74.0603368079197, 40.61190187971726], [-74.0598544432858, 40.61210295810573], [-74.06001625116235, 40.61276368789559], [-74.06019772795557, 40.61278637542956], [-74.05999919777541, 40.612783899115904], [-74.05976930738183, 40.612056647139525], [-74.06027224809945, 40.61181963993938], [-74.05947565131046, 40.61169052980338], [-74.05892163454983, 40.61105605489825], [-74.05912333939817, 40.61082228908929], [-74.0590858430866, 40.610633676752094], [-74.0571638387898, 40.60874278310387], [-74.05649565936768, 40.60724764825641], [-74.05552126122367, 40.60648289256885], [-74.05516001122363, 40.60673049185365], [-74.05498867839447, 40.60666069691195], [-74.05518218103556, 40.606474566834564], [-74.05505974095807, 40.60626542045301], [-74.05381069805442, 40.60591271885318], [-74.05360729740823, 40.60523880941793], [-74.05402039959014, 40.60493472041388], [-74.05353964480113, 40.603633557567406], [-74.05303330743814, 40.60146647069994], [-74.05338789482067, 40.60086861765575], [-74.05342199900808, 40.60051607104164], [-74.05222983028327, 40.59982388359414], [-74.05232494851849, 40.59971490532054], [-74.05287153843389, 40.59986725546726], [-74.05447422333906, 40.59875553954863], [-74.05719369904696, 40.59639507931474], [-74.05972690577232, 40.59390821671291], [-74.05964120596151, 40.59370938839316], [-74.05976660687689, 40.593835258012916], [-74.06055353637058, 40.59337975542373], [-74.06215274432546, 40.592025040542175], [-74.06503332356229, 40.58899099836806], [-74.06436003721248, 40.588267891174986], [-74.06477833032996, 40.58848831072585], [-74.06722276816939, 40.586734449760286], [-74.07096310182045, 40.58318199040278], [-74.07149180521229, 40.58216878265264], [-74.07065781537815, 40.581625625037915], [-74.0714667093301, 40.58202724389829], [-74.07177638431133, 40.58187653466161], [-74.07499413073515, 40.5792365574165], [-74.07350591302189, 40.578401751752786], [-74.0733203249656, 40.57845733351123], [-74.07336118472104, 40.578275488289336], [-74.07355146657478, 40.578198393000676], [-74.07349669675463, 40.57832795971463], [-74.07508288192622, 40.579160158755755], [-74.0757981954077, 40.57830925115341], [-74.07523453617962, 40.57799880325336], [-74.07534622582348, 40.57788796906932], [-74.07601596977901, 40.57824491229042], [-74.07639928398461, 40.577994854550106], [-74.0762974101844, 40.577898625093546], [-74.07649283077296, 40.57796084612551], [-74.07688226472081, 40.577636789409105], [-74.07673747616742, 40.57737250932561], [-74.07693881528702, 40.577534345088935], [-74.07737472522487, 40.57728215890577], [-74.07926321256909, 40.575671292205875], [-74.07867933938974, 40.575081825726095], [-74.07933640538258, 40.57562720401707], [-74.08050289147509, 40.57498045871081], [-74.0859529738592, 40.57029822710444], [-74.08691263653223, 40.56898584268376], [-74.0862163222426, 40.568532698147294], [-74.08725078316105, 40.56908167819304], [-74.08830436820617, 40.56832985667391], [-74.08924906075136, 40.567015570534906], [-74.08998259932838, 40.567380011533295], [-74.09099905467109, 40.566737129600305], [-74.0940496840973, 40.56298164761123], [-74.09407071109428, 40.56273161946135], [-74.09511063361292, 40.56317327343478], [-74.09542371796327, 40.56315463556875], [-74.09567198061373, 40.56277559824557], [-74.09611847135459, 40.562587574490266], [-74.09661362272217, 40.56208714553755], [-74.09819767261925, 40.55983647680481], [-74.09829030823701, 40.559332614157], [-74.09782127024009, 40.559053466217925], [-74.09876415480899, 40.559423551651044], [-74.09938031432738, 40.55896419336136], [-74.09986924754335, 40.559093501038234], [-74.1007996392811, 40.55832182111602], [-74.10124354139873, 40.5576608313157], [-74.10184637674703, 40.556216988780186], [-74.10184032964901, 40.55594463924142], [-74.1013542327051, 40.55558329994364], [-74.10265076360245, 40.556134404785396], [-74.10309839111537, 40.555904641451335], [-74.10465943491398, 40.554120467311414], [-74.10508907947455, 40.553235468010854], [-74.10484447636338, 40.553025814556435], [-74.1064282206517, 40.55385337362144], [-74.10648150812239, 40.554156827870536], [-74.10734831283652, 40.55414815203132], [-74.10853922462543, 40.55325802567349], [-74.11028457387542, 40.55149635741772], [-74.11278846957983, 40.547884262724445], [-74.11301046104465, 40.547780065430274], [-74.11338340616277, 40.548073375150885], [-74.11473781165269, 40.547996610676755], [-74.11546177809932, 40.54751536240159], [-74.11608004748925, 40.547864946836874], [-74.11654532176985, 40.54787239314677], [-74.1172998894561, 40.54746402618261], [-74.11804133083712, 40.54730661289477], [-74.11977810043541, 40.54547045664602], [-74.12046754805196, 40.54527894006101], [-74.12160134891272, 40.54527789438735], [-74.12249960095374, 40.54485810721061], [-74.12424449712778, 40.54311038091094], [-74.12638185131075, 40.5405207554594], [-74.13071184272671, 40.534535075436374], [-74.1335644349804, 40.531511174805765], [-74.13618848993349, 40.52962079668742], [-74.1369079907635, 40.5292819188828], [-74.13728504251867, 40.529740467985015], [-74.1382514070966, 40.529691337173986], [-74.13888337300335, 40.529960676022924], [-74.13915076013747, 40.53152011162206], [-74.14027015269593, 40.53330001719605], [-74.1406109270312, 40.53413060019034], [-74.14048158865673, 40.53508131687892], [-74.14009728047, 40.53548491455981], [-74.13801169425402, 40.53520330598141], [-74.13529643204907, 40.53526279903721], [-74.13410017490995, 40.53549448860235], [-74.13302611571291, 40.53624033695124], [-74.13336905396334, 40.53635619522555], [-74.13301207668799, 40.536256065043034], [-74.13316120141162, 40.5363740027012], [-74.13294266453623, 40.536322033082115], [-74.1311954568939, 40.53787240877474], [-74.13152564883184, 40.537718542638515], [-74.13129269799782, 40.537956701870975], [-74.13181387201774, 40.53830735868589], [-74.13211244495561, 40.538052296677876], [-74.13169767602072, 40.537857123315845], [-74.131846271476, 40.537734643799695], [-74.13213560512456, 40.538033127182906], [-74.13242438513224, 40.537774960232525], [-74.13191182124632, 40.53753284097714], [-74.13207952279564, 40.537395033637964], [-74.13245302764068, 40.53776028086156], [-74.13275480490115, 40.537504536480114], [-74.13223596269344, 40.53726255123936], [-74.13239801584172, 40.537118864430255], [-74.13277603711705, 40.53748401091606], [-74.13307445571553, 40.537229123304215], [-74.13255786139074, 40.53699140775753], [-74.13273560233304, 40.536854535243364], [-74.13309457511473, 40.53721201742536], [-74.13339187377342, 40.536957984347744], [-74.13287438281003, 40.53671963230253], [-74.13303508839532, 40.536574875626066], [-74.13341004365468, 40.53693972237372], [-74.13386054140385, 40.536597962494014], [-74.12996934202987, 40.53996776911168], [-74.13020869361587, 40.53970266381743], [-74.12968375508696, 40.539471719592626], [-74.12984555503498, 40.53932685696175], [-74.13022754297853, 40.53968371755645], [-74.13052164283047, 40.53942555811981], [-74.13000272814953, 40.539172393658696], [-74.13016935798466, 40.539032878023555], [-74.13054176521165, 40.53940930625587], [-74.13083906851895, 40.53914759289265], [-74.130322448993, 40.538900471244645], [-74.13048528360618, 40.53875891625542], [-74.13085918854104, 40.539131339802516], [-74.13115328715267, 40.538873574103825], [-74.13065428041833, 40.53861731113316], [-74.13079971896295, 40.5384924903143], [-74.13117436984973, 40.53885516089619], [-74.13147424215329, 40.53859831488292], [-74.13097509115991, 40.53834174990228], [-74.13111962282588, 40.53821889232536], [-74.13149740072483, 40.53858138087574], [-74.13179350815659, 40.53832599199191], [-74.13116466312681, 40.53790013586929], [-74.12798728527221, 40.540710977483286], [-74.12740612940962, 40.54201857519548], [-74.127601460311, 40.54322278223596], [-74.12773143427357, 40.543423084803855], [-74.1279283050762, 40.5433732470561], [-74.12756660762842, 40.5434993339346], [-74.12762994038083, 40.54360889311576], [-74.1279896839074, 40.54348434363126], [-74.12781893446555, 40.54356439964473], [-74.12901864638869, 40.54505924171746], [-74.12987193427176, 40.54582820444859], [-74.13072654079453, 40.546255190280306], [-74.13325905654533, 40.54684725133694], [-74.13542312362752, 40.54657429817181], [-74.13641153119032, 40.54625235004204], [-74.13651613439275, 40.54591474763531], [-74.13713259013673, 40.54593097435975], [-74.1371798712987, 40.54579286466078], [-74.13626085280931, 40.54496329743614], [-74.1361154072406, 40.54501984568003], [-74.13638379801961, 40.54485467150645], [-74.13628433241061, 40.544947040589484], [-74.13719287519716, 40.54578429470023], [-74.13750833508851, 40.54557755723887], [-74.1367337016138, 40.544803742024015], [-74.1365890707116, 40.54484548659871], [-74.13687348630864, 40.5446825939102], [-74.13674888757026, 40.5447825844807], [-74.13794966050654, 40.54600033707824], [-74.13886951340419, 40.54513019760744], [-74.1376243074514, 40.544253566418455], [-74.1377562075567, 40.54414492877835], [-74.13767918310066, 40.544258625718165], [-74.1387553470346, 40.54493395842702], [-74.13901965079312, 40.5447155610301], [-74.13798990164423, 40.543990043789506], [-74.13786798524539, 40.54405254413111], [-74.13804346897805, 40.54390456246396], [-74.13903307178626, 40.54470491030023], [-74.13953937915745, 40.544295140872336], [-74.13943253002648, 40.54421721751635], [-74.13914541346232, 40.54450958062271], [-74.13903265990318, 40.54442809733329], [-74.13942069337882, 40.54420594353738], [-74.1392876729529, 40.54411658940478], [-74.13897454226765, 40.54437610181988], [-74.13922032859813, 40.544066700171406], [-74.13908266855015, 40.54396822488413], [-74.1388757038836, 40.544243557935005], [-74.1387281244596, 40.544130022535235], [-74.13907750658645, 40.54396015316581], [-74.13883460585619, 40.543791358890644], [-74.1385858115911, 40.544104638490474], [-74.13841535838714, 40.54397842731649], [-74.13882325461661, 40.54378405489603], [-74.13853996268327, 40.54358792819032], [-74.13820667267075, 40.54377367836024], [-74.13827964456064, 40.54386669457072], [-74.13815068621103, 40.54377203675732], [-74.13852649744582, 40.54357854230625], [-74.1383415128872, 40.543551828311614], [-74.13852282835245, 40.543401551252046], [-74.13845971967875, 40.54350628599169], [-74.13859005306276, 40.54345034036679], [-74.13853314542554, 40.54354436734105], [-74.13956971698569, 40.5442722748307], [-74.13983697786205, 40.54405246284358], [-74.13870632397281, 40.54329141083457], [-74.13890636539452, 40.543131777602504], [-74.13877140226839, 40.54329133220312], [-74.13903671922964, 40.54322699394081], [-74.13898355608603, 40.54338441137309], [-74.1396764048069, 40.54388899585881], [-74.1398889740626, 40.54375247188513], [-74.13970350694184, 40.54390877718642], [-74.13986527264451, 40.544026844512274], [-74.14001283835925, 40.54383042684498], [-74.14038573073621, 40.54403318500803], [-74.14032848694495, 40.543802087271274], [-74.13934994841908, 40.54309608509433], [-74.13921993485886, 40.54316608513805], [-74.13940810077494, 40.54301658458543], [-74.14029571947168, 40.54364045715569], [-74.14012638219604, 40.54351339341706], [-74.14028734539116, 40.5433850711193], [-74.13936132804032, 40.54282586399885], [-74.1395368154802, 40.54268215086996], [-74.13947877205682, 40.54276849257787], [-74.14030634258242, 40.54336711061715], [-74.14062715566955, 40.54311302969269], [-74.13975584890447, 40.54248115565538], [-74.13963169074167, 40.54254109756638], [-74.13985859891679, 40.54235717512933], [-74.13977484776589, 40.54246404830149], [-74.14064614869822, 40.543094214902304], [-74.14084520303844, 40.542938844979226], [-74.14132426794245, 40.54309413383039], [-74.14038500590046, 40.5424207713667], [-74.14040685334777, 40.542360855450625], [-74.14028673369478, 40.542455788519064], [-74.14016510037568, 40.542366218936266], [-74.14033528229751, 40.5422282092597], [-74.14020723606578, 40.54236522429853], [-74.14040656300695, 40.54232708255226], [-74.14141073560408, 40.54302241508055], [-74.14107892119061, 40.54279117185177], [-74.14108436804806, 40.54263891420663], [-74.14132653105818, 40.54274704748751], [-74.14114311299073, 40.542587658851545], [-74.14124949366257, 40.54266034085652], [-74.14133547192978, 40.542588792470404], [-74.14026290400702, 40.54196151152278], [-74.14049581011314, 40.54206085532412], [-74.14067998093152, 40.54190859347381], [-74.14061919911958, 40.54205602164403], [-74.141349013796, 40.542577523131754], [-74.14146151585443, 40.542483902224085], [-74.14129442123695, 40.54233587588589], [-74.14148097474451, 40.54246770907066], [-74.14134854694552, 40.542290464871066], [-74.14154957905978, 40.542410617504736], [-74.14179719957052, 40.54220041538255], [-74.14089451090621, 40.5415711106903], [-74.14063984172134, 40.54169454203744], [-74.14095816832999, 40.54143207846775], [-74.14089477583406, 40.541537094860686], [-74.14187307971929, 40.54216665812959], [-74.14169237098815, 40.54234783819464], [-74.14229898630349, 40.54225211196514], [-74.14218344286681, 40.542017861051875], [-74.14247662235955, 40.541333709774996], [-74.1417766138326, 40.54008845633491], [-74.14200459282586, 40.53956795966711], [-74.14172892651298, 40.53933948409722], [-74.14230351275852, 40.53906997528983], [-74.1423383157749, 40.53894919040853], [-74.14176587793767, 40.53854204099996], [-74.14226513007999, 40.53814035366488], [-74.14183789388265, 40.53842162042696], [-74.14222992294762, 40.53811445337742], [-74.14207893644112, 40.53800396428528], [-74.14216718019145, 40.53793276106833], [-74.14121865335552, 40.53725399843267], [-74.14104157916447, 40.53734688496484], [-74.14129825471825, 40.53713817794854], [-74.14124113051591, 40.53723469173426], [-74.14218574841777, 40.53791777778906], [-74.14238963689708, 40.537753260504985], [-74.14158287690893, 40.537087577952576], [-74.143051626138, 40.537239873856635], [-74.14383385685339, 40.53713691184979], [-74.14474069813582, 40.535801044211354], [-74.14543374382966, 40.5358230728271], [-74.1460200828477, 40.535553528223076], [-74.14599669615093, 40.53539039281203], [-74.14669647685389, 40.535414308548816], [-74.1492173326397, 40.53424158776107], [-74.14977717489347, 40.53388786930431], [-74.14975846489824, 40.53342430275561], [-74.15069553618278, 40.53254583893728], [-74.15112025690526, 40.53274138250683], [-74.15175798831618, 40.53240179402822], [-74.15168241246529, 40.53227642276387], [-74.15185337744485, 40.5321640210235], [-74.15245660936688, 40.53206794400108], [-74.1540010766683, 40.53083155332167], [-74.1538983168261, 40.53067377293571], [-74.15410381534751, 40.530760821997745], [-74.15449818893846, 40.53031774326552], [-74.15462807870682, 40.53035429625152], [-74.15454357374459, 40.53006213630381], [-74.154928948494, 40.53022548357582], [-74.15564782339318, 40.52964298409582], [-74.1555035725126, 40.52943802633787], [-74.15573153435042, 40.5296009045326], [-74.15599000320407, 40.52941960321642], [-74.15644868150018, 40.52893184170151], [-74.15618731852335, 40.52861137109185], [-74.15667105208163, 40.52899331160738], [-74.15701861946391, 40.528977656312314], [-74.15826103107301, 40.528300499163116], [-74.15797239457906, 40.52806708584459], [-74.15832645126989, 40.5282784267833], [-74.15970134520207, 40.52729599283172], [-74.1603042631384, 40.52755574732225], [-74.16158217423644, 40.52701347827946], [-74.16227196108768, 40.5271942623085], [-74.1655417511386, 40.52541961918436], [-74.16657896787522, 40.52501650436625], [-74.16884431819894, 40.523590681654206], [-74.16999711161473, 40.52304577245255], [-74.17050791660374, 40.523048719785635], [-74.17128682067288, 40.523457767139824], [-74.17269667263014, 40.522968735523776], [-74.17601245479072, 40.52087596282923], [-74.17758295522106, 40.51923086686619], [-74.17831876690663, 40.5199457856312], [-74.17924381368742, 40.51998421667914], [-74.17939137553341, 40.520278279290025], [-74.1798101694893, 40.52055233770624], [-74.18105192746833, 40.520663254038176], [-74.182434614175, 40.520318205802404], [-74.18316855058451, 40.5199062737629], [-74.1848311647976, 40.51934135860102], [-74.18656733191207, 40.518115849902486], [-74.18849871608536, 40.5163127263648], [-74.18926875557327, 40.515344976872555], [-74.18884297821847, 40.515087166345886], [-74.18971218498399, 40.51532037853449], [-74.19178922669772, 40.51305164434619], [-74.19344318347443, 40.51156730959691], [-74.19409643736373, 40.51064124236241], [-74.19521339999072, 40.50997765295584], [-74.19649936986214, 40.50992353098777], [-74.19860831704992, 40.511197023146636], [-74.19967205359374, 40.51142685047983], [-74.19992695040722, 40.51182804548665], [-74.20005925616977, 40.51261937254104], [-74.19892572793869, 40.51277730599856], [-74.1990730709549, 40.51308388453714], [-74.1999565998814, 40.51293021841032], [-74.20082898254242, 40.51303070395863], [-74.20756866998322, 40.511856152130505], [-74.20860637874091, 40.511462924655945], [-74.2096878939744, 40.51079736934258], [-74.20918996825198, 40.51049905745798], [-74.20932200464202, 40.5103986288956], [-74.20971374205881, 40.51077770324315], [-74.20985338128546, 40.51067192532497], [-74.21051949638709, 40.50999136857803], [-74.21179183197995, 40.50817327349515], [-74.21338169973619, 40.506766288215566], [-74.2135313080367, 40.506397477228056], [-74.21385533847535, 40.50660702467322], [-74.21434250129722, 40.50651891128745], [-74.21510815859632, 40.50605975566551], [-74.21591242055472, 40.50537108817634], [-74.21758240164354, 40.50334139266088], [-74.21794570244775, 40.503360090428885], [-74.21977016417118, 40.50274268846003], [-74.22304657852257, 40.50247817901297], [-74.22500232195432, 40.501770295113545], [-74.2272941351108, 40.50229749944572], [-74.22971584237068, 40.50208568758782], [-74.23033892500185, 40.50180417837214], [-74.23055401780135, 40.501946854659934], [-74.23124443244185, 40.50182686031912], [-74.23359904119738, 40.50091253160142], [-74.23526495948055, 40.50060602854844], [-74.23678845624052, 40.5000008355384], [-74.23766770359934, 40.49912325543654], [-74.23798737379057, 40.499165980848375], [-74.23851321635526, 40.49889607586644], [-74.23984851236824, 40.4975830136407], [-74.2443279825243, 40.49754674020985], [-74.24548938982622, 40.49704477386728], [-74.24676102774195, 40.49613398761199], [-74.248374496854, 40.49633059857327], [-74.24964219479409, 40.49683795432863], [-74.25085489422248, 40.49800616359534], [-74.251104114858, 40.498934197854325], [-74.25259982739985, 40.49964307588645], [-74.25316124501349, 40.500125376718955], [-74.25384590620646, 40.50163566934478], [-74.2542740765672, 40.502161180509816], [-74.25527947208303, 40.50405553195732], [-74.25530710377622, 40.506536454119185], [-74.25559136315213, 40.50771295072926], [-74.25524817753173, 40.50824323071319], [-74.25462856709909, 40.508674825727205], [-74.2549813000949, 40.50877117277594], [-74.25497290370772, 40.50880566163084], [-74.25461850728021, 40.50868390880002], [-74.25399753079344, 40.50897031481091], [-74.25403804567854, 40.50925267164586], [-74.25438877737021, 40.50934418413478], [-74.25431454169312, 40.509413694649155], [-74.2540206950553, 40.50927297629023], [-74.25368911881061, 40.509425596439314], [-74.25464651262911, 40.50982624592457], [-74.25452621732428, 40.509973015383736], [-74.25364812518256, 40.50947053043646], [-74.25331579805132, 40.509861504541135], [-74.25306394553087, 40.51105525736994], [-74.2532580688567, 40.51108868938098], [-74.25300847277555, 40.51119398970556], [-74.2535268507671, 40.51167776603203], [-74.25303635381555, 40.511433160458935], [-74.25308950868661, 40.51212196137409], [-74.25195197488475, 40.51299700254742], [-74.2521259139706, 40.51371037980015], [-74.25135331412865, 40.5143928975377], [-74.25011171056995, 40.5150448198553], [-74.25007568832466, 40.515219092251996], [-74.25055526413557, 40.515716342429045], [-74.25045509923827, 40.515772007109206], [-74.25015626516769, 40.51536118819963], [-74.24988824874998, 40.51552154519314], [-74.25056007272009, 40.516106741032594], [-74.25041535921387, 40.516188335026065], [-74.249356609239, 40.51500592819388], [-74.24933775243693, 40.51514081437952], [-74.24921528676101, 40.51508486129946], [-74.24963220109241, 40.515545377951206], [-74.2495139367868, 40.515693980976636], [-74.2499415880804, 40.51613748819118], [-74.24943096899091, 40.51568788559768], [-74.24864764632107, 40.51611262849697], [-74.24884323664611, 40.516305889562304], [-74.24854589291675, 40.516169917148616], [-74.24860080823052, 40.516313331918035], [-74.2482842208389, 40.51648694955386], [-74.24894624665613, 40.517194539786885], [-74.24940770789097, 40.51698083092126], [-74.24851449056035, 40.51747562626521], [-74.24891910653054, 40.51720843369263], [-74.24751811835532, 40.515735864778804], [-74.24693048008477, 40.51606645441794], [-74.24644039651137, 40.5159650280061], [-74.24612857679287, 40.51613739257391], [-74.24674997194066, 40.516495613240636], [-74.24651040267679, 40.51666985530614], [-74.24699556996595, 40.517182085195735], [-74.24647899705329, 40.51668732721099], [-74.24637736435628, 40.51673909386169], [-74.24653682834264, 40.51695996037966], [-74.24634969801771, 40.51675337193509], [-74.24520861528356, 40.5172897436243], [-74.24566989001384, 40.51778970805146], [-74.24563473169945, 40.518075580745936], [-74.2450880446054, 40.51806683940438], [-74.24429835217606, 40.51851500310793], [-74.243652285116, 40.518294614623315], [-74.24232477833276, 40.51832652502193], [-74.24125968675216, 40.51918046982313], [-74.24103122918724, 40.51954251319067], [-74.24049069687702, 40.51919162897021], [-74.23982258316957, 40.52009071194654], [-74.2407328454876, 40.52056915165399], [-74.24117293552202, 40.52106013143217], [-74.24133219575523, 40.520894517580395], [-74.24293235036328, 40.521227160630374], [-74.24258375639266, 40.52219864849817], [-74.24276246783722, 40.52272678912772], [-74.24261397838434, 40.52308093752467], [-74.24280157009575, 40.52400729628683], [-74.24335792685682, 40.524818913317986], [-74.24396500758859, 40.52490536633801], [-74.24333883883855, 40.525853805180134], [-74.24288674411127, 40.52729733641776], [-74.2428867138121, 40.52820013082621], [-74.24251028997553, 40.528445935266085], [-74.24245541025242, 40.52895469954609], [-74.2421880176231, 40.52943755166041], [-74.24224528137324, 40.529822779505146], [-74.24150733322897, 40.53104134279533], [-74.24181061621535, 40.5325626754217], [-74.24217799663235, 40.53257613847677], [-74.24228200338156, 40.53338749651791], [-74.24196458870458, 40.53363371843335], [-74.24204570286008, 40.534346377050596], [-74.24240026879225, 40.53475292739309], [-74.24263289675623, 40.53478335481168], [-74.24295641189786, 40.53540676169805], [-74.2436967058746, 40.53608011142469], [-74.2441249598849, 40.53619629572918], [-74.24397655106576, 40.53646049855934], [-74.24414782538697, 40.536881409917186], [-74.24458753910724, 40.53693292707299], [-74.2449369311447, 40.5366638769173], [-74.24533651176058, 40.53690599443482], [-74.24525871106496, 40.537146089448015], [-74.2448010457436, 40.537385392689785], [-74.24442748922033, 40.53801643339913], [-74.24539376219913, 40.53955167471587], [-74.24560205698324, 40.54094959457749], [-74.24599284790561, 40.541278932158], [-74.24648614815791, 40.542213392655796], [-74.2476777803961, 40.543125403303], [-74.24803463735694, 40.54309324044159], [-74.24613743768708, 40.54569644693213], [-74.24336346552772, 40.54786513523601], [-74.24358447651353, 40.547623990878726], [-74.24293585929203, 40.547113219748], [-74.24220318463254, 40.54694867779772], [-74.24039182810056, 40.547663310173924], [-74.23837191304231, 40.54914156681449], [-74.23761963467331, 40.550123468578775], [-74.23641459726797, 40.55050822345002], [-74.23616473136121, 40.5514294246619], [-74.23650799187405, 40.552027271309825], [-74.23639962082142, 40.5523353332219], [-74.23489865800808, 40.55300521667145], [-74.23377755011764, 40.552514200016454], [-74.23332400080324, 40.55250914356606], [-74.23229112933164, 40.55336369797586], [-74.23193331444945, 40.55414983011733], [-74.23071036198121, 40.555557594259106], [-74.23024952153514, 40.5553867461628], [-74.22931954185714, 40.5554915869629], [-74.22935253825545, 40.555750600620556], [-74.22905162187638, 40.55610708210527], [-74.22833214372007, 40.5563903543116], [-74.22743682730533, 40.5560385335166], [-74.22640494542951, 40.55625571284607], [-74.22390334134494, 40.55589706554467], [-74.22386421498086, 40.55609769408304], [-74.22344265106311, 40.55604656990371], [-74.22378606708962, 40.55588026750731], [-74.22316128942742, 40.55578714269195], [-74.22297219698756, 40.55550337362153], [-74.22257486801377, 40.55540620977982], [-74.22179863887051, 40.55541707075924], [-74.22157006613199, 40.55564898295788], [-74.2212986460446, 40.55536622468574], [-74.22086715093401, 40.5559402022779], [-74.22055340151061, 40.55588528417051], [-74.2202971180895, 40.555597921062954], [-74.22010627164943, 40.55492881292594], [-74.21974356930723, 40.554612672072636], [-74.21908060899345, 40.55484700219814], [-74.21933701278985, 40.55569136698122], [-74.21921716370935, 40.55579696987879], [-74.21895832633227, 40.55485758341598], [-74.21859325782808, 40.554674210247946], [-74.2187503688056, 40.55602774053745], [-74.21817360193396, 40.55560052324868], [-74.21775342391737, 40.555005284776335], [-74.21604246060636, 40.55554411878319], [-74.2147405319882, 40.55624238913229], [-74.2149925696477, 40.5567949327961], [-74.21462340478287, 40.55691336222108], [-74.21422698854248, 40.55655731791716], [-74.21395537449725, 40.55665715479713], [-74.2137646731759, 40.55639694332549], [-74.21327457291383, 40.55662493427677], [-74.21314129720264, 40.557043502156226], [-74.21264343799072, 40.5572897270571], [-74.21267302665483, 40.557647560008235], [-74.21196767172604, 40.558442468274436], [-74.21175620455129, 40.55912475727636], [-74.21197029168815, 40.559297737577126], [-74.21188042321681, 40.559596937861976], [-74.21116899541974, 40.560486290370605], [-74.21134005281326, 40.56123035308547], [-74.21109600355233, 40.56213147129194], [-74.2113799785878, 40.563492205275026], [-74.21096277401229, 40.56429045015042], [-74.21062343743944, 40.565520200174696], [-74.20954125857399, 40.56751458487464], [-74.20953467232908, 40.56792804865823], [-74.20932175268335, 40.568025300757085], [-74.20924168547086, 40.56840985837737], [-74.20886661112192, 40.56890979392934], [-74.20892636328671, 40.56962429845018], [-74.20801705381419, 40.57051795740093], [-74.2081685110219, 40.57071942341444], [-74.20783559015133, 40.57261000094922], [-74.20726298207309, 40.57411302777292], [-74.20707800410416, 40.57426634021679], [-74.20722650206054, 40.57448679641192], [-74.20707024366182, 40.57474302532249], [-74.20728431413175, 40.575254532872776], [-74.20681205626775, 40.57592202018839], [-74.20688655587763, 40.57621727105977], [-74.20708917179341, 40.57630558983638], [-74.20692739963451, 40.576543990351766], [-74.20658040532055, 40.5766527368369], [-74.2065312542969, 40.57690163736906], [-74.2068082796181, 40.577179568792744], [-74.20632344195356, 40.57753881896503], [-74.20591732509398, 40.57861664755381], [-74.20606648947762, 40.57960327497297], [-74.20599255081491, 40.58041038393609], [-74.20572403289714, 40.580965688932324], [-74.20541737057088, 40.58106948698303], [-74.20508136987236, 40.58159946880283], [-74.20508854474824, 40.58220819057296], [-74.20470911902727, 40.582797669407], [-74.20473901192639, 40.58317590193016], [-74.20440076433692, 40.58371294584213], [-74.20463390208104, 40.58432323880145], [-74.20436433899084, 40.58463414937085], [-74.20441471663779, 40.58552367532751], [-74.20411940258332, 40.58589554107593], [-74.204274942826, 40.586110054127154], [-74.20426533002895, 40.587320535043126], [-74.20458065694798, 40.58821760368281], [-74.2042727036055, 40.58848255534916], [-74.20412200969585, 40.58888147457858], [-74.20432302142393, 40.58913661747353], [-74.20457422072941, 40.58871913932566], [-74.20470529848629, 40.588772370830746], [-74.20443548400937, 40.58921839779449], [-74.2046460894321, 40.589285745466], [-74.2044089255159, 40.58970676381176], [-74.2042030060916, 40.589642971741874], [-74.20385886609276, 40.59024952536181], [-74.203699743358, 40.590199906474986], [-74.2038855045637, 40.58978611023904], [-74.2026586697188, 40.59072214578255], [-74.20237763623321, 40.59064471267334], [-74.20201405533443, 40.59089579912522], [-74.20246775956737, 40.59083882536014], [-74.20305254911503, 40.59114054181002], [-74.20296340195645, 40.59123092277682], [-74.20245495063136, 40.590951125852165], [-74.20202733920699, 40.59099907929216], [-74.20212378167744, 40.59125332695729], [-74.20184092915534, 40.59163648337983], [-74.20200349813028, 40.59178076479522], [-74.20230284591754, 40.59146932177453], [-74.20231645768324, 40.5915239651029], [-74.20092540496357, 40.59286637930502], [-74.20047126826114, 40.5928117520946], [-74.19974060973512, 40.59356466926452], [-74.19936212279694, 40.5940940827957], [-74.19948344879727, 40.594320936290515], [-74.1987323255373, 40.595011798310665], [-74.19856137143587, 40.5955527810125], [-74.19795002851603, 40.59647035480386], [-74.19751357718859, 40.59679898653952], [-74.19749670929889, 40.597724259603595], [-74.19730619713819, 40.59805952224113], [-74.19875958205299, 40.60171197517643], [-74.20014866759912, 40.603683350098876], [-74.20138527472524, 40.60463696620865], [-74.20221849851056, 40.60596967961667], [-74.20281628374592, 40.60827082796749], [-74.20230179014106, 40.611875642039216], [-74.20244374449526, 40.613284693932115], [-74.20045324444631, 40.61632799730912], [-74.20058986446027, 40.61702892738964], [-74.2008280438635, 40.61709428855102], [-74.20091423238283, 40.61779882239878], [-74.20087478740132, 40.618100410856066], [-74.20054156331818, 40.617997639493765], [-74.20035203856247, 40.618342198554906], [-74.2008399145064, 40.61880430260748], [-74.20068071414828, 40.6191684543471], [-74.20106997469233, 40.62038154027522], [-74.2005058812991, 40.620299672101424], [-74.2004280019192, 40.62049541101701], [-74.200873315822, 40.62059115522388], [-74.20125847310119, 40.62155483087237], [-74.2014323999804, 40.62161260896552], [-74.20123089203486, 40.622074210989624], [-74.20127534263133, 40.62268827628623], [-74.20154553334768, 40.622698052023274], [-74.20163201104117, 40.62312156545757], [-74.20158494435563, 40.6234983336816], [-74.20134408905349, 40.62355256864449], [-74.20139733073573, 40.623736121038256], [-74.20107662790335, 40.624078346589954], [-74.2010608003345, 40.6258951795096], [-74.20118252353666, 40.62611021520705], [-74.2014167066776, 40.62607051339334], [-74.20098625565413, 40.629344148106505], [-74.20080479681282, 40.62933257144444], [-74.20075483895441, 40.62959463411363], [-74.20047681715857, 40.62965707750521], [-74.20042573785118, 40.629821165953516], [-74.20040812771617, 40.63025010069474], [-74.20077267059405, 40.630248953119185], [-74.20079169384545, 40.63035012431852], [-74.20040311643059, 40.630292362267554], [-74.20018462159052, 40.631328669464374], [-74.20042997694448, 40.631359097713975], [-74.20040053113114, 40.63145946830872], [-74.2001726540773, 40.63136108053117], [-74.1986224779907, 40.63273751485439], [-74.19802961165131, 40.63277094143437], [-74.1980251993393, 40.63302919247005], [-74.19734396061332, 40.63299814705065], [-74.1967853063197, 40.63339223926938], [-74.19687865668357, 40.633761387721705], [-74.19631031190843, 40.6340542321294], [-74.19602904691304, 40.6349958483046], [-74.19557688057968, 40.635004218570764], [-74.19530704356409, 40.635233895517324], [-74.195200969001, 40.635707944646455], [-74.19442256854789, 40.63658210571072], [-74.19454212579782, 40.63707002762804], [-74.19478689682471, 40.637131511664386], [-74.19462310145191, 40.63739118356387], [-74.19397308627647, 40.637309114699136], [-74.19358317694855, 40.63746911688483], [-74.19371964622094, 40.637566814732885], [-74.18652496897599, 40.64338866217163], [-74.18623209809662, 40.64318739685546], [-74.18590896667855, 40.64363143950194], [-74.18511431614884, 40.643806238290196], [-74.18524793597282, 40.64394352619351], [-74.18483594580847, 40.64412826633892], [-74.18442444966344, 40.6436506915762], [-74.18411319064435, 40.643530083625954], [-74.1840648323192, 40.64332398994336], [-74.18437046773803, 40.64309957689013], [-74.18421444000022, 40.6431168957697], [-74.18395490670642, 40.64249416070129], [-74.18365067064063, 40.64223964105084], [-74.18402611192153, 40.643100409072474], [-74.18384575936912, 40.64326615680756], [-74.18347427166456, 40.64294920957191], [-74.18324212279276, 40.64296367760062], [-74.18380044942421, 40.64443190122324], [-74.1836674587201, 40.64461048505026], [-74.18288931621835, 40.64480028294622], [-74.18118434243927, 40.644586159245065], [-74.18087212513223, 40.64485142967853], [-74.18048173953659, 40.644278924776664], [-74.1800407794923, 40.644288140673844], [-74.17990671455532, 40.644378721167016], [-74.1799650727402, 40.64526698230308], [-74.17988406361418, 40.64511024036667], [-74.17977452733295, 40.64516667984816], [-74.17972987752036, 40.64438070211209], [-74.17933117249432, 40.6444005117727], [-74.17925123340665, 40.645041876970446], [-74.17907466583894, 40.644646507056706], [-74.17903555928561, 40.64339478702087], [-74.17940482802032, 40.64312896647659], [-74.1795871372141, 40.64191768346423], [-74.17918728067428, 40.64298753949409], [-74.1787907843687, 40.6424985034597], [-74.17848313827221, 40.642521175230655], [-74.17825662146029, 40.642129227868374], [-74.17834127011962, 40.642589475995955], [-74.17781237608774, 40.64259984414228], [-74.17768636299843, 40.64294859651973], [-74.17721118570951, 40.643122778603264], [-74.17682386896035, 40.64285914648606], [-74.17670489151175, 40.642416911284165], [-74.17635786617534, 40.64232722056304], [-74.17668723791225, 40.64255213862137], [-74.17666795538246, 40.6433868447718], [-74.17598183191922, 40.64346362228093], [-74.17560250954429, 40.643311298672586], [-74.17547166255278, 40.64412310546129], [-74.17568470742577, 40.644710284895275], [-74.17546691157199, 40.64464652110249], [-74.17529691545057, 40.645075076819104], [-74.17489620525134, 40.64514604796305], [-74.17458621477456, 40.64501693203232], [-74.17436572943608, 40.64513625864562], [-74.17294123891654, 40.644204522856036], [-74.17300154585652, 40.643585405079804], [-74.17244784485068, 40.643421570750995], [-74.1723616538658, 40.64325626755203], [-74.17272145305189, 40.64294849899678], [-74.17244027862014, 40.64281204766143], [-74.17196330565993, 40.6428581326935], [-74.1715081109973, 40.643134442091025], [-74.17133587281808, 40.642855765052154], [-74.17186042582577, 40.64252292851905], [-74.1717501278703, 40.642516756194944], [-74.17184927245123, 40.64238040270828], [-74.17172186950495, 40.64193954418164], [-74.17147878989451, 40.64170250999377], [-74.17158721923735, 40.64102959339466], [-74.1720231585235, 40.640989215160474], [-74.17293896175401, 40.64057955269759], [-74.17297990582071, 40.64048606719583], [-74.17206200514698, 40.640941613389664], [-74.17156994685423, 40.641011532092946], [-74.17138651859354, 40.64142273602168], [-74.1713738235051, 40.64208501526824], [-74.17105017239892, 40.64259381913015], [-74.17127524445608, 40.64211168276789], [-74.17119260951208, 40.64173962651413], [-74.17028635441109, 40.64177530825603], [-74.17007878651046, 40.642086160575644], [-74.16915295569137, 40.641872859874546], [-74.16906431628865, 40.642130016798745], [-74.16774094051357, 40.641727774498676], [-74.16757607092507, 40.641844793608215], [-74.16653375792836, 40.641422637883835], [-74.16621599917175, 40.64242410073068], [-74.16609989896034, 40.64240658700138], [-74.16631887292462, 40.64143667500512], [-74.16580110755902, 40.64122451144967], [-74.16563409763798, 40.64121437137586], [-74.16544310082396, 40.64228054670873], [-74.16494139041306, 40.64220900039206], [-74.16519041758235, 40.64064230577956], [-74.16473426536807, 40.640391467025005], [-74.16457132366851, 40.64141866209867], [-74.16441459649239, 40.64139678522883], [-74.1645965659758, 40.64031574554517], [-74.16416886813631, 40.6399941102305], [-74.16400179001418, 40.641065860006975], [-74.16386249420357, 40.641052797343974], [-74.16404731516643, 40.63994665879971], [-74.1638497658629, 40.63989150932104], [-74.16345445681999, 40.63985656039842], [-74.16324577932627, 40.64095741968836], [-74.16280502789434, 40.64103818792244], [-74.16167534694235, 40.640610784766956], [-74.16228465252085, 40.63876565277249], [-74.16181856612258, 40.638646278777806], [-74.16144917826891, 40.63942833717108], [-74.16130221801548, 40.63939373445721], [-74.16166010706995, 40.638664993313455], [-74.16124015814985, 40.63859501111378], [-74.16090490770513, 40.63938614131879], [-74.16073654872477, 40.63935101447562], [-74.16108161758906, 40.638567768312704], [-74.16081126840741, 40.638632958889005], [-74.16034819993166, 40.63844372645366], [-74.15986410465041, 40.63992782369295], [-74.160224664531, 40.63833906133788], [-74.16005754066099, 40.63872235275005], [-74.15985697767901, 40.63872920221962], [-74.15957712397915, 40.63799258321208], [-74.15931954037158, 40.637810405243066], [-74.15905622378894, 40.63803931031999], [-74.15900957887429, 40.63882257790998], [-74.15889532350849, 40.63881527713139], [-74.15893299160665, 40.638264017819175], [-74.15789262953881, 40.6379650512313], [-74.15784122272913, 40.63887391496632], [-74.15773352572349, 40.63887903516548], [-74.1577736593691, 40.637957159746236], [-74.15610276490888, 40.6379395908863], [-74.15611488264739, 40.6375307471646], [-74.15569862053152, 40.63751793890434], [-74.15568515769912, 40.6377874824073], [-74.15482932461856, 40.63772385541897], [-74.15469263864526, 40.6391939681144], [-74.15477829011988, 40.63772154555106], [-74.15459670163327, 40.63734334406921], [-74.15425270073519, 40.63717231088846], [-74.1534140659779, 40.637272719079455], [-74.15279703511403, 40.637132754852736], [-74.15269700449667, 40.63764184172482], [-74.15221806884477, 40.63769258171702], [-74.15229786175502, 40.63827428826375], [-74.15213675899915, 40.638290747955836], [-74.15204639233266, 40.63766721531566], [-74.15119545007178, 40.63773078853634], [-74.1513951761365, 40.63939651305763], [-74.15124827966572, 40.639409342886104], [-74.1511296509037, 40.638500679571514], [-74.15055638842084, 40.63855933066745], [-74.14996782090546, 40.63815007524942], [-74.14967889830886, 40.63751767426077], [-74.14944732900051, 40.63740539948566], [-74.14931235597334, 40.63752595814057], [-74.1494188170834, 40.63829164054715], [-74.14919418155688, 40.638668331372095], [-74.1488817554377, 40.638705207973416], [-74.14855815092318, 40.63743783803], [-74.14877792005885, 40.63887625112789], [-74.14602173101719, 40.6390945497009], [-74.14605733618387, 40.639229257690054], [-74.14519279481542, 40.63937849765491], [-74.1446713323417, 40.63930426772698], [-74.14386163595745, 40.63888796251427], [-74.14374959918905, 40.6389615777508], [-74.14381734530271, 40.639207478924156], [-74.14357308593789, 40.63922678525729], [-74.14336103010835, 40.63970984518127], [-74.1425776933605, 40.639534137502004], [-74.14238795149326, 40.639641210830085], [-74.14229766980965, 40.64030580709384], [-74.14155622972353, 40.640366768817195], [-74.1414804740345, 40.64009219429565], [-74.14076253645278, 40.64058939691139], [-74.13757574838482, 40.6410011523713], [-74.13734541892016, 40.64114653379099], [-74.13737001749979, 40.641295463489136], [-74.13435269573631, 40.64188679740535], [-74.13430281185369, 40.6417537949095], [-74.13349719766673, 40.64171690148129], [-74.13341539233281, 40.641547116551195], [-74.13299172393485, 40.6414169366648], [-74.13240283577125, 40.641704388984685], [-74.13125581180257, 40.641596830764016], [-74.13146199764817, 40.64131010407523], [-74.13032503548034, 40.64077847230712], [-74.13012324901676, 40.64101654989436], [-74.13027887043049, 40.640760622510186], [-74.1301837001321, 40.64072382608324], [-74.12967785166228, 40.64138531255307], [-74.12949057637367, 40.64135483519601], [-74.12997740262725, 40.640729872855786], [-74.12930713186852, 40.640337411211156], [-74.12922977261063, 40.640484372352574], [-74.12893301209901, 40.640413929488034], [-74.12890729033452, 40.641194827586325], [-74.1288120184713, 40.64022697750409], [-74.1275267724088, 40.64015530471665], [-74.12714774563898, 40.6393110568504], [-74.12702736021, 40.63931907848706], [-74.12705362205264, 40.640241737639165], [-74.12644823919024, 40.640377994199206], [-74.12606982862293, 40.64025447319018], [-74.12619996291652, 40.64126431430311], [-74.12636808688981, 40.6413323804871], [-74.12564026870602, 40.64141849208245], [-74.12613276551232, 40.64126438802843], [-74.12599542422451, 40.64023124262892], [-74.1241557844501, 40.640134716640205], [-74.12285630555246, 40.64082050834647], [-74.12260363601618, 40.64059707390291], [-74.1229072489857, 40.641019266617285], [-74.12282565410405, 40.6412938760178], [-74.1218414699557, 40.64140589477437], [-74.12199083807539, 40.64155463949961], [-74.12185329597821, 40.64158069227973], [-74.12180661082068, 40.64141215907573], [-74.12177911197513, 40.64159254711715], [-74.1215534360538, 40.64161162832493], [-74.12176052602737, 40.64157431456], [-74.1217237531887, 40.64142866444405], [-74.12132617111651, 40.64160656922905], [-74.1213119482967, 40.641452531325214], [-74.12117246275062, 40.641669145070054], [-74.12128074794364, 40.64143249598728], [-74.12107727405116, 40.641607420086295], [-74.12118039507698, 40.64138344537973], [-74.12071317588692, 40.64104578219102], [-74.11993480088911, 40.641197604384026], [-74.11997111213586, 40.64131481456246], [-74.11960716747868, 40.641380309354346], [-74.11995699875766, 40.64220945342925], [-74.11985443942095, 40.64223561390497], [-74.11952986105756, 40.64146991432207], [-74.11909720493722, 40.641473466523564], [-74.11940029532455, 40.64237937853291], [-74.11900348200398, 40.64146461501284], [-74.11861635236274, 40.64153036502918], [-74.11896077402352, 40.642504515993394], [-74.11883624616942, 40.64254186406052], [-74.1184018508355, 40.64152980054306], [-74.11791728683136, 40.6418258769523], [-74.11769850319418, 40.641543133286085], [-74.11712100630398, 40.64166785704609], [-74.11722408282961, 40.64184409308031], [-74.11672187663888, 40.642031756096756], [-74.11722470082543, 40.64302735996277], [-74.11666607646228, 40.6421067663341], [-74.11630000082745, 40.64220266510244], [-74.11667041382688, 40.64318982489303], [-74.1161420863572, 40.642216454150535], [-74.11535082182931, 40.64247054015837], [-74.11511714752059, 40.64278499267805], [-74.1137966608601, 40.64360951580808], [-74.1140405314602, 40.644042502119945], [-74.11395094068483, 40.64413659167542], [-74.11288806510967, 40.644532444637726], [-74.11385709322158, 40.64407601166737], [-74.11365370966897, 40.64368755592379], [-74.11343403737101, 40.64382125132413], [-74.11333023192543, 40.64372349708392], [-74.11116129469256, 40.64509642318145], [-74.11176646650023, 40.64470616034511], [-74.10973932564484, 40.645463728184914], [-74.10472221599763, 40.64556365739964], [-74.10412356301745, 40.64574043220029], [-74.10391463250345, 40.64561422213176], [-74.10231679337399, 40.645542600180256], [-74.10013219187306, 40.645064050450685], [-74.09880066885808, 40.64504703431097], [-74.09849981625507, 40.64537036195395], [-74.09604555281581, 40.64537274744287], [-74.09298828187646, 40.645972780752665], [-74.09300507296307, 40.646076314817016], [-74.0913569794201, 40.64670072410068], [-74.0893975253534, 40.64731035953143], [-74.087674426815, 40.64823529361497], [-74.08570754378212, 40.64888055337064], [-74.08484403215716, 40.648891147339626], [-74.08221272914936, 40.64828016229026]]]]}, "properties": {"geo_id": "5", "name": "Staten Island", "borough": "Staten Island", "area_km2": 150.8393}}, {"type": "Feature", "id": 1, "geometry": {"type": "MultiPolygon", "coordinates": [[[[-73.86327471071958, 40.58387684853199], [-73.86381239461966, 40.58360400358883], [-73.86449245335692, 40.58361493817893], [-73.86637619312673, 40.5825386578677], [-73.86700232991284, 40.581977080275664], [-73.8677279690368, 40.581663409429005], [-73.86896292210412, 40.58169379478879], [-73.86925758051295, 40.581909640571055], [-73.87050597918449, 40.5833419525113], [-73.87061497794423, 40.584915351060516], [-73.87115922675432, 40.586873887967435], [-73.86981356482099, 40.58946092678841], [-73.86849671647208, 40.59008985028975], [-73.86759275775205, 40.59100579169082], [-73.86635052164095, 40.591892676564896], [-73.86430826692543, 40.59141474432658], [-73.86327273492829, 40.59090807569274], [-73.86274156028767, 40.59036640659758], [-73.86272348498075, 40.59007451075357], [-73.86193216221744, 40.58889894537485], [-73.8614940111164, 40.58854247309958], [-73.86125299377375, 40.58798808592135], [-73.86167447867462, 40.58614479499389], [-73.86327471071958, 40.58387684853199]]], [[[-73.86952707548932, 40.59871375035464], [-73.86967070711498, 40.596688563622266], [-73.87020899836229, 40.596954232789535], [-73.86952707548932, 40.59871375035464]]], [[[-73.91990064336036, 40.599600522090384], [-73.91998332969213, 40.59953596652197], [-73.91915856902732, 40.59960928091903], [-73.9186588759807, 40.59947242837085], [-73.91843548283046, 40.59916639083193], [-73.91626393108342, 40.598161137312935], [-73.91601641749946, 40.59750843831359], [-73.91507420366655, 40.596494077729496], [-73.91441508107108, 40.59604501653259], [-73.91381765162045, 40.595042289874904], [-73.91338305751259, 40.5947215527782], [-73.91306340001262, 40.59407211068721], [-73.91326180340427, 40.59222877624616], [-73.91295122631982, 40.59205432996972], [-73.91439422677793, 40.591511657998346], [-73.91524478304683, 40.59158750817872], [-73.91604992895567, 40.592202597528924], [-73.91601046924528, 40.59242852070584], [-73.91636827963086, 40.59274707199727], [-73.91644112902229, 40.59312680944066], [-73.91787543558036, 40.59472218152505], [-73.92019954537206, 40.5961833452807], [-73.9208294770879, 40.59633469068305], [-73.92089682095303, 40.596612654032825], [-73.92182277731904, 40.597332932872675], [-73.92186423669085, 40.59779822261291], [-73.92227201543724, 40.59837681843631], [-73.922130493534, 40.598662596177505], [-73.92084893682674, 40.59954139732863], [-73.91990064336036, 40.599600522090384]]], [[[-73.8701949148995, 40.59899640590207], [-73.87108141811481, 40.5989011474703], [-73.87049411914775, 40.60260444620474], [-73.87026280565016, 40.601681221756174], [-73.8701949148995, 40.59899640590207]]], [[[-73.85243335807017, 40.59733339779542], [-73.85399559599405, 40.596683486346905], [-73.85465863090117, 40.59657838892774], [-73.85492648581561, 40.596301663870804], [-73.85673364394975, 40.5960757643542], [-73.86044420533965, 40.59647190609909], [-73.86054977985192, 40.597063020191804], [-73.86274820792741, 40.59907120542219], [-73.86328663134148, 40.59981004216339], [-73.86335999147508, 40.6003222032739], [-73.86297506260972, 40.60101827261578], [-73.86187189847237, 40.60216432581608], [-73.86112814224542, 40.60255033107445], [-73.86078169166865, 40.60260840025648], [-73.86048884213515, 40.602339347394846], [-73.85905914327871, 40.6020614310716], [-73.85482595782972, 40.601867195353826], [-73.85471200729178, 40.601649025827825], [-73.85427387360816, 40.601430436697264], [-73.85372090340691, 40.6014006651787], [-73.85276838155836, 40.60094885402608], [-73.85176045305609, 40.59969751381277], [-73.85076748001559, 40.59883944383751], [-73.85153122893777, 40.59843393622062], [-73.85243335807017, 40.59733339779542]]], [[[-73.86702905185567, 40.6037433888541], [-73.86768194154214, 40.60307076667753], [-73.86830808464714, 40.60313916064374], [-73.86793505372705, 40.6039611354531], [-73.86702607287035, 40.604171584008384], [-73.86702905185567, 40.6037433888541]]], [[[-73.846736514711, 40.604853014851855], [-73.84640850665576, 40.6044845733708], [-73.84608059037885, 40.604544593837204], [-73.84641368109902, 40.60418741660592], [-73.84606999366491, 40.60431229755974], [-73.84578322472349, 40.6048216143822], [-73.84544466449064, 40.60471300015888], [-73.84526694842059, 40.60485472052274], [-73.84489298127988, 40.60471631267144], [-73.84522811744671, 40.604770844775906], [-73.84557100063377, 40.60454417159596], [-73.84518624276541, 40.60446929456902], [-73.84517506659421, 40.604699117514905], [-73.84485579857753, 40.60468651932945], [-73.84459295475084, 40.60482001110201], [-73.84445489982681, 40.60468732892302], [-73.8448151497333, 40.60462156861739], [-73.84496295282486, 40.60437570604547], [-73.84492199095145, 40.60368207917783], [-73.84521603580285, 40.60386093752967], [-73.84550164467836, 40.60385321038756], [-73.84553381187023, 40.6037505020205], [-73.84515425191294, 40.60373106363232], [-73.8456230379246, 40.6035194312536], [-73.84601793494777, 40.60381063915168], [-73.84601913392243, 40.60405940757382], [-73.84619623960161, 40.604181323949334], [-73.84632930024043, 40.60417203787137], [-73.84629233640368, 40.604047604953294], [-73.84666632132983, 40.60417789634798], [-73.84638196928539, 40.60441005939368], [-73.8466458841174, 40.604580761851864], [-73.84725961149022, 40.60459509940137], [-73.8474532815578, 40.604456101394064], [-73.84786248378626, 40.60470270632692], [-73.84776455499473, 40.604907621473444], [-73.846736514711, 40.604853014851855]]], [[[-73.84827982667156, 40.60543325523042], [-73.84795277186753, 40.60535499863198], [-73.84783682255977, 40.60508497038443], [-73.84824868418823, 40.60514234873902], [-73.84827982667156, 40.60543325523042]]], [[[-73.8485434084378, 40.60596359352057], [-73.84826110013671, 40.60577935306849], [-73.84871964443029, 40.60589027875897], [-73.8485434084378, 40.60596359352057]]], [[[-73.83446265686187, 40.607192532943515], [-73.83573587587433, 40.60579318845258], [-73.83532612639448, 40.60685236297961], [-73.83474777167514, 40.607264971745394], [-73.83437386568123, 40.60785151392084], [-73.83446265686187, 40.607192532943515]]], [[[-73.86702399475162, 40.60806817876957], [-73.86874317559271, 40.60703517877683], [-73.86868468826752, 40.60824115818402], [-73.86777501561137, 40.60853948877855], [-73.86702399475162, 40.60806817876957]]], [[[-73.86966442958501, 40.60654012341308], [-73.87109330768081, 40.60469417399489], [-73.87105656646236, 40.606285087991864], [-73.8724557981188, 40.60818553034873], [-73.87300122724768, 40.610555458460055], [-73.87180082867991, 40.610280413580476], [-73.8710387011171, 40.60972358252673], [-73.87076008541186, 40.608705401410816], [-73.86966442958501, 40.60654012341308]]], [[[-73.8504762496644, 40.612342219057375], [-73.84967145086537, 40.61210997940185], [-73.84986139375602, 40.61195965025283], [-73.84963519114103, 40.611746308205014], [-73.84975805174793, 40.611590222930765], [-73.8495503812889, 40.61145680546349], [-73.84973532234036, 40.61121449727741], [-73.84966358184617, 40.611104036741565], [-73.84985688093194, 40.61101280421744], [-73.849604702245, 40.610883950989276], [-73.84968263534667, 40.61039733653072], [-73.84949618367905, 40.610329408563956], [-73.85009329763288, 40.6101621198813], [-73.84942148819671, 40.609822060411936], [-73.84986875857045, 40.60982323720406], [-73.84993173624908, 40.6094285378392], [-73.85039248804989, 40.60964680920278], [-73.85068397128055, 40.609402477962334], [-73.85134775126467, 40.60926678729025], [-73.8515823710757, 40.60906293954095], [-73.85169868439945, 40.60861152518973], [-73.85207814387779, 40.60868907711152], [-73.85245699903214, 40.608238000235694], [-73.8527690890412, 40.60829653525749], [-73.85295254342435, 40.60796282855121], [-73.85336754553778, 40.60801067854979], [-73.85324221058985, 40.60773065663136], [-73.85345111834661, 40.607921553369636], [-73.85398359564807, 40.60778973620853], [-73.8544587845092, 40.60789579470978], [-73.85414379142385, 40.60754252572509], [-73.85373236361609, 40.60748386688204], [-73.85362640653476, 40.60726470961467], [-73.8544195703025, 40.607168373281645], [-73.85480411164927, 40.60735408255462], [-73.85477543237154, 40.60749059739743], [-73.85506642640546, 40.60745986943576], [-73.85464016761341, 40.60769457687133], [-73.85480521124593, 40.60778541930284], [-73.85469528238082, 40.60806088557534], [-73.85480344786893, 40.60859621030309], [-73.85505938742175, 40.608856115507], [-73.8555495238704, 40.60898251246575], [-73.85523373625963, 40.60926198963548], [-73.85524868929981, 40.60954326571769], [-73.85594678367828, 40.609537365358364], [-73.85589039907795, 40.609910045476], [-73.85620208806722, 40.61006771928612], [-73.85633307890502, 40.61065115271389], [-73.85659999315396, 40.61083447245167], [-73.85618685108663, 40.611045534577535], [-73.85536096522674, 40.610414052786666], [-73.85550762398597, 40.61025555325817], [-73.85541694900716, 40.61011534043285], [-73.85373306493803, 40.6102459242467], [-73.85322338065063, 40.61013804394113], [-73.85270386202444, 40.61041800216148], [-73.85196381218816, 40.61024365919159], [-73.85199205714926, 40.610557019234186], [-73.85219006792555, 40.610814321120564], [-73.85263176051475, 40.61098447890479], [-73.85265329597085, 40.61117386961379], [-73.85245223540284, 40.61094089941141], [-73.85205182242396, 40.61105598086502], [-73.85198329305837, 40.61090911729612], [-73.85172275100344, 40.61094984741748], [-73.85167163822378, 40.61104864580784], [-73.85196469359536, 40.61119655936316], [-73.85174033534176, 40.61156891273335], [-73.85140185509668, 40.61165441141716], [-73.85142054745135, 40.61177459404383], [-73.85116122926007, 40.61171265873979], [-73.85105698906975, 40.611469925203224], [-73.85086866559155, 40.61179137089672], [-73.85095809094645, 40.611964118669185], [-73.85069360119844, 40.61198354905212], [-73.85069208499169, 40.61221473701283], [-73.8504762496644, 40.612342219057375]]], [[[-73.8447349265296, 40.61396917180169], [-73.84357002441917, 40.61367150671515], [-73.84346650535699, 40.613557798600176], [-73.84368650259411, 40.61336544009496], [-73.84343129679326, 40.612971573746414], [-73.84264184886561, 40.61317296630633], [-73.84203543691235, 40.612690365989145], [-73.8418365785253, 40.612688153049206], [-73.84150944621463, 40.6123191599892], [-73.84157790018278, 40.611825728049375], [-73.84070815291503, 40.61163403860386], [-73.84067468895502, 40.611446322137276], [-73.84034105597392, 40.612041937204154], [-73.83980202182961, 40.61236165954316], [-73.83911211112063, 40.61246645077382], [-73.83871375352228, 40.611994798841614], [-73.83887648726339, 40.6125206012306], [-73.83879592263226, 40.61279609459317], [-73.83817706043442, 40.61308044415503], [-73.83738243759748, 40.61300881923233], [-73.83623621146896, 40.612270106413355], [-73.83697075068265, 40.61111104264753], [-73.8375222398563, 40.61085865099507], [-73.83746087176601, 40.610156730594554], [-73.83781022726313, 40.610050115433324], [-73.83811850421529, 40.60948146250599], [-73.83832028334726, 40.60950738452322], [-73.83851857902539, 40.60923526170363], [-73.83887080449495, 40.60790579854277], [-73.83900957546422, 40.60790278816522], [-73.83910109566169, 40.60831311998151], [-73.83960208679136, 40.608063851952664], [-73.839778171914, 40.608282018632266], [-73.84004319893226, 40.60823431708715], [-73.84009612003635, 40.6089618619645], [-73.84049656815607, 40.608555418914335], [-73.84043418347474, 40.608266907726296], [-73.83946813709588, 40.607810491672005], [-73.83935927868202, 40.607614852162705], [-73.83999441447739, 40.60753562023483], [-73.83994009594252, 40.60739133220606], [-73.84051299620124, 40.606959491061], [-73.8410132010961, 40.607033892937174], [-73.84136277623604, 40.60679402201463], [-73.84140987489047, 40.606438363167115], [-73.84126735294898, 40.60625229232223], [-73.84096922217734, 40.60607882610321], [-73.84061009961518, 40.606272764159236], [-73.84058219475801, 40.60607263062554], [-73.84046123558412, 40.60621171801006], [-73.84041971570531, 40.60577091134669], [-73.84059798357703, 40.60540341695499], [-73.84075174158696, 40.6056429328381], [-73.84122845055781, 40.60552788857446], [-73.84126815167252, 40.605335660292454], [-73.84105540558126, 40.60521145002678], [-73.8413416134941, 40.60509220290225], [-73.84112952895705, 40.60469025115884], [-73.84148878849291, 40.60449846406891], [-73.84185810591522, 40.60479380720186], [-73.84235229882547, 40.60443983055617], [-73.84276147820151, 40.60447457477723], [-73.8429583110585, 40.60421419321563], [-73.84326616483003, 40.60442398910334], [-73.84360284156203, 40.604296258989024], [-73.84356389803281, 40.60416801656279], [-73.84442729406358, 40.604156369842975], [-73.8444940021314, 40.60435984206827], [-73.84361933184951, 40.60439711213906], [-73.84339160774019, 40.604682022587376], [-73.84270633510347, 40.60463942508026], [-73.84266745807614, 40.60507841865356], [-73.84243674789904, 40.60484415828302], [-73.84193617890355, 40.60492999800466], [-73.84243149925095, 40.60528640270289], [-73.84281423138566, 40.605245265083795], [-73.84296601844633, 40.60506921296433], [-73.84282386345684, 40.60472611342593], [-73.84318520728854, 40.60483877225728], [-73.8432434419889, 40.60510804803371], [-73.84334840245262, 40.60517549034974], [-73.84338248378366, 40.60498645901796], [-73.84382294802926, 40.60542930881653], [-73.84356547344113, 40.60584877756046], [-73.84390053212176, 40.606416467895514], [-73.8439393868358, 40.60598388428458], [-73.84370849739653, 40.60582333395684], [-73.84405417411347, 40.60544564696518], [-73.8436471057611, 40.60510539304712], [-73.84360600408634, 40.60470154237203], [-73.8437956826357, 40.60450310802718], [-73.84406885474431, 40.60456116367667], [-73.84460595564508, 40.60503618991778], [-73.84451717057279, 40.605244376630225], [-73.84472206354236, 40.60573497589895], [-73.84456163925464, 40.606010365024446], [-73.84469167618292, 40.60614513921476], [-73.84433083108163, 40.60581456471064], [-73.84411200151072, 40.605891181152565], [-73.84457707891998, 40.606603258847294], [-73.84462396639938, 40.60633092111961], [-73.84529688836992, 40.6062677344879], [-73.84529758641607, 40.6059664914502], [-73.84504974750597, 40.60586040203707], [-73.84510054006051, 40.60571625826361], [-73.84539488991904, 40.60571024492036], [-73.84505052104093, 40.60552711190519], [-73.84530733227726, 40.60538965577427], [-73.84498383295978, 40.60527384934083], [-73.8449390597056, 40.60503253416725], [-73.84539821998395, 40.60515212768923], [-73.8455989971601, 40.6050104387788], [-73.8458150644845, 40.60516079908739], [-73.84604467842273, 40.605061730849464], [-73.84606906226752, 40.604755929700325], [-73.84627027297309, 40.60471168328827], [-73.84674609627481, 40.60510477794445], [-73.8474674283526, 40.605082477588134], [-73.84742791242121, 40.60567275969782], [-73.84717640379675, 40.60569809154006], [-73.84727265830858, 40.60582270280001], [-73.84667159949511, 40.606037930878536], [-73.84683155183185, 40.60579816028083], [-73.8465845158443, 40.60583077007336], [-73.8466119783197, 40.606092606766694], [-73.84590992090648, 40.606292296735695], [-73.84624922115569, 40.6064112457665], [-73.84611004768595, 40.60664377025082], [-73.84617769070933, 40.60676235543532], [-73.84663402795712, 40.60675612085462], [-73.8463532711398, 40.60705005746419], [-73.84653149019094, 40.607167079223245], [-73.84646405807705, 40.60720121187726], [-73.84640264726856, 40.60730165693936], [-73.8465556255419, 40.60716711144749], [-73.84639932928064, 40.60703600200366], [-73.84668932762482, 40.60687254991515], [-73.84663327563298, 40.60659484745168], [-73.84684289060985, 40.60672773812025], [-73.84689095135003, 40.60657423007095], [-73.8466625894622, 40.60653970291999], [-73.84622437960576, 40.606717929672655], [-73.8464444171341, 40.60622328370934], [-73.84766138110969, 40.60591916707134], [-73.84884425387513, 40.60636822064653], [-73.84919392984776, 40.60627404035393], [-73.84927421076931, 40.60607269990987], [-73.84964678348605, 40.60605020405717], [-73.84962233759806, 40.60666532718726], [-73.84934720205594, 40.60674338247309], [-73.84921460542031, 40.60654446593483], [-73.84875699281393, 40.60651817724072], [-73.84850613375846, 40.60684232443208], [-73.84824527029491, 40.60688389176608], [-73.8480611333172, 40.606729521895126], [-73.84802176244114, 40.60688089335584], [-73.8482345963592, 40.60709082239392], [-73.84754585891254, 40.606979708799926], [-73.84698052398959, 40.60751299394267], [-73.84682444495, 40.60806318970009], [-73.84620410685498, 40.60791965871208], [-73.84559766249687, 40.60832263957468], [-73.84486233812142, 40.60808770468991], [-73.84550051039149, 40.60851158790463], [-73.84627897022372, 40.608278687452874], [-73.84582825516895, 40.60861778401486], [-73.84595392385506, 40.60882625854857], [-73.845721567298, 40.60929383581133], [-73.8455532700862, 40.60933527146455], [-73.84576723777963, 40.609547069635816], [-73.84574157868046, 40.609732909224384], [-73.84538823525133, 40.609783709973854], [-73.84567799102447, 40.60995394921972], [-73.84542106652405, 40.61013306832753], [-73.84573576651385, 40.61042832530272], [-73.84552961311631, 40.61047291494108], [-73.84575180106383, 40.61076804699298], [-73.84552465911474, 40.610796584284934], [-73.84573342635628, 40.61144101397879], [-73.84499023698805, 40.610956101147266], [-73.84485550137117, 40.61102962769752], [-73.84525812420053, 40.6114916500825], [-73.84507534677593, 40.61233424478482], [-73.84530161848335, 40.612683863473436], [-73.84570908154606, 40.612876694091455], [-73.84530071986596, 40.61307163368592], [-73.84542329904387, 40.613155496169966], [-73.84525671235063, 40.6132698531058], [-73.84537107187546, 40.61330042711716], [-73.84532526151003, 40.61354676538], [-73.84564426528216, 40.61369219588334], [-73.8447349265296, 40.61396917180169]]], [[[-73.8337015227225, 40.62097860134445], [-73.83401888200446, 40.614381166420785], [-73.83542288683323, 40.61461045443601], [-73.83551649420131, 40.614948746412274], [-73.83585572623761, 40.615208999053124], [-73.83634403495032, 40.615119337102946], [-73.83628443659842, 40.615232255020096], [-73.8365081016467, 40.61529584208595], [-73.8366362635533, 40.61514552697853], [-73.83776702143366, 40.615522231418936], [-73.83771154036299, 40.61570432531908], [-73.83724993001142, 40.61578931091318], [-73.83690989150001, 40.61615094961795], [-73.83644029720075, 40.616170402327526], [-73.83527378301088, 40.617247221955516], [-73.83496222645583, 40.61778030881201], [-73.83496699909188, 40.617962186462925], [-73.8351689232542, 40.61803702429246], [-73.83501865754494, 40.61813518284108], [-73.83496079783824, 40.61853293069681], [-73.8351220063945, 40.61873015616752], [-73.83535650781207, 40.61871309017998], [-73.83570733216762, 40.619729166952155], [-73.83551236293488, 40.61995810614547], [-73.83522937910513, 40.61995819493337], [-73.83495815063698, 40.61983928773392], [-73.83513270384407, 40.619513248306966], [-73.83488922611886, 40.61960685655538], [-73.83479652145606, 40.61992447145719], [-73.83531201853506, 40.620145371311516], [-73.83490436791972, 40.62046937856204], [-73.83454605781618, 40.62037355796862], [-73.8347232100316, 40.620220053760036], [-73.83439058638054, 40.619853601887186], [-73.83380075580924, 40.61964562068974], [-73.83411210594413, 40.619846847329796], [-73.83407163758129, 40.62002596263816], [-73.83423038839877, 40.619895305537035], [-73.8344733045855, 40.62012184765708], [-73.83419931385158, 40.62032095835601], [-73.83428021757882, 40.62064765471155], [-73.8337015227225, 40.62097860134445]]], [[[-73.83501827177601, 40.62268110453554], [-73.8342626093011, 40.62252345500908], [-73.83413865340533, 40.62235218099248], [-73.83362242002327, 40.622602638829676], [-73.8336821495259, 40.6213813056866], [-73.83400742535407, 40.621034836832415], [-73.83498716099355, 40.621011299889034], [-73.83475105045636, 40.62126180654433], [-73.83486060431099, 40.621526206066484], [-73.83464424766935, 40.62199681592385], [-73.83501827177601, 40.62268110453554]]], [[[-73.85024804081058, 40.62358483157836], [-73.8501636457728, 40.623134103660064], [-73.84978514487923, 40.623051344946965], [-73.8496667349366, 40.62268038149069], [-73.84939485574913, 40.622479887288115], [-73.8484637152501, 40.62236570273235], [-73.84908080628236, 40.62168874605194], [-73.84894077443175, 40.621618574709586], [-73.84902326277842, 40.62148239301887], [-73.84982292634618, 40.621299264718594], [-73.85025706410784, 40.620999009046734], [-73.8501897562307, 40.620834391263884], [-73.85048934201063, 40.62089248950174], [-73.85085107926835, 40.62024715775812], [-73.85110163609774, 40.62037607516773], [-73.85135147673974, 40.620139804277954], [-73.85205856119597, 40.620285510411826], [-73.85273426767515, 40.62013367176903], [-73.85346708738338, 40.62019768204293], [-73.85402211708094, 40.619868098662316], [-73.85491444701013, 40.620033759074666], [-73.85545637622923, 40.619797468087874], [-73.85614274027883, 40.61983148069612], [-73.85655155624741, 40.61956732249798], [-73.85676349057306, 40.62040565790134], [-73.85740170805201, 40.62030367412881], [-73.85737438695485, 40.62064703668125], [-73.85700061428494, 40.6207478689312], [-73.85705951904066, 40.621021858479104], [-73.8566044357914, 40.62114287959092], [-73.85674630838842, 40.62129927424605], [-73.85659226328043, 40.621292761483595], [-73.85656816105036, 40.62147874841102], [-73.85635024348642, 40.62141616943519], [-73.85596286045433, 40.621797029640646], [-73.85532981555693, 40.621688184739995], [-73.85517130927302, 40.62195933773944], [-73.85499897723507, 40.62191860194379], [-73.85496895343452, 40.621645983336194], [-73.85464356472856, 40.62159400376662], [-73.85451155864425, 40.62079573981057], [-73.85358897081754, 40.62046182354709], [-73.8527893655267, 40.620627788625306], [-73.85251571567557, 40.62049974222896], [-73.85185329658597, 40.62056519378257], [-73.85166422395281, 40.62080929055363], [-73.85140319498326, 40.62080281451023], [-73.85129292955062, 40.62183651392837], [-73.8523603825202, 40.62297487051674], [-73.85189830362783, 40.62279378345619], [-73.85179555742954, 40.62334617989791], [-73.85133280538092, 40.62346713842758], [-73.85089814828942, 40.62327380528577], [-73.85024804081058, 40.62358483157836]]], [[[-73.83359339215617, 40.623594979413554], [-73.83370757495928, 40.62369368554634], [-73.83363582579899, 40.62395529191149], [-73.83355923946421, 40.62393603450107], [-73.83359339215617, 40.623594979413554]]], [[[-73.86196958017877, 40.624273020024866], [-73.8622342709098, 40.623815594688075], [-73.86249048285127, 40.623916381264586], [-73.86277203332621, 40.62357061998362], [-73.86271128044642, 40.623425409922646], [-73.86303876770805, 40.623302991769556], [-73.86350742741004, 40.62340961138647], [-73.86355796888957, 40.62377251560831], [-73.8637773910003, 40.62395140755835], [-73.86343316829664, 40.62389703760004], [-73.86343498174926, 40.62420406198444], [-73.8631497749989, 40.62395066218016], [-73.86264913337713, 40.62395750728231], [-73.86244553857973, 40.62422888438631], [-73.86206472231282, 40.6243215133875], [-73.86196958017877, 40.624273020024866]]], [[[-73.84599959134697, 40.62503565003241], [-73.84476545398071, 40.62485456957348], [-73.8447785733916, 40.62423737902384], [-73.84417902315762, 40.62415348247404], [-73.84383598677579, 40.624292482224035], [-73.84389163279884, 40.62381184708874], [-73.84322216416943, 40.623653666388776], [-73.84293864765408, 40.62332390397683], [-73.84333966395016, 40.623368961249525], [-73.84428323440886, 40.62295497377531], [-73.84536704025804, 40.62304856573115], [-73.84545022141887, 40.62313762928789], [-73.84508710660171, 40.62330233605831], [-73.84509933511251, 40.623423073598765], [-73.84549038483287, 40.62379846689623], [-73.84553977722709, 40.62407491874177], [-73.84521039692662, 40.62407447573481], [-73.84520557917331, 40.62435403207069], [-73.84580124498063, 40.62459627297529], [-73.84599959134697, 40.62503565003241]]], [[[-73.85733486430799, 40.625145639546396], [-73.85790133312423, 40.62484600460814], [-73.85784133903826, 40.62519091321788], [-73.85765508760225, 40.62530956095604], [-73.85733486430799, 40.625145639546396]]], [[[-73.8406690439082, 40.62741364440134], [-73.83973161387786, 40.62732476435724], [-73.83977377091148, 40.627497543116014], [-73.83946700887878, 40.62729384076303], [-73.83965193611722, 40.62697502854338], [-73.84014683702847, 40.6267911939489], [-73.84072122115312, 40.62586474512187], [-73.8408439003418, 40.626137895264485], [-73.84168672317135, 40.62639653117546], [-73.84179066548751, 40.62658925398742], [-73.84150723038405, 40.62678144333081], [-73.84238178647995, 40.627440786271855], [-73.84175490774676, 40.62729432038659], [-73.84044645651664, 40.62658622483699], [-73.84014537016267, 40.62698638743479], [-73.8406690439082, 40.62741364440134]]], [[[-73.8668486744204, 40.61780931410806], [-73.86956238965767, 40.617247092464865], [-73.87075906352894, 40.61675661957127], [-73.87175885906055, 40.61657586256656], [-73.87216214202108, 40.61630349709007], [-73.87395306206889, 40.6158394157332], [-73.8779807086464, 40.61579829287851], [-73.87862188757221, 40.615935378690615], [-73.87951577316615, 40.61656151979661], [-73.87972389608112, 40.61695959318424], [-73.87978055533652, 40.61863064242991], [-73.87937556321155, 40.619857884714634], [-73.8785082210804, 40.62101643453227], [-73.87779098888922, 40.62165224205812], [-73.87662629717896, 40.622230728717426], [-73.87481386865043, 40.62358718918384], [-73.86645484055246, 40.62825538680725], [-73.86547078432991, 40.627935956198215], [-73.865187862763, 40.62766280991856], [-73.86472766045426, 40.62652554191369], [-73.86498193495922, 40.62566070604117], [-73.86553589061393, 40.6252419882166], [-73.86586582154153, 40.62438982754583], [-73.8662690623231, 40.62417431936559], [-73.86650860322545, 40.623754008018096], [-73.86637583649498, 40.62300361314219], [-73.86549706646665, 40.62229781803889], [-73.86522936181831, 40.621888282031385], [-73.86493256071745, 40.621114958885016], [-73.86500830120069, 40.62054668315783], [-73.86517343146872, 40.62003534928264], [-73.86541855960235, 40.619836027892894], [-73.8653387669192, 40.619421710281095], [-73.86575831319405, 40.618501449958124], [-73.8668486744204, 40.61780931410806]]], [[[-73.84813977022664, 40.62854270458837], [-73.84840686666027, 40.628568977809394], [-73.84846848249634, 40.62879314116168], [-73.84812593674316, 40.628840444805526], [-73.84813977022664, 40.62854270458837]]], [[[-73.8486937426674, 40.63061270593681], [-73.84843274101267, 40.63045941351083], [-73.84868437801534, 40.63045904016141], [-73.8486937426674, 40.63061270593681]]], [[[-73.853000146445, 40.63202284225355], [-73.85256652765563, 40.63124405035102], [-73.8516673995187, 40.630870507387066], [-73.85187979307206, 40.63050831942945], [-73.85246665046598, 40.630342507147134], [-73.85366230517194, 40.63087608326507], [-73.85509269644037, 40.630110151173774], [-73.85679676428845, 40.62984147336591], [-73.85775996792927, 40.629941398696715], [-73.8585583634798, 40.63045828819579], [-73.85809624947116, 40.63124990598199], [-73.85816366672086, 40.63197386055348], [-73.85758486742999, 40.63271617553651], [-73.85535471793558, 40.63281225942451], [-73.85496742335603, 40.63341655452596], [-73.8543461721584, 40.63372263130504], [-73.8532781866585, 40.633851843651435], [-73.85241247454138, 40.63364349814306], [-73.85231335377057, 40.63322025396081], [-73.853000146445, 40.63202284225355]]], [[[-73.84559227491349, 40.635409999302404], [-73.84662440349443, 40.63519422920225], [-73.84676272247238, 40.6343614882933], [-73.84759945272117, 40.63348728968415], [-73.84761532089694, 40.63309278284606], [-73.84782653480777, 40.63277973665493], [-73.84913692498479, 40.632109389268024], [-73.85005000280401, 40.63217364309566], [-73.84988187676963, 40.63409658475863], [-73.8488553080005, 40.635435435681664], [-73.84827983562192, 40.637471560402794], [-73.84764555888744, 40.63827969141861], [-73.84667914840229, 40.63873171175726], [-73.84604982095271, 40.638465930307646], [-73.8454475443692, 40.637370220554104], [-73.84427265333407, 40.63669234592974], [-73.8450180413497, 40.63568082143157], [-73.84559227491349, 40.635409999302404]]], [[[-73.95439555417087, 40.73911477252269], [-73.9519879435446, 40.738747620474406], [-73.94652352854786, 40.73692685395834], [-73.94644229140863, 40.736780626263325], [-73.94719983367159, 40.73535517761173], [-73.94706532915387, 40.734401992819414], [-73.94659806707352, 40.734442224347475], [-73.94673908072966, 40.735282693841185], [-73.9462474829692, 40.736166165227154], [-73.9458731056289, 40.73610183125833], [-73.94557048457217, 40.73661230391059], [-73.94499908889487, 40.73643669371279], [-73.94525492279563, 40.73589278900394], [-73.94518507181319, 40.735479152678], [-73.94503299031923, 40.73542861568352], [-73.944515421174, 40.73628439089296], [-73.94239443542429, 40.7354257499477], [-73.94173819589855, 40.734950717917755], [-73.94114746701952, 40.73415292753774], [-73.94099746599917, 40.733790485555964], [-73.94115615809413, 40.73374890961004], [-73.94056868930251, 40.73305849425783], [-73.94068491601338, 40.733017077124714], [-73.94036658952952, 40.73221258691498], [-73.93981322625451, 40.73115268891224], [-73.93810334960666, 40.729728519521515], [-73.9369312479987, 40.729108091265736], [-73.93492926391922, 40.728543915250576], [-73.93200420453815, 40.72814508289363], [-73.9295802069088, 40.72761282070885], [-73.92924333948392, 40.72739794231883], [-73.92787172405026, 40.72585405119786], [-73.92779650104131, 40.7249256687138], [-73.92561470516623, 40.72006166221263], [-73.92481798943699, 40.72026513747549], [-73.92451999415132, 40.71961273042439], [-73.92457948088894, 40.71916252333494], [-73.92470227807114, 40.7186883041008], [-73.92499204426606, 40.71838478776139], [-73.92837930101501, 40.71757836729027], [-73.92887965180016, 40.71772031862372], [-73.92970539915328, 40.71704927938933], [-73.92931999766083, 40.71611200883279], [-73.92947356921461, 40.715721452621324], [-73.93219753146334, 40.714972107490546], [-73.9321499860121, 40.714687464730396], [-73.9317535718227, 40.71474167550589], [-73.93159048356527, 40.714399492481355], [-73.93142604100935, 40.71438234308075], [-73.9312406705949, 40.71372481088489], [-73.93164527391666, 40.71334279375831], [-73.93263905242465, 40.71305258616952], [-73.9320326298051, 40.71159022307447], [-73.93338484615303, 40.71123372774584], [-73.93328349320298, 40.71097870695552], [-73.9319010192086, 40.711338471428384], [-73.93093227547737, 40.70916531125431], [-73.93050100083198, 40.70868122503974], [-73.9303609456584, 40.70871773803283], [-73.93025038849032, 40.70892791342272], [-73.93154613746866, 40.71185535175125], [-73.93077894737053, 40.712160427955666], [-73.93161032734892, 40.71203802268057], [-73.93184868877454, 40.71256477418343], [-73.93173436851777, 40.7127492922382], [-73.93042294313071, 40.71317255867123], [-73.93105231901666, 40.7146102244261], [-73.9308519013403, 40.71490298559298], [-73.92843881814593, 40.71553094957593], [-73.92890601265017, 40.71661895731226], [-73.92823253044881, 40.717106454253546], [-73.92464513863986, 40.71795310891757], [-73.92363989262068, 40.71732065749357], [-73.92305500014334, 40.71634266479355], [-73.92431329961575, 40.715847056576926], [-73.924885535076, 40.71526718765272], [-73.92433589757124, 40.71412259346656], [-73.92405909736993, 40.71411156014769], [-73.92223466477621, 40.71285595436308], [-73.92154601695684, 40.71104328353501], [-73.92074853115804, 40.710533648958915], [-73.92189184698694, 40.70939609671099], [-73.91180710069368, 40.703434952529385], [-73.91290404121894, 40.70236189179942], [-73.91067882737353, 40.70104596956685], [-73.91180682191074, 40.699946882523946], [-73.9042601841169, 40.69570037144337], [-73.9057959707524, 40.6941271555143], [-73.9013984066204, 40.69158999203796], [-73.90188776254891, 40.691077720073444], [-73.90042465047067, 40.68818389887643], [-73.90116155060393, 40.68787793535575], [-73.89646625129005, 40.6823364219735], [-73.89577945503007, 40.68349718335825], [-73.894174632671, 40.68528324867335], [-73.8925830316834, 40.683491910887966], [-73.89015418738836, 40.685003990307884], [-73.8896278757877, 40.6842364542531], [-73.88808341842545, 40.68529363217126], [-73.88452250957424, 40.686684749095754], [-73.88377698649278, 40.68786341118511], [-73.87950641220809, 40.69114676934594], [-73.87402053306702, 40.694191295218346], [-73.86891762756782, 40.69514656151495], [-73.86840519015212, 40.69473118624479], [-73.86868454370578, 40.6940346919058], [-73.8674569407755, 40.688400441659354], [-73.8665984834927, 40.685269559070086], [-73.86601993220731, 40.681919587028176], [-73.86410096679134, 40.68237285029281], [-73.86328297030434, 40.679079370673605], [-73.86234580535127, 40.679164785644474], [-73.86038519920734, 40.67125171099068], [-73.85763323174372, 40.67165619403902], [-73.85568461221035, 40.663867492875696], [-73.85842950857302, 40.66345336093203], [-73.8576153718558, 40.66011893315399], [-73.8603049463005, 40.659634655304906], [-73.86317083340404, 40.65827651294904], [-73.86269778299533, 40.65761830901255], [-73.86300202201289, 40.657488116627455], [-73.86327623068608, 40.65694121532833], [-73.86300171715266, 40.65665375737041], [-73.8629939813938, 40.6563653899707], [-73.86319823710818, 40.65633942770686], [-73.86264117343165, 40.65566753700785], [-73.86086853825005, 40.65507780573743], [-73.85722330984474, 40.65027867003899], [-73.8575526806712, 40.64993257596552], [-73.85783469416329, 40.64830233828782], [-73.85837605317673, 40.64727441531365], [-73.85716978298213, 40.643678558886165], [-73.85894097563549, 40.643217036227796], [-73.86201301027748, 40.642887041020266], [-73.86331138939124, 40.642299129028736], [-73.86531173665126, 40.640751191443975], [-73.86670411973779, 40.64002176349559], [-73.86619928074248, 40.639536833303964], [-73.8662847677707, 40.63947288369331], [-73.86681528201251, 40.63996352766691], [-73.86732291072713, 40.63987198395302], [-73.86867282895088, 40.64092507920359], [-73.86991239339434, 40.64327820299374], [-73.87001708273581, 40.64407137240561], [-73.8706149246106, 40.644856741886926], [-73.87119172949545, 40.645305356815214], [-73.87257043102892, 40.64557561235981], [-73.8793321168056, 40.65462201684999], [-73.87971979034303, 40.654375929776506], [-73.87676193956312, 40.65056095449532], [-73.87672192491897, 40.65032322196803], [-73.87318593330954, 40.645445013361794], [-73.87344344510453, 40.64467191424094], [-73.8732703125524, 40.643903214345094], [-73.8729732073257, 40.64383923106545], [-73.87275635704988, 40.643248964654966], [-73.87194880116554, 40.64239408453892], [-73.87084503422274, 40.64055662018334], [-73.87008544224426, 40.639844181366435], [-73.87007958407015, 40.63921169401717], [-73.86989583386149, 40.63893452942232], [-73.86952435189363, 40.63864570191886], [-73.8679970966813, 40.63811526520981], [-73.86960972136565, 40.637085534608914], [-73.86969549818953, 40.63714738961524], [-73.8692084611064, 40.63746580926118], [-73.86955902490303, 40.63794748432769], [-73.87060795904956, 40.637581093279316], [-73.87293435013294, 40.636364808171734], [-73.87347939154407, 40.63628554630156], [-73.87444865630863, 40.63665867357124], [-73.87547103730128, 40.637273324467856], [-73.87711428484626, 40.63864148659316], [-73.8782129465692, 40.63882765561062], [-73.87856413386811, 40.63904355660802], [-73.87861705200106, 40.639365265410405], [-73.87930954529786, 40.64006707426914], [-73.87989404397653, 40.64036327915739], [-73.88025625666039, 40.64097010903616], [-73.88048386922625, 40.640978034547665], [-73.8807362354642, 40.641565957973356], [-73.88029248068572, 40.64140491573332], [-73.88002616426265, 40.641718113296164], [-73.88006714132425, 40.64200344662691], [-73.88152855846558, 40.64245168609184], [-73.88224108165657, 40.64345349240925], [-73.88214832562572, 40.64374372784077], [-73.88341999203027, 40.64452381564966], [-73.88480750411128, 40.643946303680444], [-73.88557762148994, 40.64404094978996], [-73.88743444708422, 40.64593668177392], [-73.88766589229476, 40.64650492455406], [-73.88772611233226, 40.64714302920005], [-73.88751623247263, 40.64741516069443], [-73.88771211156097, 40.64787443463672], [-73.88863638434101, 40.64802449261584], [-73.88924677936025, 40.64874565360693], [-73.89006780073066, 40.649323635640656], [-73.89033529141227, 40.64934776900215], [-73.89013701016974, 40.649170412116625], [-73.89034734693776, 40.64903360577827], [-73.8910029805153, 40.64935070556585], [-73.89120421309669, 40.64912689958019], [-73.89108330605372, 40.648792575696184], [-73.8894507422767, 40.647173955596635], [-73.88935086599881, 40.64703469886436], [-73.8894815257607, 40.646912755068406], [-73.88879690848671, 40.64605025805653], [-73.88941387285534, 40.64693843949173], [-73.88889569015318, 40.64721881890873], [-73.88861004869386, 40.647081360932106], [-73.88851637568523, 40.64736069152213], [-73.88820050726657, 40.647140869529274], [-73.88818990838847, 40.64677356952407], [-73.88845015102358, 40.646728552538], [-73.88853549293229, 40.64696814919857], [-73.8886418159309, 40.646785112948955], [-73.88849960118239, 40.64666368405504], [-73.8880813888399, 40.64662057013149], [-73.88809441935732, 40.646212786549505], [-73.88828981420744, 40.64604421554579], [-73.88800052027007, 40.6460277053548], [-73.88740960156501, 40.645329280124386], [-73.88805587182785, 40.645119787760066], [-73.88791252941961, 40.64500348154419], [-73.88734361665684, 40.645224153871204], [-73.88691203454515, 40.64447377760806], [-73.88654888955999, 40.6443124903786], [-73.88623646791807, 40.64381678772118], [-73.88469181436618, 40.64312114697254], [-73.88373578763786, 40.642450349188586], [-73.88078889725645, 40.63975743313829], [-73.88055123882256, 40.63915881973746], [-73.87953888017081, 40.63821783932087], [-73.87911787798072, 40.63826658744071], [-73.87896686071142, 40.63845954369572], [-73.87863863908075, 40.638293606260426], [-73.87838402330213, 40.6379041080906], [-73.87858034238158, 40.63751875659366], [-73.87780952677333, 40.63688186427539], [-73.87714434868597, 40.63597649800772], [-73.87820590489783, 40.63457294366278], [-73.87998767503844, 40.633514883481205], [-73.880376294891, 40.63298026236348], [-73.88127068104541, 40.632369119161226], [-73.88301362103512, 40.631626149535556], [-73.8836445172823, 40.63094331213879], [-73.88376932796376, 40.630221761342554], [-73.88345412923383, 40.6299076704376], [-73.88404726149385, 40.62956011854668], [-73.88263248433402, 40.628274273127076], [-73.88369231571589, 40.6275593734116], [-73.8851295402378, 40.62882725867158], [-73.88572167037314, 40.628446715223916], [-73.88630687607846, 40.62867770539395], [-73.887526737062, 40.62833182448268], [-73.89042299743556, 40.62627859879789], [-73.89148720748321, 40.62448172241535], [-73.89300558864396, 40.62335646859359], [-73.89351878316701, 40.62335269284893], [-73.89518797857578, 40.62250102050315], [-73.89548467972035, 40.62248556837461], [-73.89562043100277, 40.6226762846163], [-73.90412793207628, 40.626306200134486], [-73.91446070941022, 40.630994831304484], [-73.9160607998865, 40.632034050324286], [-73.91681827064264, 40.631976600398325], [-73.91748399208987, 40.63146419654431], [-73.91741117074028, 40.6310928239245], [-73.91668694191122, 40.63073738327171], [-73.91659169782925, 40.63045185797315], [-73.90396106711263, 40.62483361555432], [-73.90385540661487, 40.624940198699846], [-73.90546206137262, 40.62577481968359], [-73.90532958044659, 40.62586495608456], [-73.90539726701543, 40.62576726762882], [-73.90320897829298, 40.624665236881775], [-73.9031244379258, 40.62473795376398], [-73.90320848278473, 40.624640769383184], [-73.90307005655605, 40.62470549847208], [-73.90312436585704, 40.62461885378045], [-73.9026274717336, 40.62437012914648], [-73.90254656112609, 40.62444423916969], [-73.90263059517197, 40.624349364751154], [-73.90313231786645, 40.62460225619699], [-73.90327045944025, 40.624484183941135], [-73.90269333271978, 40.62421333487344], [-73.90283262223251, 40.62405099444965], [-73.90241543050305, 40.624462907250205], [-73.90228707932276, 40.624409853930466], [-73.9024038097297, 40.62444239705106], [-73.90271369573054, 40.624023326836124], [-73.90262364456687, 40.62397655126547], [-73.90274531019514, 40.62398256701539], [-73.90264355554703, 40.62392468930741], [-73.90291619574107, 40.62395453125661], [-73.90286570484804, 40.623649150831774], [-73.90263818225749, 40.62351675713193], [-73.90222543772995, 40.62358193564791], [-73.90186730493389, 40.62296244459638], [-73.90104961549186, 40.62270803048742], [-73.9005253229122, 40.6216815673833], [-73.898117675681, 40.62185156162394], [-73.89699450437205, 40.62167351002629], [-73.89647475412373, 40.62142824659172], [-73.8962884780292, 40.62073649997477], [-73.89622243312272, 40.62084022100965], [-73.8957293299553, 40.62024091576092], [-73.895777403447, 40.62001992053227], [-73.8956138850193, 40.61980128715083], [-73.89571934602999, 40.61952995015891], [-73.89561044677656, 40.619350533384626], [-73.89585293851337, 40.61914461936801], [-73.89608357746044, 40.61838279088457], [-73.8964534797444, 40.61807557101057], [-73.89664335225311, 40.61734771264503], [-73.8964538113099, 40.61676998176978], [-73.89646002707876, 40.616129874393245], [-73.8961705245914, 40.61600118370384], [-73.89617336977584, 40.61565449123118], [-73.89573445152966, 40.6148877471203], [-73.89602881667842, 40.614804600052196], [-73.89586112894187, 40.61451813749493], [-73.89427581408074, 40.613882643750905], [-73.89249926249686, 40.61379231168137], [-73.8913402845188, 40.61325620690075], [-73.89095414564684, 40.612834047317286], [-73.8910441064479, 40.6125095609981], [-73.8914143047419, 40.61212544769968], [-73.89209633768655, 40.61196057880338], [-73.89215284463626, 40.61207390962653], [-73.89274879587035, 40.611729830634644], [-73.893932400722, 40.61153659672437], [-73.89396385060904, 40.61121422258095], [-73.89358085539405, 40.611165725460786], [-73.89354938853043, 40.61100089763662], [-73.89189389086525, 40.611534670747474], [-73.89099709323193, 40.61205245241639], [-73.89115950685309, 40.6121771931612], [-73.8910779463262, 40.61227686186869], [-73.89033390698192, 40.61201147372946], [-73.88979163130148, 40.61168591567472], [-73.8896963184647, 40.61145355959244], [-73.88978451776195, 40.61095524400554], [-73.8903021138949, 40.610317656862705], [-73.89194461446813, 40.60910225214848], [-73.89186552721651, 40.60932258442998], [-73.8919820446748, 40.6093849739409], [-73.89176940682312, 40.609519268959424], [-73.89195381174625, 40.60945010835359], [-73.89226735458972, 40.60916527314685], [-73.89237210877518, 40.60872812515536], [-73.89222320409768, 40.608627086857716], [-73.89242327207616, 40.608558243241475], [-73.89217035937482, 40.608544721357475], [-73.89248324041495, 40.60815330506749], [-73.89272944999252, 40.607227192316664], [-73.89334621420018, 40.60674344623483], [-73.89486168368417, 40.606404763205994], [-73.89591344424802, 40.605844711276625], [-73.89833878117862, 40.60530365928555], [-73.8994804773002, 40.60561302065802], [-73.9001357604735, 40.60560333508935], [-73.90077642941203, 40.60637442385783], [-73.9010994890884, 40.607067772331895], [-73.90077753255865, 40.607543491485885], [-73.90062485357967, 40.60924267547513], [-73.9003931728814, 40.60953046933174], [-73.90027950007605, 40.61007401017643], [-73.90140646036211, 40.61108804387789], [-73.90136619823114, 40.61170184064235], [-73.90163551104794, 40.61185066483028], [-73.90200357539973, 40.611743024169414], [-73.90229090771793, 40.611960641229054], [-73.90249392985298, 40.611814999032454], [-73.90119253465448, 40.61056381754676], [-73.90132962659406, 40.61048104310346], [-73.90124836865569, 40.61058027449926], [-73.90253555121053, 40.61182621119959], [-73.90265077946786, 40.61178062116436], [-73.90236032096212, 40.61198041218273], [-73.90271854260655, 40.61182602529611], [-73.90263827747411, 40.6119065225555], [-73.90292666983436, 40.61215944197659], [-73.903043928125, 40.61209521498742], [-73.9029175037036, 40.61218654344876], [-73.9026291824535, 40.611925809170984], [-73.90242274717579, 40.61203356000492], [-73.90587105277373, 40.61506331397742], [-73.90573455901243, 40.61488297394396], [-73.90603328924865, 40.6149533892197], [-73.9058793762093, 40.61507746141158], [-73.90696283645076, 40.616114017578994], [-73.90717291149848, 40.61600987533857], [-73.90673848666407, 40.616295919990286], [-73.90725685564988, 40.61608758187954], [-73.90708346968268, 40.61622136752597], [-73.90722592437271, 40.61635152593253], [-73.90744255412072, 40.6162585357008], [-73.90702160678447, 40.61653360035692], [-73.90710595399025, 40.61660986021443], [-73.90752735132169, 40.61634443254908], [-73.907241693827, 40.616551501887756], [-73.90767882862006, 40.61669544000822], [-73.90761659104571, 40.6168964671281], [-73.90791591453504, 40.61690353460081], [-73.90799433303812, 40.61717521725909], [-73.90824570676439, 40.617185425183344], [-73.90838646239683, 40.61739102927822], [-73.90860351593422, 40.617265497054376], [-73.90879088017647, 40.61743639672158], [-73.9086333391297, 40.61716785490955], [-73.9088369111078, 40.61731164662783], [-73.90907145153955, 40.61716043833201], [-73.90835403214679, 40.61653099896171], [-73.90879420819165, 40.6168729573248], [-73.9091385318665, 40.61653162172922], [-73.90810560476342, 40.615669016428654], [-73.90797306390519, 40.61573684406136], [-73.908156638516, 40.61560112405172], [-73.9091767510533, 40.61652194748299], [-73.90881456208588, 40.61689044188259], [-73.90895706128724, 40.61699148481951], [-73.90964406040362, 40.61657537149969], [-73.90959740910344, 40.61639266979952], [-73.90861634317346, 40.61549276647393], [-73.90777596193662, 40.61524314625656], [-73.90535845077167, 40.61304033926633], [-73.90421569492383, 40.612356572030954], [-73.90435485539668, 40.61222669828165], [-73.90428600433313, 40.61201678103506], [-73.90420814113413, 40.61195515260183], [-73.90410629882955, 40.61204241028712], [-73.90404332529343, 40.61199868643184], [-73.90414089145172, 40.61189613938388], [-73.90350980782242, 40.611406490372765], [-73.90331047012505, 40.611547163863854], [-73.90349407447779, 40.61138900874283], [-73.90313578707097, 40.6109675376547], [-73.90274504537491, 40.610931468731614], [-73.9022586003223, 40.61042277260068], [-73.90164211790089, 40.60576336073905], [-73.90524300992104, 40.60491009032456], [-73.90542440003223, 40.605540297589535], [-73.90597461177859, 40.60638402870451], [-73.90809821909201, 40.60627863560974], [-73.90863959535432, 40.60665872204802], [-73.9093380498315, 40.60647760302492], [-73.90984528326649, 40.606168305507296], [-73.9098515484547, 40.605999722177884], [-73.90885691315674, 40.60506007379728], [-73.90832536835174, 40.60407337391879], [-73.91092270021181, 40.603505476100864], [-73.91365119759601, 40.60398251383714], [-73.91673556486138, 40.60681456205293], [-73.91660442147952, 40.60708939344488], [-73.91672115759042, 40.60762484678032], [-73.91632230017527, 40.60867566266918], [-73.9167839443282, 40.60877388388981], [-73.91657073983363, 40.6094235400487], [-73.91683981118769, 40.60876001472071], [-73.91650924535932, 40.60862975409021], [-73.91688964587316, 40.608710013687094], [-73.91682803243759, 40.608906057366895], [-73.91708838503315, 40.60882085489872], [-73.91702822741901, 40.60897487741362], [-73.91681964529643, 40.608931386382764], [-73.91665676533471, 40.60943674997094], [-73.91679953090689, 40.60949419223124], [-73.91656604065827, 40.60943782267791], [-73.91638585145215, 40.61008889290506], [-73.91606077132651, 40.61043050886051], [-73.9161647503773, 40.6105155750763], [-73.91449542205983, 40.611653223665044], [-73.91493418790435, 40.61395815505513], [-73.9138605306075, 40.61464226856848], [-73.914079858683, 40.61488823339918], [-73.91422619595744, 40.61480335239406], [-73.9141120615842, 40.61490147801349], [-73.91422238665031, 40.61493245673728], [-73.91642099003498, 40.61356935469287], [-73.91591452110684, 40.613845376312526], [-73.91572538303375, 40.61361803080386], [-73.91576807356566, 40.613540333335955], [-73.91597173175404, 40.61380783536682], [-73.91624768959598, 40.61362610079138], [-73.91588490852122, 40.613328587197074], [-73.91574585230337, 40.61338486020062], [-73.91596572500269, 40.613236396469105], [-73.91588941550161, 40.61330979960583], [-73.91626452766656, 40.61360561270427], [-73.9163958674589, 40.613446834034875], [-73.91599307131553, 40.612881939344476], [-73.91587086536366, 40.612910037390705], [-73.91600318849481, 40.61285973859147], [-73.9164991210399, 40.61352054209816], [-73.91662804371157, 40.61344358926565], [-73.91573181927134, 40.61183084451397], [-73.91674652389305, 40.61117845546834], [-73.91658936486046, 40.61109075400448], [-73.9166731127403, 40.61100582325074], [-73.91682920812453, 40.611118077723106], [-73.91811036679013, 40.610208394058326], [-73.91773185483925, 40.60978253820185], [-73.91786638626964, 40.60932723380102], [-73.91767870757339, 40.60966286444646], [-73.91796270083073, 40.608785937120516], [-73.9178197277143, 40.60930430006607], [-73.91802964459809, 40.60884669694159], [-73.91855666120595, 40.608498309043554], [-73.91800500501134, 40.6081497790174], [-73.91818728590098, 40.6080245809109], [-73.91857357570953, 40.60848794628752], [-73.91900737147328, 40.608267254971274], [-73.91824893434114, 40.607588872927465], [-73.9181381488997, 40.60764538690781], [-73.91836246737638, 40.6075013694189], [-73.91830794532588, 40.60761050770863], [-73.91902310765312, 40.60825686819962], [-73.91935398484053, 40.60804292279048], [-73.91837826940154, 40.60717402193594], [-73.91825269092955, 40.60722935064075], [-73.91850300413921, 40.607071236027195], [-73.91840159359646, 40.60715485289826], [-73.91937100429858, 40.60803264174462], [-73.91952209796015, 40.60773879743498], [-73.91701787907763, 40.605381778503826], [-73.91712470644005, 40.605310423846404], [-73.91476853163945, 40.60336022167285], [-73.91489358102513, 40.603288883760236], [-73.91442813462284, 40.602863919563426], [-73.91389434799362, 40.602703578271445], [-73.91382020162828, 40.60288818005027], [-73.91368718510043, 40.602850421012825], [-73.91385524392098, 40.60269025150696], [-73.91364075667403, 40.60252418170446], [-73.91332700399026, 40.60276377777001], [-73.91347072649008, 40.602911690690135], [-73.91329651030479, 40.602765614678084], [-73.91366089338922, 40.60246891002761], [-73.9134982641367, 40.602366975565374], [-73.91327117511105, 40.60255272109789], [-73.9133869327257, 40.602634611550755], [-73.91319891628763, 40.60278506201225], [-73.91335643976092, 40.60263644797267], [-73.91324920347257, 40.60256664746597], [-73.91301723241867, 40.60275424871779], [-73.91347511544238, 40.60234929587355], [-73.9131165873372, 40.602220255929], [-73.91270696033519, 40.602694709986494], [-73.91285319795082, 40.60250740557483], [-73.91272398622357, 40.602453262946284], [-73.91288693485399, 40.60248470364075], [-73.91305994409446, 40.602206210166855], [-73.91158427689338, 40.60213548840357], [-73.91157836556712, 40.60221787119134], [-73.91230939977284, 40.602275084478094], [-73.91254170182432, 40.60236443995559], [-73.91165189230664, 40.60227825784446], [-73.91154411182987, 40.60243932310409], [-73.91261098676532, 40.60253200659405], [-73.91257290407599, 40.602683299532295], [-73.91251889258047, 40.60254030930378], [-73.91248882820432, 40.6026741502694], [-73.91151505923017, 40.602460243060065], [-73.91094007982456, 40.60249781432215], [-73.91094634346709, 40.60236464218675], [-73.91086536585779, 40.60249048328862], [-73.91087683378198, 40.602342354836765], [-73.91151957194401, 40.60239686856954], [-73.91154234369176, 40.60222454078581], [-73.91091626763057, 40.60220676550807], [-73.91093999639916, 40.60212847422264], [-73.91155529140805, 40.602155464729954], [-73.91075830846505, 40.60202750098357], [-73.91075123972259, 40.60243729986271], [-73.90903689530533, 40.60267734322033], [-73.90901848567081, 40.6025248276694], [-73.91071154457035, 40.60241949317849], [-73.91070633053954, 40.60214451526551], [-73.90940934304595, 40.60219076625809], [-73.91073123013267, 40.602021376027814], [-73.90984702893728, 40.60203960908955], [-73.90904083221544, 40.60162520588616], [-73.90784279095395, 40.60226974077191], [-73.90679613405344, 40.602316603506424], [-73.90567411116685, 40.60260287517932], [-73.90490585949868, 40.602483487836494], [-73.90429966678126, 40.60267077232105], [-73.90372774498887, 40.60241508436924], [-73.90360249395323, 40.60259793768189], [-73.90331981912931, 40.60258691705262], [-73.90192868283417, 40.60318272162345], [-73.9004195899776, 40.60324239907364], [-73.89932620712385, 40.60355074627511], [-73.89833044657819, 40.60320776856821], [-73.89776531129958, 40.60330506660111], [-73.89562281394231, 40.60300891159018], [-73.89497375492749, 40.603214833372746], [-73.8940634207042, 40.603086155664236], [-73.89351580254059, 40.60338645799636], [-73.89241272524174, 40.60329895310978], [-73.89135659455124, 40.60351788322943], [-73.89097867442402, 40.603916563172284], [-73.8890994986371, 40.6045101169552], [-73.88892110231124, 40.60477951891959], [-73.88773089704642, 40.605268270578264], [-73.88477565552678, 40.605141388609894], [-73.88396434882077, 40.6055491404266], [-73.88271777210468, 40.604178837179525], [-73.88300897243022, 40.60374315458479], [-73.88294848341674, 40.60345720839036], [-73.8833914527329, 40.60301632252479], [-73.8833636794474, 40.60287745809502], [-73.88270028933873, 40.60170035190825], [-73.88230056805907, 40.60016855238643], [-73.88180618352285, 40.59936527786279], [-73.88164249993812, 40.597796018446196], [-73.88084453143227, 40.596342922555046], [-73.88079981897936, 40.59478884314193], [-73.87990713259003, 40.592047994322606], [-73.87941617176989, 40.59213200579822], [-73.87989902851933, 40.59202063885226], [-73.87971492228003, 40.591398891829186], [-73.87935729205896, 40.59084373529768], [-73.8789689043874, 40.59089677311774], [-73.87892411931155, 40.59071278028166], [-73.8792932637739, 40.59066143136822], [-73.8792343976643, 40.59026640945609], [-73.87896831259086, 40.58990093504847], [-73.87913901161357, 40.58937320023144], [-73.87878760363468, 40.58803046086918], [-73.87820200235987, 40.58686794282718], [-73.87671672482074, 40.584914430200975], [-73.87970231664, 40.58013510069834], [-73.8817429002219, 40.57959170026221], [-73.88186724526742, 40.57945462578782], [-73.88174676983894, 40.57915880721264], [-73.88306666157457, 40.57904115110273], [-73.88390577992448, 40.57862921204439], [-73.88613810599556, 40.57813439866283], [-73.88871425153775, 40.57813591521357], [-73.8897553358589, 40.577788416514025], [-73.89118413767294, 40.577872112238005], [-73.89207582924347, 40.57747387041188], [-73.89454772078223, 40.5768395097291], [-73.89552381007171, 40.57676981843659], [-73.89595178116997, 40.578019184151664], [-73.8965125431068, 40.57900707457313], [-73.89675987675112, 40.58125005430544], [-73.89657919126309, 40.582356047837706], [-73.89674637030198, 40.58318998480343], [-73.89727278198757, 40.58432080708272], [-73.89816156619817, 40.58535049055841], [-73.89793963862803, 40.58588067187524], [-73.89827886597834, 40.58651843774724], [-73.89826305550277, 40.586785395352535], [-73.89891599908806, 40.58753743606123], [-73.89973341305182, 40.58716521211007], [-73.8990302609673, 40.587670097515065], [-73.89981060525028, 40.58801445705567], [-73.89990604460486, 40.58779408924842], [-73.89994345059314, 40.5879834165258], [-73.90000932514985, 40.58781834881202], [-73.90030360847042, 40.587732565426364], [-73.90035530331375, 40.587806585406405], [-73.90121791883179, 40.58738334002335], [-73.90120752373754, 40.587499254593496], [-73.90034256835519, 40.58783483590839], [-73.90003115669674, 40.587869747245094], [-73.89995234070636, 40.588041598697046], [-73.90071546045655, 40.58808399538854], [-73.90133052222218, 40.587875856565724], [-73.90209953736364, 40.58735654117657], [-73.90285597557546, 40.58736627066696], [-73.90426874446496, 40.58691226312663], [-73.90587919851592, 40.58749787630446], [-73.90588718425924, 40.587877372914534], [-73.90651874670951, 40.5880254736179], [-73.90685972540943, 40.587882676247915], [-73.90712502406386, 40.58752970296251], [-73.90649351281371, 40.587344674917674], [-73.90633517612741, 40.587131926250976], [-73.90643924223777, 40.587033856374916], [-73.90810885035972, 40.58679650530172], [-73.91088554171192, 40.58594764500466], [-73.91152755135803, 40.58610580898349], [-73.91187436616369, 40.58636568464728], [-73.91197278431743, 40.586697357471515], [-73.91175050673016, 40.587267897321546], [-73.91204649316484, 40.58816517129181], [-73.91205464083481, 40.588737595232104], [-73.91159881608807, 40.589913254998876], [-73.91143730796836, 40.591080371556124], [-73.91194703970301, 40.59254807928556], [-73.9120288463879, 40.594367595782806], [-73.91250801211297, 40.59539763877978], [-73.91311695895168, 40.59587248245138], [-73.91355033858733, 40.59672229672056], [-73.91426527341667, 40.59724919101931], [-73.91454976988686, 40.59772546011453], [-73.91506580774394, 40.59799807835896], [-73.91511056962428, 40.59859121538846], [-73.91573791652706, 40.59920584154707], [-73.9170108791587, 40.5995872493001], [-73.91793379962247, 40.60008214364277], [-73.91865355382942, 40.600685834694346], [-73.91987171530226, 40.60085170784871], [-73.9208478610526, 40.60146194343916], [-73.92170503324711, 40.6017443703557], [-73.92215545194813, 40.60169973725953], [-73.92296824879156, 40.601105718413265], [-73.92329545554311, 40.600742439783986], [-73.92325633485436, 40.60036050632949], [-73.92360986659033, 40.60019163305577], [-73.9239399708853, 40.59971434937701], [-73.92465983515928, 40.599725989939515], [-73.92626884760502, 40.60063717445519], [-73.92799805103411, 40.601927872124946], [-73.92852506942569, 40.602211871221606], [-73.92883624643031, 40.60212182060686], [-73.92888251643565, 40.6024272716496], [-73.92954149151946, 40.60274908136815], [-73.92964131626847, 40.603086527453655], [-73.92908751421993, 40.603654194301164], [-73.92916612466524, 40.603866022902686], [-73.92950334816221, 40.60392664355959], [-73.92999616208807, 40.603643641706256], [-73.93017807942854, 40.603736344167956], [-73.9301339385194, 40.603998125870206], [-73.93056652946683, 40.603736228001104], [-73.93100336143117, 40.603935804164145], [-73.9319622706444, 40.60312163761561], [-73.93212319646139, 40.60270973924894], [-73.93176200342052, 40.602596384217996], [-73.93108919528453, 40.6017222582643], [-73.93073018821805, 40.60159276186154], [-73.93030680986907, 40.60117167464104], [-73.92964936173398, 40.60120445757898], [-73.92934268039237, 40.60096915112218], [-73.92941042444437, 40.60075976352291], [-73.92927494280951, 40.60080123701247], [-73.9293665378207, 40.60064700885391], [-73.9292269825969, 40.6004881090188], [-73.9286525041383, 40.600385591828925], [-73.92860303341337, 40.600614505818555], [-73.92837681026235, 40.6003500953047], [-73.92784799166301, 40.60031605848214], [-73.9274210074887, 40.600056570863536], [-73.92290185533977, 40.596447563816525], [-73.92177536324354, 40.5950309262013], [-73.9203414206208, 40.59473049560775], [-73.91867439973281, 40.5933320785789], [-73.91818165129398, 40.59310708336845], [-73.91641150528014, 40.59114162761565], [-73.91487761529368, 40.590313620486185], [-73.91506743494124, 40.5900805427023], [-73.91456764109033, 40.58959989532727], [-73.91454418316987, 40.5888974314166], [-73.91478486291646, 40.58862106279392], [-73.91725482169704, 40.587477879517806], [-73.91791214500071, 40.58687774048672], [-73.91805568585306, 40.58643654567648], [-73.91917204255653, 40.585955087874495], [-73.91960004700488, 40.58616493297184], [-73.92017117347488, 40.58593990878516], [-73.92040498231103, 40.58608977964587], [-73.92081091615161, 40.58598413713921], [-73.9206698086596, 40.58577362651982], [-73.92073901660137, 40.58573009669374], [-73.92092948644265, 40.5858733062726], [-73.92090603836387, 40.58559058153379], [-73.92101218266103, 40.58575359585841], [-73.9218995512202, 40.585693175673676], [-73.92184819107773, 40.58583842143657], [-73.92211851289862, 40.585810514153216], [-73.92235337377299, 40.58602393656254], [-73.92296409826362, 40.58589445706395], [-73.92353515890872, 40.58597772387233], [-73.92389501884087, 40.585800713812496], [-73.92406317839455, 40.58589483571787], [-73.92401064509498, 40.58578022576871], [-73.92423749639762, 40.5856905985645], [-73.92492960627713, 40.58566758431913], [-73.9271278583307, 40.58754022531694], [-73.92696733834302, 40.587353795865894], [-73.92718761078173, 40.58755950378054], [-73.92720774188903, 40.587722759186924], [-73.92765146660287, 40.58745909654162], [-73.9272493769958, 40.587749691781305], [-73.92735680928894, 40.588022176276354], [-73.92794598351077, 40.587658820507826], [-73.9279162574111, 40.5875487358896], [-73.92807906817859, 40.58770246052338], [-73.92736935753538, 40.58804459880316], [-73.9274045224574, 40.588206445197876], [-73.9279017574099, 40.58795340928011], [-73.92802185276423, 40.58806875635107], [-73.92792318048316, 40.587996187276985], [-73.92745467790994, 40.58829956407424], [-73.92776143639114, 40.58866060975899], [-73.92395294850094, 40.59113985052524], [-73.9241996339266, 40.591364280188884], [-73.92460129938564, 40.59119932500333], [-73.92815905123096, 40.58882524959019], [-73.92836271266806, 40.588969016092044], [-73.92841885809032, 40.58893403509833], [-73.92821616994858, 40.58878391290409], [-73.92835866230412, 40.58886543132917], [-73.92863061415636, 40.58857263642084], [-73.92875761553675, 40.58867429700595], [-73.92837745971516, 40.588981323616224], [-73.92862026499199, 40.589120436296376], [-73.92895102993232, 40.58890964240971], [-73.92866593842902, 40.58914326406668], [-73.92921964005188, 40.58881334544413], [-73.92924314818038, 40.58895069162151], [-73.92875703499419, 40.589152966925184], [-73.93003427450552, 40.5894259965009], [-73.93057705718256, 40.589890641203354], [-73.93010325988766, 40.5896061050716], [-73.93037543247335, 40.589940459710604], [-73.93029788091675, 40.59003516763017], [-73.93058940447365, 40.58995259113271], [-73.93062849364426, 40.59025299033795], [-73.93046768917102, 40.5900613730908], [-73.9305288833326, 40.59030798867771], [-73.93065213846435, 40.59029097949247], [-73.93067434421391, 40.59059072131573], [-73.93052507228651, 40.590333113429985], [-73.93047151959617, 40.59085578498102], [-73.93062344246579, 40.59091869427636], [-73.93064749948576, 40.59061968367199], [-73.93064106700575, 40.59094456641954], [-73.93046013661879, 40.5910012190211], [-73.93069641658052, 40.59101854140038], [-73.93044960172925, 40.59107969192933], [-73.93072578729826, 40.59108986026531], [-73.93037197719026, 40.59121140087609], [-73.93060444306958, 40.591186176221164], [-73.93060066906233, 40.591484582041865], [-73.93057495301017, 40.59122973161414], [-73.9304653676582, 40.5912734075963], [-73.93040541662207, 40.59173094214314], [-73.93060580656588, 40.59154136250863], [-73.93045091922711, 40.59224503726199], [-73.9303990560214, 40.59175559642919], [-73.930364436033, 40.592480093513736], [-73.93036221568062, 40.59231177060923], [-73.93017616634198, 40.59240622097059], [-73.93035364458575, 40.5925549502942], [-73.9302651092732, 40.592619404933124], [-73.93018970658281, 40.59245411828898], [-73.93002301026205, 40.592683046384984], [-73.93021251489367, 40.592678370292624], [-73.92991250156446, 40.59285339487319], [-73.93009899324113, 40.592872440452496], [-73.93005244539405, 40.593000243520926], [-73.92989066964314, 40.59287079187085], [-73.92971282036602, 40.59312004824824], [-73.93004238419589, 40.59306087931824], [-73.92995591909573, 40.5933085723268], [-73.9299759362929, 40.593173815413635], [-73.92974147322654, 40.59314392244574], [-73.92982317336796, 40.59337269610159], [-73.93003922396669, 40.593348430884], [-73.92978081742058, 40.59343674147179], [-73.92996116581374, 40.594005710816866], [-73.93021519470315, 40.59397294418471], [-73.93008159453139, 40.593595462871434], [-73.93022756280041, 40.59393062089705], [-73.93052488661871, 40.59388024070099], [-73.93035968941534, 40.593975941324175], [-73.9305467907066, 40.594199304588315], [-73.9302993440439, 40.59393805451043], [-73.93004011947694, 40.59410488733062], [-73.93043246129612, 40.594402674950075], [-73.93076122839564, 40.59438190052098], [-73.9306230568456, 40.59420449766007], [-73.93083446436536, 40.594413571304386], [-73.93066303510112, 40.59446395093302], [-73.93083206587451, 40.59443065566938], [-73.93093516114608, 40.594459949861175], [-73.93122055938909, 40.59418331726291], [-73.9313251214607, 40.59427625619019], [-73.93095463426401, 40.59446594520637], [-73.9313668482681, 40.59452917209466], [-73.93176387399963, 40.594284099265614], [-73.93161313737215, 40.594503518414555], [-73.93136806343372, 40.594546450784875], [-73.93084626727283, 40.594451525297366], [-73.93078131379619, 40.59449895527697], [-73.93193364983979, 40.59469240430254], [-73.93230826395404, 40.59491634048729], [-73.93256343839334, 40.59476347229718], [-73.93243762903224, 40.594843636039975], [-73.93260420556855, 40.59492954452514], [-73.9328265485289, 40.59480374496932], [-73.9326765397575, 40.59423641796777], [-73.93175890743086, 40.59283010489938], [-73.9317109079429, 40.59305030052069], [-73.93153495293326, 40.5926928305191], [-73.93174087511983, 40.59279439369458], [-73.93143675613805, 40.59216713451828], [-73.93113956057566, 40.59200892874766], [-73.93139997986388, 40.59180489056233], [-73.9310098934316, 40.59193104248112], [-73.93099465973228, 40.59181819898627], [-73.93135300954737, 40.59179119396206], [-73.93142565439746, 40.59160418414756], [-73.93104847875684, 40.591726290866156], [-73.9310760222574, 40.59159759276834], [-73.93123057043024, 40.591641983133215], [-73.93130541636037, 40.591360358668496], [-73.9312459249482, 40.59163697699603], [-73.93142252650108, 40.591588570390705], [-73.93154334667179, 40.59135047118321], [-73.9314665489463, 40.59139890185916], [-73.93143272420818, 40.591239241308145], [-73.93155939441567, 40.59129296457354], [-73.93121294858955, 40.58953130811946], [-73.93068568059813, 40.58882195422698], [-73.93009138279221, 40.58898886237912], [-73.93065021927525, 40.588669869770904], [-73.9303996759751, 40.58846552041546], [-73.92972846380187, 40.58861391582993], [-73.93038545256267, 40.588441616079045], [-73.92972232646733, 40.587560082903984], [-73.93134917824065, 40.58732816722968], [-73.93125191267126, 40.586849825214436], [-73.92857393936468, 40.58706150237159], [-73.92808232971589, 40.586697693937815], [-73.92814969379519, 40.58617810776312], [-73.92791933785848, 40.58613580604631], [-73.92827672497616, 40.58610694357027], [-73.92815700695617, 40.585864523066256], [-73.9277431115315, 40.58605006520952], [-73.92736955785888, 40.58600658531652], [-73.927586418299, 40.586254135332524], [-73.92751621995613, 40.58639826671562], [-73.92730433823881, 40.58586592842007], [-73.9263804188107, 40.585295756347925], [-73.92654820963327, 40.585575315387786], [-73.92549354358309, 40.585019292003345], [-73.9263454207472, 40.58527615475333], [-73.92529083981677, 40.584640736167415], [-73.92344966315008, 40.58481785396557], [-73.92101255547504, 40.58457501861245], [-73.92019563053438, 40.58463453736744], [-73.91884177539342, 40.58504311629129], [-73.91879590737993, 40.585223868594994], [-73.91842222499416, 40.585371996779074], [-73.91713886589515, 40.58568132452825], [-73.91699303777229, 40.58588310983515], [-73.91566114963521, 40.58622345450839], [-73.91482249731186, 40.58627650659453], [-73.91383319591375, 40.58603458288923], [-73.9134996167748, 40.58609582566915], [-73.91258587400645, 40.58556674463824], [-73.9123679028881, 40.58452617424742], [-73.91260847719184, 40.584319948276175], [-73.91263581397953, 40.58395029802599], [-73.91250460035735, 40.583886355710845], [-73.91269014904348, 40.5838751536067], [-73.91271079739758, 40.58369994166942], [-73.91242420853025, 40.583514934039975], [-73.91246022036074, 40.58335175392395], [-73.91304660950463, 40.58300754849575], [-73.91305439371878, 40.58318671645352], [-73.91463166275375, 40.582757634402945], [-73.91489741970577, 40.58287261036779], [-73.91498685680604, 40.58315284032872], [-73.91614199473283, 40.58285743763405], [-73.91656345737121, 40.583152013699916], [-73.91729861410722, 40.5831908017497], [-73.91681104385314, 40.582762048557264], [-73.91632640568037, 40.58281887042574], [-73.91596151080898, 40.582435758340395], [-73.91541290900813, 40.582364073798864], [-73.91485429620485, 40.582494093108465], [-73.91438667636007, 40.58238315804952], [-73.91446429302793, 40.582609277816225], [-73.91423692445184, 40.582597251922856], [-73.91417322816002, 40.58280136166269], [-73.91372600624896, 40.58272889387443], [-73.91335911446285, 40.58295402101451], [-73.91296905167869, 40.58297280262414], [-73.9129938424696, 40.58270674016948], [-73.9128537958871, 40.58301226729898], [-73.91222052272647, 40.582963340048224], [-73.91248404877419, 40.582884902401744], [-73.91191058860355, 40.58296337725275], [-73.91152073412317, 40.58274297140666], [-73.91128635983848, 40.582313586292585], [-73.91148327601967, 40.58183216186766], [-73.91371129986099, 40.58162873769795], [-73.91444081609366, 40.58171269722777], [-73.91505520170756, 40.58154360772278], [-73.91814011869592, 40.58213869717295], [-73.92221271877764, 40.58325133291661], [-73.92443604094976, 40.583558203444404], [-73.92562049996992, 40.583453820769364], [-73.92712531836806, 40.58357927388351], [-73.92963248074902, 40.58339880862565], [-73.93059667221604, 40.58319682778294], [-73.93088770576708, 40.58294077620335], [-73.93074069433477, 40.582758947695346], [-73.93117951167201, 40.58271571235631], [-73.93171422041416, 40.582811778842526], [-73.93194431270395, 40.58310892942509], [-73.93192811186756, 40.582869768935446], [-73.93237695742826, 40.5829185099783], [-73.93201379961101, 40.58292598224766], [-73.93201839411536, 40.58311112461873], [-73.93259877057645, 40.582919267412116], [-73.93349145637734, 40.58305871726045], [-73.93420971486967, 40.58297979889361], [-73.93437970143313, 40.58313903367386], [-73.93455992902898, 40.58316541362909], [-73.93456057101983, 40.583020173832445], [-73.93569071639767, 40.583275093189314], [-73.93567353145987, 40.58301942441272], [-73.93582439275778, 40.58302111555223], [-73.93576657211088, 40.58327750984988], [-73.93613233590128, 40.5833144745387], [-73.93628723189404, 40.583000903558506], [-73.9360966869136, 40.582948745833065], [-73.93656607029148, 40.582957648786625], [-73.93630031206764, 40.58300295567567], [-73.93631716129535, 40.5831790512013], [-73.93657592440783, 40.583240505590155], [-73.93697427463762, 40.58323032641149], [-73.93698767831037, 40.58301627267399], [-73.93663307422459, 40.582972212406844], [-73.93705921677471, 40.58297798232031], [-73.93705290451031, 40.58308469947822], [-73.93763269743296, 40.58309626828426], [-73.93702675588725, 40.58312587259952], [-73.93700558408266, 40.58301601947157], [-73.93701481021189, 40.58323327236416], [-73.9371245979845, 40.5833467301644], [-73.93811917695093, 40.583340478995325], [-73.9380942062777, 40.58311681071716], [-73.93855276236508, 40.58333798499146], [-73.93847712885872, 40.58317789727135], [-73.93866846657744, 40.583164428175216], [-73.93862755765117, 40.583067021797646], [-73.93929640384748, 40.58316726873515], [-73.93930153084891, 40.58333321505465], [-73.9398253885057, 40.583331446250675], [-73.93982883984624, 40.58317053569237], [-73.93985851576804, 40.583331334095625], [-73.94057745828908, 40.583328225573666], [-73.94056608947726, 40.583087368810865], [-73.94010903682926, 40.58307506918445], [-73.94067657802275, 40.583065805567514], [-73.94058872809889, 40.583206947959205], [-73.94070019514754, 40.58332762473228], [-73.94091645490738, 40.583302406531494], [-73.94089710477415, 40.58308760707996], [-73.9407384060463, 40.58307561281773], [-73.94102517918685, 40.58307036190638], [-73.94093422085356, 40.58330230643689], [-73.94115699675488, 40.58329922746826], [-73.94109844565489, 40.58309477669994], [-73.94120155728886, 40.583090465205174], [-73.94120929823985, 40.583298504883224], [-73.94144050857204, 40.58334014747636], [-73.94157408083575, 40.58360755593956], [-73.94255133565295, 40.58351447617102], [-73.94202033352751, 40.583110423782635], [-73.94270167762981, 40.58350879761415], [-73.94304709646005, 40.58349212946443], [-73.94256316190977, 40.58312734751663], [-73.94319506158025, 40.58348966263344], [-73.94354467530924, 40.583471014361265], [-73.94309334781462, 40.583134545214584], [-73.94369153004571, 40.583467754266145], [-73.94406764167105, 40.583472009110565], [-73.94363589795744, 40.583145573909725], [-73.94423403587136, 40.583479951646716], [-73.94461828666236, 40.583496626087864], [-73.94417458523766, 40.58315829121842], [-73.94432059818078, 40.58315942487781], [-73.94477544081295, 40.58350780441], [-73.94517477781615, 40.583521378244384], [-73.94471270964229, 40.583165044530475], [-73.94484512940873, 40.5831642348437], [-73.94534992503475, 40.58352905211058], [-73.94573014930431, 40.58354487506151], [-73.94526670124625, 40.58318251856744], [-73.9453760523788, 40.58318193165069], [-73.94589911888089, 40.5835526626104], [-73.94628634691914, 40.583568685205535], [-73.94579941258891, 40.58319464023046], [-73.9464342905935, 40.5835631525926], [-73.94678945068779, 40.58355046761432], [-73.94631603648713, 40.583206940713445], [-73.94691796276105, 40.583546033249895], [-73.94726832705268, 40.58353318207207], [-73.94682202947196, 40.583191191871244], [-73.94746867861319, 40.58352819536258], [-73.9534932204868, 40.58298819826116], [-73.95330135995677, 40.582002749633666], [-73.94969672499398, 40.58231940106685], [-73.94274062592515, 40.58099558955944], [-73.9338128066391, 40.58113292574223], [-73.9351340770489, 40.58118378955792], [-73.93510879115189, 40.58130381702117], [-73.93340042885238, 40.58121538886942], [-73.93375801356125, 40.581132041606025], [-73.93300348916414, 40.581144675417356], [-73.93297161890682, 40.58128363007498], [-73.93290958744818, 40.581145767361285], [-73.93287295022404, 40.58128600047336], [-73.93280636427467, 40.58114741868665], [-73.93258006568037, 40.58126474120362], [-73.93106288335703, 40.57616310022092], [-73.93150256744059, 40.57566050512696], [-73.9348609283043, 40.57552779666835], [-73.9348935645524, 40.575221645997814], [-73.93507861830436, 40.57550946601038], [-73.93647107586591, 40.575860496356555], [-73.93672041869901, 40.57541830071201], [-73.93683116226046, 40.57556001684304], [-73.94250907828427, 40.57537355453194], [-73.94255712254062, 40.5755643312738], [-73.944393088759, 40.575788813277015], [-73.94463319129606, 40.575691196747286], [-73.94460054017095, 40.57523546944982], [-73.94474441660772, 40.5755137279401], [-73.94572352013327, 40.575559439737845], [-73.94618237593534, 40.57529883619631], [-73.94592390235839, 40.57511543230958], [-73.95210772663668, 40.574383665963765], [-73.95257775363744, 40.574204123507165], [-73.95374257958349, 40.574297232242095], [-73.95399423405081, 40.574266317041975], [-73.95408333385906, 40.574073272183455], [-73.95413360803454, 40.57433326749534], [-73.95569484044358, 40.574326996263366], [-73.95634506681625, 40.57420722198968], [-73.95634533454574, 40.57379757879462], [-73.9565675090591, 40.57417077849314], [-73.9584347635904, 40.574088815046466], [-73.9589663415274, 40.57394726876866], [-73.9589871897258, 40.57343065522953], [-73.95909642194562, 40.57386382043346], [-73.95982864911241, 40.57392930963587], [-73.96720294103956, 40.57332631739762], [-73.9674356779313, 40.573208969671484], [-73.96742628474541, 40.57298510896942], [-73.96753149753702, 40.57319073238481], [-73.96818506098592, 40.57317786854635], [-73.96945126202374, 40.572857280363365], [-73.96924621215567, 40.57230407565472], [-73.9695589515174, 40.57280858046091], [-73.96975580336883, 40.57284692469053], [-73.97132989626341, 40.57264381038423], [-73.97118306355719, 40.57194189908436], [-73.9716070645239, 40.57262822392002], [-73.97293476162717, 40.57247460214546], [-73.9733450222981, 40.57232121400631], [-73.97324990115143, 40.57162668610919], [-73.97344805325683, 40.57227210696953], [-73.975285649671, 40.57204983266871], [-73.97547081902785, 40.57196900381711], [-73.97540564094218, 40.5714210406407], [-73.97567918029264, 40.57195598449751], [-73.97713364145218, 40.571897086717776], [-73.97766384588142, 40.57172938779928], [-73.97756820091209, 40.5712466666593], [-73.97767087523825, 40.57117102007926], [-73.97807599798224, 40.57122957012887], [-73.9777153307247, 40.571251914345], [-73.97780796518913, 40.571756200724806], [-73.97845486511191, 40.571892204296596], [-73.97910001556893, 40.57184069801817], [-73.97984694469407, 40.57153931961033], [-73.9794251615826, 40.57122102372418], [-73.97977198326755, 40.57124014633363], [-73.98000799187608, 40.571708806607695], [-73.98204075852516, 40.57148037052266], [-73.98157155423429, 40.571249988425], [-73.9820266291875, 40.5712761520893], [-73.98217710691097, 40.5715605784547], [-73.98282723201832, 40.57154241357474], [-73.98367270153263, 40.57140705768757], [-73.98340440737677, 40.57016554451094], [-73.98304328883712, 40.57014586098814], [-73.98339168436654, 40.570094684517066], [-73.98336058039285, 40.569529993984325], [-73.9834852186614, 40.57008901506295], [-73.9838394948926, 40.57011246715812], [-73.98348842146684, 40.57015603004669], [-73.98375790448652, 40.57139622725111], [-73.98803716678536, 40.57098510876888], [-73.9886202548146, 40.57089605131433], [-73.98857772038873, 40.57069790950512], [-73.98872145848829, 40.570883692082816], [-73.99026267527438, 40.57070834011741], [-73.99077310323918, 40.570599422340585], [-73.99079264766944, 40.57024864875571], [-73.99086374684873, 40.57060201624256], [-73.99119337523616, 40.57061187496838], [-73.99272854897072, 40.570433788037604], [-73.99296923014852, 40.57036673204245], [-73.99298098072167, 40.57019677330934], [-73.9931574188674, 40.570379789439016], [-73.99493763229947, 40.57035467451256], [-73.99513854436805, 40.57031466120686], [-73.99518726085735, 40.5700218776333], [-73.99529301203256, 40.570321283216586], [-73.99719493825842, 40.570348649044], [-73.997369448826, 40.57013730754305], [-73.99766712135202, 40.570374751166334], [-73.99846777900159, 40.57049739697316], [-73.99965850686432, 40.570382602502946], [-73.99974852156545, 40.57049579745974], [-74.00077859539269, 40.5704909982214], [-74.00201167053906, 40.5702087585243], [-74.00208547639734, 40.56958598398511], [-74.0024870773771, 40.571738388872625], [-74.0047994162169, 40.572878854348446], [-74.00668904970406, 40.57339722045679], [-74.01007410785427, 40.57383080951783], [-74.01115668729264, 40.574166761859004], [-74.01201540191131, 40.57488505247441], [-74.01232183520676, 40.575652682365245], [-74.01245749577932, 40.57661074641708], [-74.0130271545442, 40.57785089456422], [-74.0123503592923, 40.5792218211566], [-74.01189274589333, 40.579735373230356], [-74.01070388953008, 40.58054068610751], [-74.0095926668394, 40.58086002089258], [-74.00843253422444, 40.58149456609446], [-74.00745366008165, 40.581803522848084], [-74.00604734235812, 40.58198365253342], [-74.00398023616431, 40.58172129566407], [-74.00294374157806, 40.5814328355212], [-74.00055986763827, 40.58129742968316], [-73.9996415228003, 40.58131655849627], [-73.99895997129458, 40.58163304592502], [-73.99818261219656, 40.58172536373689], [-73.99776464433626, 40.58145433077118], [-73.99771779495471, 40.58070677630617], [-73.99182912790278, 40.579247080928965], [-73.9903620646656, 40.579424580120666], [-73.9889909355634, 40.57883509996901], [-73.98842833769437, 40.57881584211708], [-73.98739064388405, 40.57908698306386], [-73.98669540063, 40.57981490763022], [-73.98702138577706, 40.58002276487546], [-73.98588567394853, 40.58114442456495], [-73.98604509916231, 40.581720685151765], [-73.98694506928186, 40.58113642180222], [-73.98763925793929, 40.57991759787685], [-73.98803566212692, 40.579633780413616], [-73.98995504921773, 40.58066166953157], [-73.99163007472379, 40.581079884382035], [-73.9918252957587, 40.581738520302906], [-73.9903376250445, 40.58421825538863], [-73.99026244714365, 40.584619148708086], [-73.995471885484, 40.58221005475514], [-73.9960552882052, 40.58212890385432], [-74.00017922859408, 40.583073950245186], [-74.00041739503706, 40.58354592150345], [-74.00035951790483, 40.58418644588058], [-73.99878762307115, 40.58515289393346], [-73.99808523776014, 40.585364721581676], [-73.99808899188393, 40.585470741266064], [-73.99970597099512, 40.585689819858736], [-73.99952567990363, 40.58575854466008], [-73.99956511570319, 40.586243920095846], [-73.99814530449004, 40.58653169390733], [-73.99417305638377, 40.588382857820946], [-73.99559857410351, 40.587841707554325], [-73.9956605451227, 40.58793620734399], [-73.9940790462178, 40.58869344199073], [-73.99421554608305, 40.58886853048296], [-73.99556316619987, 40.588277072198956], [-73.99509949490815, 40.588592505043984], [-73.99795639739288, 40.58726950636582], [-73.99487677695369, 40.58877174667533], [-73.99534737661217, 40.58933138044016], [-74.00011449538404, 40.586951640902775], [-74.00010886019504, 40.58656072909692], [-74.00037368890935, 40.58647481463014], [-74.00048912001928, 40.58704285512419], [-74.00038207115722, 40.58713305734965], [-73.99788311251038, 40.58834343792298], [-73.99867293375561, 40.58919554943726], [-73.99923690396959, 40.58893532826925], [-73.99946446811074, 40.58923326938089], [-73.9983783488211, 40.589770445088746], [-73.99883618014573, 40.58962548954246], [-73.99844387079492, 40.58986039917769], [-73.99877800589586, 40.590314355844654], [-73.99844325936868, 40.59024010549462], [-73.99775972701362, 40.590952469613946], [-73.99711168571537, 40.59127797744395], [-73.99718982747926, 40.591606180953484], [-73.99806438267684, 40.591209464731676], [-73.99812869461266, 40.591288664258144], [-73.99728269703786, 40.59171481486826], [-73.99754851058402, 40.59191757867318], [-73.99946271244364, 40.59110320712731], [-73.99998735001267, 40.59117294567664], [-74.00023075280212, 40.591478489775135], [-73.99903131441657, 40.59231280344775], [-73.99948304872375, 40.59296919989778], [-73.99838831083619, 40.59353139160648], [-73.99853410978703, 40.59359234790056], [-74.00109596784155, 40.59251870899915], [-74.00284295909886, 40.59515359834246], [-74.00411359626966, 40.596450279474034], [-74.00557303710914, 40.597568612318376], [-74.01065533816518, 40.600597005317255], [-74.01236981602699, 40.60134925711637], [-74.01472837011984, 40.602065911342756], [-74.01668525522267, 40.60241682492873], [-74.01832347216852, 40.60241765113063], [-74.0191356390289, 40.60261275450514], [-74.01974772844801, 40.603084809264054], [-74.02085657504311, 40.603522132905056], [-74.03005146547684, 40.604759173812155], [-74.03270681479886, 40.60633106603828], [-74.03427280539475, 40.60771747873311], [-74.0348704707392, 40.608582287764214], [-74.03603977777915, 40.60929563900205], [-74.03695540962869, 40.61125601120198], [-74.03902502184346, 40.613158975948416], [-74.04013092584209, 40.61479191116805], [-74.04047612021486, 40.615625263161675], [-74.04137522891591, 40.61999355296541], [-74.04161740773569, 40.62056271404332], [-74.04171015812469, 40.62330532061198], [-74.04189435982956, 40.624318218941575], [-74.04106467060343, 40.630191783159184], [-74.03680662048852, 40.638984221545684], [-74.03876297920756, 40.63958825898071], [-74.03868804690734, 40.639738256029766], [-74.03672484374883, 40.63914119020688], [-74.0357127615073, 40.640640154046686], [-74.03673986629568, 40.64147636545892], [-74.03670307869112, 40.64168561937159], [-74.03407329294261, 40.644313932964096], [-74.03287507230115, 40.643583315387204], [-74.03264128960302, 40.64378731294187], [-74.03229711356379, 40.643581313015154], [-74.03254173795645, 40.64382548435212], [-74.03226870865824, 40.644074379292746], [-74.03189708494338, 40.64388934936995], [-74.03051830863396, 40.645274424706635], [-74.02908090885776, 40.64440359693054], [-74.02899762468769, 40.644471961493096], [-74.0291541899453, 40.64458144541973], [-74.0288624112706, 40.644866024225784], [-74.0290865428924, 40.6445830017998], [-74.02850116250606, 40.64417756470283], [-74.02819053049342, 40.64441433070903], [-74.02845721095781, 40.64415605924836], [-74.02820569545007, 40.64401598289046], [-74.0260494840032, 40.64626135032635], [-74.02974078211051, 40.648486025708], [-74.02938990486598, 40.64880405461148], [-74.02571758804812, 40.64661549229113], [-74.025381492653, 40.6469123462267], [-74.02507111430086, 40.64672561637863], [-74.0241456605057, 40.64761510126002], [-74.0251291195524, 40.64832318145743], [-74.02496792117137, 40.64860596226769], [-74.02553864578044, 40.64978215934824], [-74.02484436363444, 40.65059963805718], [-74.02520581187575, 40.65081846789953], [-74.02541553929463, 40.6506186970827], [-74.02605133196799, 40.6509943007433], [-74.02552971543656, 40.65147855069301], [-74.02491122849018, 40.6511062852909], [-74.0251025719024, 40.65089330557706], [-74.02477160495674, 40.65068770743557], [-74.0242402134753, 40.65113351631357], [-74.02550139045745, 40.651839851034374], [-74.02541604028593, 40.65193380685525], [-74.02417752973396, 40.651191773212354], [-74.0235940029519, 40.65131566325391], [-74.0230599104703, 40.65097430413495], [-74.02285141795983, 40.65116919516191], [-74.02536890150519, 40.652721436927436], [-74.02522662972662, 40.65282985695983], [-74.02154138319224, 40.65067162291142], [-74.0212465237341, 40.650834972564496], [-74.02139188210673, 40.65096775798854], [-74.02112707783844, 40.65094321261822], [-74.02105230392215, 40.65109828292791], [-74.02233734666834, 40.65191060538179], [-74.0222517319971, 40.651981601506975], [-74.02098261225862, 40.65115682265789], [-74.02089862870834, 40.65124727521847], [-74.02380703903127, 40.65304472851167], [-74.02359434497556, 40.653216368961935], [-74.02195900090598, 40.65222278197094], [-74.02162153367617, 40.6523199512907], [-74.0211867002789, 40.65283983689552], [-74.02320464727141, 40.654096116818046], [-74.0230621908923, 40.65423323629213], [-74.02210195162469, 40.653587954310396], [-74.02162946295498, 40.653645165216226], [-74.02114963484493, 40.65421075521175], [-74.021824797455, 40.654656175785576], [-74.02164486415376, 40.65487898288005], [-74.02089469797596, 40.6544335754137], [-74.0206396915899, 40.65443933332968], [-74.02047461820185, 40.65421658922733], [-74.01919203025422, 40.65402259849431], [-74.01872686588685, 40.65347431052458], [-74.01811897876486, 40.65388527160802], [-74.02025589052927, 40.655118262881324], [-74.02005182454297, 40.655335948874644], [-74.01787407223816, 40.65406150233102], [-74.01715319581027, 40.65477510436229], [-74.01980081651999, 40.65648721058484], [-74.01970596410233, 40.656581163751206], [-74.01726715936587, 40.655194187986666], [-74.01691617851073, 40.65548327495794], [-74.01665047959762, 40.65533879657235], [-74.01639437533777, 40.65562064285095], [-74.01910843803122, 40.657368884303644], [-74.01860569460999, 40.65784587402304], [-74.01585370056816, 40.656213240053006], [-74.01543632269649, 40.656632396759846], [-74.01774232727493, 40.658098916725116], [-74.01766644409521, 40.65818563877169], [-74.01786573109679, 40.658308447298715], [-74.01768549175469, 40.6584529927614], [-74.01504738221857, 40.656950386693595], [-74.01442130484553, 40.65760802195157], [-74.01745803087904, 40.6594501973869], [-74.01554165389007, 40.6607583554763], [-74.01400428392415, 40.65981196344029], [-74.01366273992603, 40.66002878063704], [-74.01183862056553, 40.658912837274904], [-74.0111075041031, 40.659706274580806], [-74.01402247678024, 40.661529747440255], [-74.01315554938815, 40.661981597726125], [-74.01265358811494, 40.66198165403776], [-74.0085995696829, 40.65952092309843], [-74.00745858163896, 40.66055847621009], [-74.01037201297223, 40.66239887973013], [-74.01046331724494, 40.66264211979023], [-74.00955074142036, 40.66326769413055], [-74.00868371591301, 40.663372012840405], [-74.00616141136321, 40.66184506899067], [-74.00568594756892, 40.662274740360694], [-74.00428358250124, 40.661444894101464], [-74.00414624892214, 40.66156163568148], [-74.00622698247925, 40.662787827861145], [-74.00592360503035, 40.66310825073926], [-74.00380815470885, 40.66190794572834], [-74.0034880110065, 40.66224055612868], [-74.00455498488712, 40.66281637291291], [-74.00473298121777, 40.66249650399685], [-74.00535812864251, 40.6628691297319], [-74.00497157758612, 40.66306821324226], [-74.00519233775087, 40.66320155309677], [-74.00538014413925, 40.66288392695557], [-74.00599748682693, 40.66325861082871], [-74.0056134868175, 40.66345839025494], [-74.00767434594506, 40.66479110926594], [-74.00730516126835, 40.66459759075276], [-74.0071253264674, 40.664915218474476], [-74.00652469600118, 40.664547227160554], [-74.00688215307306, 40.66434037294312], [-74.0066293785957, 40.66418793012463], [-74.00644979980794, 40.664506206799246], [-74.00584157632485, 40.664138020674756], [-74.00620306585375, 40.66393016821067], [-74.0060460851898, 40.66384000563571], [-74.00575781045487, 40.6639227568018], [-74.00584924770611, 40.66450329861985], [-74.0056414075448, 40.6645314913934], [-74.00565025959585, 40.66390033784394], [-74.00362862508567, 40.66273484753474], [-74.00340348595628, 40.66298572609586], [-74.00459238636753, 40.663735199833035], [-74.00432294897378, 40.66405231997546], [-74.00528132177341, 40.664657003524155], [-74.00486193792659, 40.665064821938365], [-74.0011351950966, 40.6629017235527], [-74.00049413361153, 40.66331422709351], [-73.99953152609916, 40.664397485937094], [-74.00292463516388, 40.666462312163574], [-74.00224030991377, 40.66679383514536], [-74.00161950021092, 40.66676627917465], [-74.00120611348311, 40.66701810720299], [-74.0014647093271, 40.66716956870775], [-74.00068774868765, 40.66754595189897], [-73.99998149339123, 40.66745027490884], [-73.9990260099839, 40.66844297212715], [-73.99902633264173, 40.66900788840088], [-73.99924049105036, 40.66830628656016], [-73.99907935327975, 40.669038271861766], [-73.99865580691613, 40.6695147955481], [-73.99891160167891, 40.66964857863971], [-73.99855824468392, 40.67133550167012], [-73.99876941058922, 40.67160204710525], [-74.00030337808883, 40.66871689249724], [-74.00105664113185, 40.668945681717425], [-74.00141527103162, 40.66835941434718], [-74.00221506816546, 40.668578637441385], [-74.00289483876949, 40.66734846594956], [-74.00319075274841, 40.667263199815075], [-74.00369462000529, 40.66742761120855], [-74.00363026351536, 40.66756752335669], [-74.00510227346268, 40.66797564772838], [-74.00586366180684, 40.66799376258587], [-74.00683635581484, 40.66605609592469], [-74.00696399012966, 40.66605139936593], [-74.00475388692328, 40.670721359447796], [-74.00543926529352, 40.67092146823863], [-74.00754821618388, 40.66705174573373], [-74.00779653349625, 40.667159770777396], [-74.00708724287807, 40.66859135803333], [-74.00985411855626, 40.668523628335585], [-74.01154017543331, 40.665085919756834], [-74.0157487288266, 40.664568336291815], [-74.01690267361082, 40.66484660284165], [-74.0178871914939, 40.66585046628554], [-74.01857605010876, 40.67039241387013], [-74.01876336878675, 40.671075874494576], [-74.01933946871777, 40.671624948422796], [-74.01888283363333, 40.6716016662056], [-74.01751037086694, 40.67103453098431], [-74.01668768368874, 40.665437066767076], [-74.01648665554497, 40.664930508953994], [-74.01602551776011, 40.664863048788284], [-74.0159369853455, 40.66547079172164], [-74.01227967872792, 40.66573241415904], [-74.01087664028975, 40.668601615763706], [-74.01035683667315, 40.66864283538869], [-74.01033845947936, 40.6690781954482], [-74.01091024340414, 40.66919049236966], [-74.01087343978188, 40.66971011555857], [-74.01154288031569, 40.66978434275048], [-74.01162527521356, 40.670581028276025], [-74.01424926931875, 40.6697286047373], [-74.0117535050969, 40.67065775707593], [-74.01207831743132, 40.670933615032126], [-74.01261963416783, 40.67084190894061], [-74.01355198671443, 40.67125693437729], [-74.01393626689658, 40.67117907687215], [-74.01427407257722, 40.67137929867941], [-74.01508006471087, 40.67068567379825], [-74.0151998057007, 40.67075402766451], [-74.01387273763245, 40.671880761760626], [-74.01423289452782, 40.672130000513214], [-74.01559644489554, 40.6709704775175], [-74.01568625497515, 40.671038834929], [-74.01297587792189, 40.673327918721135], [-74.01336378218144, 40.673591536934566], [-74.01511918663962, 40.6721569959693], [-74.01632099922307, 40.67290826956389], [-74.01457946720956, 40.674414017071776], [-74.01496392184575, 40.67467763029439], [-74.01816839280801, 40.67193924110386], [-74.0188009477692, 40.67225076484888], [-74.01727138470127, 40.673608645805714], [-74.01775247096367, 40.67404772289265], [-74.0180107732054, 40.67391318105255], [-74.01780187203205, 40.674095441412575], [-74.01817618274673, 40.67446417753945], [-74.01783447572687, 40.675258223014445], [-74.01829802655334, 40.67545917918156], [-74.01841235821729, 40.67536544943174], [-74.0181707090551, 40.675290905663445], [-74.01838692796325, 40.67509684652105], [-74.01852163355454, 40.67526871258786], [-74.01888511775628, 40.67508776516809], [-74.01841031333086, 40.6755190609859], [-74.01850392106736, 40.67583738597114], [-74.01801753445856, 40.67588437755784], [-74.01791968777765, 40.67651476488723], [-74.01976925613235, 40.67661322491746], [-74.01995197864677, 40.67710301045017], [-74.0190825738633, 40.67713956404772], [-74.01917743946899, 40.677826949007155], [-74.01843040661606, 40.677908321362466], [-74.01841103183176, 40.67840712178119], [-74.01966200306943, 40.67838563895909], [-74.01827026139368, 40.67855421845974], [-74.01857882788785, 40.678983079472566], [-74.01954011560476, 40.67896820628958], [-74.01928128102031, 40.67964814059555], [-74.01772532572437, 40.680661902673755], [-74.01746928837116, 40.680614731701105], [-74.01520082279144, 40.68197941993083], [-74.01532059798741, 40.68211072878081], [-74.01282000332847, 40.68362241649752], [-74.01213481688791, 40.682905928025285], [-74.01410549647974, 40.68171251937566], [-74.01360863270283, 40.68122194672833], [-74.01387398777992, 40.68100981331911], [-74.01301835422105, 40.68041237401449], [-74.00967108558883, 40.6832687277152], [-74.0107731233938, 40.68435861554109], [-74.0117827220121, 40.68375999549946], [-74.0119325991106, 40.68388774915516], [-74.00798184065677, 40.68627582209608], [-74.00701988682658, 40.68652641769683], [-74.00588224183227, 40.6861957683912], [-74.005629863304, 40.686784206043804], [-74.00459270521772, 40.68821522298678], [-74.00382038919733, 40.68892964469948], [-74.00297565436566, 40.69042657592089], [-74.00196321992863, 40.690136379460924], [-74.00185304524622, 40.690387987244584], [-74.0009615685494, 40.69012876835026], [-74.00069905841879, 40.69061185841923], [-74.00132562399813, 40.69146310033224], [-74.00196938526082, 40.69184320882025], [-74.00174362045013, 40.69240674970567], [-74.00095868416989, 40.6940690835824], [-73.99941302433207, 40.696357676956055], [-73.99947406820606, 40.696704134462166], [-73.99887207210419, 40.69692378457433], [-73.99876458027705, 40.69712073309417], [-73.99887117097656, 40.697157577296025], [-73.9974989831, 40.69963886932142], [-73.99716054243922, 40.69979281264431], [-73.99724462871697, 40.70014140989725], [-73.99504592748325, 40.70313183979974], [-73.9946629034361, 40.70343060855936], [-73.99499542533938, 40.70365056371443], [-73.99471424235152, 40.70399668906109], [-73.99477614353458, 40.70424586105254], [-73.99456978950887, 40.70437626401666], [-73.99386341031877, 40.704556007433204], [-73.99377457207805, 40.70444945740894], [-73.99350881403609, 40.70462350527417], [-73.99212703535068, 40.70468964203369], [-73.99212100639087, 40.70439620157808], [-73.99186159189317, 40.704086642104556], [-73.99094755350794, 40.70403244213939], [-73.99022721196012, 40.70493404448724], [-73.98830332208541, 40.70454046895521], [-73.98828999111286, 40.7050706589978], [-73.98795676491503, 40.70513421741267], [-73.98687252217192, 40.70515727744364], [-73.98652973012088, 40.70497909917395], [-73.98643429826667, 40.70534860741975], [-73.98343806221908, 40.70564409484797], [-73.98336819878104, 40.70546106507666], [-73.98274161885993, 40.705572441532865], [-73.98092510311987, 40.70536925520069], [-73.98090864629846, 40.70590794381209], [-73.97955918553285, 40.70574361525014], [-73.97905049904112, 40.705966963591806], [-73.97893110285543, 40.70592490572794], [-73.97906084911834, 40.70594602894106], [-73.9792433349359, 40.705551196377705], [-73.97896355081068, 40.70550219650449], [-73.97881909040053, 40.705862467582065], [-73.97892765823747, 40.70549619916925], [-73.97873829486635, 40.70546306467228], [-73.97863906658571, 40.705830648221955], [-73.97868440584472, 40.705454177108074], [-73.97864529228853, 40.70559102159582], [-73.97846557848965, 40.70556222186459], [-73.97839230543768, 40.705970682310976], [-73.97885303360727, 40.70606553478217], [-73.97834474852871, 40.705999964987754], [-73.97853198820691, 40.70487652342981], [-73.97802067326656, 40.704290966456334], [-73.97721196339239, 40.70421392662441], [-73.97751215494964, 40.70319675266364], [-73.97713562625398, 40.70300558140269], [-73.97623864768488, 40.704775644190875], [-73.97596096344817, 40.70471550694328], [-73.97692749188352, 40.70279782040056], [-73.97615937292022, 40.70217128035703], [-73.97553456489742, 40.70304280880587], [-73.97532987393983, 40.70295192433845], [-73.97600587845464, 40.70194613327937], [-73.97550083176424, 40.70175830896581], [-73.97540348224568, 40.7019111475677], [-73.9745502338837, 40.70159034380239], [-73.97579951831469, 40.699752418001054], [-73.9757175186582, 40.699570912691435], [-73.97535997932667, 40.69958051884197], [-73.9741151399254, 40.70130527091706], [-73.97292642848618, 40.70029455342787], [-73.97257311967203, 40.70008205612111], [-73.97239201397458, 40.70016632275242], [-73.973757007132, 40.701534138881996], [-73.97318676670898, 40.701669803673866], [-73.97113824583208, 40.69991789325827], [-73.97078200587988, 40.69997866301143], [-73.9733245610394, 40.70241265601088], [-73.97283512788735, 40.70272874074414], [-73.96982556559531, 40.70024507036818], [-73.96948655218107, 40.700519060755745], [-73.97283889974975, 40.70334642809948], [-73.97266938433755, 40.70350138043131], [-73.96924539207357, 40.701364741883694], [-73.9689347481843, 40.70161586820745], [-73.96898517428966, 40.701747088786725], [-73.9723124627611, 40.703844539538764], [-73.97215798824992, 40.70397020762625], [-73.97145657354827, 40.703508715924755], [-73.97110342298832, 40.70345973583993], [-73.97093307886317, 40.70362477255154], [-73.97101963118536, 40.70381561318393], [-73.9746556960806, 40.70607426249181], [-73.97439083502323, 40.70632577414489], [-73.97339230539548, 40.70573321164145], [-73.97254880057797, 40.70620449050653], [-73.97462966604422, 40.70768106076842], [-73.97423616968535, 40.70802438612255], [-73.97122492912246, 40.705789899911196], [-73.97109655489108, 40.7058500565584], [-73.97105692306182, 40.706946433816846], [-73.97275756998357, 40.708831279050386], [-73.97232032139803, 40.70908288380697], [-73.97026218532285, 40.70688750428424], [-73.97048881848579, 40.70540066562206], [-73.9701689450992, 40.70536185340743], [-73.970180755728, 40.70492927056703], [-73.96762114779925, 40.70334850569708], [-73.96751516691066, 40.70343735738086], [-73.9674767449303, 40.703949870956436], [-73.96929693837713, 40.70508833122986], [-73.96929296348496, 40.70709333109575], [-73.9698486482356, 40.70800304118529], [-73.96994196698674, 40.70930205335414], [-73.96960541330354, 40.71027084387491], [-73.97006935142757, 40.71045413575363], [-73.9696618647883, 40.710499724137215], [-73.96976877618125, 40.71078832157155], [-73.96937430020651, 40.7110206660632], [-73.96990773093626, 40.711268121839005], [-73.96931038510043, 40.711107852881604], [-73.96923492997324, 40.711240541941166], [-73.96881612079872, 40.71225194770672], [-73.96887248523575, 40.71257874343655], [-73.96844231934433, 40.71293843489032], [-73.96850672619524, 40.71310547188961], [-73.96884924904168, 40.71321254596066], [-73.96724034462171, 40.7165878860588], [-73.96710504006269, 40.716908393254585], [-73.96725113740355, 40.71698666660929], [-73.96631330191009, 40.71831654141009], [-73.96619833874271, 40.718254712252], [-73.96511950416225, 40.71922689399757], [-73.96539429900726, 40.71958151803574], [-73.96527752084597, 40.720118263637346], [-73.96503278328099, 40.72037706947511], [-73.96447946289155, 40.72003618825597], [-73.96433359670718, 40.7202083196804], [-73.96439735661679, 40.72044183392412], [-73.9627566542267, 40.722399015126264], [-73.96165984301348, 40.72486045446323], [-73.96211461566836, 40.72514806339908], [-73.9619023964313, 40.72532050081128], [-73.96153679358694, 40.725108918852264], [-73.96116366368389, 40.72526460633369], [-73.9583307822691, 40.72441170076634], [-73.95803916741664, 40.72442744087881], [-73.95794183489497, 40.72464920270007], [-73.95795096213239, 40.725036439168576], [-73.95835177078861, 40.725198057301895], [-73.95842611843923, 40.72540053583232], [-73.96012497133243, 40.725319636637074], [-73.96028544944211, 40.725948122413136], [-73.96161518835936, 40.72586556307423], [-73.96161716963762, 40.726661421991196], [-73.9610168813666, 40.72870444010192], [-73.96142843697933, 40.730946392610385], [-73.96226340423296, 40.73291555162369], [-73.96228520236927, 40.734047695876846], [-73.96157494306746, 40.73517961492879], [-73.95982931147842, 40.73706090063335], [-73.95837507902785, 40.73809694936886], [-73.95693002865116, 40.7388870730717], [-73.95439555417087, 40.73911477252269]]]]}, "properties": {"geo_id": "3", "name": "Brooklyn", "borough": "Brooklyn", "area_km2": 179.7175}}, {"type": "Feature", "id": 2, "geometry": {"type": "MultiPolygon", "coordinates": [[[[-73.82649350342001, 40.591027062258235], [-73.82643165499539, 40.590316005294724], [-73.82690355436803, 40.58992883848128], [-73.82737385766713, 40.58976440102506], [-73.82734320867813, 40.589943381348895], [-73.82761912370023, 40.58999525933869], [-73.82756509831016, 40.59050292721382], [-73.82768905925707, 40.59056854051901], [-73.82753853880436, 40.590541299716996], [-73.82705426208373, 40.59097841696064], [-73.82728545195897, 40.5914787635647], [-73.82598356406453, 40.59197061863448], [-73.82548333523305, 40.59197338571119], [-73.82561798585449, 40.591711613874374], [-73.8263277408655, 40.591461408450904], [-73.82649350342001, 40.591027062258235]]], [[[-73.83193277255799, 40.59344779692433], [-73.83116882644683, 40.591488144309416], [-73.83357376062695, 40.58903517184931], [-73.83458673782742, 40.58912216496806], [-73.83519078392412, 40.58938174674038], [-73.83687949969914, 40.589520256508145], [-73.83708248685804, 40.589796165685655], [-73.83806756112828, 40.590301872106636], [-73.8381470057435, 40.59073375985538], [-73.83880085144699, 40.591197765370424], [-73.83839527303603, 40.590391752547504], [-73.84062613669406, 40.59153455504988], [-73.84050451464873, 40.591206651752316], [-73.84179835294992, 40.592007596152584], [-73.84237933115936, 40.5924783180692], [-73.84243709300348, 40.592872845388044], [-73.84264471353693, 40.59295353835841], [-73.8427900062687, 40.59332737914619], [-73.84336470419548, 40.59347014386899], [-73.84350065697967, 40.59508410975606], [-73.84056972163728, 40.597300702794335], [-73.83745833480236, 40.59686286784318], [-73.83569788024873, 40.59480894117082], [-73.83492802779556, 40.59431189738088], [-73.83476026614483, 40.59394429450175], [-73.83400002030305, 40.59361971265105], [-73.83193277255799, 40.59344779692433]]], [[[-73.80997059406056, 40.600067537380404], [-73.81014417523036, 40.600054855642384], [-73.80997465251733, 40.59983670280408], [-73.81018896434578, 40.59986040036624], [-73.81029493857315, 40.59968938965025], [-73.81029011586071, 40.598991670072536], [-73.81048808108193, 40.59877931123712], [-73.8113156054143, 40.59854983158484], [-73.81157550345522, 40.59814119925974], [-73.81222073287758, 40.598553908477975], [-73.81359530121023, 40.60036184835613], [-73.81460712559036, 40.601299029252694], [-73.81501471568563, 40.60205629106121], [-73.81480117749582, 40.60408034333366], [-73.81444222997993, 40.604165201869485], [-73.8142869369858, 40.60445566622179], [-73.81320862394746, 40.60435543908565], [-73.81266625784592, 40.6038889197751], [-73.81170299767513, 40.603613945269686], [-73.81016958819596, 40.60279976304262], [-73.81003548752496, 40.60265429692045], [-73.81007598476701, 40.60221008787254], [-73.80986333857315, 40.601895789505484], [-73.81003425937743, 40.60161090795807], [-73.80991258166598, 40.60132020993299], [-73.8100429323148, 40.600954710042785], [-73.80985064502396, 40.60036561675879], [-73.80997059406056, 40.600067537380404]]], [[[-73.8005283665261, 40.60708862704324], [-73.79974676789115, 40.606880188438296], [-73.79851946130104, 40.606816970500034], [-73.79792736498872, 40.606579404885785], [-73.79840918707966, 40.606009968760645], [-73.79826575424987, 40.60549019609661], [-73.79867707846408, 40.60570368296186], [-73.79958079285763, 40.60531174870977], [-73.80005328099905, 40.60546543310207], [-73.80010928078991, 40.6053188663213], [-73.7995254356845, 40.60524348441606], [-73.79870714092648, 40.605621108231944], [-73.79804918391496, 40.60540615521835], [-73.79781142206308, 40.60515992032976], [-73.79803735364929, 40.60483703739881], [-73.79862422461082, 40.60480604843245], [-73.7987685918107, 40.605015969149335], [-73.79879614841535, 40.60486522174858], [-73.79993794607618, 40.60461003740552], [-73.80020559146213, 40.60483462980742], [-73.80048632023508, 40.60476281828105], [-73.80023550352566, 40.60480163057844], [-73.80004650162621, 40.60456168280313], [-73.79790083791092, 40.60472008565295], [-73.79766326029701, 40.60530838892538], [-73.79815149082475, 40.60563252823001], [-73.79801861118872, 40.6056570824498], [-73.79821561992897, 40.60593629674097], [-73.7976614342219, 40.606357756408386], [-73.79725850165994, 40.60605855387931], [-73.79634761133646, 40.60578800335621], [-73.79646765605271, 40.605187564116974], [-73.79669375994447, 40.605105923761386], [-73.79611452288293, 40.60469396320254], [-73.79640372971178, 40.60471938115602], [-73.79665126586754, 40.604542553899904], [-73.79657663032023, 40.60443474373496], [-73.79678247039, 40.60437870555], [-73.79679652064151, 40.60449886044589], [-73.79731901178185, 40.60406667887668], [-73.79800480522084, 40.60421036522704], [-73.79896550641939, 40.60409881280053], [-73.79916891656309, 40.60426791235126], [-73.80019814674449, 40.60422429785931], [-73.80037472842119, 40.60437665682303], [-73.80062005168234, 40.60423043287121], [-73.80074797324964, 40.60434841873999], [-73.80078919095749, 40.60421295078419], [-73.8010685626969, 40.60438008213786], [-73.80171364786658, 40.604110116743435], [-73.80177730917227, 40.60427020801374], [-73.80200208159533, 40.60417060782821], [-73.80231331358746, 40.604408892896345], [-73.80242464702377, 40.60422243939958], [-73.8027240811416, 40.60450736589486], [-73.80321951238241, 40.60456598558422], [-73.80338062624413, 40.60430406946996], [-73.80381183234223, 40.60436099741666], [-73.80369450317168, 40.60462452165203], [-73.80337740488017, 40.60469893246112], [-73.80377309202328, 40.60514932818821], [-73.80367025869101, 40.60543786197107], [-73.80393554554064, 40.60564374180608], [-73.80338852435882, 40.60587044319307], [-73.80314302033186, 40.606366934932936], [-73.80181702266873, 40.6064229530483], [-73.80077334667854, 40.607076295751675], [-73.80058101065406, 40.606837222004465], [-73.80099698107443, 40.606590875062416], [-73.80064444884306, 40.606329315717204], [-73.80103373657981, 40.6064798971547], [-73.80107400950135, 40.60641056560764], [-73.800695724773, 40.606235019046004], [-73.80033863924557, 40.606278815696925], [-73.80085479651733, 40.606635045708366], [-73.80048279900514, 40.6067926351448], [-73.8005283665261, 40.60708862704324]]], [[[-73.82952414988597, 40.607339324343116], [-73.829608270395, 40.60725635955864], [-73.82957158456544, 40.607342390951516], [-73.82952414988597, 40.607339324343116]]], [[[-73.79665699659022, 40.60896091507148], [-73.79630873959157, 40.608735914687095], [-73.79600863317904, 40.608217360286154], [-73.79647817834127, 40.608002119049615], [-73.79652575979746, 40.60789416672973], [-73.79627507920998, 40.60785494027453], [-73.79626124248149, 40.60762499077681], [-73.79654941676456, 40.60728754086634], [-73.79611287777539, 40.607408655218514], [-73.79611533581901, 40.607793713152525], [-73.79581987999927, 40.60813391963247], [-73.7955169436739, 40.60735496330088], [-73.79527814038407, 40.605814321533884], [-73.79572698954331, 40.6052306132468], [-73.79603208503855, 40.60530040978384], [-73.79560502059154, 40.605892468131046], [-73.79570141764704, 40.606460525121975], [-73.79625827629188, 40.60621496816413], [-73.79674937775796, 40.606226355852655], [-73.7978974694127, 40.60686880990857], [-73.7990199169041, 40.606868440100726], [-73.80052617654209, 40.60722633865083], [-73.80107067504782, 40.60717936691719], [-73.80166689334773, 40.60675617168351], [-73.80164501653272, 40.60689403663744], [-73.80179390404601, 40.60684404102111], [-73.80192792270964, 40.60663741774661], [-73.80326523257317, 40.606571932192224], [-73.80377411165689, 40.6061205278826], [-73.80401493337446, 40.60613150017502], [-73.8036054882775, 40.60693415120957], [-73.80308415747787, 40.60746513217984], [-73.80253792293627, 40.60781046665622], [-73.80182143319743, 40.607958823036164], [-73.801402636418, 40.60822680699314], [-73.8016239788134, 40.6083546166374], [-73.80099421230568, 40.6086720979108], [-73.79817626416516, 40.60899129448824], [-73.79665699659022, 40.60896091507148]]], [[[-73.82754056622606, 40.60947589533257], [-73.82635029826196, 40.609289152068975], [-73.82581355251645, 40.608917723174855], [-73.82576470455194, 40.60864133950795], [-73.82604712343331, 40.60829175026923], [-73.82576814632817, 40.60785387461305], [-73.82604799274529, 40.60781993570851], [-73.82625433623483, 40.608017969621265], [-73.82679109718774, 40.607909690360486], [-73.8260123433061, 40.60774637875483], [-73.82566738192993, 40.60778622441825], [-73.82540715279029, 40.60669973580819], [-73.82453724237169, 40.60507835259407], [-73.82460558197688, 40.60473563330289], [-73.82576428774347, 40.60503565801933], [-73.82770657743166, 40.605237813032026], [-73.82908602632693, 40.605820966856754], [-73.82940290644842, 40.606581531209926], [-73.82903972670069, 40.60735521367345], [-73.82884480110059, 40.60729835594862], [-73.82776984301383, 40.60776506853883], [-73.82747154564672, 40.608225317265365], [-73.82707969381761, 40.60833308436152], [-73.82760231973977, 40.60929775823639], [-73.82754056622606, 40.60947589533257]]], [[[-73.83212876903654, 40.60951664237244], [-73.83122317315295, 40.6088295866013], [-73.83130655041923, 40.60841153207101], [-73.83109129070021, 40.60855461700099], [-73.8308267330766, 40.60847424004027], [-73.83005617447249, 40.607924796435675], [-73.8297788496926, 40.60711557188134], [-73.82987726436338, 40.606322837407134], [-73.83092271504947, 40.60536498222089], [-73.83177507584244, 40.605094363641506], [-73.83195008173199, 40.60527288631295], [-73.83227212968147, 40.605143308063], [-73.83312908190847, 40.60527288697719], [-73.83438032359884, 40.60515221948964], [-73.83552006079785, 40.60545762109728], [-73.83574042804331, 40.605785277354606], [-73.83446265686183, 40.60719253294356], [-73.83422631357607, 40.60805134334682], [-73.83247030669611, 40.60946154039569], [-73.83212876903654, 40.60951664237244]]], [[[-73.76669139771343, 40.61425465494768], [-73.76516400829198, 40.61375420268684], [-73.76501580220096, 40.613475187493414], [-73.76515429478951, 40.61308589571629], [-73.76511737315785, 40.61248297298686], [-73.76497772419977, 40.612331642577224], [-73.76505961679173, 40.612035230610665], [-73.76229944090417, 40.61135920604614], [-73.76172413788875, 40.611847242757875], [-73.76023635756965, 40.61082086495047], [-73.76178242960593, 40.60915167005466], [-73.76155051905889, 40.60903136580099], [-73.75998446975024, 40.61087937734436], [-73.7594911983337, 40.61081579591108], [-73.759720990391, 40.61015159787129], [-73.75919672932062, 40.61037038573402], [-73.75656053403193, 40.610139425129994], [-73.75587091285605, 40.610306797650814], [-73.75560684726135, 40.61007736522709], [-73.75587412912142, 40.61038518505501], [-73.75556369084146, 40.61011842794653], [-73.75499501085474, 40.61013220801509], [-73.75473219572567, 40.61040524167861], [-73.75345836196989, 40.61051986240633], [-73.75008771076786, 40.61164055382737], [-73.7482158588267, 40.612011077589685], [-73.74799307317252, 40.61231015796798], [-73.7476141892917, 40.61199801088509], [-73.74721567885001, 40.61217883915345], [-73.74685539024536, 40.611574099557224], [-73.74576150178679, 40.611991654748905], [-73.74310894573772, 40.60771599650397], [-73.74339731588074, 40.60747217106825], [-73.74029138976128, 40.604598232281184], [-73.73920739803127, 40.604040143301404], [-73.73840394387673, 40.6031211357834], [-73.7382259779416, 40.602566027211566], [-73.73835617702457, 40.59760047780477], [-73.73865280277474, 40.59731935956338], [-73.73848900400793, 40.597358894240394], [-73.73871968076894, 40.5969488173266], [-73.73858466737627, 40.59725319461581], [-73.73878797503635, 40.596975355521614], [-73.73938023660168, 40.597239072946756], [-73.73992747214845, 40.597054949532605], [-73.7401177357879, 40.596727747475484], [-73.739798757236, 40.596428603789406], [-73.74009714262667, 40.59620864729195], [-73.74039153834975, 40.59618219567334], [-73.7403601274953, 40.59677499554029], [-73.7406438431081, 40.597001198658475], [-73.7410831534284, 40.59682306656986], [-73.7415738033103, 40.59690394589248], [-73.74183083523945, 40.59669555145028], [-73.74151239169112, 40.59652861251467], [-73.74052059818192, 40.59657185645663], [-73.74054701362383, 40.596119685718136], [-73.73992792985005, 40.59606158731352], [-73.73957904997492, 40.596376337848874], [-73.73960988055146, 40.59676343754054], [-73.73946370303052, 40.59687842009228], [-73.73949660873659, 40.597020371261834], [-73.73988306007304, 40.596770974189724], [-73.73964853372279, 40.596567152061006], [-73.73974724022848, 40.59654260483528], [-73.73990994690173, 40.59677274452052], [-73.73979634028939, 40.596882675628144], [-73.73950885867268, 40.59704004409181], [-73.73939810824884, 40.59704632565642], [-73.73892850726293, 40.59687548946671], [-73.7393979636384, 40.597029543018124], [-73.73943957124725, 40.59689740230765], [-73.73894690694097, 40.59676316642711], [-73.73838360401174, 40.59711740856396], [-73.73841231100067, 40.59592350494851], [-73.73798981846903, 40.59455604324521], [-73.73848743971975, 40.59435226298848], [-73.73877153079917, 40.594525207530666], [-73.73877753514914, 40.594355008215466], [-73.73878644978721, 40.59452956556044], [-73.73900196778291, 40.594586232244616], [-73.73929430628122, 40.594453005560894], [-73.7395646533139, 40.59456157857763], [-73.73958763297756, 40.5944265251087], [-73.73961965222443, 40.594580041879055], [-73.73995801592365, 40.594500768787285], [-73.73998678749325, 40.59463285989987], [-73.74013580364564, 40.59451157273911], [-73.74062832064128, 40.59472165227226], [-73.74090170596185, 40.59448824925338], [-73.74089520274937, 40.59461157919209], [-73.7413182062532, 40.594792592881326], [-73.74162091692338, 40.594786493135395], [-73.74169766300271, 40.59464174405298], [-73.74222603097068, 40.594905883324444], [-73.74242926334381, 40.59486851780672], [-73.7423874258487, 40.59472925606035], [-73.74334951603205, 40.59479514827647], [-73.74348442282232, 40.59459051648823], [-73.74462499793172, 40.59466177479809], [-73.7466551146474, 40.5942956949023], [-73.7474520466475, 40.59402591977819], [-73.7481792909625, 40.59351586176843], [-73.74912524757535, 40.593216367270564], [-73.7504993610353, 40.592346903499575], [-73.75169369495661, 40.59131225132602], [-73.75344780177821, 40.590964129913274], [-73.7559546362305, 40.590874198050024], [-73.75789189861872, 40.591356988277916], [-73.76134311678325, 40.59172663385063], [-73.76295275572143, 40.591611177431275], [-73.76796973006493, 40.590729482964555], [-73.76872708525137, 40.59087006895576], [-73.77082611071539, 40.59055302691192], [-73.7759304282186, 40.59018140832818], [-73.7758368859526, 40.59032459875788], [-73.7766624348081, 40.59006633216674], [-73.77761352076865, 40.590053471208876], [-73.77918495356101, 40.5895931088955], [-73.78043036101892, 40.58959662142923], [-73.7845331104848, 40.58847805521806], [-73.78768370715751, 40.58792293771222], [-73.78878406873122, 40.58745028886744], [-73.78941470793565, 40.58762814730426], [-73.79200762464424, 40.58721746494202], [-73.7960898079883, 40.586326396824276], [-73.79671527895208, 40.5863651990038], [-73.8006127394599, 40.585481514409], [-73.80182907323011, 40.58535182671263], [-73.8032577124328, 40.584893212907076], [-73.80372119405995, 40.58501793745038], [-73.80584287341304, 40.58445751724962], [-73.80679193346701, 40.58441989920581], [-73.80799182895132, 40.5840044095041], [-73.81352448727559, 40.58347314904693], [-73.81928812030544, 40.581766974354316], [-73.82222751243998, 40.58111503216214], [-73.82717378884985, 40.579444512955426], [-73.83146093331455, 40.578419437622934], [-73.8338692317217, 40.57764989760918], [-73.8377849130498, 40.575923683475594], [-73.84378359075176, 40.57388745204194], [-73.85220202399549, 40.57074510350426], [-73.85396556577076, 40.570312548872884], [-73.85720330672287, 40.56910050048786], [-73.86022276711229, 40.56792109732464], [-73.86255286029154, 40.566810012301005], [-73.86286892277302, 40.56683057154652], [-73.86269356691207, 40.566502192177616], [-73.86300482943778, 40.566875957731035], [-73.86355862677969, 40.567027194390874], [-73.86557608357201, 40.56656001470033], [-73.86661089295575, 40.56609386518899], [-73.8663094123243, 40.565546064125094], [-73.86663005715053, 40.56609011165428], [-73.86686111965143, 40.566086471070165], [-73.8684869484588, 40.56552701030174], [-73.8682511755017, 40.56506948945982], [-73.86852753205115, 40.56554546343397], [-73.86924996432208, 40.565384760453604], [-73.87062214815238, 40.56481330949432], [-73.87027588464693, 40.56417465359758], [-73.87064094150604, 40.56480994521753], [-73.87091316206484, 40.56476458551091], [-73.87263971280453, 40.56408418402695], [-73.87237878047381, 40.563575116059155], [-73.87274649784132, 40.56410544733245], [-73.87320628037062, 40.564060271744545], [-73.87459894328933, 40.56350864633121], [-73.87624642690393, 40.56310099654799], [-73.88026644423209, 40.561532741337615], [-73.88029022254679, 40.56137455089703], [-73.88128249221315, 40.5613721338798], [-73.88241586728287, 40.56091089700176], [-73.88237441679736, 40.560760430809985], [-73.8825205700058, 40.56088139541361], [-73.88324741562145, 40.56085592198791], [-73.88488436886665, 40.56018236804138], [-73.88485949479872, 40.56004280745817], [-73.88511277798887, 40.56015096173744], [-73.88611109684473, 40.55992191902938], [-73.88696170683072, 40.559558154144696], [-73.88697510801153, 40.55940048299869], [-73.88707182997231, 40.559542104885985], [-73.88789256106375, 40.559510651379725], [-73.88938592166666, 40.55892040014812], [-73.88963947542888, 40.55866435179425], [-73.89021653553587, 40.55881154912181], [-73.89079589630367, 40.55861937890735], [-73.89192354828386, 40.55816042152527], [-73.89213864396184, 40.55787154149421], [-73.89252745099303, 40.55811929404536], [-73.89347065050556, 40.557945578638794], [-73.8949514249942, 40.55729392540959], [-73.89491817266388, 40.55707879579587], [-73.89518458696945, 40.557385037151036], [-73.89551188771085, 40.55741427014987], [-73.89699522942651, 40.55689179163894], [-73.89707956116685, 40.556657433587425], [-73.89735688619311, 40.556998423041996], [-73.89799514796813, 40.55710213718046], [-73.89911718426394, 40.55680035379436], [-73.89912995192725, 40.556641173386005], [-73.90027595919047, 40.556603894783414], [-73.90058581786725, 40.55642220952705], [-73.90070115515823, 40.556633568543404], [-73.90124001641075, 40.55675974374632], [-73.9027942267971, 40.55673299509444], [-73.90691391033216, 40.55560357223029], [-73.91948122277842, 40.55062481534722], [-73.9264190939681, 40.54815578032013], [-73.9305463182744, 40.54642592080485], [-73.93611852939222, 40.54451641432323], [-73.93889756292738, 40.54323973570249], [-73.94047161197716, 40.542863121313246], [-73.94055777426162, 40.54186051024058], [-73.94073545513237, 40.54183396045327], [-73.94012970302184, 40.54800529233841], [-73.94008471877979, 40.5505459430505], [-73.9402735647651, 40.55240827293562], [-73.9399086569573, 40.55383641311394], [-73.93925409758839, 40.55498011004952], [-73.93865563831585, 40.55567659226412], [-73.93647315964121, 40.55693267217087], [-73.93509412137415, 40.557269533479925], [-73.93314015930741, 40.55736376593148], [-73.93177599971375, 40.557899999918845], [-73.9261572327542, 40.561552609723265], [-73.92421461302578, 40.56200131882508], [-73.92107822881373, 40.56207985288503], [-73.92036810280446, 40.56221883246779], [-73.92025963172999, 40.562612293058734], [-73.92009840148403, 40.562571180610185], [-73.92033120142663, 40.562226054886715], [-73.91766081900091, 40.562826149686664], [-73.91455336961286, 40.56435343243398], [-73.913867496264, 40.56460809614203], [-73.9131318012801, 40.564638243946234], [-73.91220200769317, 40.56505456985016], [-73.91188319662992, 40.56499040523887], [-73.91192692070405, 40.56511232857107], [-73.91195464366191, 40.565811322673], [-73.91216181893262, 40.56583625156831], [-73.91197024752503, 40.56586941753265], [-73.9117361534006, 40.56587265348591], [-73.91192551909776, 40.56581386237741], [-73.91185809029383, 40.564995438003514], [-73.91079817683057, 40.56511099583168], [-73.9101009990952, 40.56495600090465], [-73.91003762905775, 40.5647937106021], [-73.90977170611873, 40.565305405307726], [-73.90971684925964, 40.565287425461364], [-73.91002307642118, 40.56478020953865], [-73.90976258436969, 40.56428483692834], [-73.90927708149044, 40.56399712415325], [-73.90872545136813, 40.56393129153775], [-73.90791915969069, 40.564148439869946], [-73.90809155650997, 40.56372163135072], [-73.90798575997265, 40.5634424416282], [-73.90664724115204, 40.5627859141763], [-73.90594382875167, 40.56268858209382], [-73.90469455455373, 40.562827185602046], [-73.90287143330069, 40.56351486420628], [-73.90244774461503, 40.5628995090335], [-73.90161118167623, 40.562751450374535], [-73.9000039209185, 40.563215692415135], [-73.89613262445299, 40.56535842756706], [-73.8953372502706, 40.56633210037106], [-73.89567174387955, 40.56703164344951], [-73.89544795884379, 40.56685850603514], [-73.8951870492531, 40.566913600827796], [-73.89504632135142, 40.56719091469678], [-73.89413028093446, 40.56782014965302], [-73.89261013445609, 40.568587247286864], [-73.8901649592118, 40.568228524775535], [-73.88959492449194, 40.567941890234266], [-73.88911103072223, 40.56791623669109], [-73.88836803030881, 40.568144925928046], [-73.88786222508217, 40.5680380449867], [-73.88654683936431, 40.56847097810963], [-73.88534183019684, 40.568599348654836], [-73.88489678220193, 40.56849958487709], [-73.88430973105274, 40.568696119538856], [-73.8848870712472, 40.568470205668945], [-73.88475594832832, 40.56828913918762], [-73.88467738972615, 40.56844134239836], [-73.8842987608294, 40.56843680205324], [-73.88473689799127, 40.568268513240795], [-73.88445975335584, 40.56789283675905], [-73.88416646626057, 40.56800195156418], [-73.8842560545, 40.56815713340258], [-73.88414806727037, 40.56800897730134], [-73.8839890745021, 40.56806016069439], [-73.88407171935152, 40.56819501413367], [-73.88397412531297, 40.56806497313373], [-73.8837910370301, 40.56812391182736], [-73.88402340092395, 40.568503115611016], [-73.88378086756106, 40.568127185960066], [-73.88357670672721, 40.568209769754425], [-73.8836919497781, 40.568395359722864], [-73.88347850081561, 40.56847311410515], [-73.88390427884407, 40.56890620425947], [-73.88368728096324, 40.56884340483251], [-73.88336927316188, 40.56833185975111], [-73.88262970640685, 40.56836892982529], [-73.88192258910135, 40.56873144152582], [-73.87867467361689, 40.56863993983815], [-73.87780808995733, 40.56880063006328], [-73.87598454034418, 40.56951979017176], [-73.86554317468638, 40.57464212861272], [-73.85305549585115, 40.5812552678552], [-73.8504438514919, 40.58213024358158], [-73.84861053538305, 40.58218814214382], [-73.84520566344791, 40.581579857050656], [-73.83935385899039, 40.58185726280565], [-73.83895663981416, 40.58257425854722], [-73.83855306451234, 40.582791713796865], [-73.83584080097415, 40.582878939362296], [-73.8285247126134, 40.584854219879965], [-73.82803653640441, 40.58605288672693], [-73.82476427875102, 40.58703921577244], [-73.82481333907114, 40.58715132203617], [-73.82474352289884, 40.58704514197381], [-73.82293688631506, 40.58749164972767], [-73.82145971991768, 40.58676992492142], [-73.81741586147426, 40.58891701410987], [-73.81763800450648, 40.58928579898281], [-73.81674197582348, 40.58931916984608], [-73.81524832375074, 40.58998905629307], [-73.81470067461719, 40.59061058988834], [-73.81363221410827, 40.59079363189797], [-73.81325671566422, 40.591046302491165], [-73.81358856612626, 40.59169768582372], [-73.81323474432726, 40.59107073951525], [-73.81312991669729, 40.59124662634191], [-73.8122433822537, 40.59132582310244], [-73.81170344836342, 40.59159374663815], [-73.81151303182712, 40.59178349031704], [-73.81149423585859, 40.59290132669704], [-73.81133463623162, 40.59174462318005], [-73.8110076658511, 40.591768297259925], [-73.8108179187449, 40.59209026919882], [-73.8109501895272, 40.592503059144754], [-73.81138593152033, 40.59244231845475], [-73.81140751227157, 40.5928712572389], [-73.81107287021051, 40.59302233057227], [-73.81137383935804, 40.59286110160779], [-73.8113733128964, 40.592703054284385], [-73.81074974913332, 40.59279211355274], [-73.81137347255543, 40.592684499633314], [-73.81135829315778, 40.59246258404517], [-73.81093965894601, 40.59254684780684], [-73.81080537904415, 40.59209209573534], [-73.80989929913342, 40.59227095388668], [-73.8100392058452, 40.5930779100418], [-73.80990340300143, 40.59308077605193], [-73.80977831849519, 40.592399027786385], [-73.80973138393709, 40.5924041860535], [-73.8098074971652, 40.592710409504946], [-73.80970982436389, 40.59243960833961], [-73.809486657449, 40.59276603513677], [-73.80961196378863, 40.59357698426387], [-73.80687456746377, 40.592264953872444], [-73.80602807459842, 40.59200930900474], [-73.80574947643512, 40.59075800929481], [-73.80582389773117, 40.5918893251901], [-73.80433925403108, 40.591310757653716], [-73.80416569103024, 40.59185470983296], [-73.80781870474202, 40.59336543783759], [-73.80804688683963, 40.59365031287636], [-73.80781142831067, 40.59390737987563], [-73.80797687598292, 40.59416141594834], [-73.80711253952029, 40.59528407542448], [-73.80604149807385, 40.595554555213724], [-73.80485298477258, 40.595056336043505], [-73.80411459954651, 40.594319170453566], [-73.80400883285992, 40.59376772491013], [-73.80412568015268, 40.59351380510341], [-73.80380902231202, 40.59289116392555], [-73.80361739455432, 40.59294133774397], [-73.80303153999354, 40.59257718949023], [-73.8024384629031, 40.59264006383529], [-73.80250965087272, 40.59394812804169], [-73.80313503440718, 40.593757943071374], [-73.80318082190897, 40.59394537813114], [-73.80251304282976, 40.59396685179259], [-73.8025683760107, 40.5942722669944], [-73.80324253170998, 40.59408723986565], [-73.80328793893025, 40.59428211589189], [-73.8032402429577, 40.59420405487734], [-73.80260442850975, 40.594287751542616], [-73.80270983859073, 40.5943064330323], [-73.80234513845657, 40.59449597525708], [-73.8031857440441, 40.59466300284184], [-73.80344017041448, 40.594434209177074], [-73.80319675364944, 40.59467819988342], [-73.80337754303827, 40.59486904065922], [-73.80365519313345, 40.59473064253283], [-73.80372454267375, 40.59481711198008], [-73.80365167080724, 40.59475314278176], [-73.8033846803619, 40.59488526035886], [-73.80320010623193, 40.5948728464243], [-73.80338472349312, 40.59494958008786], [-73.80320704407237, 40.59500968361729], [-73.80339097327904, 40.59500651249434], [-73.80321494251257, 40.59514564845081], [-73.80390842264723, 40.59500481383502], [-73.80331453729211, 40.595179561437085], [-73.80368468695728, 40.595197790184], [-73.80464045411601, 40.59630984424345], [-73.80511185479908, 40.597151047998324], [-73.80470214568541, 40.59768311083306], [-73.80393338922408, 40.5979434985841], [-73.80297943325748, 40.59884430455319], [-73.80167092680178, 40.59889630926962], [-73.80094867862815, 40.59915166462005], [-73.80091500623965, 40.599390761135986], [-73.80077654707614, 40.59916236047854], [-73.80049526371978, 40.599204368068776], [-73.8004737922779, 40.599331559123904], [-73.80045131861475, 40.59918256837792], [-73.7991604000904, 40.59925813809737], [-73.79919690825373, 40.599369394967], [-73.79912877642295, 40.59937335357057], [-73.79914024196671, 40.599258494216095], [-73.79843078589475, 40.59917371408129], [-73.7955463762112, 40.59949676214924], [-73.79457261550553, 40.59942073709405], [-73.79387366084666, 40.599606708589356], [-73.79330901736344, 40.59998118333964], [-73.79233121548148, 40.59996928119776], [-73.79025353547168, 40.60125130259844], [-73.7878557488172, 40.60311334463552], [-73.78635332811808, 40.603194659038635], [-73.78617884041223, 40.603032062874576], [-73.78716241855369, 40.602326431072505], [-73.78792994192816, 40.600995302548746], [-73.78953462130681, 40.599971814926825], [-73.79033378979435, 40.59919828434164], [-73.79124272166956, 40.59662652165146], [-73.79093142251077, 40.59596118340673], [-73.79103617492395, 40.59552224010589], [-73.79086292379877, 40.59501313776418], [-73.79042048230744, 40.59475269551106], [-73.79057004196036, 40.594951800299924], [-73.79080626141678, 40.596093395884445], [-73.79059442974024, 40.596108384773], [-73.79053857666516, 40.59498078405622], [-73.7903193247473, 40.594861655403946], [-73.79037896334765, 40.594751965913304], [-73.79015263648805, 40.59476820227299], [-73.79031625476225, 40.59604819893959], [-73.79042481472277, 40.59605393215407], [-73.79017830001315, 40.596071319704606], [-73.79028151177363, 40.596051416106384], [-73.79013119491621, 40.594822874798695], [-73.78975503447937, 40.59473725030945], [-73.78987360648384, 40.596204443784735], [-73.78999909439095, 40.59620894350346], [-73.78969872360817, 40.59622803991152], [-73.78984110232885, 40.59620694688005], [-73.78967389675819, 40.59486047590034], [-73.78940242709974, 40.594949785523895], [-73.78911306667307, 40.59547475633231], [-73.78926858096266, 40.59645372374903], [-73.78906829121502, 40.59801992738281], [-73.78710231226577, 40.599443300892595], [-73.78662409463627, 40.60001863317852], [-73.78597109766216, 40.60031649181488], [-73.78579378813426, 40.60056892849607], [-73.78614358698641, 40.600648618751876], [-73.78578006551935, 40.60059326189322], [-73.78564205273257, 40.600797194521064], [-73.78598359117777, 40.6009182379421], [-73.78563276373285, 40.60081638362869], [-73.78539358087029, 40.60151802170865], [-73.784482331704, 40.601800098583105], [-73.78350560905308, 40.602563438742955], [-73.78312802405904, 40.603760992350715], [-73.78348138271414, 40.60404783631382], [-73.78394764971192, 40.60482442511702], [-73.78366696292407, 40.60532443643193], [-73.78040832267868, 40.60842597482822], [-73.77940143922393, 40.60922626068258], [-73.77856806939954, 40.609643663429175], [-73.77727898274846, 40.609849113092125], [-73.7762653833009, 40.60964903839193], [-73.77535164745716, 40.6097374069645], [-73.77422234411387, 40.60889323163547], [-73.77422269363423, 40.608601128640494], [-73.77481441008918, 40.60839956311252], [-73.77421737753347, 40.607636638971606], [-73.77432541481345, 40.607456943493446], [-73.77460294599074, 40.607417648882716], [-73.77484886546486, 40.60802483315987], [-73.77523851986172, 40.608550943000495], [-73.77600772152827, 40.609190754248324], [-73.77494598484249, 40.60806542027086], [-73.77459009469662, 40.60729765659303], [-73.77458447675636, 40.60652596732092], [-73.77518711261325, 40.60450025631871], [-73.77468798964632, 40.60432464838939], [-73.77491373899659, 40.60411251323256], [-73.7753760831684, 40.604157308868], [-73.7758814058216, 40.603471681753604], [-73.77605391761065, 40.60275289440248], [-73.77558895434596, 40.603040299588166], [-73.77568814362705, 40.60281474067073], [-73.776057935551, 40.60251331742237], [-73.77647924254978, 40.6024481766436], [-73.77662545802484, 40.60220777828833], [-73.77648988688918, 40.6021717256867], [-73.77780302365805, 40.60096655220429], [-73.77808327751664, 40.60079984336888], [-73.77836872918753, 40.60083878005197], [-73.77807565215485, 40.60070077436686], [-73.77818086978304, 40.60038554108597], [-73.78010900085108, 40.600727429033945], [-73.78081083231405, 40.599947754527214], [-73.78190681007317, 40.5991141653403], [-73.78193601357016, 40.59853114424349], [-73.78135874440784, 40.597969371289764], [-73.7813297399812, 40.5977530374471], [-73.78018334425897, 40.59721257020608], [-73.78016845573181, 40.59689762724704], [-73.78005719891783, 40.596877499102824], [-73.77967070333735, 40.597372167384165], [-73.77904364405249, 40.59764939932374], [-73.77742174810759, 40.598812404361524], [-73.7771985062932, 40.59957695925321], [-73.77600163850968, 40.60139432390505], [-73.77560049633007, 40.60164845314329], [-73.77497207353781, 40.601744487092105], [-73.77474212725778, 40.600963425935355], [-73.77448133964758, 40.60098770385091], [-73.77474724721814, 40.60094979034346], [-73.77464033629722, 40.6008376563497], [-73.77474285021891, 40.60074378310963], [-73.77411995096888, 40.59988138179279], [-73.77422338457663, 40.599005218240656], [-73.77374432839068, 40.59867015398173], [-73.77358545261635, 40.59812047326169], [-73.77302409952458, 40.597881081674394], [-73.77248585757451, 40.5978938375396], [-73.77167906670005, 40.597981577039775], [-73.7711284962987, 40.598298728552216], [-73.77037277058409, 40.5980900923546], [-73.76947725109342, 40.598257769952724], [-73.76812285376313, 40.597824359474956], [-73.76793592288794, 40.5981397063817], [-73.76826549483131, 40.598332444290854], [-73.76970071986851, 40.598640131026464], [-73.77033634816473, 40.59898422333293], [-73.77093086474137, 40.59885759912524], [-73.7711605243632, 40.599422452073945], [-73.77111103445863, 40.60054602854758], [-73.77073733384827, 40.60153550225501], [-73.77083917528664, 40.601810916096454], [-73.7707438331867, 40.60194531862126], [-73.77061758814736, 40.60186873098181], [-73.77018588274089, 40.6027488233253], [-73.7704203681374, 40.602941983419], [-73.77016122222508, 40.60308652353239], [-73.77037750437735, 40.60357862357139], [-73.77056521407658, 40.604840409753685], [-73.77000932453467, 40.60533671530755], [-73.77006342333695, 40.60565634562673], [-73.76983622740686, 40.6062780087497], [-73.7700124964802, 40.60722879213212], [-73.76977758264542, 40.60753527214348], [-73.76978386359882, 40.60792703951319], [-73.76922465174273, 40.60844469432266], [-73.7689408198736, 40.60912900559097], [-73.76900078034944, 40.609391552985024], [-73.76917976560823, 40.60970087375642], [-73.76981818454385, 40.610087875920954], [-73.77125101879666, 40.61038983659943], [-73.77184662279294, 40.610824244209795], [-73.77223450234507, 40.61150167675047], [-73.77340389078988, 40.61109044877929], [-73.77296268686533, 40.610152762945916], [-73.7737676775312, 40.611256222475696], [-73.77393827753912, 40.61212015175388], [-73.77417184679693, 40.6118296699465], [-73.77383738128351, 40.61290764039653], [-73.77338597971364, 40.61367506630641], [-73.77296761789115, 40.61355936092582], [-73.77174156702765, 40.613961049954995], [-73.76933085131219, 40.61397452507607], [-73.76835465017773, 40.6142271484737], [-73.76669139771343, 40.61425465494768]]], [[[-73.76671931113236, 40.61500423164779], [-73.77087500376955, 40.61586372321711], [-73.76854868123357, 40.62055967827347], [-73.76745926950538, 40.620511322062725], [-73.76671931113236, 40.61500423164779]]], [[[-73.81251793553056, 40.620199822550774], [-73.81268781281688, 40.62046327842576], [-73.81260967501093, 40.62064741708903], [-73.81252103477573, 40.620448693034255], [-73.81251793553056, 40.620199822550774]]], [[[-73.83179316908026, 40.62447358608458], [-73.83227940196075, 40.623735169593665], [-73.83251299388654, 40.62301030437801], [-73.83241551492004, 40.622924796385576], [-73.83275070786428, 40.62282811330856], [-73.83309705335392, 40.622414745835975], [-73.83311492954182, 40.62198383443096], [-73.83324923690202, 40.622016740711636], [-73.83305164268688, 40.62191405380073], [-73.83310822090128, 40.621680888575426], [-73.83368214952584, 40.6213813056866], [-73.83362242002327, 40.622602638829676], [-73.83335781963935, 40.622559727163576], [-73.83308424999186, 40.62276139830832], [-73.83303086384613, 40.623067360007525], [-73.83322850123331, 40.62335651084696], [-73.83267620048598, 40.623908275227016], [-73.8327713438081, 40.62403071789868], [-73.83306310884076, 40.623691260532674], [-73.83325934713386, 40.62383125984254], [-73.83340903770527, 40.62354801788834], [-73.83357550708041, 40.6235979172804], [-73.8335592394641, 40.62393603450107], [-73.83315963604298, 40.62419691465541], [-73.83269995491797, 40.62422803677827], [-73.83215639047248, 40.62469217942128], [-73.83179316908026, 40.62447358608458]]], [[[-73.8122341921654, 40.625300088367574], [-73.8122505778737, 40.62455183351797], [-73.81243857462384, 40.62453469825414], [-73.81243789543497, 40.62439644777375], [-73.81219938914215, 40.62407387698447], [-73.81173457107452, 40.623866777666265], [-73.81168078177706, 40.62364964369981], [-73.81208344133675, 40.62339172841343], [-73.81251579982312, 40.623539448327776], [-73.81252991145611, 40.62313395335935], [-73.81301265177471, 40.62226022792422], [-73.813250953106, 40.62255809207517], [-73.8130319049184, 40.6238567684221], [-73.8139968299479, 40.62499917262055], [-73.81386198761575, 40.62504389942085], [-73.81442910028773, 40.625186782534364], [-73.81447870774272, 40.625470874311084], [-73.81383288662272, 40.625926233997795], [-73.81260003612245, 40.626318868060984], [-73.81249149581198, 40.62654067531403], [-73.81198752013151, 40.62602204367667], [-73.8122341921654, 40.625300088367574]]], [[[-73.7989766379127, 40.62533756241364], [-73.79866235955059, 40.625371825352055], [-73.79781573308009, 40.624453154455075], [-73.7979652912656, 40.62435449039977], [-73.79820877848233, 40.62445724468067], [-73.79875482519184, 40.62507775814774], [-73.79941960846398, 40.624804281492864], [-73.80037265255179, 40.624108341700286], [-73.80036269148214, 40.62393509857876], [-73.79922701509861, 40.62419346436876], [-73.79869931815023, 40.62366482286536], [-73.79867716995602, 40.62343495448778], [-73.79974914103252, 40.62105401018869], [-73.79983636671778, 40.62005774248742], [-73.80016273997366, 40.619626849807965], [-73.80074082550813, 40.61948507765282], [-73.8011217454249, 40.619698781365905], [-73.80181355944615, 40.62083123680774], [-73.80206419853624, 40.62079091379661], [-73.80131044905464, 40.61854287376459], [-73.80149300444626, 40.618409384538204], [-73.80151104449415, 40.61772390806265], [-73.80187093707063, 40.61676936008928], [-73.80347411308159, 40.6144009639251], [-73.80362092326818, 40.61602056562998], [-73.80453517195802, 40.61698403726671], [-73.80447871168393, 40.61755341576564], [-73.8049256253514, 40.618587594611945], [-73.80589870617261, 40.61961911276764], [-73.80564293053473, 40.619891759601984], [-73.80640927866622, 40.621113071688974], [-73.8061672281016, 40.62137379458401], [-73.80629105268979, 40.62173604591741], [-73.80615277847392, 40.62182593616892], [-73.80640950588405, 40.62233955652874], [-73.80594981646442, 40.62338033894661], [-73.80541649344103, 40.62379186193321], [-73.8046603866242, 40.62384293892274], [-73.80469918889246, 40.62398747729082], [-73.80365377301744, 40.62468100369328], [-73.80294573122995, 40.62471800433303], [-73.80196629631449, 40.62522781432319], [-73.80162741972283, 40.62559619023175], [-73.79956441906673, 40.62612023504819], [-73.79906021857397, 40.626580525921945], [-73.79831656079713, 40.62618185121418], [-73.79759190359371, 40.62610142269964], [-73.7989766379127, 40.62533756241364]]], [[[-73.81429373223955, 40.629142401746066], [-73.81466886840825, 40.627502561822915], [-73.81531549213119, 40.62775854451804], [-73.81617361615918, 40.62890143519914], [-73.81644551897877, 40.62983606492812], [-73.81596975872556, 40.63037871835661], [-73.81527605467807, 40.63022810473038], [-73.81467414305273, 40.629985289404814], [-73.81429373223955, 40.629142401746066]]], [[[-73.83597646795205, 40.63221669553862], [-73.83506314024721, 40.63184423697649], [-73.83506421195499, 40.631725749520704], [-73.83570839895008, 40.6313166974463], [-73.83593708948864, 40.631349653596665], [-73.83618912093954, 40.63164536587245], [-73.83619745652483, 40.63203014836595], [-73.83597646795205, 40.63221669553862]]], [[[-73.82337592129343, 40.6389876558978], [-73.82277105438676, 40.63557691408522], [-73.8219820134843, 40.63362622386876], [-73.8218460425281, 40.632040188437514], [-73.8206721594249, 40.62891486142964], [-73.82010003490798, 40.627817036143554], [-73.81825637269327, 40.62699602275209], [-73.81823704984782, 40.62638710371675], [-73.81788868097152, 40.62590845014476], [-73.81623096121099, 40.62468982584848], [-73.81617548983075, 40.62441264003516], [-73.81675264711568, 40.623948497825864], [-73.81795284720822, 40.62409327961497], [-73.81864345115447, 40.62337490435807], [-73.81866204286725, 40.62288315619305], [-73.81754878054136, 40.62208740125605], [-73.81757890289364, 40.621756160877716], [-73.81672238365486, 40.62156829289307], [-73.81662369893492, 40.621967233980016], [-73.81620712114795, 40.62208787725209], [-73.81538719158678, 40.62149777964196], [-73.81530722245182, 40.62068726510901], [-73.81543174704281, 40.62011653124242], [-73.81718053878453, 40.61926727449339], [-73.81744426111126, 40.61891175540937], [-73.81744645138964, 40.61811089649395], [-73.81777429834501, 40.61750112169583], [-73.81751717814046, 40.616396412164654], [-73.81716846137088, 40.615843197722434], [-73.81711893622202, 40.61528219234564], [-73.81652681178392, 40.614947009657755], [-73.81658428920488, 40.61460591790125], [-73.81643150379566, 40.61428233493024], [-73.81471812627856, 40.614496088552116], [-73.81444032345223, 40.61474903867091], [-73.81408062432926, 40.61455840923651], [-73.81416449897701, 40.61429106964102], [-73.8146826267648, 40.61397515785526], [-73.81486725972125, 40.614010649752984], [-73.814857222891, 40.61429922621505], [-73.81549526637566, 40.61403981513337], [-73.81479563255313, 40.61319402998148], [-73.81503638494628, 40.612976213749604], [-73.81523956494529, 40.61298357925743], [-73.81546948317039, 40.61334292951119], [-73.81615626632505, 40.61294211551001], [-73.81559858779343, 40.61067251632982], [-73.81540366189823, 40.610384802015666], [-73.81450261566708, 40.61105847350561], [-73.81449876827786, 40.610735453659466], [-73.8152072079898, 40.60981673359354], [-73.81477073792465, 40.60885102878037], [-73.81476257639542, 40.608463880054146], [-73.8150612987872, 40.60731703028013], [-73.81574174063815, 40.60646524523569], [-73.81546066483212, 40.6064281375102], [-73.81552816722274, 40.60616306994531], [-73.81552536723665, 40.60640738028222], [-73.81595962002545, 40.60626248335362], [-73.81588829778464, 40.605929034359384], [-73.81642529923076, 40.60522412357405], [-73.81739192106656, 40.60515812378444], [-73.81725370593384, 40.60394032469204], [-73.81772032638688, 40.60222499974124], [-73.81831121054302, 40.60133971221262], [-73.8184906612075, 40.59938955947936], [-73.81928142201772, 40.597529610374195], [-73.82033688571455, 40.596648998119115], [-73.82067265991827, 40.59519570617121], [-73.82093095273319, 40.59510806161083], [-73.82120035429043, 40.59471229444084], [-73.82413506905908, 40.59463305674822], [-73.82547793498115, 40.59508065758445], [-73.82725223873041, 40.59476900251279], [-73.82887841315672, 40.59480520988159], [-73.83321744106286, 40.59421758738759], [-73.83425247335776, 40.59465991963079], [-73.83472137081068, 40.59505550964593], [-73.83484699931749, 40.595542999938765], [-73.83420099977327, 40.596656999982834], [-73.83348999898381, 40.59691600036536], [-73.83336099929949, 40.59723600025936], [-73.83250811841818, 40.5975733114887], [-73.83239364453681, 40.59780335338253], [-73.83154105940143, 40.59795102605527], [-73.83062852179019, 40.59743342572443], [-73.83038922482262, 40.59773401958448], [-73.82948341823246, 40.59813394190277], [-73.82909777422338, 40.59776345522084], [-73.82806159675417, 40.597680402649004], [-73.82784691505302, 40.597999838263725], [-73.82722092998502, 40.598331194570825], [-73.82710314493119, 40.59868868550891], [-73.82689527232385, 40.59870525192914], [-73.82597985976518, 40.59947206719302], [-73.82584854764572, 40.59944023957904], [-73.82590629481444, 40.59910995813468], [-73.8255679068459, 40.598548148082806], [-73.82507610767705, 40.59821464360029], [-73.82465420597276, 40.59814924670191], [-73.82431733671001, 40.598313105032126], [-73.82395871058286, 40.59887689667741], [-73.82452271276402, 40.59895126399077], [-73.82477088992478, 40.59839184387438], [-73.82452624858544, 40.59912902722351], [-73.82439004315057, 40.59909811302662], [-73.8245173365546, 40.59896580873323], [-73.82407791355006, 40.59890920383319], [-73.82421870377345, 40.59907448791854], [-73.82416569888665, 40.59929937966726], [-73.82376612281246, 40.6000400708211], [-73.8231174097477, 40.600079492525545], [-73.82303195166874, 40.599930516884534], [-73.82304007849358, 40.60006807478603], [-73.82292757811202, 40.60006142816328], [-73.8230043648484, 40.59992561939652], [-73.82194441759793, 40.59980115597868], [-73.82146929833688, 40.5999937227705], [-73.82234362281869, 40.60022566140793], [-73.8244364376235, 40.60034498385241], [-73.82445218008932, 40.60079696268867], [-73.82398900124126, 40.601001987127255], [-73.82353972095224, 40.60155944884736], [-73.82361588815041, 40.602286492616464], [-73.82306721637882, 40.60234199290526], [-73.82294484740481, 40.60258290946803], [-73.82276563477782, 40.60420260506932], [-73.82290283003623, 40.60468726854162], [-73.82246746702465, 40.605524982822864], [-73.82290463377643, 40.60585127692718], [-73.82236000876237, 40.6064692606603], [-73.82211377780332, 40.60647195617033], [-73.82126470342858, 40.607002850410694], [-73.82090456126085, 40.6077812462184], [-73.82003243563568, 40.6089236562611], [-73.81998227947363, 40.60956038570806], [-73.8196179536215, 40.61047904106448], [-73.82057595436513, 40.61223314088143], [-73.82087841790126, 40.61225734582031], [-73.8212842105288, 40.61109692878374], [-73.82054872610354, 40.610430824209075], [-73.82055813673692, 40.60995210896398], [-73.82085878505866, 40.60923105827144], [-73.8211463708443, 40.60906241107153], [-73.82138268125638, 40.60854554494699], [-73.82161460089128, 40.60848031922795], [-73.82182531339917, 40.60896399718613], [-73.82166797839004, 40.6092323166076], [-73.82186205241341, 40.60986921256868], [-73.82233079781186, 40.61028770325489], [-73.82289233348577, 40.61033702219424], [-73.8231948971962, 40.61093783561613], [-73.8240041278941, 40.611631768409914], [-73.82410327024171, 40.61232609748477], [-73.82467451637949, 40.612419914122775], [-73.82468584347531, 40.61307641875681], [-73.82520683961239, 40.613494977196105], [-73.82555758997881, 40.61413210471092], [-73.82593603373292, 40.614162518209454], [-73.82635390865963, 40.61378615702382], [-73.82725636632989, 40.61337871412473], [-73.82758192904869, 40.61366765928377], [-73.82787525471795, 40.6136976285986], [-73.82724153726997, 40.61406502057209], [-73.82750222609539, 40.61420466672039], [-73.82845503182496, 40.61421603915189], [-73.83091996001424, 40.61500548703367], [-73.83202970906646, 40.614897699860755], [-73.83401888200429, 40.61438116642084], [-73.83370152272246, 40.62097860134445], [-73.83305141576972, 40.621258402302324], [-73.83254808933157, 40.62175118579051], [-73.83184042639812, 40.62185113165438], [-73.83158798714337, 40.62203280792532], [-73.83267659706027, 40.62186372945782], [-73.83288847088824, 40.62222670758022], [-73.83258868618613, 40.62268138655907], [-73.83226185529757, 40.62275486652901], [-73.83140373147658, 40.622403625633076], [-73.8310157246783, 40.62277620382532], [-73.83068121153691, 40.62262568383186], [-73.83052370974471, 40.62235360434425], [-73.83038723126813, 40.62239084765799], [-73.83007365663765, 40.62304352530052], [-73.83020445003761, 40.62339933649976], [-73.83006115910028, 40.623414968837906], [-73.82995644707326, 40.62370529413609], [-73.82986943301313, 40.62339708014447], [-73.82978788833101, 40.62366279286652], [-73.8294780269887, 40.62376268123582], [-73.82918809223509, 40.62420061235312], [-73.82966176956205, 40.62419251317588], [-73.83011324801448, 40.623828760152406], [-73.83052465124355, 40.6228663820485], [-73.8303329445102, 40.62284145156669], [-73.83041434354294, 40.62263207389433], [-73.83087816625292, 40.62286162045542], [-73.83087767556657, 40.62305527344121], [-73.83060452993696, 40.62325556691438], [-73.83070726903051, 40.62374161247121], [-73.83051059069992, 40.62385399316839], [-73.8304615157621, 40.62407222103477], [-73.83076749837994, 40.62368008429893], [-73.83065303587401, 40.62326091989706], [-73.83097680227662, 40.623143443177675], [-73.83109518037863, 40.622928837873296], [-73.83153198708683, 40.622878424490416], [-73.83192859030004, 40.62319589289803], [-73.8317422448339, 40.622876972518945], [-73.83213427171916, 40.62317682822493], [-73.83154862281849, 40.62409694559084], [-73.83096500894293, 40.624576128513986], [-73.83092041000836, 40.62483003727265], [-73.83134486557041, 40.625006488972424], [-73.83117219170973, 40.625209973436384], [-73.83076902736457, 40.62530427213957], [-73.83095160908779, 40.62552781454566], [-73.83067982778967, 40.62581208994589], [-73.83062761781095, 40.62617762415609], [-73.83082381413473, 40.62681145290815], [-73.83166916554818, 40.62713365027187], [-73.8321787436578, 40.626969729985774], [-73.83230301496197, 40.627078758414], [-73.83219237956543, 40.62737443423205], [-73.83247393097037, 40.62757579181237], [-73.83228937353509, 40.6281337074823], [-73.83177644033681, 40.62817203073235], [-73.831566868123, 40.628478725917205], [-73.83161746228417, 40.62875231114935], [-73.83187722233448, 40.628881074079985], [-73.83163269210466, 40.628523477340465], [-73.83188632030816, 40.62817777385255], [-73.83213874488474, 40.62830931583892], [-73.83262605056804, 40.62826537176936], [-73.83301154481349, 40.627919857691154], [-73.83304100907748, 40.62826127106071], [-73.83286528731682, 40.62840835026277], [-73.83289548956779, 40.628903478733164], [-73.83236036671221, 40.62914225774749], [-73.83196080768133, 40.629652729879474], [-73.83189666398192, 40.63057239405233], [-73.83114653243689, 40.632843912759505], [-73.83133112864137, 40.63361769142781], [-73.83193878472683, 40.63423622542862], [-73.83195787786688, 40.634978880565974], [-73.83249094435719, 40.63557855183574], [-73.83340607979225, 40.638501355899244], [-73.83289974361197, 40.638862685067], [-73.83221658819181, 40.638928490220955], [-73.82866782109734, 40.63661471844817], [-73.82808567353285, 40.63587972683679], [-73.82591657934665, 40.6357474128444], [-73.82505098233976, 40.635905260667606], [-73.82443032497171, 40.636216520538326], [-73.8241357769007, 40.63878799670474], [-73.8245737989033, 40.63935387323939], [-73.82419331921291, 40.639954072163256], [-73.82337592129343, 40.6389876558978]]], [[[-73.85722330984467, 40.65027867003902], [-73.86001322890975, 40.65397342586228], [-73.86098917353907, 40.65520976710535], [-73.86045463170862, 40.65506710736632], [-73.85979242750741, 40.65447615737723], [-73.85975533673269, 40.654104176189925], [-73.85941022942697, 40.65386473742254], [-73.85944474027156, 40.65363754760193], [-73.85904529229782, 40.6531079760841], [-73.8589800291315, 40.652675457834874], [-73.85731941515513, 40.651237099008036], [-73.85695870357802, 40.65058737397536], [-73.85722330984467, 40.65027867003902]]], [[[-73.83032725337058, 40.65513280580348], [-73.83026601851492, 40.65542864678493], [-73.82988919856007, 40.65552282258423], [-73.82994556435834, 40.655424494353106], [-73.83032725337058, 40.65513280580348]]], [[[-73.74506031149622, 40.77914294344399], [-73.7442928977755, 40.77874726192362], [-73.74454629709695, 40.77885465064734], [-73.74481235604424, 40.77855689759709], [-73.74506031149622, 40.77914294344399]]], [[[-73.74672457150356, 40.78030652579986], [-73.74559224340423, 40.779580678768696], [-73.74581872949014, 40.77966671687365], [-73.74682065555056, 40.77937431015796], [-73.74724480713074, 40.78007634470967], [-73.74672457150356, 40.78030652579986]]], [[[-73.87280920016116, 40.785903109100175], [-73.87282839783694, 40.78595446173851], [-73.8727740594054, 40.78594192145899], [-73.87280920016116, 40.785903109100175]]], [[[-73.82049919995305, 40.80101146781918], [-73.82040454927233, 40.80063950029266], [-73.81980523634644, 40.800801504342196], [-73.81921618006402, 40.800593910906066], [-73.81720813882664, 40.799207280155606], [-73.81683930840019, 40.79910594049199], [-73.81657109077604, 40.799413014079235], [-73.81681915722316, 40.79910040359167], [-73.81645932359675, 40.79934597886538], [-73.81668071668226, 40.79906236552365], [-73.81611363334432, 40.79860807179844], [-73.81577416779801, 40.79902316255748], [-73.81607935134174, 40.798571558752606], [-73.81367907633184, 40.79754578791111], [-73.81369963725118, 40.79707941616787], [-73.81335317201021, 40.797668956460754], [-73.81363525453949, 40.797047217929965], [-73.81350297415896, 40.796944259208566], [-73.81324649695341, 40.79721182110095], [-73.81299031078437, 40.79729202746197], [-73.81287448914716, 40.797177142464314], [-73.81254798974523, 40.79804706496227], [-73.812241844721, 40.79812582792799], [-73.81179002769389, 40.798026331252196], [-73.8118216186102, 40.797458676831525], [-73.81160781380004, 40.7973724068806], [-73.80636331452413, 40.796393605940445], [-73.80623135012367, 40.79681747758304], [-73.80633076714658, 40.796392740436204], [-73.80588581379813, 40.796474889536334], [-73.80539573274972, 40.79617082151356], [-73.80531711659242, 40.79650607735334], [-73.80533944487564, 40.796163928288955], [-73.8046717376879, 40.79616746916423], [-73.80462782077817, 40.7963650031179], [-73.80462441010488, 40.79614268750681], [-73.804348259354, 40.796214090992954], [-73.80427353614888, 40.79664126132858], [-73.80431138699923, 40.79621287616021], [-73.80416535642863, 40.79622900877702], [-73.80411497749733, 40.796680821298224], [-73.8041364476697, 40.79623423117794], [-73.80400524331003, 40.796267358935445], [-73.80395475397938, 40.796649389018114], [-73.80397418925072, 40.79627825591984], [-73.8038740040376, 40.79631431268693], [-73.8038132886805, 40.796535257222786], [-73.80382294196009, 40.79633501284118], [-73.8036430150915, 40.79640608550776], [-73.80360589996478, 40.796632312001734], [-73.80361288546553, 40.7964208568207], [-73.80348346265232, 40.796471111963896], [-73.80339957357363, 40.796914939728225], [-73.80346376409219, 40.79647441431047], [-73.80320549847465, 40.79707662364332], [-73.80326066918603, 40.79670649150609], [-73.80298007089937, 40.79670872563904], [-73.80295830316693, 40.79640959084296], [-73.80257934475047, 40.796295443136295], [-73.80201128805103, 40.796275423675354], [-73.80177947698411, 40.79631614185276], [-73.8017454308867, 40.79651240610313], [-73.80175550251785, 40.79632129591821], [-73.80101126230589, 40.79652237458978], [-73.80087826048806, 40.796337894142624], [-73.80062184740085, 40.79642676236068], [-73.80029381645107, 40.79625497300612], [-73.80020438000442, 40.796270053945584], [-73.80016302405886, 40.79644886383362], [-73.80012861512493, 40.796446820337984], [-73.80018235388113, 40.79626691369701], [-73.79968067900413, 40.7961745027066], [-73.79960548292512, 40.796332220605855], [-73.79932384219151, 40.796094485028], [-73.79789832687067, 40.79555922141944], [-73.79766994008861, 40.79599382238195], [-73.79758295471345, 40.795967202154976], [-73.79787014914558, 40.79555201264411], [-73.79673567660238, 40.795208942918215], [-73.79648690334348, 40.795645779441415], [-73.79670587562353, 40.79519762544946], [-73.79649931607187, 40.79511802527783], [-73.79459777358382, 40.794937771136084], [-73.79438179101034, 40.79479269064145], [-73.79456001584924, 40.7947462233638], [-73.79432197990842, 40.794345658835766], [-73.79431655010146, 40.793582244049624], [-73.79464168117113, 40.793105757142804], [-73.79458133808622, 40.792706357811355], [-73.79484353308989, 40.79253110011444], [-73.79494377022742, 40.791750694240235], [-73.79375126484103, 40.789061933339134], [-73.79338033504985, 40.789578392620825], [-73.79323941781153, 40.789530249704015], [-73.79362007276171, 40.78899663724746], [-73.79280669580459, 40.78878304624636], [-73.79235291154143, 40.78890684181015], [-73.79028202353196, 40.7903169634], [-73.78568101301406, 40.790340671660175], [-73.7838384251435, 40.79064095467179], [-73.78253080663518, 40.79127678943212], [-73.78434153059591, 40.79174935379504], [-73.78227330183385, 40.791373715718215], [-73.78174708763096, 40.79113340664473], [-73.78107845970213, 40.79167732177925], [-73.78077503139014, 40.792990705340735], [-73.78083949014137, 40.7932774406756], [-73.78158881545012, 40.79346354101273], [-73.78163864257793, 40.793309707768266], [-73.78166011555379, 40.793482020313206], [-73.7807243506983, 40.79333361882439], [-73.78079182072646, 40.79403591986457], [-73.78100539667301, 40.79438481862736], [-73.78190385421033, 40.794901203894405], [-73.78310976963961, 40.794914460506], [-73.78331796684263, 40.79475835647435], [-73.78325876253032, 40.79492391480074], [-73.78200326103382, 40.79497546250376], [-73.78154150032744, 40.79565973732023], [-73.77980305052226, 40.796205528434406], [-73.7793624680482, 40.79668539253505], [-73.77871478762599, 40.7965973601962], [-73.77827066301096, 40.79672512623417], [-73.77687050489742, 40.79644520419304], [-73.77617885953367, 40.79609605286036], [-73.77431437491855, 40.79442526134243], [-73.77401353458616, 40.794030001517356], [-73.77363248188914, 40.79274975621533], [-73.77236296162185, 40.791538203627766], [-73.77213292826468, 40.79017877433461], [-73.77063124537591, 40.78846290553478], [-73.77082315021427, 40.78798266706017], [-73.77173756350666, 40.78746360891203], [-73.77426836058959, 40.78675665865493], [-73.77438976901033, 40.78685714529834], [-73.77423011486847, 40.78706504167615], [-73.77501922678299, 40.787394474384364], [-73.77633728818715, 40.788487225753954], [-73.774806953694, 40.78697068727905], [-73.77426466694423, 40.78665122914547], [-73.77407638297778, 40.78591728401942], [-73.77160731979487, 40.7829962651857], [-73.76930405710117, 40.780781957981546], [-73.76833795673872, 40.779634872200916], [-73.76815915444224, 40.77963595919765], [-73.76820055460033, 40.779444179191145], [-73.76716193687588, 40.77978287566088], [-73.76702392346498, 40.78008623415853], [-73.76688994703832, 40.77977943394359], [-73.76677570373936, 40.77981245869854], [-73.76816173051576, 40.779396821242194], [-73.76709113484725, 40.77684484110936], [-73.76510436820205, 40.773799038723254], [-73.76417633114688, 40.7728299899403], [-73.7612630125983, 40.77039596507449], [-73.75960078092824, 40.76872325671323], [-73.75893512093685, 40.768334328516055], [-73.75864264358073, 40.767357170035645], [-73.75787030567217, 40.76694642794977], [-73.7573902080387, 40.767166672358634], [-73.75641084289745, 40.76651422276781], [-73.75650494248836, 40.766345873587426], [-73.75602210333291, 40.76646442121042], [-73.7549367434127, 40.76609325213908], [-73.75410065488441, 40.76534935396471], [-73.75377036464522, 40.76530463148316], [-73.75380441445209, 40.76506822784472], [-73.75340994726432, 40.76469265965674], [-73.75219261536506, 40.763830418515276], [-73.75107432252548, 40.76176367133642], [-73.74861225072561, 40.76092780307617], [-73.74753513475045, 40.759857196187504], [-73.7465598186795, 40.759339147688685], [-73.74628904491358, 40.75905924481772], [-73.74642482955997, 40.75820966528003], [-73.74627700539573, 40.75779678490609], [-73.74613143454941, 40.75767688335844], [-73.74576014295548, 40.75783664481713], [-73.74463599057209, 40.75689117586734], [-73.74465748646857, 40.75655810497749], [-73.74457639642843, 40.756907272386584], [-73.74486618338649, 40.75720430487918], [-73.74575984954205, 40.75791351710883], [-73.74604668174611, 40.757809942869464], [-73.74631196705487, 40.75805481402295], [-73.74606214942192, 40.75876150044945], [-73.74635893029055, 40.759290872701364], [-73.74749424153306, 40.75997668735496], [-73.74854146028689, 40.76138618458747], [-73.7488725496159, 40.76166805363255], [-73.74922202176393, 40.76157974708306], [-73.74917394462567, 40.761377744325536], [-73.75004042130583, 40.761576082739815], [-73.75123100280102, 40.762522495140004], [-73.7516952345571, 40.76365182736891], [-73.75251092750104, 40.7645273769189], [-73.75304571089994, 40.7648172274353], [-73.75507210849031, 40.76753310678754], [-73.75485915829508, 40.76840425245603], [-73.75439388269155, 40.76875346325141], [-73.75471391687849, 40.768795143897705], [-73.75470593716685, 40.769741522946916], [-73.75533279459178, 40.7709981546535], [-73.75553498728895, 40.77098552649457], [-73.75534216256084, 40.77102215274398], [-73.7555733264932, 40.77152912592288], [-73.75508267713634, 40.771713228995004], [-73.75511523562321, 40.77183490648716], [-73.75505920386043, 40.771719174693565], [-73.75438074757537, 40.77204127164239], [-73.75357000906135, 40.77269461612953], [-73.7533669199948, 40.773207847261055], [-73.75395573939898, 40.77430620907533], [-73.75424149999385, 40.775266830365396], [-73.75518575394315, 40.77649807083039], [-73.75485800659732, 40.776896399516644], [-73.75498193747218, 40.777043803363], [-73.75481322893425, 40.77761903230577], [-73.75551781604531, 40.77758414452274], [-73.75551737581792, 40.777704048364356], [-73.75470837226607, 40.777717812200876], [-73.75430183540871, 40.77840611149005], [-73.75402624009541, 40.77960387939488], [-73.75300812549709, 40.78086607518869], [-73.75299839296423, 40.781289489522294], [-73.75217910915782, 40.78211742830932], [-73.75134808466818, 40.78252873063596], [-73.75071951925568, 40.782627027855206], [-73.7502077036601, 40.78239927487963], [-73.74991806420722, 40.78193613844562], [-73.74925326353232, 40.78153569834116], [-73.74895634954244, 40.78106652922562], [-73.74824911018874, 40.780764779712676], [-73.74802763336439, 40.78048314960986], [-73.74814452405515, 40.780240380301315], [-73.74735791062542, 40.77938330806449], [-73.74777892911477, 40.77911499750847], [-73.74739673412975, 40.7790641251624], [-73.74716558228887, 40.77885633334734], [-73.74679375137515, 40.7790348515838], [-73.746866256832, 40.778877504024734], [-73.74564129623779, 40.77782884870049], [-73.74534800304866, 40.77715344956252], [-73.74568769909826, 40.778152983986224], [-73.74611030250216, 40.77845507503732], [-73.74600996424527, 40.77887657289681], [-73.74540776901326, 40.778982460382416], [-73.74507677183948, 40.77824908135139], [-73.74461729498205, 40.77791926681575], [-73.74523985922653, 40.77740242977608], [-73.74524624200906, 40.77696285546433], [-73.74501727404076, 40.776597812463564], [-73.7450751205001, 40.77745210064454], [-73.74466521379362, 40.7776834953802], [-73.74471768193898, 40.777487047521426], [-73.74443101629348, 40.777456153522394], [-73.74441591814136, 40.77812324643918], [-73.74408443034726, 40.77825545912614], [-73.74433449820566, 40.77843137402023], [-73.7440409145722, 40.77859010478255], [-73.74007973971882, 40.77620879539654], [-73.73937598820744, 40.77601366966856], [-73.73912362003709, 40.775704143072936], [-73.73770283622294, 40.77479358573251], [-73.72153324679672, 40.764823189586366], [-73.72097588368399, 40.76476015878484], [-73.71657585318302, 40.76178181152407], [-73.70782538631595, 40.756216404324555], [-73.70217841679882, 40.75288593949752], [-73.70163345892372, 40.75249332919053], [-73.70134715916795, 40.75078058087185], [-73.70058164037455, 40.74318384158869], [-73.70002020503291, 40.73923654173216], [-73.70147073038108, 40.73751156096427], [-73.7076621723992, 40.727830934507935], [-73.71049995362068, 40.727227087413446], [-73.71693288057014, 40.726386415555616], [-73.72567196959446, 40.724037658993396], [-73.72926310749699, 40.722712821115856], [-73.73032628902034, 40.72215729678346], [-73.72917629515445, 40.719167214561935], [-73.72735961842652, 40.712388941114995], [-73.72689487481324, 40.70997857361959], [-73.72704696552918, 40.70949875281074], [-73.72678961229357, 40.70194545186659], [-73.72654435058585, 40.69898264016624], [-73.72620259676737, 40.68898434080928], [-73.72579787942314, 40.68435384982523], [-73.72590660060462, 40.68265660512686], [-73.72563005119683, 40.679587951284134], [-73.72629437184823, 40.677058112803856], [-73.72755616356638, 40.67416158768918], [-73.72824131211398, 40.66802409750181], [-73.72827272254973, 40.66642959208385], [-73.7281135139662, 40.66534531443702], [-73.72785787219533, 40.665067969681736], [-73.72781750949895, 40.663116783482096], [-73.72833071875961, 40.66304394373133], [-73.72793124411483, 40.66174883510507], [-73.72644438674246, 40.65916161542394], [-73.72556769770401, 40.65672514308154], [-73.72550259072499, 40.65551651557244], [-73.72498470712817, 40.65425343540416], [-73.72522608107009, 40.65200100014768], [-73.73051457301035, 40.650310312006695], [-73.735135014725, 40.64973203996446], [-73.73904482131428, 40.6482011803446], [-73.74143706042352, 40.64688917832163], [-73.74166141317522, 40.6421980621826], [-73.74205084952764, 40.64147420452586], [-73.74142279314958, 40.64050339075354], [-73.7422738722611, 40.640123380949106], [-73.74125900067573, 40.63889749943524], [-73.73947121626792, 40.6357064318296], [-73.73995957570371, 40.635143809876084], [-73.74000390414142, 40.635308864792975], [-73.74096993673933, 40.63503440668262], [-73.74103068627753, 40.63511759397368], [-73.74078781200114, 40.63516103486998], [-73.74170620982906, 40.63503754626711], [-73.74168473420008, 40.634949817062065], [-73.74148887105935, 40.635010134048954], [-73.74146473729922, 40.63494288932982], [-73.74170188456137, 40.63488230762409], [-73.74178775322268, 40.635021719479205], [-73.7419556483044, 40.6348918129039], [-73.74253691856377, 40.63517496612196], [-73.7423912395262, 40.63563030012704], [-73.74258539843598, 40.63545335666135], [-73.74124959182484, 40.63693970077006], [-73.74102309003337, 40.63727201246065], [-73.7411179417444, 40.63746814979451], [-73.74096487686366, 40.637304775030245], [-73.74121658796481, 40.637815762430655], [-73.7427296630336, 40.63827015598191], [-73.74397128496219, 40.63788001261504], [-73.74403815450607, 40.63798607662278], [-73.74352226238186, 40.638889486375], [-73.74376618359547, 40.63902032246146], [-73.74479558148495, 40.63707502907636], [-73.74471275511688, 40.6373070468944], [-73.74563429196256, 40.636952665561424], [-73.7462638571202, 40.63644221911167], [-73.74661229878836, 40.63658213120237], [-73.74679368918021, 40.636849741293055], [-73.74645394301926, 40.6372598208814], [-73.74527138642927, 40.63791590124552], [-73.74516219973704, 40.63811218797323], [-73.74537980558591, 40.63829246150104], [-73.74567316004243, 40.638124657428115], [-73.74551058251747, 40.63794388103354], [-73.74643950901812, 40.63742955107315], [-73.74691427137705, 40.63691572159372], [-73.74704805939201, 40.636945575024306], [-73.74699985138277, 40.637127027760506], [-73.74715781614759, 40.63706052352593], [-73.74713019919378, 40.63721686084493], [-73.74699391257111, 40.63715064468594], [-73.74704316341963, 40.63756642696194], [-73.74677389775717, 40.63785323547339], [-73.74687121184502, 40.63803155035757], [-73.7466009130313, 40.63835060986839], [-73.74617068906109, 40.64039592151639], [-73.74635494255764, 40.64067874596923], [-73.74631467868133, 40.641394312679175], [-73.74729153885399, 40.64318668655788], [-73.74813560715083, 40.64407001050664], [-73.74875121261788, 40.64447110284794], [-73.74869254853962, 40.64494421589611], [-73.74885047914466, 40.645169270113435], [-73.74945274272405, 40.644931234269066], [-73.7517130246691, 40.6465005907689], [-73.75327090492785, 40.64733376201672], [-73.75340365356126, 40.64716237460763], [-73.75323328269432, 40.64705211468637], [-73.7535419183587, 40.647196312319416], [-73.75329210674899, 40.64734340272214], [-73.75388964436935, 40.64754260355701], [-73.75427809856765, 40.6478864220791], [-73.75475592551938, 40.647812198893575], [-73.7549276864291, 40.64757272103863], [-73.75461208438024, 40.64720045895571], [-73.75379289369329, 40.646705604685714], [-73.7537377082634, 40.64696042357798], [-73.75340189507165, 40.64680746120947], [-73.75361134104452, 40.64685618225665], [-73.75376146361373, 40.64668632265829], [-73.75057032811947, 40.64472855667405], [-73.74870701496532, 40.643343492337614], [-73.74742095899626, 40.64141364368467], [-73.74754412808042, 40.64113216821669], [-73.74743443996472, 40.640238928523786], [-73.74752877886596, 40.6393244347557], [-73.74812488584779, 40.63687273164493], [-73.74839815536161, 40.63665363732009], [-73.748554783949, 40.63541155957582], [-73.74935446965928, 40.63494725684251], [-73.75069606974144, 40.63462797576578], [-73.75243758572938, 40.63367677974091], [-73.75348397724734, 40.6335142910793], [-73.75479100304916, 40.63288248836342], [-73.75550013749205, 40.6327609734035], [-73.7556802184709, 40.63258502867147], [-73.75738810055988, 40.63210776063099], [-73.75773557554197, 40.631823811049294], [-73.75900955400878, 40.6314892963801], [-73.76053159841472, 40.6306633171898], [-73.76219407813787, 40.630259432956706], [-73.76308789670844, 40.629658898502214], [-73.76453002637294, 40.62922113635718], [-73.76500891405117, 40.62941218257731], [-73.76474289734864, 40.62916808540039], [-73.76649560506911, 40.628250375901466], [-73.76860408720783, 40.624732718412396], [-73.76884275459498, 40.62393929173366], [-73.76855326073441, 40.62318922918052], [-73.76866781717264, 40.622731964623405], [-73.76944652356401, 40.62201544843225], [-73.76951843253488, 40.62212182850632], [-73.76972348417151, 40.6217616884658], [-73.76982199121251, 40.62140497267227], [-73.76961487455476, 40.62114696867299], [-73.77011166618432, 40.62025022929126], [-73.77018829165735, 40.619791010419256], [-73.77109318666908, 40.61997770778098], [-73.7716545462262, 40.62041642681574], [-73.77171699447133, 40.620961679300756], [-73.7709149994609, 40.622403888653146], [-73.77081128948615, 40.6229497472961], [-73.77086001250763, 40.62333053837307], [-73.77143883664012, 40.62328461670514], [-73.77172760285129, 40.623585028030526], [-73.771699084058, 40.62343898870866], [-73.77197318324889, 40.62327211630863], [-73.77188149343576, 40.62320360205085], [-73.77214546970639, 40.62304610520065], [-73.77203131431371, 40.622991212903244], [-73.77218824028016, 40.62299579379533], [-73.775118912546, 40.61923384698502], [-73.77518045935551, 40.61926471788504], [-73.77220950703997, 40.62300523198469], [-73.7723626016271, 40.62314732600442], [-73.77216897866818, 40.62305554784142], [-73.7720046057531, 40.623261929019236], [-73.77217018334763, 40.62335963116936], [-73.7719966927056, 40.62328155898526], [-73.77181882771771, 40.62349901798325], [-73.77198776448427, 40.623597581962265], [-73.77173897581244, 40.62360572607363], [-73.77323537240508, 40.624994162477165], [-73.77348616545042, 40.62508511832723], [-73.77381024409397, 40.62492559673115], [-73.77349461614574, 40.62514256937113], [-73.77407526415493, 40.625783482840376], [-73.7765422988783, 40.627651724729105], [-73.77946897687943, 40.62731550512165], [-73.78419483297877, 40.62089266991051], [-73.78491900312562, 40.620478691624754], [-73.78521543076681, 40.62006349374462], [-73.78507784902251, 40.619966613580836], [-73.78515920006002, 40.61864728248359], [-73.78478111816777, 40.61833567667887], [-73.78478547486286, 40.61798072233823], [-73.78451882678748, 40.617982670589534], [-73.7845818498871, 40.617855050601456], [-73.78435569021109, 40.6177644905876], [-73.78445273734563, 40.617556590931756], [-73.78429919287677, 40.61735311796444], [-73.78446087068049, 40.617027834627265], [-73.78322554530014, 40.61557873072347], [-73.78248993127501, 40.615567549887], [-73.78231042656992, 40.615447257365545], [-73.78229527471422, 40.61516815367775], [-73.78189090283624, 40.615047434393915], [-73.78171700912468, 40.61517684879679], [-73.7807937650353, 40.61458756709255], [-73.78070887195283, 40.61402680900606], [-73.78114906073043, 40.613998271479964], [-73.78088360834359, 40.61364035463654], [-73.78115999778085, 40.6136017127873], [-73.7812605110188, 40.613317933505236], [-73.78261557467621, 40.61249796863704], [-73.78287901349154, 40.612488674790555], [-73.78302450498049, 40.612200083189386], [-73.78355221437404, 40.61192445198106], [-73.78394373670079, 40.612040245289066], [-73.78447437567272, 40.611850295948706], [-73.78464086652882, 40.61201952090838], [-73.78497523353337, 40.61192957008833], [-73.7852242315045, 40.611415951745755], [-73.78577809315796, 40.61099347707098], [-73.78621843179218, 40.61091106458293], [-73.78646972800934, 40.6106789689818], [-73.78684518697278, 40.61079472358842], [-73.7871989741232, 40.61065584166737], [-73.78719984810371, 40.61038166491358], [-73.78741544568165, 40.61026211109723], [-73.78770742637468, 40.61036546776254], [-73.78791326214363, 40.61028506270067], [-73.78785894330079, 40.61019438497852], [-73.78865910627547, 40.61009059422699], [-73.78876011660967, 40.60963789567912], [-73.78908160165909, 40.60955280596747], [-73.78901840238645, 40.60922220694482], [-73.78995389362358, 40.608981566326186], [-73.79011167083347, 40.60885945333065], [-73.79001264272644, 40.608685463307125], [-73.79047269491804, 40.60845618791453], [-73.79038020614568, 40.60824549017318], [-73.79085621325443, 40.60804806724558], [-73.79087659100203, 40.607695588785134], [-73.79133899604432, 40.607738045854084], [-73.79139721012069, 40.60761085474754], [-73.79159895008117, 40.60780951011948], [-73.79151114690586, 40.608154521417], [-73.79115751304454, 40.60825180138941], [-73.79117287672634, 40.60847459860635], [-73.79173302638982, 40.608759343533464], [-73.79274948626328, 40.60864636637573], [-73.79365104095486, 40.60898581547189], [-73.79394893616981, 40.609255632038916], [-73.79389688394961, 40.609468516718444], [-73.79454166514695, 40.609748744979846], [-73.7944674687868, 40.60985142933047], [-73.79480633875197, 40.610378359978824], [-73.79566026939078, 40.6105463463494], [-73.79696581925703, 40.61114352917758], [-73.79736731722666, 40.611154028935836], [-73.79745676195705, 40.61131820439642], [-73.79837869240349, 40.61131248126384], [-73.79852584119676, 40.61151592428709], [-73.7989852939449, 40.61148245721681], [-73.79917318059654, 40.61202624642941], [-73.80025700070239, 40.61159728288837], [-73.8005395167722, 40.611651630324666], [-73.80080125919629, 40.61193390397919], [-73.80023948919145, 40.61208196016945], [-73.79999067071518, 40.61257357982842], [-73.80008978990148, 40.6127279776091], [-73.79993435271605, 40.6131438700306], [-73.79931694077477, 40.61335822008919], [-73.799685101531, 40.61377747404326], [-73.79951767033212, 40.61390692658466], [-73.79940224366943, 40.61490306923514], [-73.79900252119721, 40.61536259883111], [-73.79903903506863, 40.61555054198552], [-73.79878672544126, 40.61554482615014], [-73.7985446566274, 40.6158895966469], [-73.79816300611748, 40.61571609028377], [-73.79806599717332, 40.61592644997937], [-73.79821099345224, 40.616060366103305], [-73.79806090382836, 40.616326916511404], [-73.79727592497258, 40.61666041255343], [-73.79743334153846, 40.61691923278827], [-73.79741033823515, 40.6171467132062], [-73.79713317353416, 40.6173813796621], [-73.79724298146036, 40.61759376347141], [-73.79678304297721, 40.6177047226328], [-73.79700484778857, 40.6183799439582], [-73.7963556790424, 40.61845468453555], [-73.7961883089091, 40.61960985302939], [-73.79559534308406, 40.62021101310488], [-73.79554027260168, 40.620912629674905], [-73.79502286259061, 40.62129190728349], [-73.79523389664114, 40.621606718870815], [-73.79482957564527, 40.62182737813389], [-73.79446685514668, 40.621785699811305], [-73.794458961007, 40.621986922036456], [-73.7947065002332, 40.622180682954], [-73.79457567259594, 40.62251914939957], [-73.7936837203645, 40.62270233988122], [-73.79226568070139, 40.622339427751236], [-73.79075818793622, 40.62232836832445], [-73.78916270446422, 40.62299975113101], [-73.78594058254244, 40.625847005177334], [-73.78536320758097, 40.62670665683843], [-73.78497996100845, 40.6265449862135], [-73.78487888740895, 40.62663147070813], [-73.78363079015826, 40.62814252187056], [-73.78328415820381, 40.62895434841496], [-73.78348975751075, 40.63016511572027], [-73.78434764242147, 40.63137332043368], [-73.78570293740455, 40.632094989481], [-73.78690666684481, 40.632261900729105], [-73.78832339440348, 40.63342507956304], [-73.78935406445669, 40.63401030896099], [-73.78949663072326, 40.6342697792023], [-73.78971600034731, 40.63406724975223], [-73.79076947473723, 40.63384872578328], [-73.79066449490824, 40.63415293947556], [-73.79079284299088, 40.634282043205246], [-73.79803751834704, 40.63119623980769], [-73.79796829437942, 40.63110130747383], [-73.79811872226199, 40.6310375092613], [-73.79827615415297, 40.631252179365994], [-73.7980553716909, 40.63122445859833], [-73.790811112505, 40.63431035551095], [-73.7910813277265, 40.63423263436598], [-73.79130877788221, 40.63440130065499], [-73.79122898509743, 40.63485706407009], [-73.79222318037623, 40.63589008828015], [-73.79343369196113, 40.63608669084751], [-73.79425964333869, 40.6365642030473], [-73.79474387433272, 40.636629366892116], [-73.79725742867075, 40.63800761375793], [-73.79863891922632, 40.638403779072405], [-73.79923711983864, 40.6384201097038], [-73.80177220251416, 40.63976028395292], [-73.80465930241435, 40.64090520949681], [-73.80565939652627, 40.641601983126456], [-73.80670200675765, 40.64177618467306], [-73.80864568716697, 40.64281492737801], [-73.81075749444096, 40.64349239125605], [-73.81203333683291, 40.644303575045974], [-73.81364360224747, 40.644690949597404], [-73.81565104157626, 40.645630022432194], [-73.81830316956352, 40.64626766449117], [-73.81881842240742, 40.64659251521879], [-73.82010812248005, 40.64810402163736], [-73.8212292060586, 40.64897515017099], [-73.82215143198066, 40.65013528973995], [-73.82260572673476, 40.65278610684331], [-73.8232184940707, 40.65411655671603], [-73.82346560421553, 40.65531301555449], [-73.82342121447223, 40.6560254951472], [-73.82246765596551, 40.659159866399065], [-73.82161125510135, 40.65993528559844], [-73.82169139439411, 40.66003508674328], [-73.82153552464848, 40.65997238305635], [-73.82174650215691, 40.660118366593544], [-73.82160700243601, 40.66016103760407], [-73.82151179330785, 40.6599821056023], [-73.81970074120684, 40.660724086808884], [-73.81971419909215, 40.66087372617609], [-73.81965725287023, 40.66074191904562], [-73.8186953155868, 40.66110505105535], [-73.81764402333793, 40.6609490324302], [-73.81767296498694, 40.66105972277725], [-73.81750491431545, 40.66104832620168], [-73.81756727119134, 40.66093673426222], [-73.81656759306618, 40.66074251701304], [-73.81598180388713, 40.66083581654876], [-73.81605203034718, 40.66071157420537], [-73.81468148791375, 40.660515214761915], [-73.81457011758246, 40.66063459763931], [-73.81462533969847, 40.66050667365333], [-73.81262125517662, 40.66015704989859], [-73.81149882578244, 40.66022623784153], [-73.81129490932156, 40.66037443873553], [-73.81130119061753, 40.660628073862654], [-73.81200903755588, 40.660881508912134], [-73.81867184374161, 40.66213277692886], [-73.82292563711152, 40.66044162386904], [-73.82347625129688, 40.66006003835425], [-73.82426410867653, 40.65777909268677], [-73.82404130456885, 40.65775567016448], [-73.82405929133718, 40.6576959540204], [-73.82426776040361, 40.657746511638706], [-73.82492940963316, 40.65544153237472], [-73.8234752748072, 40.65047629589143], [-73.82342199947176, 40.64946400031588], [-73.823180999974, 40.64915700042808], [-73.8229071770089, 40.648093446004935], [-73.82311296946082, 40.64800269563792], [-73.82386954569375, 40.64881873078266], [-73.82395972237428, 40.64919353347329], [-73.824587603009, 40.64948314918051], [-73.82499846516194, 40.64937693088307], [-73.82534103085798, 40.64966537615885], [-73.82588910297974, 40.64948606881622], [-73.82614483059653, 40.650081840942796], [-73.82630014811815, 40.65002298577986], [-73.82617204535644, 40.64952693570905], [-73.8264073556985, 40.64928916257735], [-73.82622033638891, 40.64836102759461], [-73.82650289819861, 40.64832902669877], [-73.82701502572833, 40.648759712732414], [-73.82846041105715, 40.649118677724985], [-73.82959697362591, 40.64982765808605], [-73.83001039818403, 40.650328374657725], [-73.82986948766529, 40.650429630141986], [-73.8300076744927, 40.65090347505768], [-73.83093651353481, 40.651626129256], [-73.83132175015783, 40.65272653287063], [-73.83128774471702, 40.65347883792681], [-73.83161314793684, 40.65374895323639], [-73.82901417557974, 40.656107884452666], [-73.82966677652134, 40.65559904001654], [-73.83015032686738, 40.6556646028446], [-73.83044328071922, 40.65551947244465], [-73.83060245974772, 40.654806889777745], [-73.8317081441153, 40.65393117429707], [-73.83205445130537, 40.65404641806782], [-73.83200052870741, 40.65444081896525], [-73.83221698518575, 40.65446038629321], [-73.83149330103005, 40.654979820539964], [-73.83116100809754, 40.655919233234805], [-73.83021213161007, 40.65633719250569], [-73.83003301456556, 40.656567168336274], [-73.82937603410595, 40.6565063357187], [-73.8292365379905, 40.656664527519254], [-73.82930974695338, 40.656932457535355], [-73.82896778740296, 40.65720524792025], [-73.82917919734568, 40.657799778544465], [-73.83013028740517, 40.65840264321881], [-73.82970706838906, 40.658502513864754], [-73.82959986903147, 40.65865680641295], [-73.83016243281726, 40.65980411092638], [-73.83001214184989, 40.65916316387899], [-73.82969520083391, 40.65865592869167], [-73.83019910654922, 40.658508969064314], [-73.83024427039375, 40.658349969348365], [-73.82922393902857, 40.6577065123841], [-73.82909434825203, 40.6573342186635], [-73.8294982617395, 40.65690590795557], [-73.82950265119837, 40.6566474319835], [-73.83009172569676, 40.65673635744886], [-73.83050532057368, 40.656342367316356], [-73.83127112564203, 40.65600327162474], [-73.83155309177175, 40.6552429723724], [-73.8318523847929, 40.654885038267196], [-73.83218186067892, 40.65489475245753], [-73.83290309524585, 40.65748377162328], [-73.83278194361473, 40.657548460383694], [-73.8320849710086, 40.6561310285115], [-73.83194394578256, 40.65617142725365], [-73.83260036370599, 40.65782659162752], [-73.83112664421819, 40.65831878644126], [-73.83338439472544, 40.658051859208165], [-73.83156681412632, 40.65116771441598], [-73.83118719179551, 40.65075171117112], [-73.83079877895905, 40.64897655920662], [-73.83148723517212, 40.647887278516464], [-73.83453497304737, 40.64802513078843], [-73.83556587118942, 40.648427455042324], [-73.83597223496483, 40.64934876341625], [-73.8384530672249, 40.65936161970112], [-73.83880690398891, 40.66094183497778], [-73.838627242939, 40.66108164278521], [-73.83883705709059, 40.661121523880915], [-73.83892925173797, 40.66127003385264], [-73.83889239488927, 40.661403524755976], [-73.83807555639738, 40.66158795982317], [-73.83814081447278, 40.66206950759352], [-73.83872354363098, 40.662407160984245], [-73.8396959651554, 40.6622383041053], [-73.83962395791993, 40.66199612919542], [-73.8399794997561, 40.66190427386242], [-73.83592320073284, 40.64549979067514], [-73.83633074787276, 40.645321149280676], [-73.8386089610291, 40.645347908312914], [-73.83989797676382, 40.6451266780369], [-73.8403918535899, 40.644887914529384], [-73.84126005446507, 40.64488479363774], [-73.84579484060215, 40.64410150925752], [-73.84950699084165, 40.64413376567895], [-73.85207628474045, 40.64617614809119], [-73.85243199632467, 40.64715929523087], [-73.85234257501992, 40.64767731015178], [-73.85172587398122, 40.64891215456999], [-73.85137202165077, 40.64917990359895], [-73.85118955810569, 40.64907062091641], [-73.85090552461405, 40.649168196000545], [-73.85078185995906, 40.64980609272553], [-73.85058099294763, 40.64986220594798], [-73.85058665633537, 40.65033798099515], [-73.85037708349644, 40.6502744998758], [-73.85042261012721, 40.65047699482566], [-73.84925726840814, 40.6510315325511], [-73.84939766406322, 40.65143487895059], [-73.84992253316281, 40.651657963603895], [-73.8507849972619, 40.651532851904506], [-73.85149116369915, 40.651197973180075], [-73.85178606559374, 40.65081563938237], [-73.85250949611572, 40.650551403671265], [-73.85403329488044, 40.65066031157172], [-73.85495939543756, 40.650968436249734], [-73.85525081124429, 40.65127037487834], [-73.85591932942557, 40.6513092616907], [-73.85627612708775, 40.65165453372637], [-73.85632763939533, 40.65212833457159], [-73.85671288977, 40.65280166451753], [-73.8570538834579, 40.65296670001533], [-73.85772331773967, 40.6527262290719], [-73.85828132383823, 40.65299487215201], [-73.85852026658135, 40.65331118940394], [-73.85875807991698, 40.65416162683264], [-73.85915498446028, 40.654402468871275], [-73.85932735900943, 40.65494057039523], [-73.8608403069991, 40.656171574779336], [-73.86136381950391, 40.6564147541655], [-73.86136038361256, 40.65659420520724], [-73.86067414585942, 40.656584592168365], [-73.86061669329688, 40.65646465720714], [-73.86061557040897, 40.65664054217477], [-73.86020839500942, 40.65701037494929], [-73.86006777819523, 40.65677986104971], [-73.86005569574436, 40.656972255155544], [-73.85983363521477, 40.65697706322063], [-73.86007499798218, 40.657048611080214], [-73.85981027609678, 40.657322411493915], [-73.85993897279535, 40.65772017715059], [-73.85957204813262, 40.65803535005447], [-73.8596355866937, 40.65845777205664], [-73.86025847890078, 40.65862971173924], [-73.86023236327544, 40.65889713056022], [-73.86045182990564, 40.658796719321884], [-73.86051208600027, 40.65849767194647], [-73.86098077532202, 40.65838130338856], [-73.86085773087818, 40.65871992679267], [-73.86049000486238, 40.658994143594285], [-73.86061207311211, 40.65932653460533], [-73.86124943397024, 40.658720910074244], [-73.86127280308048, 40.65826516768453], [-73.86095892097161, 40.65806094299701], [-73.86011221667081, 40.65832681519487], [-73.85976839588899, 40.658281936345944], [-73.8602136381153, 40.657913469551765], [-73.86057551669609, 40.657836052160064], [-73.8604071420188, 40.657761341568374], [-73.86034164704868, 40.65724790569819], [-73.86062372337487, 40.65720545608306], [-73.86087597606709, 40.65690816204554], [-73.86161371163614, 40.656996510253], [-73.86170301259713, 40.65802488956634], [-73.86269778299527, 40.657618309012584], [-73.86317083340397, 40.65827651294904], [-73.8603049463005, 40.659634655304934], [-73.85761537185576, 40.66011893315404], [-73.85842950857293, 40.66345336093203], [-73.8556846122103, 40.66386749287573], [-73.85763323174355, 40.671656194039016], [-73.86038519920734, 40.67125171099072], [-73.86234580535132, 40.67916478564451], [-73.86328297030434, 40.679079370673605], [-73.86410096679128, 40.68237285029281], [-73.86601993220725, 40.68191958702824], [-73.86659848349265, 40.685269559070086], [-73.86745694077533, 40.68840044165938], [-73.86868454370573, 40.6940346919058], [-73.86840519015207, 40.69473118624479], [-73.86891762756782, 40.69514656151501], [-73.87402053306702, 40.694191295218346], [-73.87950641220809, 40.69114676934597], [-73.88377698649268, 40.68786341118515], [-73.88452250957428, 40.686684749095754], [-73.88808341842545, 40.685293632171295], [-73.88962787578754, 40.6842364542531], [-73.89015418738825, 40.68500399030791], [-73.89258303168334, 40.683491910888], [-73.894174632671, 40.68528324867338], [-73.89577945503, 40.683497183358284], [-73.89646625129005, 40.6823364219735], [-73.90116155060399, 40.68787793535575], [-73.90042465047067, 40.68818389887643], [-73.90188776254891, 40.691077720073444], [-73.90139840662029, 40.691589992038004], [-73.90579597075228, 40.69412715551435], [-73.90426018411694, 40.69570037144337], [-73.9118068219108, 40.699946882524], [-73.91067882737353, 40.70104596956685], [-73.91290404121894, 40.70236189179948], [-73.91180710069368, 40.703434952529385], [-73.92189184698678, 40.70939609671099], [-73.92074853115788, 40.710533648958915], [-73.92154601695674, 40.71104328353505], [-73.92223466477611, 40.71285595436308], [-73.92404011334023, 40.71400831262913], [-73.92405909736993, 40.71411156014772], [-73.92368352152519, 40.71408284140841], [-73.92412241575492, 40.71513804844535], [-73.92352547251075, 40.71561660836801], [-73.92232970167696, 40.7160765451726], [-73.92064258940533, 40.71577319253161], [-73.9205690553611, 40.71600370834084], [-73.9222376112434, 40.71638244049431], [-73.9227941474539, 40.71753457614416], [-73.92346602654162, 40.71813033432244], [-73.92393867329348, 40.71904275678717], [-73.92383575405634, 40.72014816407839], [-73.92422716247574, 40.720887344592064], [-73.9242436492106, 40.72142949825621], [-73.92491241131307, 40.721960138811625], [-73.92519985799306, 40.72243959771095], [-73.92442298754928, 40.72358997548382], [-73.92214330961275, 40.723707557018955], [-73.92073356094122, 40.7233098127707], [-73.92037064235724, 40.72368111331865], [-73.92228620280896, 40.72418128643502], [-73.92419217991149, 40.724275741693624], [-73.92490316165177, 40.724506575671654], [-73.92655663912387, 40.725669065287406], [-73.92855676085436, 40.72784482818577], [-73.9292348587616, 40.72826016576123], [-73.93129800153329, 40.72872544111279], [-73.93453176375674, 40.72910480653514], [-73.93644563967115, 40.72967214559876], [-73.93804478507161, 40.73050996784624], [-73.93911054574804, 40.73137980652579], [-73.93991049829695, 40.73327632836195], [-73.94003200991092, 40.733245044305896], [-73.94016538640962, 40.73348637434488], [-73.94001807012909, 40.73354044127547], [-73.94006709327033, 40.73376215298032], [-73.94086498592704, 40.735070409091236], [-73.94162472636474, 40.735841442338426], [-73.94359480342632, 40.73671778977375], [-73.94594095987212, 40.73750507655417], [-73.944638600648, 40.73813835254227], [-73.94257885812185, 40.73881602026875], [-73.94280384267623, 40.73886154695902], [-73.94255612805297, 40.739020865746824], [-73.94146173463156, 40.73924858362737], [-73.94050888805725, 40.740113941753286], [-73.94036159285052, 40.74033534565843], [-73.9405614496907, 40.74041832293436], [-73.93910874138092, 40.74261703567947], [-73.93866991753184, 40.742534082025145], [-73.93858786976786, 40.74293088268765], [-73.9400192297566, 40.743208272210936], [-73.9401485852122, 40.74283244146026], [-73.93965301521378, 40.74273108709586], [-73.94118816696214, 40.74029021779217], [-73.9418350499271, 40.739692620714244], [-73.94259666844879, 40.73939514780302], [-73.94279045640067, 40.7391937212045], [-73.942706089921, 40.73911506297883], [-73.94382272277525, 40.73887153786569], [-73.94548236590111, 40.73820703129397], [-73.94715087181176, 40.73790012334491], [-73.95138071451841, 40.73933647729526], [-73.95379878808671, 40.73981986577472], [-73.95741470765991, 40.739556582011744], [-73.96006757901837, 40.7384837496239], [-73.96072580373679, 40.73808017017932], [-73.96216505619317, 40.73827253825914], [-73.9621314611295, 40.73845107065096], [-73.96260819750833, 40.73879553905679], [-73.96243079071334, 40.73967148058574], [-73.96220916491808, 40.74000617499572], [-73.96179048263085, 40.740013130417005], [-73.96124698011553, 40.740423596613006], [-73.96193750086438, 40.74079487881608], [-73.96180397489094, 40.74109767347241], [-73.96121862852013, 40.741107860130384], [-73.96107392567998, 40.741694504752346], [-73.96136486583062, 40.74183719790203], [-73.96110814501434, 40.74182802540553], [-73.96155253168952, 40.741993261407345], [-73.96119029789011, 40.74264485525991], [-73.96097168385474, 40.742754054263905], [-73.96054252040628, 40.74346639397163], [-73.9597747079782, 40.74350468370069], [-73.95970598360807, 40.74385865006141], [-73.96001568928234, 40.743920109801294], [-73.95994685233346, 40.743784575895276], [-73.9601237537596, 40.74393920790268], [-73.96005765843066, 40.7438036750126], [-73.96056856792404, 40.74402966608282], [-73.95963225023952, 40.74393463191435], [-73.9593910660958, 40.74428332424144], [-73.95972855228639, 40.74427211561957], [-73.96015525517686, 40.74436878260574], [-73.96012600962386, 40.744443936991644], [-73.95923368945668, 40.74431004302671], [-73.9587753700448, 40.744555599863595], [-73.95944240940852, 40.74460422061233], [-73.95938938708176, 40.744709954381456], [-73.95887919943338, 40.74462433145487], [-73.95875854834792, 40.74494500525308], [-73.95966590587581, 40.74517030058277], [-73.95849389303115, 40.74498786491641], [-73.95845252269646, 40.745119011822375], [-73.95925084238476, 40.745315529632585], [-73.95933786844711, 40.74550760689611], [-73.95905935607935, 40.74575336834659], [-73.95850227459326, 40.74576497421803], [-73.95914371692935, 40.746000603678645], [-73.95704097342924, 40.74892035087425], [-73.95485394268042, 40.748040794641135], [-73.95415161163933, 40.748014411444935], [-73.9543647478346, 40.74795117253389], [-73.95318382492853, 40.74773481196116], [-73.95305375571401, 40.74808748722947], [-73.95478387869808, 40.748427687773436], [-73.95632162509656, 40.74908155393252], [-73.95601160302711, 40.74937399422694], [-73.95622199020674, 40.74951730303062], [-73.95600065094622, 40.7493837032094], [-73.95576039140944, 40.749596659530376], [-73.95620136801152, 40.74968563282138], [-73.95546436936395, 40.74967421308284], [-73.95534928514437, 40.75001385690411], [-73.95513239152478, 40.74992642433252], [-73.95520275040869, 40.749676537409684], [-73.95506652560155, 40.74963273037563], [-73.95451584573382, 40.75058669897693], [-73.95465000413118, 40.75083104095966], [-73.9544985816368, 40.75122583574087], [-73.9513143815353, 40.754579550139844], [-73.94570525640735, 40.761488157056796], [-73.94350282032728, 40.764499040744035], [-73.9413117494144, 40.766918004769806], [-73.93983559283014, 40.76798800593915], [-73.93936587223833, 40.768159701879746], [-73.93895502453307, 40.76795818671982], [-73.93819730754757, 40.76869974435682], [-73.93788768426388, 40.76855755343234], [-73.93777816678471, 40.76861905182275], [-73.93795822895135, 40.76878493401805], [-73.93747109116856, 40.76895155858922], [-73.93681460654729, 40.76890394747858], [-73.9367073798918, 40.76925260907431], [-73.93640381736164, 40.76947488451707], [-73.93574021432624, 40.76936722986672], [-73.93489533894557, 40.7700418628897], [-73.93469499067021, 40.77042533802277], [-73.93514715402594, 40.77054195605863], [-73.9350081387223, 40.771162394866764], [-73.93490481282645, 40.771270641186845], [-73.93452730109435, 40.77117677510358], [-73.93443525743177, 40.771462362333594], [-73.93482622761688, 40.77157695807344], [-73.93480681344163, 40.77173413889007], [-73.93746638537067, 40.772531495125364], [-73.93781335969511, 40.77356289464815], [-73.93765483090803, 40.775085685383864], [-73.9363802281754, 40.776921456562825], [-73.93508232492144, 40.77794423372794], [-73.93381132859459, 40.7781004537336], [-73.93178834305208, 40.7778706066025], [-73.9310496429899, 40.77744189680967], [-73.93107377146754, 40.77726059439833], [-73.93062856554155, 40.77659090274979], [-73.92988058500129, 40.776221631399444], [-73.92860515023345, 40.77659267510116], [-73.926318334039, 40.77824177518516], [-73.9248734454792, 40.778625604007054], [-73.92295652690201, 40.78044100761981], [-73.92209965433307, 40.7808518746367], [-73.91909034674549, 40.7833676460042], [-73.91818862939184, 40.78393296611385], [-73.91717118646426, 40.7841934843716], [-73.91718200679615, 40.784552063682135], [-73.91683277016413, 40.78519139248759], [-73.91575172894562, 40.786107578578275], [-73.9152601393603, 40.78619221714426], [-73.91558710139756, 40.78642963116601], [-73.91259985911479, 40.78937632963406], [-73.91240810934185, 40.789274302942644], [-73.91266748294667, 40.78900397454139], [-73.91195110905574, 40.78940179722117], [-73.91207975024415, 40.78952181498974], [-73.91183777736101, 40.78968088445849], [-73.91169342372018, 40.78957263861004], [-73.91094297500345, 40.78975504325399], [-73.91090487098742, 40.79004068496306], [-73.91022215784106, 40.790465207279944], [-73.90985862925774, 40.79094549378207], [-73.90677991420768, 40.79037510865335], [-73.90647314610091, 40.7901811752083], [-73.9020632788675, 40.78949440599803], [-73.90032629743816, 40.78900766282588], [-73.8969399356256, 40.786624668969914], [-73.89651204913604, 40.786068659026206], [-73.89635251322325, 40.786179310203444], [-73.8965025483397, 40.78605746784428], [-73.8963785598222, 40.78590898109466], [-73.89621803522914, 40.7860160228715], [-73.89604376668126, 40.78579998748064], [-73.89624259793256, 40.78574043299211], [-73.89614015089806, 40.785607167288475], [-73.89598001322786, 40.78571167576914], [-73.8959296297551, 40.78564894431402], [-73.89612632632574, 40.78559316880908], [-73.8958291437706, 40.78522152738371], [-73.89683173824393, 40.78442766370363], [-73.89675564813932, 40.78432233937594], [-73.89685938880385, 40.78440412048292], [-73.89715534459026, 40.78419496285712], [-73.89706087137654, 40.784073299318734], [-73.89719273550543, 40.78416853742997], [-73.89742198964578, 40.78399631472133], [-73.89731570793737, 40.783871959800834], [-73.89745426052157, 40.783970873888535], [-73.89761396594376, 40.78384496778496], [-73.89772226528177, 40.783743464835744], [-73.8975987852621, 40.78365015495021], [-73.89781043874567, 40.783684461545285], [-73.89767518069621, 40.78358427275554], [-73.89876162661493, 40.78274894588209], [-73.90114577552107, 40.78271110609081], [-73.90217815315991, 40.78178056186365], [-73.90267723582103, 40.78059413174262], [-73.90257929672345, 40.780289120835754], [-73.90234303882673, 40.7801872448048], [-73.90218303706659, 40.78035936664966], [-73.90203565790105, 40.78120310196316], [-73.9012912761892, 40.78185841927053], [-73.90034960780339, 40.78216441002758], [-73.89865437844033, 40.78199542032102], [-73.89437777934127, 40.784243203484415], [-73.89429482356759, 40.784117567827174], [-73.8960637773842, 40.7831572018054], [-73.89477429053531, 40.78225359249442], [-73.89542197971655, 40.78171777101649], [-73.8953575056752, 40.781657657133636], [-73.89460091774579, 40.78225315898151], [-73.89534447842289, 40.781585566311456], [-73.89416469090781, 40.78247204670663], [-73.89306090692054, 40.78184828970733], [-73.89230750203646, 40.782466041573905], [-73.89274917876409, 40.78296570668492], [-73.89165459123714, 40.78219478153091], [-73.89224191097368, 40.782410799563905], [-73.89300986180193, 40.78179802356241], [-73.89227864597586, 40.78130032218299], [-73.89211148854682, 40.78139517920925], [-73.89221792778646, 40.78120532387674], [-73.89167103732989, 40.780854854274025], [-73.89159164168407, 40.78058112081885], [-73.89253484564897, 40.779770519588666], [-73.89254018145542, 40.77955183427164], [-73.89166859702924, 40.77949253890751], [-73.8911958970439, 40.77856328788731], [-73.89252259860889, 40.77740462898924], [-73.89141605902395, 40.776338956234454], [-73.89183244904503, 40.77488019988893], [-73.89144361875265, 40.77562269470986], [-73.89135801404615, 40.77604940843293], [-73.8913676627334, 40.77634299857876], [-73.89145185712488, 40.77651276927105], [-73.8911204433948, 40.77712469973621], [-73.89056250595347, 40.777403920964474], [-73.89035193082525, 40.77780032077764], [-73.89008729416877, 40.77778419310447], [-73.88947105399666, 40.77553555147002], [-73.88978900756054, 40.77423686117006], [-73.8901917152066, 40.773646876225214], [-73.88985169959678, 40.7737532973641], [-73.88945486903737, 40.773532951127386], [-73.88580762286652, 40.77402222447557], [-73.88583361561382, 40.77410924044009], [-73.88566947657924, 40.774126056084015], [-73.88567007665036, 40.77443307121707], [-73.8856323103537, 40.77409707478877], [-73.88578473697669, 40.774024712164724], [-73.88391627963797, 40.77413260659172], [-73.88455150532236, 40.77436062182976], [-73.88483742391138, 40.7749529802433], [-73.8847736190733, 40.77533228058672], [-73.8842883055274, 40.775483097036876], [-73.8844095718806, 40.7755493603749], [-73.88505522658441, 40.77840531274433], [-73.88525026986592, 40.77861290174266], [-73.88505291741029, 40.77877543516966], [-73.88511968881781, 40.77951137538276], [-73.88541287251148, 40.77965996003542], [-73.8851088700627, 40.77952231004403], [-73.88519336272715, 40.77978621409936], [-73.88500897510102, 40.7795648071175], [-73.88488113731138, 40.779987196238906], [-73.88385203219467, 40.78026432025726], [-73.88290491186646, 40.78034869673741], [-73.88274449717208, 40.78022342356979], [-73.88139075985553, 40.780601608408254], [-73.87973466843114, 40.7806548175475], [-73.87958646834709, 40.780698110357726], [-73.87960692432854, 40.78085031306543], [-73.87935806036118, 40.78065668063011], [-73.87920483851617, 40.780767389335054], [-73.87870562518874, 40.78058590995029], [-73.87905115693079, 40.78173053286097], [-73.87930868295247, 40.78185365782992], [-73.87885837485584, 40.78239817868136], [-73.87974777853584, 40.78283656420728], [-73.8797016367226, 40.78288281807247], [-73.87883146781734, 40.782430714494545], [-73.87833923298054, 40.78302592074961], [-73.87515754893464, 40.78150944915086], [-73.87484527331385, 40.78168492457808], [-73.87124856242608, 40.786038150752596], [-73.86978081192638, 40.785337933326005], [-73.86809912257888, 40.787458661818576], [-73.8678840747076, 40.78736103669476], [-73.86813032000016, 40.78723277784437], [-73.86987007434445, 40.78508590656581], [-73.86943751657189, 40.783638399311336], [-73.86860526184714, 40.78380915092564], [-73.86849782906583, 40.783670518509766], [-73.8694234479541, 40.78359131491797], [-73.87048029898958, 40.782306112315425], [-73.87146292358177, 40.78212640074099], [-73.87232286918953, 40.781100761632636], [-73.8720174180928, 40.78095575213115], [-73.8702191075742, 40.78124732686801], [-73.87202831965163, 40.78093336222344], [-73.87233603998413, 40.781085052782494], [-73.87255732673727, 40.780821121542765], [-73.86471066497188, 40.77673318575118], [-73.85505106271819, 40.77219538998928], [-73.85508635910341, 40.7718313882776], [-73.85646272989298, 40.77027306182904], [-73.85757230002886, 40.77045298375831], [-73.85788340877986, 40.77065971164016], [-73.85782463231725, 40.77043731109025], [-73.85803884070444, 40.77020352220307], [-73.85771999546914, 40.7703002478255], [-73.85734730950398, 40.770184232215556], [-73.85684990452465, 40.76954245203837], [-73.85621267610291, 40.7691957972554], [-73.85624565746282, 40.76888571369662], [-73.85704790262325, 40.76913955544647], [-73.8576780026624, 40.768276265391684], [-73.85805261946524, 40.76809065637151], [-73.85877376553164, 40.76734999509865], [-73.85937510429778, 40.76707532894287], [-73.8608553594459, 40.76693211808941], [-73.8611027715228, 40.76727194252999], [-73.86131386166217, 40.7669406312414], [-73.86226565137827, 40.766803167270375], [-73.8626022140311, 40.76689397984001], [-73.86275490196871, 40.76676452542855], [-73.86215785661702, 40.76619175792968], [-73.85949072467278, 40.76256261590269], [-73.85892056312602, 40.76240640118539], [-73.85892298182625, 40.76212234601918], [-73.85864510487953, 40.7625143959092], [-73.85884371506253, 40.76205876677933], [-73.85861915281858, 40.76193559699908], [-73.85765473616219, 40.7630798233513], [-73.8584153868299, 40.76345313042283], [-73.85850081255367, 40.76337643308266], [-73.8583431930897, 40.76356256095815], [-73.85839531409529, 40.76347705912193], [-73.857638966019, 40.76309944913737], [-73.85683888701782, 40.76400017911506], [-73.8569635593979, 40.76407442786328], [-73.8566748236235, 40.763930188326334], [-73.8568029095629, 40.763980845461006], [-73.85758285470693, 40.763072900626796], [-73.85669035223006, 40.762635632858924], [-73.8565867538878, 40.76272284011443], [-73.85678236963491, 40.76250827740677], [-73.85671169399471, 40.76261568695268], [-73.85760424037194, 40.763053281789155], [-73.85817631070422, 40.76239629472661], [-73.8566119581344, 40.76164954225694], [-73.85819433132532, 40.76237410798477], [-73.85858526284439, 40.761917008597145], [-73.85712133534516, 40.76118890387295], [-73.8553026602967, 40.76064958475243], [-73.85466366458898, 40.760171169562284], [-73.85372403934942, 40.76024638863503], [-73.85279376594949, 40.75997216613469], [-73.8527782869497, 40.76012131075255], [-73.85297408882357, 40.760217086700635], [-73.85270107838191, 40.760128117819136], [-73.85268917291368, 40.759928315663906], [-73.85254750230214, 40.76006981174311], [-73.85224158541398, 40.75992160798411], [-73.85266534418564, 40.759918326769665], [-73.85158552901191, 40.75935542065714], [-73.8506905306545, 40.75944879109056], [-73.84994041798495, 40.75969825609303], [-73.84930110814332, 40.76024287535016], [-73.84987484496149, 40.761103812948654], [-73.85197412962866, 40.76024940738198], [-73.85207200177837, 40.76039288467229], [-73.84981162475142, 40.761270974008326], [-73.8491666240615, 40.76029658428801], [-73.84858834617641, 40.76017956308845], [-73.8447450720674, 40.76275563070346], [-73.8435936131629, 40.76337054278857], [-73.84368787664116, 40.76361272608388], [-73.84343628780456, 40.76343256619378], [-73.84306961269657, 40.76359256915394], [-73.84304240810822, 40.76432131992048], [-73.84272819396486, 40.76462854893194], [-73.84052635479378, 40.76538798970028], [-73.83957826853546, 40.76525232297323], [-73.8391318926341, 40.765991105568546], [-73.8395267864783, 40.76613954972582], [-73.83969772549081, 40.7663926770456], [-73.83973386806854, 40.76673441465341], [-73.83949805795804, 40.76701701698489], [-73.83959072609815, 40.76711082471924], [-73.83993922177474, 40.76706427714755], [-73.83990190913333, 40.766824158916805], [-73.84031170315292, 40.766294797898624], [-73.84448895884195, 40.76545960258417], [-73.84528163541583, 40.76566611948273], [-73.84620024037952, 40.766196343166605], [-73.84723067976141, 40.76631315809593], [-73.84780575104425, 40.766772948171884], [-73.84821324018463, 40.76763459784819], [-73.84862313819373, 40.768113973771555], [-73.84827134088809, 40.7682021811484], [-73.84819270803453, 40.76848035983155], [-73.84874543600232, 40.76871174752752], [-73.84899656368121, 40.76914831400686], [-73.84846616766745, 40.76972644130648], [-73.8486715286884, 40.770761572902735], [-73.84949402711861, 40.77132861681566], [-73.84994241882967, 40.77192719326011], [-73.85030397450468, 40.77193819958973], [-73.85033808818524, 40.771743668538946], [-73.85130108374476, 40.77180636079786], [-73.85127037620715, 40.77198553474381], [-73.85036146530206, 40.77183074564805], [-73.85033410569255, 40.77201760575838], [-73.84995162517303, 40.771958298877244], [-73.84986902411909, 40.772183062008466], [-73.85004065546251, 40.77222460105772], [-73.84983958377667, 40.77223100286766], [-73.84957160955892, 40.77256110383093], [-73.84897619867189, 40.77356166795718], [-73.84921529930918, 40.77465486043059], [-73.84892988681854, 40.775557080129644], [-73.84919240411048, 40.775790469530534], [-73.84896802544691, 40.778022212691745], [-73.84936761626928, 40.778168680728314], [-73.8495358659634, 40.778425885557276], [-73.84974741420471, 40.77841405400628], [-73.84953664690445, 40.77845762079265], [-73.84946904846156, 40.77866378321188], [-73.84993353296176, 40.77876912338123], [-73.84980088112201, 40.7787932848279], [-73.84978114316354, 40.77911193004298], [-73.84957155453695, 40.77919283670726], [-73.84963968933035, 40.77948327517696], [-73.85094705724252, 40.77906915543044], [-73.85148755480422, 40.7789929781152], [-73.85101339619412, 40.77912195667458], [-73.85107946016636, 40.77929775818595], [-73.85014017315828, 40.77939098692588], [-73.84979304347623, 40.77949768469514], [-73.84981720066128, 40.77963034755182], [-73.8523526788141, 40.779480672330955], [-73.85235661936242, 40.77916933052253], [-73.85238832778397, 40.77952890238718], [-73.84982102259873, 40.77965133880156], [-73.84984362844325, 40.77977547491944], [-73.8495632520746, 40.7798790821673], [-73.85031473957734, 40.780041536004276], [-73.85045656031583, 40.77988828041656], [-73.85169028085423, 40.77986750847837], [-73.8516709916224, 40.780035228878305], [-73.84949381208321, 40.78006582811444], [-73.84988932081794, 40.78108913479864], [-73.85093646396534, 40.781119575156204], [-73.84988728063747, 40.781121511317096], [-73.84983660014265, 40.78159962491646], [-73.84918709418461, 40.7816418115497], [-73.84954774265991, 40.7818410783429], [-73.84924675980123, 40.78225636582441], [-73.85028520882396, 40.78245945017668], [-73.85314993069177, 40.782323936276356], [-73.85322330949941, 40.78206053436783], [-73.85367974095061, 40.781985742044455], [-73.85528242786589, 40.7819753843501], [-73.85545062834929, 40.78314307913857], [-73.85645378741422, 40.783350925658794], [-73.85643993663037, 40.78315751746976], [-73.85667690893332, 40.7831500881623], [-73.85660286912328, 40.78289226124898], [-73.85664951090608, 40.78289231927661], [-73.85684129014666, 40.7833713634854], [-73.85734052316838, 40.78337127058638], [-73.85765932415339, 40.783644430295304], [-73.85808318103423, 40.783724078339326], [-73.8581697266112, 40.784045385003154], [-73.85789221034877, 40.78428163064467], [-73.85790165547213, 40.78449028085322], [-73.85852520170424, 40.78521351878027], [-73.85900171407458, 40.78518675473132], [-73.85905644532365, 40.7854318130606], [-73.8590747615189, 40.78523738181379], [-73.85910732207955, 40.7854621177998], [-73.8592520435447, 40.78547791604777], [-73.8592361058371, 40.78530658875588], [-73.8594632808303, 40.785494851995985], [-73.85934860119954, 40.78502724994281], [-73.85950833484762, 40.78553493444993], [-73.85899048937371, 40.78549159893389], [-73.85912461223712, 40.785850159663454], [-73.85858840508548, 40.78614814015403], [-73.85868283350074, 40.78653116647549], [-73.85814354176253, 40.78704432244286], [-73.85681133765485, 40.78667261369734], [-73.85620020315073, 40.78715009995919], [-73.85617275786555, 40.78749322037845], [-73.85593893862168, 40.78768873422765], [-73.8534518446134, 40.787826112299044], [-73.85284230133867, 40.78821137174011], [-73.85288990261189, 40.788346670054885], [-73.85438364788577, 40.78832012876321], [-73.8548008362411, 40.788607626575875], [-73.8544719407123, 40.790258975319816], [-73.85265359064718, 40.79112231759127], [-73.85288469081824, 40.79156296763583], [-73.853769898906, 40.792335778907024], [-73.85363080165997, 40.793098182710814], [-73.85368561848587, 40.794018394081974], [-73.8527662719851, 40.794389247326926], [-73.8526309825624, 40.794944854244925], [-73.85242651222973, 40.79460975882123], [-73.85159077157341, 40.79408653107805], [-73.84906160835088, 40.79336261029871], [-73.84884894723113, 40.79350168565849], [-73.84907814795721, 40.794145384480984], [-73.8487837015379, 40.794542102225456], [-73.84887654563339, 40.79513404169143], [-73.84870999361334, 40.79541648129005], [-73.84624420656029, 40.79616309543737], [-73.8455780270891, 40.796020896193355], [-73.84560469078744, 40.79585478326092], [-73.8452788515889, 40.79544938630219], [-73.8445991504444, 40.7949115498754], [-73.84354668938991, 40.79491394401068], [-73.84333760876113, 40.79502138696053], [-73.8433063238679, 40.79550093399164], [-73.84304363919163, 40.79521473951449], [-73.84284865322397, 40.79521340167193], [-73.8432849719419, 40.79617439268523], [-73.8428087524122, 40.79541822241329], [-73.84225959368331, 40.79558496893755], [-73.8428667525936, 40.79692222907211], [-73.84216747341128, 40.79561294016378], [-73.84190480252057, 40.795621793738384], [-73.84142122729105, 40.79514695145784], [-73.84129943545976, 40.79621966933024], [-73.84059982294505, 40.7968068037133], [-73.84013930364449, 40.79687918783632], [-73.84041517975831, 40.79767843725892], [-73.83920948324106, 40.7978443143542], [-73.8384291582917, 40.79837567115353], [-73.83789967503715, 40.79850897068427], [-73.83919004727183, 40.79777726644782], [-73.84025860809128, 40.79758885843238], [-73.83997099590049, 40.79690564189244], [-73.839036768124, 40.79705247657841], [-73.8384008307784, 40.79675525880964], [-73.83706498880258, 40.79385109842642], [-73.83659078616276, 40.792082550551974], [-73.83661598944191, 40.79176276700107], [-73.83732085415384, 40.79139278568124], [-73.83751566674027, 40.79101212959931], [-73.83750358883579, 40.79046166072568], [-73.83681814957033, 40.79046990635997], [-73.83748191403235, 40.79043449792194], [-73.83717544534922, 40.78942731381915], [-73.83728049134774, 40.789009872422206], [-73.83713432989512, 40.78956403301447], [-73.83637809572132, 40.789460178689815], [-73.83565808161073, 40.78957267098123], [-73.83533150242076, 40.78921274271704], [-73.83413566521284, 40.78906613655161], [-73.83381316764698, 40.788522677991025], [-73.8329293717141, 40.78851811420333], [-73.83211813285997, 40.78877203841898], [-73.83174255613113, 40.78923440253706], [-73.83143767101389, 40.78917835148865], [-73.83195118463726, 40.78941477213239], [-73.83214914506108, 40.79004344006358], [-73.83174331571016, 40.791006106281756], [-73.8313735338278, 40.7913689446622], [-73.83065972132654, 40.79165021454874], [-73.82997327104808, 40.79156350834963], [-73.82895035710122, 40.792014018810505], [-73.82851893012122, 40.792494236175465], [-73.82923174651863, 40.79300228767929], [-73.82839743076657, 40.792552297545924], [-73.82791413746047, 40.79289359289096], [-73.82778457368654, 40.793420790428705], [-73.82797171977278, 40.79479437041047], [-73.82835875023882, 40.795541355479905], [-73.82878010953803, 40.795917923947606], [-73.82880962942951, 40.79618376840129], [-73.82945157754537, 40.796658960557764], [-73.82994060913852, 40.796083471790794], [-73.83003294431451, 40.796135491225144], [-73.82947072470063, 40.796667940095304], [-73.82976585679005, 40.79683256297833], [-73.83028847001636, 40.79624226067726], [-73.83052227564077, 40.79639497040728], [-73.83026292869329, 40.79643070941217], [-73.83028495256364, 40.7966047799654], [-73.83014859338492, 40.79653365026413], [-73.83019225768815, 40.796693960868666], [-73.83004204087301, 40.79663397568169], [-73.82995971154207, 40.796724485414444], [-73.83007965633034, 40.796794278077606], [-73.82984973939318, 40.79681101442718], [-73.82995664004932, 40.796912310682586], [-73.82978477023461, 40.79687133882697], [-73.82905966768637, 40.796462507655335], [-73.82742422822845, 40.796748674971404], [-73.82697091510649, 40.79712827768977], [-73.8271821380805, 40.797609525673046], [-73.82673856166687, 40.79779624545315], [-73.8261182190996, 40.797271434465934], [-73.82506496699443, 40.79737577656838], [-73.82399356537586, 40.79800962827388], [-73.82408466091005, 40.79824812758578], [-73.82394787857629, 40.79822736408172], [-73.8242331874496, 40.79869523739074], [-73.82385948384697, 40.79815413510484], [-73.823433234508, 40.79840651440802], [-73.82372348219172, 40.798899241360544], [-73.82340872309875, 40.79841781429612], [-73.82325371060094, 40.79846953616857], [-73.8230960275046, 40.798683298363066], [-73.82330552497581, 40.79896286612073], [-73.8230026297057, 40.79864228972415], [-73.82261101579184, 40.79889318931463], [-73.82279270625752, 40.7993397832259], [-73.82251916455868, 40.79898773568942], [-73.82241227004737, 40.799088913753835], [-73.82267787896849, 40.79948613523663], [-73.82238754736628, 40.79911289157384], [-73.82161789179172, 40.799991987692955], [-73.82098071923053, 40.80047810948922], [-73.82043245966628, 40.8006278644213], [-73.82049919995305, 40.80101146781918]]]]}, "properties": {"geo_id": "4", "name": "Queens", "borough": "Queens", "area_km2": 282.5572}}, {"type": "Feature", "id": 3, "geometry": {"type": "MultiPolygon", "coordinates": [[[[-74.0081641459391, 40.686174717161656], [-74.0119325991106, 40.68388774915516], [-74.01217596614636, 40.68409518562867], [-74.00835446532174, 40.68640020025087], [-74.0081641459391, 40.686174717161656]]], [[[-74.00500373315074, 40.687605985401035], [-74.005629863304, 40.686784206043804], [-74.00783293766683, 40.6873850551629], [-74.00742012154097, 40.6882062904361], [-74.00500373315074, 40.687605985401035]]], [[[-74.00382038919733, 40.68892964469948], [-74.00459270521772, 40.68821522298678], [-74.0067843843981, 40.688826879958455], [-74.00636461225267, 40.68966966863715], [-74.00382038919733, 40.68892964469948]]], [[[-74.00297565436566, 40.69042657592089], [-74.0034092162452, 40.68961326116028], [-74.00575900670344, 40.69023640001637], [-74.00534209624915, 40.69109160297804], [-74.00297565436566, 40.69042657592089]]], [[[-74.04387761573918, 40.69018767587425], [-74.0435059601254, 40.689687359636544], [-74.04270428426766, 40.6901552046445], [-74.04255372037308, 40.689962759289784], [-74.04346752310265, 40.68963699010365], [-74.04364078627445, 40.688766560072914], [-74.04438521711224, 40.688516177900524], [-74.04627538937608, 40.68932742539461], [-74.04680284898575, 40.689953256266215], [-74.04747651462345, 40.689611369998474], [-74.04772962697074, 40.68991531896907], [-74.04758571924786, 40.689982506826325], [-74.04743126057485, 40.68980389047136], [-74.04689205500591, 40.690059098322806], [-74.04720029366216, 40.69042481512135], [-74.0471702948939, 40.690991328742676], [-74.04614707208665, 40.691122646033364], [-74.04387761573918, 40.69018767587425]]], [[[-74.0020632979122, 40.692444000334866], [-74.00179839826068, 40.69227001601038], [-74.00216095506005, 40.69223814086755], [-74.0020632979122, 40.692444000334866]]], [[[-74.00132562399813, 40.69146310033224], [-74.00069905841879, 40.69061185841923], [-74.00479415294552, 40.69176162037459], [-74.00440941259976, 40.692528800389496], [-74.00196938526082, 40.69184320882025], [-74.00132562399813, 40.69146310033224]]], [[[-74.0167475609607, 40.69334336821777], [-74.01540359141647, 40.6930664973093], [-74.01538919768244, 40.693298134665696], [-74.01517482202624, 40.69325668033564], [-74.01525951035647, 40.69303681423205], [-74.01512878294328, 40.69324379583458], [-74.01494315033483, 40.69314102193099], [-74.01515612159503, 40.693015515394414], [-74.01422123084896, 40.69282290584166], [-74.01343563361452, 40.69211544203167], [-74.01250258675178, 40.692303580463125], [-74.01229731492555, 40.69256825483527], [-74.01181185647236, 40.69247933506453], [-74.01175749051254, 40.69226373956171], [-74.01190309722561, 40.69209058350803], [-74.0122011411637, 40.69204490509627], [-74.01246140165135, 40.692212624918625], [-74.01333264149608, 40.69201997010252], [-74.01260856859395, 40.691364104127345], [-74.01203417616576, 40.691503076685855], [-74.01259753152567, 40.69133433554468], [-74.01252783209975, 40.691146337338125], [-74.01182575354973, 40.691064816216326], [-74.01219500090085, 40.69102884756899], [-74.01221017410677, 40.69079169680143], [-74.01197151318823, 40.690770955509684], [-74.01198056761248, 40.69060640727196], [-74.012231311469, 40.69046133077529], [-74.01230688304491, 40.68928018293776], [-74.01316926402752, 40.68815477070077], [-74.01488097975022, 40.68725457099129], [-74.01604730539535, 40.687338006800495], [-74.01704986609217, 40.68687598741661], [-74.01664664084757, 40.686416347233504], [-74.01514391088018, 40.686437034043095], [-74.01667351529993, 40.68630516855369], [-74.0171209910106, 40.686843337134135], [-74.02054367293081, 40.68527206792613], [-74.02020686710516, 40.684833832574654], [-74.01939842391928, 40.68508740404737], [-74.02095255010296, 40.68438443164738], [-74.02027819846491, 40.68480913517466], [-74.02061267235811, 40.68524039019821], [-74.02224078898519, 40.68451840759948], [-74.02211854383413, 40.68435195080165], [-74.02233552903563, 40.68447639360439], [-74.02259359581042, 40.68435969595013], [-74.02213250186865, 40.68376767188283], [-74.02305574749595, 40.68291694544531], [-74.02319462834663, 40.683000498062334], [-74.0223682355767, 40.68377991679415], [-74.0227589902996, 40.68428444833244], [-74.02354160370125, 40.68400298359273], [-74.02464809241233, 40.683978566613234], [-74.02567183758212, 40.684236456205234], [-74.02633404242411, 40.684801697724346], [-74.02662819083865, 40.685526804749834], [-74.02642577243203, 40.68617533982978], [-74.02020527434277, 40.6920339238544], [-74.01973308196347, 40.693114107487055], [-74.0167475609607, 40.69334336821777]]], [[[-74.00127014902642, 40.6932960621765], [-74.00174362045013, 40.69240674970567], [-74.00400795971098, 40.69320819963255], [-74.00345348490625, 40.694051630671524], [-74.00127014902642, 40.6932960621765]]], [[[-74.00026872377788, 40.6949658025781], [-74.00095868416989, 40.6940690835824], [-74.00301393829082, 40.69477784447932], [-74.00239802583795, 40.695711654864674], [-74.00026872377788, 40.6949658025781]]], [[[-73.99837760685772, 40.698063296146266], [-73.99887117097656, 40.697157577296025], [-74.00104903057523, 40.69790823619499], [-74.00048768562517, 40.6987577776347], [-73.99837760685772, 40.698063296146266]]], [[[-73.9974989831, 40.69963886932142], [-73.99802102725111, 40.69876173657397], [-74.0000184043362, 40.69946604807382], [-73.99947463838926, 40.7003227780185], [-73.9974989831, 40.69963886932142]]], [[[-74.03995040788483, 40.700890630140314], [-74.03771124796636, 40.699344040347924], [-74.03809786214745, 40.699039504741805], [-74.03822954445391, 40.698368591697886], [-74.03900043878028, 40.69836989039119], [-74.0393403767012, 40.69811551433357], [-74.04124261832222, 40.69953674143504], [-74.04174768868015, 40.69914786356682], [-74.03991248872623, 40.69770204039857], [-74.0416605191481, 40.69645297113735], [-74.04367371230778, 40.698020404330265], [-74.04270395810723, 40.69880060058688], [-74.04296505227515, 40.698999361822366], [-74.0410986123707, 40.70049294338984], [-74.04080080646241, 40.70026854992668], [-74.03995040788483, 40.700890630140314]]], [[[-73.99513826840686, 40.70297411472301], [-73.99669768997464, 40.70087697691724], [-73.99813879899456, 40.70151878774599], [-73.99619227228733, 40.70337714086432], [-73.99513826840686, 40.70297411472301]]], [[[-73.99502134649177, 40.70314786924691], [-73.99544564312069, 40.703275305471955], [-73.99529346700933, 40.70355406589816], [-73.99480038274864, 40.70329195864475], [-73.99502134649177, 40.70314786924691]]], [[[-73.99476934191567, 40.70395289495375], [-73.99488239902435, 40.70378802583759], [-73.99502925916447, 40.70380820086819], [-73.99488204726408, 40.70400865389534], [-73.99476934191567, 40.70395289495375]]], [[[-73.98237340505965, 40.70554335043771], [-73.98242287179878, 40.70582205545215], [-73.9810239061828, 40.70589891389373], [-73.98101733900947, 40.70579750646794], [-73.98230205183879, 40.70573697939983], [-73.98237340505965, 40.70554335043771]]], [[[-73.96715101172583, 40.718316126435184], [-73.96656241897496, 40.71801586680643], [-73.9673074147439, 40.71831306718433], [-73.96718243631241, 40.71848305630175], [-73.96706867689159, 40.71843903579146], [-73.96715101172583, 40.718316126435184]]], [[[-73.96651453667222, 40.719430974242066], [-73.9663636385142, 40.71905045604845], [-73.96574267142807, 40.7187068777773], [-73.96663600829653, 40.71913014271283], [-73.96646745714587, 40.71924344022138], [-73.96651453667222, 40.719430974242066]]], [[[-73.96503278328099, 40.72037706947511], [-73.96511736823715, 40.720316338856485], [-73.96567655698857, 40.72067896054055], [-73.96559823311401, 40.720744458402685], [-73.96503278328099, 40.72037706947511]]], [[[-73.96483433609437, 40.72079554693836], [-73.96436107956328, 40.720477239877326], [-73.96503100130579, 40.720790841371304], [-73.96485304211545, 40.720952804859785], [-73.96483433609437, 40.72079554693836]]], [[[-73.96430846303332, 40.72105566948855], [-73.9640659124426, 40.72079991096256], [-73.9643750430115, 40.72099255076879], [-73.96430846303332, 40.72105566948855]]], [[[-73.9648428486345, 40.72146417609479], [-73.9642746249727, 40.72057576759408], [-73.96495059736691, 40.72142418160451], [-73.9648428486345, 40.72146417609479]]], [[[-73.96236596889439, 40.72420906161443], [-73.96200744799044, 40.72399190110538], [-73.96207271943857, 40.72388030090569], [-73.96246790011057, 40.72413157960146], [-73.96236596889439, 40.72420906161443]]], [[[-73.96128450722306, 40.73015906220415], [-73.96128261942144, 40.73006102501026], [-73.9616867065907, 40.73008186880128], [-73.96195920452797, 40.72985966844819], [-73.96221474459279, 40.72991693577691], [-73.9625493395233, 40.72974406784672], [-73.96225228876577, 40.7299855669821], [-73.96128450722306, 40.73015906220415]]], [[[-73.96197039369788, 40.73157711168562], [-73.9616744677247, 40.73148125355291], [-73.96320076537572, 40.73141740062488], [-73.9636593923288, 40.73124981148223], [-73.96369938139063, 40.7314366195574], [-73.96197039369788, 40.73157711168562]]], [[[-73.96064863700752, 40.74413031711164], [-73.96056856792416, 40.74402966608278], [-73.96067204645489, 40.744051215856366], [-73.96064863700752, 40.74413031711164]]], [[[-73.9641598028843, 40.74686554735975], [-73.96444522752651, 40.746410425260784], [-73.96458318426947, 40.74645440067351], [-73.9641598028843, 40.74686554735975]]], [[[-73.9576883184342, 40.748535026871835], [-73.95749344070785, 40.74833646476331], [-73.9578395394205, 40.74833800337541], [-73.9576883184342, 40.748535026871835]]], [[[-73.93556797049789, 40.77191877753371], [-73.93556621751405, 40.77162911588921], [-73.93585195294749, 40.77171600199284], [-73.93569833888495, 40.77176690312413], [-73.93556797049789, 40.77191877753371]]], [[[-73.94111778718026, 40.76941440857483], [-73.94285528620705, 40.76830349440948], [-73.94943175563205, 40.76054861736164], [-73.95177822025997, 40.75840254987715], [-73.95254079336877, 40.75709531453745], [-73.95322009963168, 40.75642684181784], [-73.95519503183567, 40.754774523476385], [-73.95791452493187, 40.75210985452551], [-73.9590324860946, 40.75138642277138], [-73.96090586319525, 40.74980198197352], [-73.96132845481047, 40.74960095762467], [-73.96153855464473, 40.749723119840674], [-73.96068557958185, 40.75120193696811], [-73.96001132395902, 40.751831517335226], [-73.95950079995129, 40.75295638169334], [-73.9590161662748, 40.753595059957576], [-73.95845836805675, 40.753949236505065], [-73.95339140733955, 40.75979676235788], [-73.95312451504947, 40.76005275842971], [-73.9529778821611, 40.75996210737449], [-73.95208632266514, 40.76086215490759], [-73.95093734928088, 40.762570495237995], [-73.94997191750257, 40.763646030317226], [-73.94908628791565, 40.76426402727513], [-73.9458445142382, 40.76832122825158], [-73.94570357268658, 40.768327934311664], [-73.94548114289289, 40.76862477943799], [-73.9456272109345, 40.768692953179055], [-73.94556302048748, 40.76880177602729], [-73.94524510341354, 40.768773268310575], [-73.94472478497455, 40.769786271535025], [-73.94212674646828, 40.7720347005096], [-73.94088707211625, 40.772372516278764], [-73.94027460921222, 40.77294743739572], [-73.94007665751654, 40.77292618635813], [-73.94028207924197, 40.7723014069914], [-73.94020021779653, 40.77112830566291], [-73.9403553347751, 40.770496574371236], [-73.94111778718026, 40.76941440857483]]], [[[-73.93804640603439, 40.7808295442757], [-73.93779448726416, 40.78078125875562], [-73.93779944179563, 40.78103133979683], [-73.93764631821483, 40.781001215893035], [-73.93759894622623, 40.78046784086164], [-73.93823773509402, 40.780259079465516], [-73.93861200821945, 40.780338955869134], [-73.93958378972476, 40.77957647400733], [-73.93949329752056, 40.7798736913156], [-73.93872802926595, 40.780510743704774], [-73.93883951845037, 40.78059924980004], [-73.93874423089275, 40.78104387604242], [-73.93808213268714, 40.78141843777737], [-73.93796757721645, 40.78128933406044], [-73.93804640603439, 40.7808295442757]]], [[[-73.92191092229572, 40.80150266625372], [-73.9203146552123, 40.799375459290175], [-73.91662985247802, 40.79785813943727], [-73.91545470966419, 40.797063466031155], [-73.91443827233314, 40.79566551786403], [-73.91380428276814, 40.79451184645606], [-73.91378385370594, 40.79383628548226], [-73.91514134426174, 40.79201248249248], [-73.91630574681676, 40.791117480334435], [-73.9161708792398, 40.791014293373934], [-73.91686540584952, 40.79036206296178], [-73.9171062231295, 40.79046861673696], [-73.91856299774986, 40.78969533382608], [-73.91850876959093, 40.78942508976958], [-73.92219098057298, 40.78551067157398], [-73.92285203280153, 40.78355569341784], [-73.92448052280425, 40.78232049064599], [-73.92571808678534, 40.78217655794476], [-73.92732422574863, 40.781090629324446], [-73.92810118987339, 40.780920320042306], [-73.93105352807835, 40.782396594069326], [-73.93502345134512, 40.78300638202899], [-73.93581299798664, 40.783710081035146], [-73.93607064617002, 40.78421721562042], [-73.93571265997697, 40.78568048949272], [-73.93269606086321, 40.78917822366505], [-73.9324014551364, 40.7897202906729], [-73.93224073284911, 40.789694849235076], [-73.93084178739281, 40.79099143000173], [-73.92972400781862, 40.79136617884577], [-73.92807273575714, 40.79082339078063], [-73.92610410186698, 40.790731607117515], [-73.92615942249776, 40.79171538899486], [-73.92656766339974, 40.791858134781954], [-73.9255872987962, 40.79182083090712], [-73.92673798846923, 40.79192842329456], [-73.92636742573487, 40.79166138883773], [-73.92648803030961, 40.79102232430099], [-73.92786889241138, 40.79095483813202], [-73.92789374498597, 40.791091111421096], [-73.9271356372808, 40.79192930660329], [-73.92780141472397, 40.79199747926252], [-73.92826720296209, 40.792328523445775], [-73.9283227160924, 40.79310198914039], [-73.92735332146681, 40.794461894610095], [-73.92693614720181, 40.795497062171485], [-73.9268896782797, 40.79625201136036], [-73.92711806944811, 40.79720386123572], [-73.9271851477837, 40.79734989678042], [-73.92770694127123, 40.797298663379735], [-73.92720299704214, 40.79738674779956], [-73.92743922185319, 40.79771053821618], [-73.92747588603496, 40.7981228996651], [-73.92688261754358, 40.799940768503404], [-73.92669572629504, 40.80014697765521], [-73.92724770789282, 40.800392957369134], [-73.92711464230642, 40.800563756229714], [-73.92716933022487, 40.800405853696326], [-73.92666565480394, 40.80018271403597], [-73.9265535165366, 40.80031517292159], [-73.92674263892997, 40.800403498972955], [-73.92653846390036, 40.800333898308075], [-73.92668470621146, 40.800454757256], [-73.92655241808427, 40.80060482559504], [-73.9268690867946, 40.80078367679943], [-73.92704640297909, 40.800651743031466], [-73.92688606022001, 40.80084064836908], [-73.92650954867304, 40.800657031524715], [-73.92577551811746, 40.801730600996464], [-73.92527521020125, 40.801998522743524], [-73.92263378594897, 40.80186873814122], [-73.92191092229572, 40.80150266625372]]], [[[-73.92640556921116, 40.87762147653752], [-73.92629548797387, 40.8774884680906], [-73.92645784901016, 40.877258188506374], [-73.92619292255573, 40.87706441938846], [-73.92555292243381, 40.877102589301224], [-73.92508215701338, 40.877397610615745], [-73.9245703699118, 40.877428912633476], [-73.92329476733984, 40.8772644349574], [-73.92239768169317, 40.87678022314138], [-73.92244468218188, 40.87569183555923], [-73.9226680398672, 40.874981990958275], [-73.92261383017286, 40.87440727181001], [-73.92217677267492, 40.87367506488467], [-73.9212554107687, 40.87308244881917], [-73.92055602106612, 40.87299877396328], [-73.9201340570572, 40.873192834478466], [-73.91979301672416, 40.873606512158005], [-73.92062699165687, 40.87423481112893], [-73.92080255630357, 40.874194058866856], [-73.92070010598985, 40.8743919336096], [-73.92118186508976, 40.875137840850826], [-73.92080609644063, 40.875477492470296], [-73.91887525897245, 40.87467899639279], [-73.91927438318044, 40.8736518804022], [-73.91892851230503, 40.87331651021589], [-73.91839143131342, 40.87320881418617], [-73.91861247219546, 40.873472514683016], [-73.9179290291799, 40.873978893205205], [-73.9175772988473, 40.874548678547384], [-73.91787144917505, 40.87390499528883], [-73.91750587170966, 40.874168811454595], [-73.91643573932143, 40.87450969873354], [-73.91522402146056, 40.8744866218683], [-73.91261073308553, 40.87375731612324], [-73.91142596184433, 40.87318176665259], [-73.91064877277744, 40.87229624896337], [-73.91042644048507, 40.87148543806223], [-73.91072355879896, 40.8709488361422], [-73.91092491224234, 40.8694365913543], [-73.91147448899112, 40.869454757638515], [-73.91103057950258, 40.86915540299616], [-73.91107553160974, 40.8690432262405], [-73.91132817758825, 40.86880243953597], [-73.91184774646815, 40.86767252047266], [-73.9127317391952, 40.86660521271149], [-73.91254775130282, 40.86651494300449], [-73.9139186313324, 40.86474558440378], [-73.91492387927869, 40.864580378919314], [-73.9145403762602, 40.86441235162355], [-73.91441113392682, 40.86417362687317], [-73.91508583854333, 40.86444814341747], [-73.9158991164586, 40.864308037582674], [-73.9158714806572, 40.86412909053321], [-73.91519574800158, 40.863945224233476], [-73.91517556429707, 40.86368043375111], [-73.91547682444254, 40.863346107296934], [-73.91538673051143, 40.863084384200874], [-73.91729467741682, 40.861679418230814], [-73.91843439251785, 40.86022153339545], [-73.91839311217645, 40.86008046942209], [-73.91877796600097, 40.85954675081412], [-73.91943853541449, 40.858855421344174], [-73.92046134307469, 40.85910326112537], [-73.91984679689206, 40.85884388206972], [-73.91977424610863, 40.85879477229134], [-73.92047868273164, 40.85910409209902], [-73.92127091296314, 40.86018804281688], [-73.92159014848228, 40.860072800027055], [-73.92186633783712, 40.859181339647385], [-73.92130672674394, 40.858899312866015], [-73.92107155243096, 40.85855344452836], [-73.9210876764655, 40.8582998412482], [-73.92091459857728, 40.85821896714043], [-73.92114396589061, 40.85755122405781], [-73.9215555046349, 40.85732175059643], [-73.92155857155751, 40.85708883062931], [-73.92237695742354, 40.856583569625016], [-73.92234459374129, 40.85568233581504], [-73.92169841904696, 40.85667230185513], [-73.92151894059089, 40.85660117062337], [-73.9244406513995, 40.85284047270458], [-73.92971850477589, 40.84523177776136], [-73.93089465201425, 40.842538340142085], [-73.9349153357865, 40.83523082193897], [-73.93515659173383, 40.832682406237424], [-73.93442396339051, 40.82704289397231], [-73.93397241531086, 40.819729574765795], [-73.93383009163675, 40.819719743429815], [-73.93382900884609, 40.815585360187654], [-73.93394608825346, 40.81558762473934], [-73.93401476726979, 40.814483752624966], [-73.93385652638817, 40.81448147441938], [-73.93386510261902, 40.8141531579558], [-73.93433864584739, 40.80956221383153], [-73.93412073484298, 40.80865645197758], [-73.93356119311481, 40.80760067738683], [-73.93115949987327, 40.804966940262624], [-73.93030876458775, 40.803786015368274], [-73.92920817595964, 40.80114752061144], [-73.9290349024031, 40.801080903852046], [-73.92890152344171, 40.79985521466287], [-73.92903640179625, 40.79676259410144], [-73.92927936741171, 40.79585313952077], [-73.93019664392897, 40.794593224352425], [-73.93348489644649, 40.792774171332695], [-73.93583106788908, 40.7910947048704], [-73.93708104382303, 40.78936639571015], [-73.93612689279686, 40.78892686798558], [-73.93624303325052, 40.78879577415221], [-73.93714965461105, 40.78916844905963], [-73.93811570089727, 40.78718476275656], [-73.9398261969646, 40.78525655241565], [-73.94243451137065, 40.78391783032254], [-73.94323985739751, 40.783327851694516], [-73.94364823539011, 40.78265616133344], [-73.94388068102455, 40.781532043364535], [-73.94360047475412, 40.780159099466346], [-73.94343876735986, 40.77976324196603], [-73.94240220198307, 40.78002633450528], [-73.94211235847256, 40.77944698964448], [-73.9427297339572, 40.77925724765569], [-73.94276703480712, 40.779016455101406], [-73.94300246547327, 40.77885287901502], [-73.94245741056957, 40.77740747334814], [-73.9422805004479, 40.7773474382288], [-73.94245545698132, 40.77774786433379], [-73.94233541821181, 40.77776881637426], [-73.94225579604492, 40.77731646027752], [-73.94211982454031, 40.77725556641191], [-73.94218537013923, 40.777163808762445], [-73.94229368333204, 40.77724293624799], [-73.94243403895558, 40.77730046148639], [-73.94207418803877, 40.776917846977256], [-73.94200266722274, 40.7761853173829], [-73.94293043781397, 40.77467626803599], [-73.94866416477923, 40.76885762389705], [-73.950069793031, 40.76702508788092], [-73.95441826078606, 40.76218410495124], [-73.95918103286087, 40.75785611105263], [-73.96065638180474, 40.75592314955037], [-73.96223125165591, 40.75452213042204], [-73.96817376101073, 40.747666753741925], [-73.96836519324148, 40.74743349462028], [-73.96823171715788, 40.74736847648939], [-73.96894301109302, 40.746518335696685], [-73.9698756140306, 40.7454447891378], [-73.96997377026275, 40.74549574743079], [-73.9707883477664, 40.7444062176905], [-73.97094062960419, 40.74447144402558], [-73.97111438123977, 40.74420436093265], [-73.97070317531687, 40.74399049490893], [-73.97117346753164, 40.74410753500842], [-73.97135752941868, 40.743838455359636], [-73.97120546301967, 40.74377151030149], [-73.97188888913065, 40.74272481985312], [-73.97174059715825, 40.74266358001168], [-73.97195955856255, 40.742337921543836], [-73.97228992099217, 40.740721039031946], [-73.97216477368657, 40.74067572212931], [-73.97221685422328, 40.740307625061696], [-73.97265743803038, 40.73922275427715], [-73.97248994174741, 40.735803280107795], [-73.97286939178467, 40.73577086128574], [-73.97441385816532, 40.73641439385913], [-73.97445975070463, 40.7362940197185], [-73.97402692104305, 40.73612576724569], [-73.97446647047286, 40.73627845683008], [-73.97450376013228, 40.736064588444215], [-73.97414062018392, 40.73595565666492], [-73.97450488285943, 40.73604228103946], [-73.97451459772599, 40.735894598411406], [-73.97424982468374, 40.735797182020164], [-73.9744704050787, 40.735797872255304], [-73.97446537767371, 40.735666886063875], [-73.97414616523469, 40.73567162151051], [-73.97305698712047, 40.73517745341573], [-73.97280661710461, 40.735523918521324], [-73.97293031926458, 40.73560761439685], [-73.97276308380353, 40.73550508747374], [-73.97294520758682, 40.735065170071294], [-73.9732989504614, 40.73524235507728], [-73.97329627362966, 40.7350408566427], [-73.97354472883961, 40.73494432610164], [-73.97444065082591, 40.73531677190073], [-73.97395905029711, 40.73342116553862], [-73.97385730036494, 40.73321630363872], [-73.9736762757606, 40.733205933888215], [-73.97386810776207, 40.73306568719578], [-73.97341321730858, 40.73128241642885], [-73.97196340301248, 40.730000377217664], [-73.97147994907228, 40.729249577196], [-73.9714271844355, 40.72848582588513], [-73.97168514866583, 40.72740588663671], [-73.97149039092855, 40.7273500976075], [-73.97357185653419, 40.71859722942143], [-73.97490904076994, 40.715112191421525], [-73.97604981455508, 40.71260419377806], [-73.97671221539667, 40.711535765178574], [-73.97799674790384, 40.71056101739179], [-73.98128647552558, 40.71021834788182], [-73.98124579569945, 40.70982621460142], [-73.98839064023267, 40.70912694916282], [-73.9886365807185, 40.70991206151646], [-73.98879717785803, 40.70996660747239], [-73.99414063200345, 40.70923326740011], [-73.99808351186999, 40.70850961536731], [-74.0011868526283, 40.706859825771936], [-74.00098276691733, 40.70641671299312], [-74.00140666691954, 40.70617938802082], [-74.0005924020935, 40.70541007891111], [-74.00145437418847, 40.70487330343224], [-74.00206142563808, 40.70541700513835], [-74.00256965059467, 40.70552357952368], [-74.00268512768794, 40.705449248118846], [-74.00197070397947, 40.704737867984804], [-74.002171849419, 40.70460659646387], [-74.00243071075865, 40.70467785800453], [-74.00238670740679, 40.70479566367467], [-74.00332307270787, 40.705628595220254], [-74.00383327532258, 40.70530324302658], [-74.00262896407828, 40.70422295278161], [-74.002866897815, 40.704075225511744], [-74.00405666439265, 40.70514736343912], [-74.00602048621096, 40.70387490010204], [-74.00614106753552, 40.70398097343561], [-74.0065959191387, 40.70368590194944], [-74.00530412596079, 40.702559865633226], [-74.00549427805099, 40.70243138145317], [-74.00553546138177, 40.70264552110702], [-74.00567522249854, 40.702584072197745], [-74.00678502191047, 40.70356812740289], [-74.00751905283795, 40.703121819734726], [-74.00769798694176, 40.70284927854697], [-74.00929072600606, 40.70193007131956], [-74.00869964313567, 40.70113986754241], [-74.00775549150644, 40.70154800217457], [-74.0075913620422, 40.7013280810483], [-74.00853611510774, 40.700919695745235], [-74.008349275591, 40.700669348388395], [-74.00862036163869, 40.700552163713446], [-74.00958483017605, 40.70183738556342], [-74.01118088303541, 40.70145139225388], [-74.01110775373041, 40.70127576447384], [-74.01128983905525, 40.70124998224445], [-74.01081530667369, 40.700200444101355], [-74.01115033556839, 40.700898400101124], [-74.01135836291354, 40.700851958636505], [-74.0113340941042, 40.70056835368245], [-74.01150291143712, 40.70081505897438], [-74.01172926817476, 40.70077011805986], [-74.01163147918649, 40.70045821824831], [-74.01185378549589, 40.70073892145034], [-74.01208668214693, 40.700681308739355], [-74.01185672556994, 40.700107103408584], [-74.01196196116918, 40.70003754559562], [-74.01239160032284, 40.70062052809419], [-74.01259392327508, 40.70057083347261], [-74.01261382087365, 40.70010826581126], [-74.01290881793956, 40.70052361169369], [-74.01310747847371, 40.70050745218082], [-74.0130118926586, 40.69981825663142], [-74.01311303826304, 40.69977416538285], [-74.01327349483086, 40.700496870227944], [-74.01348560832739, 40.7004782229086], [-74.01353285018102, 40.70010816142342], [-74.01367479314794, 40.70012582145101], [-74.01353047796475, 40.700311100346646], [-74.01355826959487, 40.700939870830716], [-74.01395152756511, 40.70099098246014], [-74.01422063195494, 40.700111491365895], [-74.0141523878731, 40.70057786628629], [-74.01428920741134, 40.70064414476523], [-74.01467119992007, 40.70021040119729], [-74.01432384363027, 40.700661304629875], [-74.01464323234912, 40.700817304325284], [-74.01506818269304, 40.70031825755512], [-74.01467365628488, 40.70083460902858], [-74.0150211366168, 40.70099250401358], [-74.01514231812101, 40.70084289235444], [-74.01579351711152, 40.701346905807675], [-74.01714508062659, 40.70270534997635], [-74.01766881307273, 40.70359131346783], [-74.01787839340639, 40.70353850803738], [-74.01767132020267, 40.703606427383974], [-74.01757035640019, 40.70418388098674], [-74.01779454520292, 40.70423489759895], [-74.01775054986868, 40.704054882893665], [-74.01781758697946, 40.70393792249673], [-74.01795473982637, 40.70397578611135], [-74.01784441106724, 40.70424203993809], [-74.01844704670988, 40.70416235496205], [-74.01865886498044, 40.70442877929025], [-74.01748090483301, 40.70466726085802], [-74.01811302905885, 40.704553602333924], [-74.01888747947997, 40.704729142804425], [-74.01934254624474, 40.706093672527274], [-74.01912275963412, 40.7069758143376], [-74.01863058372714, 40.707139715772044], [-74.01884889814508, 40.70697031235039], [-74.0185351326967, 40.70691832201425], [-74.01819029259647, 40.7078216261101], [-74.01885500911968, 40.70804753444759], [-74.01777014254505, 40.71283457478931], [-74.01780037888393, 40.71234512415872], [-74.01662424425291, 40.712157318995494], [-74.01661840078305, 40.71275615002984], [-74.01632006627581, 40.713407982478444], [-74.01757952508993, 40.71359549038381], [-74.01772496219296, 40.71307018162288], [-74.01671018605823, 40.718624176058164], [-74.01321322719193, 40.71831571989594], [-74.01306805492318, 40.71892219382567], [-74.01290892764018, 40.71973485170661], [-74.01345505633182, 40.719801707426384], [-74.01341376512872, 40.72001948201438], [-74.01637848291482, 40.72037660883105], [-74.01630573342837, 40.7207270200383], [-74.01299980679079, 40.720333090750216], [-74.0128973027087, 40.72086804597598], [-74.01569471973286, 40.72120642487545], [-74.01562245781948, 40.7215434536739], [-74.01316066673286, 40.721253963194776], [-74.01311663311996, 40.72147373453092], [-74.01363523640495, 40.721516561134564], [-74.01361558335005, 40.72158618255959], [-74.01253875807262, 40.72150317657655], [-74.01165326569942, 40.725871761851536], [-74.01520426531143, 40.726361949379765], [-74.01512356549473, 40.7267939430673], [-74.01154201897596, 40.72644734642468], [-74.01138323604756, 40.728229272367344], [-74.01439069932388, 40.728463047520314], [-74.01403796924798, 40.73069421884407], [-74.01116195696476, 40.730450676349214], [-74.01094118226749, 40.73300776326952], [-74.01400220214607, 40.73306800179563], [-74.01399957240966, 40.73333227751791], [-74.01090389883285, 40.73329761713975], [-74.01073424442943, 40.7334425875551], [-74.01086654686934, 40.733602738017005], [-74.01083284563212, 40.73400709401116], [-74.01201792010474, 40.7340637444565], [-74.01200124222393, 40.73433840116636], [-74.01081359479109, 40.73428344364777], [-74.0104765981442, 40.73806394059523], [-74.0110870663595, 40.73809275008146], [-74.01113915602562, 40.73838986281323], [-74.01045432864602, 40.738364505725755], [-74.01039303134563, 40.739174296561934], [-74.01158045502316, 40.73926453611219], [-74.0114607395534, 40.74058421475269], [-74.01215741913089, 40.740605998131436], [-74.0126592820849, 40.7407476384976], [-74.00949154621281, 40.74074270943997], [-74.00941140266131, 40.74115409331305], [-74.00961923440443, 40.741363610514966], [-74.01020818993538, 40.74160753792842], [-74.010383580722, 40.74139785352676], [-74.01139609242074, 40.741822813235274], [-74.01083987411933, 40.742596734022634], [-74.01029100591903, 40.742358524639805], [-74.01012563710833, 40.742575831777195], [-74.00919185382803, 40.742292631516854], [-74.00909156846193, 40.742886149072554], [-74.00962015348912, 40.74295124838993], [-74.00958464345703, 40.74326352048325], [-74.01214813183593, 40.74355930154771], [-74.01202085006399, 40.743939770208996], [-74.00951201767367, 40.74367609376045], [-74.00943800870864, 40.743971255473234], [-74.00890032962842, 40.7439179270962], [-74.00872986359421, 40.74488153782985], [-74.00961227924414, 40.74499790315071], [-74.00955832929749, 40.74528882529887], [-74.00991660813456, 40.74532725500723], [-74.00999822601715, 40.74495505930228], [-74.0098721108548, 40.74491650212594], [-74.01016790535392, 40.744942329709765], [-74.01003848384612, 40.74496345807833], [-74.0099739502192, 40.745323135109416], [-74.01046920011868, 40.74538676602916], [-74.0105504475589, 40.74501305720761], [-74.01041937209388, 40.74497682417123], [-74.01076419780692, 40.745005032020956], [-74.01058579200931, 40.74502044656174], [-74.01053106537704, 40.745382050389644], [-74.01110359804885, 40.745447670244126], [-74.01117183119825, 40.74507825828352], [-74.01104459150831, 40.74504621240219], [-74.01138769974182, 40.74507311268278], [-74.0112303805723, 40.74507583066286], [-74.0111541917691, 40.74544637808411], [-74.01173958552815, 40.745519918190354], [-74.01179527645735, 40.74515466698517], [-74.01167067583798, 40.74511397733999], [-74.01183642872417, 40.74512596367891], [-74.0117827582809, 40.74560157225559], [-74.01167885505596, 40.74597946181612], [-74.00946389855972, 40.74575014365962], [-74.0093636273423, 40.74633560197741], [-74.01159123434022, 40.74660150547614], [-74.01148373087554, 40.74699058876545], [-74.00924314658675, 40.7467627907539], [-74.00913736259926, 40.74735976280317], [-74.0114067393552, 40.74763055006822], [-74.0113035299375, 40.748014571909074], [-74.00905847901343, 40.74778564533301], [-74.00894606502322, 40.74841189316889], [-74.01121561813416, 40.74867799224373], [-74.01110891182985, 40.749049875919766], [-74.0099481793803, 40.74893198800587], [-74.00956174747358, 40.7499699751995], [-74.00925340917918, 40.749985205722105], [-74.00910453215725, 40.750371069730505], [-74.01067737532614, 40.751022674477085], [-74.01056463476439, 40.75132146210147], [-74.00900098259454, 40.75064818378276], [-74.00853256925024, 40.7518836093045], [-74.00914082120002, 40.75209759409922], [-74.0086511593681, 40.75193951261581], [-74.00910757975159, 40.75213971211202], [-74.00905774009662, 40.75221435124337], [-74.00892887650475, 40.75214400187035], [-74.00858095760466, 40.75204388241179], [-74.0093408924528, 40.752355609545724], [-74.008478955728, 40.75201857192007], [-74.00842636447226, 40.75215785023945], [-74.0099905581975, 40.75281618714928], [-74.00997058797022, 40.75293356415334], [-74.00879210090847, 40.7523521383797], [-74.00868792219572, 40.752493998628566], [-74.00835352838843, 40.75235073934249], [-74.00761949611852, 40.75428184177427], [-74.00774404830214, 40.754336801931885], [-74.00759618989146, 40.75453055073434], [-74.00747157990921, 40.754477019921445], [-74.00728499944323, 40.75473556820334], [-74.00741362036906, 40.754789302669614], [-74.00727181174769, 40.7549855945354], [-74.00714468360972, 40.754932481173604], [-74.00541885841005, 40.75732314034936], [-74.00521187705773, 40.75723199854007], [-74.00480392560185, 40.75780984316488], [-74.00527894797891, 40.75802855492844], [-74.0050310513664, 40.758357016473305], [-74.00700358904015, 40.75923187034123], [-74.00650687640183, 40.75989203231737], [-74.00450483093914, 40.75908499655288], [-74.00420629125391, 40.759501707688564], [-74.00390742032769, 40.75937569218368], [-74.00380657835007, 40.759510731466186], [-74.00424697128062, 40.759699214171576], [-74.00414863814689, 40.759835914170964], [-74.00431889425076, 40.75991068576361], [-74.00366891453541, 40.75970596957674], [-74.00357251040076, 40.75984655897331], [-74.00392854933564, 40.76000301972061], [-74.00313338991401, 40.76107834509648], [-74.00278691552613, 40.76092896970349], [-74.00233528130057, 40.7615437270018], [-74.00455641560922, 40.76252426502523], [-74.00439976203518, 40.76267135909899], [-74.0022008207327, 40.76172843222664], [-74.00153309066981, 40.76264459812778], [-74.00375735037694, 40.76358224164074], [-74.00361214794175, 40.7637770439099], [-74.001386036986, 40.762850095002065], [-74.00097308022016, 40.76342027172584], [-74.00314976988994, 40.76433288868739], [-74.00294809515722, 40.764616835931506], [-74.00322275585363, 40.764638037670395], [-74.00314652966799, 40.76473628138387], [-73.99992712367728, 40.763406528479514], [-73.99962263458187, 40.76355908121064], [-73.99915098087908, 40.76420525958287], [-74.00228802371481, 40.76556154379539], [-74.00202454330335, 40.765893266570565], [-73.99888473174988, 40.76456937704867], [-73.99857638530538, 40.76499860727096], [-73.99868870694561, 40.76520857045002], [-73.9982709030835, 40.76555223341343], [-74.0015618057548, 40.76699649936847], [-74.00131469636004, 40.76725112005011], [-73.99806675905354, 40.76587188113588], [-73.99737808447966, 40.76682338587715], [-74.00064950530418, 40.76824523610574], [-74.00038586489076, 40.76850419593204], [-73.99715588949212, 40.76712869617297], [-73.9964571540504, 40.76809881579582], [-73.99973590247853, 40.7695061773317], [-73.99947253734024, 40.76976421547192], [-73.99707176039311, 40.76873264357703], [-73.99715035477146, 40.76884738771358], [-73.99657126439577, 40.769424568274005], [-73.99902682832902, 40.77046327298224], [-73.99876206914315, 40.77082505670939], [-73.99631327022085, 40.76979883633659], [-73.99588004351685, 40.770400579515005], [-73.99601693196199, 40.77045484888637], [-73.99590077425034, 40.77061312350113], [-73.99576733283618, 40.77055459595407], [-73.99542474436302, 40.771031615168134], [-73.99600175749052, 40.77130746533072], [-73.99589990100937, 40.77145029858229], [-73.99530566365357, 40.77119600490969], [-73.99493501659009, 40.77146814607559], [-73.9949768849473, 40.771658774923495], [-73.99707328169315, 40.77254286890211], [-73.9968729144914, 40.77281748122877], [-73.99477407930823, 40.77192954753038], [-73.99444501293384, 40.77237712658849], [-73.99622972001936, 40.773128975045495], [-73.99612087994667, 40.773275391093186], [-73.99416328456306, 40.772487191021455], [-73.99383108203092, 40.77293178785083], [-73.99413665258861, 40.77290187017444], [-73.99437655275096, 40.773039551101554], [-73.99429402982382, 40.77315624399199], [-73.99502327586075, 40.77348119657636], [-73.99505028469918, 40.773297153190036], [-73.9962406518988, 40.77378979139785], [-73.99606316808179, 40.77388688661024], [-73.99617945997379, 40.77398695435169], [-73.99609524522621, 40.774086186437806], [-73.9939369418221, 40.77317951096707], [-73.99262266386542, 40.77497405603712], [-73.99226708903541, 40.77511603385873], [-73.9920590849371, 40.775497598695026], [-73.99238604296033, 40.775557179922245], [-73.99092717414969, 40.77756687876315], [-73.99039616003651, 40.77758506567923], [-73.98886861740003, 40.77969292291159], [-73.99155105922745, 40.77957482093496], [-73.99141982585964, 40.77975528028724], [-73.98888614411696, 40.77987889853291], [-73.98891926146842, 40.78022609434386], [-73.98821042083165, 40.78122548254226], [-73.98807644914505, 40.78165093500181], [-73.98546581197026, 40.78536070057562], [-73.98617270496545, 40.786068452258874], [-73.98711901394266, 40.78521031850171], [-73.98612842248589, 40.78623900133132], [-73.98542932126942, 40.78541394218482], [-73.98508113773205, 40.78592193511063], [-73.98576566029752, 40.78619627485881], [-73.98568287192252, 40.78630978621333], [-73.98501696406484, 40.7860142376984], [-73.98465507883023, 40.786534741808154], [-73.98594956155668, 40.786487113464126], [-73.98581237352651, 40.786616865357274], [-73.9846194285841, 40.786586016350014], [-73.97205095521868, 40.80453037601023], [-73.96855747771224, 40.809072893821174], [-73.96740185312369, 40.81102215539729], [-73.96414082888299, 40.81577165745409], [-73.95999892229345, 40.82038294480247], [-73.95981462674555, 40.82029787470156], [-73.95913061580629, 40.82116895377493], [-73.95942624349648, 40.821252381738134], [-73.95914685715192, 40.82157132855115], [-73.95903294155774, 40.82151374622867], [-73.95923467193995, 40.82127782527061], [-73.9590896024009, 40.821206247056104], [-73.95881892233997, 40.82151852484693], [-73.9589417294171, 40.821569364009754], [-73.958745236605, 40.82180551197381], [-73.95900018289892, 40.822409728374524], [-73.95922976213465, 40.8222869101325], [-73.95990999444398, 40.82257111982217], [-73.9596033246028, 40.8229946867835], [-73.95892614718302, 40.822711755441524], [-73.95904953331708, 40.82254133536842], [-73.95852731524258, 40.82184375665232], [-73.95820019354012, 40.82228313691829], [-73.95793904909121, 40.822774353547466], [-73.95822838183035, 40.822887867101066], [-73.95814312769203, 40.823020722271615], [-73.95955575493863, 40.823693797768954], [-73.95725896977147, 40.82711730987327], [-73.95694866420469, 40.82700055393517], [-73.9563178451031, 40.827944215388754], [-73.95503912978396, 40.82741343191204], [-73.954697366195, 40.82791838551438], [-73.95454188062128, 40.8278614763657], [-73.95119183012206, 40.832639151280034], [-73.950865127052, 40.833434120627786], [-73.95021218560015, 40.83430311995851], [-73.94954600729373, 40.836604371501984], [-73.94928285089011, 40.836740786563446], [-73.94954210504484, 40.83687963192584], [-73.94842860791549, 40.83986085415082], [-73.94738322154262, 40.84194082580206], [-73.94612416421772, 40.843892496557295], [-73.94617174983877, 40.8453928915808], [-73.94651730200619, 40.845995183901344], [-73.94635078049936, 40.846240331289444], [-73.94682445342686, 40.847134261567405], [-73.94663550012669, 40.84891242505988], [-73.94702782494721, 40.85004183181262], [-73.94696441759594, 40.85046552581838], [-73.9465022945865, 40.85097566560892], [-73.94627501496706, 40.85084097717317], [-73.94620078322082, 40.85103148810554], [-73.94608190501069, 40.85098071488123], [-73.94611744105192, 40.851172582517314], [-73.94565283626454, 40.851211097838814], [-73.94466721178145, 40.85192122600692], [-73.94432518482476, 40.851822576438785], [-73.94419660781348, 40.85201534181603], [-73.94347978545667, 40.8522818824447], [-73.94186996426673, 40.85386773944298], [-73.9402934749712, 40.85664177065778], [-73.93911094164396, 40.858040911225906], [-73.93830957434292, 40.859380523608294], [-73.9375294417256, 40.8600966412822], [-73.93647561664848, 40.86192659167348], [-73.93401664426698, 40.86503554829179], [-73.93395001711579, 40.86534674621003], [-73.93266332721463, 40.86723706643717], [-73.93290171891769, 40.86729304389986], [-73.93283958205063, 40.86741527691158], [-73.93259794852806, 40.86731134967057], [-73.93242538215391, 40.867568247921255], [-73.93226769826255, 40.86856231897257], [-73.93249214298633, 40.86867751915986], [-73.93265083512807, 40.86846503348205], [-73.93252354560038, 40.8687220783591], [-73.93225427749157, 40.86868339885568], [-73.9323138544823, 40.86892372034389], [-73.93256795169879, 40.86904439147401], [-73.93218903826079, 40.86936697638926], [-73.93246883069908, 40.86947609938716], [-73.93235370807277, 40.86975525529677], [-73.93235934466003, 40.869507363219554], [-73.9321333660305, 40.869415975441186], [-73.9320534384771, 40.869600750744546], [-73.93220600531866, 40.87009644510462], [-73.9319137713681, 40.871129493722904], [-73.92997686743148, 40.874338962330555], [-73.9290134580979, 40.8757386600903], [-73.9281462360357, 40.87652252894412], [-73.92753082127489, 40.87671053481318], [-73.92640556921116, 40.87762147653752]], [[-74.0092377993956, 40.74207162715807], [-74.0100880336451, 40.74248815567386], [-74.01019827672162, 40.74233375374003], [-74.0098223415751, 40.74216605205829], [-74.01016559689417, 40.74167234807372], [-74.00936174828294, 40.74142362374203], [-74.0092377993956, 40.74207162715807]]], [[[-73.92362973950414, 40.87896394324346], [-73.92363695289222, 40.87881535593227], [-73.92367919311681, 40.87882607449882], [-73.92362973950414, 40.87896394324346]]], [[[-73.90665099539478, 40.87575250419279], [-73.90774270784561, 40.87284595211176], [-73.9084636791247, 40.872620792207314], [-73.90893235241587, 40.8721573479708], [-73.90971690006448, 40.87320461141724], [-73.91092118009641, 40.874146396040274], [-73.91578515571896, 40.87571694506451], [-73.91484624156381, 40.876666710276666], [-73.9120583003024, 40.87811932004882], [-73.91148913190445, 40.87901885880971], [-73.91033193566491, 40.879038046804844], [-73.90949832117538, 40.878776731679324], [-73.90703748936642, 40.87689516121084], [-73.90682822856839, 40.87663155188898], [-73.90665099539478, 40.87575250419279]]]]}, "properties": {"geo_id": "1", "name": "Manhattan", "borough": "Manhattan", "area_km2": 59.145}}, {"type": "Feature", "id": 4, "geometry": {"type": "MultiPolygon", "coordinates": [[[[-73.89678526341234, 40.79632916648729], [-73.89693872998787, 40.79563587285381], [-73.89796839783742, 40.79564483916218], [-73.89919434249981, 40.79650245601842], [-73.89852052071454, 40.79693619419], [-73.89788253240101, 40.797116532649795], [-73.89713149795635, 40.79679807772849], [-73.89678526341234, 40.79632916648729]]], [[[-73.8889965422283, 40.798680754488004], [-73.88821348851273, 40.79866530463878], [-73.88839250519779, 40.79856629676754], [-73.88823353313644, 40.7982428842861], [-73.88755967580657, 40.798368732437254], [-73.88665108524579, 40.79803819670012], [-73.88375741590156, 40.795708565420014], [-73.88362347511048, 40.79567272631017], [-73.88365516756649, 40.7959672300653], [-73.88320394303746, 40.79554499746243], [-73.88209633687474, 40.79515986104319], [-73.87980493377017, 40.79489225117053], [-73.8783743781276, 40.79452080676742], [-73.87583075485645, 40.793150117287475], [-73.87449318523954, 40.79205745058938], [-73.87288457445655, 40.79145210820734], [-73.87175020506083, 40.79065850952989], [-73.87121154143503, 40.79003612173736], [-73.87080888567434, 40.78789669168323], [-73.87163065373362, 40.78679790584326], [-73.87308761688928, 40.785854952783566], [-73.87351452458634, 40.78575009169933], [-73.87653227348001, 40.785827363747366], [-73.87830680057644, 40.78535662050863], [-73.88537442211033, 40.78666912679868], [-73.88770126306397, 40.78687227457278], [-73.889052124432, 40.78737256025829], [-73.88961097042936, 40.788199991008405], [-73.89030135499006, 40.789876726832304], [-73.89079999909828, 40.790207576198725], [-73.89160587115359, 40.79016070095335], [-73.89218182918808, 40.790394269608534], [-73.89282283610926, 40.792817081951654], [-73.89179289686568, 40.79677524575884], [-73.89073139028322, 40.797660899806736], [-73.89087421678985, 40.797829748226555], [-73.89062148266537, 40.79774892344873], [-73.8907950512707, 40.79802183735321], [-73.89060785824246, 40.79776750713797], [-73.89016916368625, 40.79796465843273], [-73.88921283898088, 40.79780120410432], [-73.88835248098275, 40.79813935919857], [-73.88856204587574, 40.798353403824635], [-73.88839282545207, 40.798375280868], [-73.88851285371605, 40.79859054101989], [-73.8889965422283, 40.798680754488004]]], [[[-73.89833036270475, 40.802412821442815], [-73.89646668834577, 40.80079047089154], [-73.89864038714919, 40.79910116512415], [-73.90021004993066, 40.79926415639877], [-73.8997873880091, 40.799509553872134], [-73.89971563817438, 40.800798808503], [-73.90003735815736, 40.80090874205041], [-73.89948919423654, 40.80090111592974], [-73.8993874857105, 40.8019356650705], [-73.89833036270475, 40.802412821442815]]], [[[-73.78833349834521, 40.83466712975954], [-73.78931223606624, 40.83446488655362], [-73.78951019872305, 40.83536404252595], [-73.78845700015209, 40.835309914315566], [-73.78833349834521, 40.83466712975954]]], [[[-73.80222295355253, 40.84163481314427], [-73.80263811156284, 40.841081152764744], [-73.80529495910672, 40.841134924850394], [-73.80694608641734, 40.841462446684005], [-73.80680801372397, 40.8424891399877], [-73.80393073307255, 40.842594073052695], [-73.80367560026521, 40.842258492916194], [-73.80222295355253, 40.84163481314427]]], [[[-73.7806894529125, 40.854928807936076], [-73.78101002725666, 40.85487625019061], [-73.78122955242041, 40.855111230755966], [-73.78123322636526, 40.85539866814683], [-73.78086994706949, 40.85553169990013], [-73.78063107485207, 40.85525897066272], [-73.7806894529125, 40.854928807936076]]], [[[-73.78285213100395, 40.855485805307886], [-73.78259711591907, 40.85482256097164], [-73.7838586191202, 40.85483156741573], [-73.78355666739014, 40.855074310552645], [-73.78330379042221, 40.85584858232035], [-73.78285213100395, 40.855485805307886]]], [[[-73.78922202961881, 40.85874251553153], [-73.78876651996593, 40.85840216757863], [-73.78878402854569, 40.85742069033674], [-73.788043429758, 40.85755991768736], [-73.78802830701825, 40.857514681283895], [-73.78877898544017, 40.85740092519987], [-73.78871047688015, 40.85704703321381], [-73.78889654957185, 40.856573386709975], [-73.78853687735324, 40.856158504288196], [-73.7883594322236, 40.85562648914848], [-73.7884151118412, 40.85518763760724], [-73.78855365724812, 40.85514873611447], [-73.7882941364666, 40.85482265139031], [-73.7884773265335, 40.85440052053239], [-73.78834700683626, 40.85415351895001], [-73.78756282815206, 40.85437584889343], [-73.78734753146423, 40.8543858854597], [-73.78834514784103, 40.8541320123503], [-73.78731450066233, 40.85421194272587], [-73.78690734702697, 40.8540639722994], [-73.78792821707314, 40.85373779738932], [-73.78800064949667, 40.85352463632825], [-73.78588186506491, 40.85178867294363], [-73.78529210719022, 40.8516206499737], [-73.78413189167978, 40.85183280615744], [-73.78431415165997, 40.85176754570707], [-73.78387115358136, 40.85155896167022], [-73.78396112488305, 40.85148693392315], [-73.78338158610377, 40.85158673391453], [-73.78360210541598, 40.85131951978288], [-73.78460077697598, 40.85109569219537], [-73.78445463288537, 40.850772873854645], [-73.78384119307984, 40.850692899498476], [-73.78406580837334, 40.850625233236585], [-73.78401288041832, 40.85047528985322], [-73.78425785826201, 40.85025318064254], [-73.78420047134377, 40.85006064424078], [-73.78353497808567, 40.84922096792302], [-73.78317944898265, 40.84922236094971], [-73.78303535537907, 40.84907190812803], [-73.78244952709214, 40.84934115401586], [-73.78221806474305, 40.84916680459631], [-73.78209456304502, 40.849247300009885], [-73.78215814152048, 40.84911617392409], [-73.7815749238, 40.84943063184558], [-73.78154449088434, 40.84940043514604], [-73.78214108697831, 40.84910066266785], [-73.78161594069067, 40.848896204611336], [-73.78161367535198, 40.84877238635009], [-73.78150620325309, 40.84884252817931], [-73.78157440440629, 40.8487318082126], [-73.78143249522284, 40.84880000581349], [-73.78149386587489, 40.84858047582596], [-73.78267467078871, 40.84813967244418], [-73.78097820938946, 40.848458347913756], [-73.78130627517389, 40.84834768647283], [-73.78110697775486, 40.848294757694134], [-73.78263740397888, 40.84807264924602], [-73.78250408633528, 40.847913273763446], [-73.78158418081549, 40.84803705203999], [-73.78148431950568, 40.84788219384885], [-73.78142920347912, 40.84745634535744], [-73.78207848450111, 40.847130807905565], [-73.78223364202795, 40.84685337267851], [-73.78216393435585, 40.84663633778104], [-73.78063668411163, 40.846923334752624], [-73.78067693704057, 40.847061485793674], [-73.7804624159846, 40.84710023328975], [-73.780403269586, 40.846931134166255], [-73.78106043972839, 40.846802552357055], [-73.78115182578563, 40.84624630462727], [-73.78110675760784, 40.84674699714134], [-73.78168786937849, 40.84663887521212], [-73.78174288903251, 40.84641229011609], [-73.78171494622761, 40.84665747421488], [-73.78109301885183, 40.84679849158762], [-73.78215667396832, 40.84660757811384], [-73.7825134511685, 40.84640877155137], [-73.78235702810511, 40.845981588332826], [-73.78257932865696, 40.84593589302793], [-73.78249597258944, 40.845661561949214], [-73.78309442048653, 40.84551828556489], [-73.78314644227363, 40.8453099420262], [-73.78307455830657, 40.84550976429207], [-73.78242487155511, 40.845676336667196], [-73.78181646104312, 40.84576497805119], [-73.783050749408, 40.84549682317608], [-73.78306023126578, 40.84508570856724], [-73.7818153590045, 40.845480582880526], [-73.78188707672663, 40.845333885649545], [-73.78307457446681, 40.84505636873404], [-73.78315245505728, 40.845295983327965], [-73.78322207613923, 40.84506344465836], [-73.78297579244337, 40.84468094802061], [-73.7833653613534, 40.844444722981876], [-73.7830604095184, 40.8443720643956], [-73.78301129829386, 40.844172690850016], [-73.7832698713884, 40.844069392091825], [-73.78309494706117, 40.843866094402465], [-73.78348428748818, 40.84367854599862], [-73.78290650949755, 40.84393612584032], [-73.78052736048552, 40.84452514033834], [-73.77992703744428, 40.84388308135602], [-73.78053302714385, 40.844453022265434], [-73.78039623282005, 40.84396640817994], [-73.78058464728879, 40.8444345726984], [-73.78106261364299, 40.84432831787688], [-73.78087690198701, 40.843862220487964], [-73.78108977797854, 40.844320127077836], [-73.78154602523335, 40.84421588974787], [-73.78137674098357, 40.843704486540204], [-73.78157590302688, 40.84420770347067], [-73.78200770536664, 40.84410960066983], [-73.78183306599355, 40.84357551830506], [-73.7820375758627, 40.844103474973664], [-73.78243679895445, 40.844009431100055], [-73.78224871668732, 40.84343616841767], [-73.78246939706243, 40.843999187835244], [-73.78282243971395, 40.84391948119968], [-73.78257210723939, 40.8432945819435], [-73.7827849863565, 40.843754545481126], [-73.7830918611237, 40.84368505481138], [-73.78287388243189, 40.84312410236253], [-73.78313252568665, 40.84369749673193], [-73.78280661506554, 40.84377931612224], [-73.78284151617675, 40.84389478720214], [-73.78347481249244, 40.8436547381099], [-73.78319194518633, 40.84286786448668], [-73.78304539815447, 40.84289633206691], [-73.78321038850865, 40.84347933886669], [-73.78291098678723, 40.84292235550836], [-73.78313925968678, 40.84282231949021], [-73.78291747085107, 40.84280644567928], [-73.78312383020314, 40.84273620299385], [-73.78288778301486, 40.84249482884979], [-73.78273319376765, 40.8425217054987], [-73.78281584526042, 40.84276452259681], [-73.78270669982564, 40.8425324758105], [-73.78229941270918, 40.842605896413545], [-73.78244452404584, 40.84304203441694], [-73.78226682874738, 40.84261201822846], [-73.78180048362434, 40.84269614579382], [-73.78193306593671, 40.843228088076614], [-73.7817719692772, 40.842702273492186], [-73.78124656634495, 40.842797107289634], [-73.78142785188602, 40.84337087377914], [-73.7812160111929, 40.8428047773959], [-73.78067429925017, 40.842907304537896], [-73.7808290368131, 40.8435072971459], [-73.780643759933, 40.84291033762104], [-73.78029552531899, 40.84297304539673], [-73.78022773872677, 40.843778181297886], [-73.78022662418242, 40.84288326843306], [-73.78286499304913, 40.842478101882875], [-73.7805973582243, 40.84278660044373], [-73.78236855953504, 40.84242849314983], [-73.7821516613938, 40.84235522861413], [-73.78231110910542, 40.84222417895734], [-73.78162055021923, 40.842329494888226], [-73.78230643317748, 40.84221111581018], [-73.78233257215892, 40.84192284411156], [-73.78144003107849, 40.842142133493596], [-73.7823235128594, 40.8418983304548], [-73.78203752533935, 40.84184191671524], [-73.78226345326232, 40.84177811598265], [-73.78201593435602, 40.841793189025346], [-73.78216624418963, 40.84168914411031], [-73.7812992811557, 40.841794441623804], [-73.7813386857138, 40.84199621898691], [-73.78124863502505, 40.841877807985504], [-73.78113290101255, 40.841910626053824], [-73.78119772238884, 40.84204202937318], [-73.78097935660904, 40.84195293533575], [-73.78102354424838, 40.84209299491431], [-73.78084643996941, 40.841989198625996], [-73.78088717448651, 40.84213446705882], [-73.78069632802122, 40.84203238300086], [-73.7807209883043, 40.84219153230599], [-73.78065508284249, 40.84204186886651], [-73.78056292706853, 40.842214705706375], [-73.78034805158214, 40.84210909822463], [-73.7804257718152, 40.84249439420706], [-73.78029863976153, 40.84251154046752], [-73.78019599955293, 40.84204621097634], [-73.78185048197783, 40.8416539463945], [-73.78166051213611, 40.84112417508584], [-73.78084223802306, 40.841276324028335], [-73.78089220610157, 40.84155308419848], [-73.78079752923449, 40.84125614604854], [-73.7816485529559, 40.84109776352898], [-73.78139143568785, 40.84103661012095], [-73.78161069651529, 40.840996240025916], [-73.78137488194947, 40.84097887100524], [-73.78159396937245, 40.84093979674822], [-73.78141805071888, 40.84071475571639], [-73.78154296060534, 40.84038666160467], [-73.78149172006931, 40.8402062245254], [-73.78125361834566, 40.84025550043905], [-73.78148878089243, 40.840197323922254], [-73.78136267245321, 40.83973018981652], [-73.78117947802396, 40.83974586225597], [-73.78135932010665, 40.839711708215994], [-73.78134125145772, 40.83947856344309], [-73.78113875725964, 40.839494278801894], [-73.78133988849423, 40.83946969983049], [-73.78156780983515, 40.83853740573653], [-73.78200420989037, 40.83801557230729], [-73.7818845572027, 40.83765027660498], [-73.78238142556087, 40.83732410616755], [-73.78272760738652, 40.83748795984906], [-73.78290629190879, 40.83732000607291], [-73.78270364583639, 40.83684280196576], [-73.78268131435576, 40.83648367715375], [-73.78282260139727, 40.8363381558881], [-73.78302921862723, 40.83634585234493], [-73.7833816805932, 40.83690927168086], [-73.78410164591317, 40.836725529358155], [-73.78448456140005, 40.83702422253876], [-73.78498060328094, 40.83674642608077], [-73.78508226642776, 40.836881907710726], [-73.78450333965363, 40.83705776517131], [-73.78485009222665, 40.83747048917873], [-73.78512582175478, 40.8374460415696], [-73.78563997845447, 40.83706443458557], [-73.78583067964114, 40.83720998000472], [-73.7856527957231, 40.83713210472616], [-73.78516584428648, 40.837471334061945], [-73.7852771294841, 40.837756718087114], [-73.78557796850949, 40.837927113225575], [-73.78553011511515, 40.838798277338576], [-73.7857350929868, 40.839234231776], [-73.78652598496416, 40.839723115607214], [-73.78740758746011, 40.83967762319708], [-73.78763931218995, 40.840531895236886], [-73.78735724244449, 40.840590771776846], [-73.78749166412584, 40.84084234167426], [-73.78818132144553, 40.840711080501535], [-73.78815921166512, 40.84049077856722], [-73.78825453283457, 40.84074586311868], [-73.78752379733524, 40.840879612687914], [-73.78778656795092, 40.840892222013], [-73.78786404049687, 40.8410817258351], [-73.78761237782592, 40.84119800529605], [-73.78784487499318, 40.84147147983599], [-73.7883661747497, 40.841504610514185], [-73.78802003550352, 40.84178384145895], [-73.78829358843848, 40.84178537313683], [-73.78805599070779, 40.84186703017776], [-73.78838456613674, 40.842381978370796], [-73.78883864895148, 40.84235039596138], [-73.7885278086737, 40.84242557689498], [-73.78905825501361, 40.84323533177022], [-73.78961660328444, 40.84311265436519], [-73.7899242492441, 40.84322415424088], [-73.78993093388092, 40.843042264866405], [-73.78999975309044, 40.843307817243826], [-73.78986183858275, 40.8432509541469], [-73.78988953603827, 40.843380934467504], [-73.78973469326765, 40.84341324747887], [-73.78989919889905, 40.843417146659206], [-73.78980449502046, 40.84358665628257], [-73.78933708725715, 40.84368149805576], [-73.78947182214094, 40.844292978352215], [-73.79066589001023, 40.84574155883457], [-73.79098858375902, 40.845652832062655], [-73.79069785364858, 40.845786012551024], [-73.79097333310666, 40.846357311525146], [-73.79149076513552, 40.84625100496542], [-73.79112759246645, 40.84635759094971], [-73.79118128785345, 40.84655567593], [-73.79141379114441, 40.846547847033], [-73.79132451947136, 40.846608732499405], [-73.7914803472568, 40.84680205271392], [-73.79179343625451, 40.84673167232948], [-73.79136709858446, 40.846887642686], [-73.79148637416802, 40.84695880376298], [-73.79144049688172, 40.84730604398631], [-73.79177232700852, 40.847228253279255], [-73.79191997810095, 40.84725821803094], [-73.79142962756488, 40.84735998917455], [-73.79154104882261, 40.84753801729846], [-73.79126708567196, 40.84760186785688], [-73.79132975970043, 40.84805792306448], [-73.79161765431445, 40.84805292440802], [-73.79133588063222, 40.848086238652606], [-73.79111195407879, 40.848808127034346], [-73.79091971727904, 40.848866873015986], [-73.79101362338832, 40.8489852102196], [-73.79088710207208, 40.84888656379928], [-73.7897571107061, 40.8495314692878], [-73.78985836952175, 40.849972559362044], [-73.7909477685762, 40.84973917964398], [-73.79098877124811, 40.849828349029764], [-73.78986630313811, 40.84998939020077], [-73.79001758788995, 40.85031633196268], [-73.79035766981725, 40.8501423346161], [-73.79040506054308, 40.85027276271417], [-73.78989186585837, 40.85046418078952], [-73.79007093170742, 40.85093202010702], [-73.79024764837524, 40.850903510523025], [-73.79008640021898, 40.850984473853664], [-73.79026824507268, 40.850961088073994], [-73.79009094385734, 40.850994764403076], [-73.79012439171822, 40.851189912194755], [-73.78951371516158, 40.85130077171335], [-73.78956272464195, 40.85148733682227], [-73.78978510702639, 40.851462293880886], [-73.78966571913854, 40.85133864332759], [-73.7900578142692, 40.85141453021126], [-73.79001797053547, 40.8512594709597], [-73.79008961569983, 40.851407163590004], [-73.79034518797937, 40.851366793055185], [-73.79033709518069, 40.85122014385123], [-73.79037943653302, 40.8513585037242], [-73.79082454198961, 40.851289706318575], [-73.79081765352956, 40.851148627155986], [-73.79098717984299, 40.851264015299236], [-73.79089018435656, 40.8514039779405], [-73.78966490344513, 40.85150038213228], [-73.78972573712088, 40.85169267056516], [-73.79089217930074, 40.85154690354906], [-73.79019588667279, 40.851752904563085], [-73.790463705281, 40.85176700615418], [-73.79008396904106, 40.85203452738238], [-73.7901550926101, 40.852251285235994], [-73.79016095150018, 40.85204023592853], [-73.79027404235775, 40.85222327109275], [-73.79053212420663, 40.85216341514791], [-73.79045200336085, 40.8519897209505], [-73.79057493410295, 40.85215328413453], [-73.79080610587764, 40.85209987596794], [-73.79074309499363, 40.851926212494575], [-73.79056092524321, 40.851944443891554], [-73.79079463354844, 40.85186134138597], [-73.79085380717721, 40.85208882496862], [-73.79111196150576, 40.85200576731125], [-73.79101097118439, 40.851860805253125], [-73.79117366731116, 40.85181655326966], [-73.79118770764545, 40.8520161125069], [-73.79146293338876, 40.85194514969686], [-73.7913204511751, 40.851779696094376], [-73.79151738677945, 40.85172993589111], [-73.79149596814213, 40.85193407242149], [-73.79176994883001, 40.85187053095148], [-73.79172750188728, 40.85176465395933], [-73.79249450978061, 40.85155072509292], [-73.79176780605944, 40.85177400770625], [-73.79205731457873, 40.85182557326258], [-73.79017007126295, 40.852280661153614], [-73.79113795170926, 40.85205585257387], [-73.79133456753253, 40.85216606767377], [-73.79122653385119, 40.852258010503384], [-73.79136187979887, 40.85222597753412], [-73.79123655971779, 40.85228028988674], [-73.79318284075845, 40.85180857187147], [-73.79311837183832, 40.85157829524103], [-73.79323786787624, 40.85193117467465], [-73.79312894073925, 40.851848072676106], [-73.79124556783773, 40.85230468141089], [-73.79138052695512, 40.85260203830498], [-73.79340987631169, 40.85202188373056], [-73.79350762831913, 40.852264043925004], [-73.79342400669033, 40.852136302527796], [-73.79139106468679, 40.85262807498608], [-73.79144640027788, 40.85277157192439], [-73.79042053780161, 40.85302297821269], [-73.79049879362893, 40.85318872201622], [-73.79100586740208, 40.85311769126212], [-73.79145436303713, 40.853010847713776], [-73.79143702716637, 40.852822727983664], [-73.79150327251574, 40.85300474895982], [-73.79170223896095, 40.85295808594583], [-73.79165554436234, 40.85277733822669], [-73.79172995524623, 40.8529544234903], [-73.79196318311136, 40.852895448228935], [-73.79191649946218, 40.85271098813861], [-73.79198928164561, 40.85288807029822], [-73.79222413063728, 40.85283157209447], [-73.79217580837809, 40.85264958432178], [-73.79225186097393, 40.85282296088493], [-73.79248669881495, 40.852770173952386], [-73.79243675473343, 40.8525857082062], [-73.79250954048048, 40.85276155271456], [-73.79283083884894, 40.852680460768084], [-73.79281511966919, 40.85249481930909], [-73.79290086687061, 40.85269543598251], [-73.79080758729921, 40.85319906006449], [-73.79086201986841, 40.85331978110372], [-73.7911143142938, 40.853264451924886], [-73.79126573165874, 40.85370686423337], [-73.79252408728894, 40.853409920705055], [-73.79240931036925, 40.853053336114954], [-73.79255598392581, 40.853401178541], [-73.79297928311047, 40.853302944909615], [-73.79287610048584, 40.85294418132866], [-73.7930399117026, 40.8533712492854], [-73.79127368128135, 40.85373220788182], [-73.79105721254825, 40.853918412426836], [-73.7924581684481, 40.85360070875515], [-73.79107002765942, 40.85394495666483], [-73.79253714604856, 40.8538493278131], [-73.79256758944628, 40.85401643494329], [-73.79179366809404, 40.8540048299006], [-73.7919181173638, 40.854222354743115], [-73.79133811791566, 40.854439011538496], [-73.79129282160632, 40.854584025977054], [-73.79207675667554, 40.85564516770727], [-73.79250306685435, 40.85578866613724], [-73.7924879115736, 40.85594699321], [-73.79211616948496, 40.85601261529184], [-73.79201712228527, 40.85617694860646], [-73.79256814125975, 40.856256118770155], [-73.79201050009051, 40.85622512771863], [-73.79193700279743, 40.85640515792235], [-73.79208814819965, 40.85647764200957], [-73.7919018334025, 40.85654691136823], [-73.7930949215236, 40.856686441404335], [-73.7930307836123, 40.856813917951726], [-73.79189422958875, 40.85656888932982], [-73.7918284550688, 40.85666814339481], [-73.79196180591408, 40.85671685658538], [-73.79179264535283, 40.85671985281931], [-73.79192955714267, 40.856769001668646], [-73.79178502817669, 40.8567308579453], [-73.79170704257358, 40.856851842855214], [-73.79186032552957, 40.85679280353217], [-73.79173546476552, 40.85686642952846], [-73.79220265950248, 40.85714600041052], [-73.79242794130647, 40.856928542034424], [-73.79222189186386, 40.857152298424865], [-73.79282713237976, 40.85743578991807], [-73.79301264383005, 40.85700302604341], [-73.79288403888904, 40.85747920249383], [-73.79185978715203, 40.85700410725963], [-73.79268338575484, 40.85742039359287], [-73.79260923020631, 40.857507704502495], [-73.79211266783624, 40.85716693187052], [-73.79189451913076, 40.85743712186542], [-73.79246516065282, 40.85771533178427], [-73.79256970440599, 40.85763962536249], [-73.79239521723282, 40.85784554775238], [-73.79244336403542, 40.857736741972026], [-73.79174254082349, 40.85739395000432], [-73.7918728196394, 40.85742718307695], [-73.79209332504095, 40.85715798994739], [-73.79184303217382, 40.85702870201153], [-73.79160393461318, 40.85737531299264], [-73.79129378852147, 40.85726323869826], [-73.79094202260366, 40.85755274818905], [-73.7916366458796, 40.85788281257107], [-73.7917852942325, 40.857775425855735], [-73.79143695908105, 40.85815468512328], [-73.79161866075827, 40.85790134204828], [-73.79093222800584, 40.85756778797329], [-73.79023592738763, 40.85815408481143], [-73.79006133563244, 40.85845954856141], [-73.79020122975736, 40.85860158971066], [-73.7900459983775, 40.85847540491228], [-73.78922202961881, 40.85874251553153]]], [[[-73.76783205637173, 40.85444220574227], [-73.7685566032706, 40.853238322959626], [-73.76904438987118, 40.85329092469381], [-73.76938529139694, 40.85253613399701], [-73.76860817687106, 40.850788395378316], [-73.76959674311463, 40.84759451909839], [-73.76950321562752, 40.84721783423538], [-73.76789492672812, 40.84528943301722], [-73.76901389181107, 40.84509734272204], [-73.77118378010564, 40.84694451331228], [-73.77157218833237, 40.84750005858057], [-73.7708892022117, 40.84975177133818], [-73.7720496366846, 40.85161828975761], [-73.77271117496133, 40.851826580933874], [-73.77246594126491, 40.85183368450245], [-73.77246052295433, 40.85205954217388], [-73.77296356611284, 40.85215925395881], [-73.77264837746921, 40.85222440262974], [-73.7728907573129, 40.85239826899842], [-73.7724594016319, 40.852106266579796], [-73.77245149415467, 40.85243589689374], [-73.77173060411904, 40.8524768313193], [-73.7717171593653, 40.85300453928204], [-73.77229680531372, 40.85308637825256], [-73.77234917454994, 40.85385142023427], [-73.77296285334867, 40.853800062246656], [-73.77295817517044, 40.85413743292356], [-73.77279597721942, 40.854131758702096], [-73.77269448026055, 40.85390663901353], [-73.77233272219733, 40.85390084467542], [-73.77214036841814, 40.854412712600784], [-73.77218152925143, 40.85886834678368], [-73.77235432710658, 40.85967316198077], [-73.77219223055423, 40.85998663859717], [-73.77084562360575, 40.86010101285692], [-73.76947305424014, 40.85933013666878], [-73.76836277290778, 40.85835828885209], [-73.76836085918974, 40.85765536320354], [-73.76533243995276, 40.85504359512506], [-73.76783205637173, 40.85444220574227]]], [[[-73.78457451654569, 40.86053199775851], [-73.7843696069389, 40.85985020398061], [-73.78471397657268, 40.85913607850752], [-73.78514017041738, 40.85879261247825], [-73.78607540488525, 40.859274602883524], [-73.78660807970739, 40.85903614203593], [-73.78654275286385, 40.8588573292113], [-73.78669393087422, 40.858686064557176], [-73.78727504379454, 40.858854636519446], [-73.78773372273469, 40.85877099157831], [-73.7871569098527, 40.859565703707815], [-73.78700130484604, 40.860224388411744], [-73.78457451654569, 40.86053199775851]]], [[[-73.77333634590616, 40.86085386036116], [-73.77326219958742, 40.860630611649825], [-73.77339678514288, 40.86073948468019], [-73.77333634590616, 40.86085386036116]]], [[[-73.7751378266812, 40.86118467534837], [-73.77530191604177, 40.86124429388063], [-73.77527340232487, 40.86144667092562], [-73.77513862733318, 40.86159428114081], [-73.77493188967567, 40.86155230236164], [-73.7751378266812, 40.86118467534837]]], [[[-73.77460156350928, 40.862069047459904], [-73.77463383677213, 40.86181689058324], [-73.7748490566945, 40.86181038890453], [-73.77485681624742, 40.86198363433453], [-73.77460156350928, 40.862069047459904]]], [[[-73.78328053506085, 40.862780706210124], [-73.78292783598303, 40.862789613992085], [-73.78288197831175, 40.862406433091465], [-73.7831450428813, 40.86206867890583], [-73.78323505687578, 40.86233219883277], [-73.78312068770416, 40.86261806361327], [-73.78328053506085, 40.862780706210124]]], [[[-73.78428650500058, 40.863205088780745], [-73.7835410529967, 40.863095506325], [-73.78380117343677, 40.86296657452466], [-73.7836724235964, 40.86283286968573], [-73.78376770348979, 40.862610608464536], [-73.78403314760357, 40.86248168611126], [-73.78469165850701, 40.862542789908396], [-73.78451638211669, 40.86295577921187], [-73.78416702363826, 40.86308757974818], [-73.78428650500058, 40.863205088780745]]], [[[-73.76963544622434, 40.865542561079906], [-73.76994076930143, 40.865523409999426], [-73.76944774766791, 40.86576135090618], [-73.76963544622434, 40.865542561079906]]], [[[-73.76668098944248, 40.867320683637594], [-73.76722845921526, 40.86692866789127], [-73.767123805844, 40.867238188474154], [-73.76668098944248, 40.867320683637594]]], [[[-73.77084864530934, 40.87162776347454], [-73.77223564721527, 40.871563993068285], [-73.77263488154172, 40.87188020876713], [-73.77115806784697, 40.87180498047058], [-73.77084864530934, 40.87162776347454]]], [[[-73.77454436919932, 40.874286311038176], [-73.77504980563911, 40.873937718510874], [-73.77513690028573, 40.87455444644262], [-73.77467379743139, 40.8747905574114], [-73.77454436919932, 40.874286311038176]]], [[[-73.78192813702833, 40.87540460586876], [-73.78203527800056, 40.8749763507383], [-73.78213787496449, 40.87502908678764], [-73.78212699063377, 40.87453122255998], [-73.78259880880712, 40.87468739718064], [-73.78244064983123, 40.87521232663188], [-73.78213695926486, 40.875161514171474], [-73.78192813702833, 40.87540460586876]]], [[[-73.78220080379837, 40.876434202682404], [-73.78166863857506, 40.87642368181051], [-73.7817195526909, 40.87618875834317], [-73.7820678796388, 40.87623794292492], [-73.78220080379837, 40.876434202682404]]], [[[-73.78120581379403, 40.87659007834781], [-73.78142242881238, 40.87576633940415], [-73.78151357091939, 40.876046023437105], [-73.78136415592812, 40.87619577289311], [-73.78139551937315, 40.87653905698293], [-73.78120581379403, 40.87659007834781]]], [[[-73.78352831439575, 40.87724086715855], [-73.78341730782155, 40.87717610468099], [-73.7835602079533, 40.87682215059617], [-73.78384032438835, 40.876519766758555], [-73.78400493947044, 40.8768643657194], [-73.78363874012419, 40.87748439506101], [-73.78344706652793, 40.87741286067435], [-73.78352831439575, 40.87724086715855]]], [[[-73.78542670816626, 40.88004124410342], [-73.78501218289891, 40.879788015934196], [-73.78567549107373, 40.87985203677247], [-73.78542670816626, 40.88004124410342]]], [[[-73.78483587809545, 40.88055827447181], [-73.78451226057273, 40.880659209091064], [-73.7842652131063, 40.88035707508814], [-73.78382241823431, 40.88042442926224], [-73.78370155778747, 40.87993192593837], [-73.78406640087343, 40.879713414752096], [-73.78412185173138, 40.88003754494123], [-73.78432850433249, 40.880199944686545], [-73.78469285391463, 40.88013391344228], [-73.78479888799157, 40.8803485407047], [-73.785091133701, 40.880264784652795], [-73.78534770673647, 40.88052257751909], [-73.78495773470225, 40.880745811768094], [-73.78483587809545, 40.88055827447181]]], [[[-73.89725326354883, 40.911655520441386], [-73.85946778700766, 40.90051720926711], [-73.85907692341044, 40.90100799310083], [-73.8594198409143, 40.90139312451011], [-73.85937696525154, 40.90156521766194], [-73.85902704152224, 40.90144490975366], [-73.85886401316337, 40.901711695049734], [-73.85946389958114, 40.90193387763382], [-73.8595788294826, 40.90244084277157], [-73.85926432541869, 40.90266947989673], [-73.85872824833447, 40.90228897057038], [-73.8581600000485, 40.902305710202945], [-73.85816460299556, 40.9025958605591], [-73.85796932328364, 40.90285090768784], [-73.85755967657641, 40.90291779595881], [-73.85711090479973, 40.90364953269614], [-73.85717176302553, 40.90408206543644], [-73.85699157346738, 40.904584209565975], [-73.85743457618248, 40.90484154370063], [-73.85717766075955, 40.90528654166164], [-73.85665436822772, 40.905055000279944], [-73.85601023389263, 40.90530598362708], [-73.85601160905586, 40.90548208344171], [-73.85650251760595, 40.9055638487968], [-73.85692398180068, 40.90597417011126], [-73.85681013638526, 40.90615582832618], [-73.85580463795947, 40.906264364126756], [-73.85552697739072, 40.906380251459375], [-73.85513792083087, 40.90686688914121], [-73.85423776686882, 40.90703286825461], [-73.8537410363076, 40.90778791673573], [-73.85383360999587, 40.907974349819824], [-73.85471078339648, 40.9080063099432], [-73.85491109673627, 40.90835486983442], [-73.85458940588242, 40.90893949929854], [-73.85360061720283, 40.909606741451014], [-73.85295618421428, 40.91035304417945], [-73.85258474750395, 40.910310617064304], [-73.85266035892096, 40.91001519366097], [-73.85227451616481, 40.909854099643404], [-73.85149242436336, 40.91027164049904], [-73.8514475396905, 40.91044967120301], [-73.85107116183939, 40.91037151971954], [-73.85347522333582, 40.907530293526015], [-73.85092059362827, 40.906616494489775], [-73.85017317485848, 40.90750786565074], [-73.84708032914241, 40.90615673303313], [-73.84481886985009, 40.90552994967484], [-73.8448926490926, 40.904190866796405], [-73.84138689238422, 40.904172741533245], [-73.84077858879579, 40.9016278566917], [-73.83921829506201, 40.89941841671725], [-73.83921317666503, 40.8988251940217], [-73.83966433211826, 40.89788551510591], [-73.83964812813004, 40.89733053534083], [-73.83839199123506, 40.89406700804828], [-73.83804277285931, 40.894142331387954], [-73.83525790570003, 40.89339164405592], [-73.82366848120671, 40.889903740295516], [-73.82252377666882, 40.88942882391685], [-73.82240593162416, 40.8896124342203], [-73.82255290044833, 40.88980640464737], [-73.82313461243871, 40.88976639713155], [-73.82337443102399, 40.8899217624359], [-73.8232946538122, 40.89039231075779], [-73.82347741676232, 40.890642945882306], [-73.82337003996082, 40.890967295878525], [-73.82285335006459, 40.891206829095374], [-73.81827738034055, 40.88984713052758], [-73.80290946421202, 40.886030680335764], [-73.79300652649187, 40.883358737383126], [-73.7937923749044, 40.88197032676515], [-73.79491705586517, 40.88054379148768], [-73.79554579908852, 40.88069101537513], [-73.79502596232832, 40.87974779721189], [-73.7962509753578, 40.87701199977876], [-73.79712701174662, 40.876190400904136], [-73.79743815457286, 40.87513533295332], [-73.7985533078771, 40.87440142827465], [-73.79891245463618, 40.874645893143104], [-73.79981389580328, 40.87415984971642], [-73.79987713793562, 40.873484667292786], [-73.80047663437435, 40.87254277676038], [-73.80080515564886, 40.871494061246516], [-73.80178517404362, 40.87106784933856], [-73.8020918507461, 40.87084679823047], [-73.80221272869265, 40.87050527863459], [-73.80211679577965, 40.87037509550579], [-73.80267298767224, 40.87015447044159], [-73.8027590760358, 40.86970074110639], [-73.80260477623499, 40.86934309462904], [-73.80297847593458, 40.86874332976194], [-73.80335043989207, 40.86897687476062], [-73.80361717452017, 40.86877910002676], [-73.80392527661252, 40.86902741019886], [-73.80407175267834, 40.86873984625358], [-73.80447936693899, 40.86871197457657], [-73.80455141472906, 40.868919743276095], [-73.80499228310721, 40.869145297219646], [-73.80594428659077, 40.86892980282907], [-73.80599101807374, 40.86913121240839], [-73.80565692940137, 40.86931993143693], [-73.80569186812389, 40.8695535199068], [-73.80670425166552, 40.87041983722194], [-73.80711196683714, 40.87052535164917], [-73.8071052199321, 40.870687354609565], [-73.80785796804248, 40.87086968379318], [-73.80786348838444, 40.87113177402405], [-73.80796429605779, 40.87100328399127], [-73.80832774675598, 40.871223083339444], [-73.80867306763331, 40.871199830742306], [-73.80869776542085, 40.871342824439694], [-73.80924423452986, 40.87122460197507], [-73.8084102028284, 40.87092778402305], [-73.80841712571666, 40.87070383505307], [-73.80872549256001, 40.87043273598667], [-73.80754063636171, 40.870377552173665], [-73.80756837434039, 40.87012525615255], [-73.80848997522054, 40.86943584919695], [-73.80843268900867, 40.86927517048827], [-73.80870942498368, 40.8690869313551], [-73.80837762521674, 40.869214085177724], [-73.80785387653275, 40.86972975164993], [-73.8071558995549, 40.86971333884477], [-73.80672958392707, 40.86952964630318], [-73.80678129213878, 40.8690170072878], [-73.80694997701667, 40.86885908832819], [-73.80659584356569, 40.86889471000715], [-73.80674194096345, 40.86873389403254], [-73.80655362773112, 40.86873357849307], [-73.80626076032095, 40.86842430819574], [-73.80487266170081, 40.86823330232991], [-73.80470364425025, 40.867621401112075], [-73.80473569836796, 40.866655065393964], [-73.80448519104667, 40.866683157535704], [-73.80385280781442, 40.867166484800215], [-73.80291387088569, 40.866978246792506], [-73.80305552444528, 40.86683553576816], [-73.80308131746402, 40.86607435287033], [-73.80300695884918, 40.86574900707735], [-73.80271535305002, 40.86565916327484], [-73.8020529594055, 40.86567203513102], [-73.80177260000845, 40.86587684941246], [-73.80175234561221, 40.866414830244125], [-73.80070065113912, 40.86814093798174], [-73.79996385367663, 40.86887528934578], [-73.79839280194481, 40.87161475026195], [-73.79774041985266, 40.87234517745106], [-73.79479044681445, 40.87320048453674], [-73.79397363837722, 40.8745665945685], [-73.79357210883583, 40.876121058303575], [-73.79359605330511, 40.876720732726156], [-73.79316703778704, 40.877055639066654], [-73.79422169990922, 40.87738237046652], [-73.79440294586249, 40.877641842999125], [-73.79384702788154, 40.87859445979098], [-73.7929988022016, 40.879146862172256], [-73.79303879521895, 40.87941535656311], [-73.79289389520618, 40.87957710999628], [-73.79219070342037, 40.879590140879706], [-73.79173095484794, 40.88005152693568], [-73.79095239067752, 40.880073944963016], [-73.79063124525086, 40.88037832993436], [-73.79076163255088, 40.88084078046473], [-73.78955872944293, 40.8812612849156], [-73.78914050790853, 40.8812619235903], [-73.78907288326594, 40.880809115512385], [-73.78931835780607, 40.880578669589525], [-73.78912020636906, 40.88008021099363], [-73.78947797770486, 40.87977106364076], [-73.79006332860774, 40.87959466151503], [-73.789523093688, 40.87899812706076], [-73.78827313470907, 40.878873573154436], [-73.78611470510947, 40.87905789215071], [-73.78523624445602, 40.87861962426065], [-73.7844329538062, 40.87852758944487], [-73.78421715885797, 40.87828178375187], [-73.78418223661708, 40.87772136300397], [-73.78449730828078, 40.876914324067485], [-73.78481030732993, 40.87686527301873], [-73.78467950721335, 40.87606091820709], [-73.78525351648248, 40.87570005744863], [-73.7854037285381, 40.87533768736199], [-73.78569560889208, 40.87541020290808], [-73.78596227631884, 40.87513865303466], [-73.7862492390622, 40.87447792843039], [-73.78610640662673, 40.874353762439675], [-73.78653936749643, 40.87430660924396], [-73.7866273458749, 40.87407374915321], [-73.78691061020537, 40.87398751746425], [-73.78713685554287, 40.87276046639283], [-73.78624874452605, 40.87238284677232], [-73.78528234706788, 40.87355565411938], [-73.78508139658763, 40.87358996272335], [-73.78553456958697, 40.87254402950554], [-73.7855472964992, 40.87202403541648], [-73.78521974032056, 40.871634753409154], [-73.7840152230201, 40.87376790371924], [-73.78340673949519, 40.87371717153501], [-73.78323782844447, 40.87353816218767], [-73.78336116030022, 40.87325606180287], [-73.78395100413773, 40.872896330018314], [-73.78374983772476, 40.872499550755755], [-73.78306853426027, 40.87215357592296], [-73.78328614178682, 40.87069891608], [-73.78429649061825, 40.86977756914017], [-73.78488459457667, 40.86951404303929], [-73.78560245305442, 40.86834165222387], [-73.78558313092782, 40.86917222611082], [-73.78595115213776, 40.86932175694109], [-73.78858339376971, 40.86917114113221], [-73.78914576185362, 40.86906204614883], [-73.79025594388429, 40.868492199936206], [-73.79153128143534, 40.867318044282634], [-73.79198182966981, 40.86646890416995], [-73.79223025414458, 40.86525725915458], [-73.79211624096608, 40.86383012236639], [-73.7914629112544, 40.86227438409753], [-73.79189070810901, 40.861071221861316], [-73.79359532737804, 40.86051731318802], [-73.79385537658263, 40.86014609867967], [-73.79371942164026, 40.859967163777576], [-73.79412037403159, 40.85969626870198], [-73.7941217124408, 40.85931765680089], [-73.7945504747362, 40.85888826780079], [-73.79487469148954, 40.85807555988628], [-73.79448052162813, 40.85700449631235], [-73.79427333699348, 40.856800718139475], [-73.79435005934272, 40.85652702380403], [-73.79558880172944, 40.85651323676687], [-73.79685461759762, 40.85626435871611], [-73.79751616911815, 40.85560094495763], [-73.79798533480839, 40.85484893259589], [-73.7982495022723, 40.8547959856124], [-73.79853274127018, 40.85500533260208], [-73.7987225560008, 40.854914401172785], [-73.79902419392448, 40.8539572676523], [-73.79864274329609, 40.8533574599262], [-73.79795583310394, 40.8529883302139], [-73.79780522990745, 40.85194959809467], [-73.79819365996994, 40.85059256090423], [-73.7993204316036, 40.849912774874134], [-73.8002902670751, 40.84814485585505], [-73.80082543113305, 40.84824304206455], [-73.80146735264545, 40.84877021372555], [-73.80197064757184, 40.8503826760682], [-73.80417557932397, 40.85334012018936], [-73.8045252672441, 40.854851864448925], [-73.80428420530296, 40.85513080766152], [-73.80367116545006, 40.85530739595007], [-73.8035235980003, 40.855556694872604], [-73.80413784756402, 40.85784176037583], [-73.80420585726534, 40.85895904893271], [-73.80464293882284, 40.859968201572535], [-73.80460527769026, 40.86121718099286], [-73.80478643021046, 40.86153847336176], [-73.80541316912006, 40.86183780461614], [-73.80601085106464, 40.86177306499939], [-73.80624571930763, 40.861427484442665], [-73.80582041215786, 40.86003461196704], [-73.80655629956537, 40.85981792610032], [-73.8071130435446, 40.86012108159857], [-73.80741432490069, 40.860114437158956], [-73.808178704471, 40.8594867161782], [-73.8086673158989, 40.86004422134649], [-73.80940628102296, 40.860547952221495], [-73.81045556571031, 40.86191812870312], [-73.81082270092479, 40.86206899176462], [-73.81085022792251, 40.862331993972205], [-73.81225495330845, 40.862745768763155], [-73.81293557925365, 40.86321662396236], [-73.81327423944288, 40.863220838892836], [-73.81372780533933, 40.86387136643538], [-73.81404089680626, 40.86386039503266], [-73.81395857354593, 40.864102704216286], [-73.8142288047785, 40.86386339803317], [-73.81412572186652, 40.863727556314025], [-73.81437997747432, 40.86325439834605], [-73.81459579280134, 40.86308816539378], [-73.81510315384149, 40.86305746536796], [-73.81641392102722, 40.86118062770408], [-73.81549293707927, 40.860955286737294], [-73.81526321415275, 40.8611177471252], [-73.81479629757334, 40.86112895674697], [-73.81485206024097, 40.860900990310085], [-73.81381802586728, 40.86054827917347], [-73.81273146495035, 40.85887754194796], [-73.81230602708416, 40.85416202647344], [-73.81640870908151, 40.85408225461233], [-73.81684981404567, 40.85328468250177], [-73.81714840667891, 40.85230235724712], [-73.81719039626154, 40.85176989361146], [-73.81691542317304, 40.85167352556728], [-73.81712409042197, 40.85126957344493], [-73.81685873870755, 40.85095737599888], [-73.81571378494519, 40.8508162043476], [-73.81603568133824, 40.8506026691165], [-73.8159652855003, 40.85038952569722], [-73.81619472416118, 40.85037793934121], [-73.81628619094234, 40.850194576449205], [-73.81552034592364, 40.84922787393102], [-73.81513102820745, 40.8491725035534], [-73.8153439431239, 40.84885332013806], [-73.81532344002714, 40.84857757069286], [-73.81590281420665, 40.8480131214819], [-73.81586136315826, 40.847775582354004], [-73.81560451391982, 40.84765868316229], [-73.81609670609207, 40.84751214603305], [-73.81610537477145, 40.846454544437655], [-73.81571903834562, 40.846293443498986], [-73.81545867615472, 40.84660302877172], [-73.8146272778874, 40.847142794761155], [-73.81464594697542, 40.84721961352912], [-73.81451106769596, 40.847106078026904], [-73.81570353189448, 40.846291340423996], [-73.81492265739294, 40.84648348869245], [-73.81368634738199, 40.84727432550922], [-73.81356372861671, 40.84715141127873], [-73.81490858203199, 40.846468764879255], [-73.81465695793435, 40.84620554530155], [-73.8144235257982, 40.846187825072654], [-73.81508593855912, 40.84559500291618], [-73.81502627604301, 40.8454999950586], [-73.81420573129112, 40.84601018088854], [-73.813990421324, 40.84582691919396], [-73.81318865072497, 40.846229536475384], [-73.81403198219364, 40.84558929786809], [-73.81368589093518, 40.845659062254995], [-73.81394279128905, 40.845511589111396], [-73.81372892648757, 40.84548506817241], [-73.8138425886934, 40.84539939043935], [-73.81363258232699, 40.84528076903155], [-73.8133590558502, 40.845845499331226], [-73.81328932692877, 40.84595102273183], [-73.81321295244251, 40.845922939842026], [-73.81361858267053, 40.8452750423887], [-73.81325997724689, 40.8452339904584], [-73.81284939958523, 40.8463187994985], [-73.81272457676761, 40.846286619947314], [-73.8132432635106, 40.84523590785021], [-73.81310050639195, 40.84517241468521], [-73.81287703597418, 40.845134668448665], [-73.81315597044244, 40.845212100376514], [-73.81285536957633, 40.84518628546158], [-73.81241445328128, 40.84655938074896], [-73.81227790900505, 40.8465434582794], [-73.81284143551537, 40.84518017017501], [-73.81261378787293, 40.8451095078661], [-73.8128577433794, 40.84512954458932], [-73.81254457815602, 40.84497959800851], [-73.81203501629656, 40.84653260540166], [-73.81188458844791, 40.84659496706141], [-73.8124362506067, 40.84673771207574], [-73.81169971823648, 40.846681700813825], [-73.81266141349049, 40.84420764950102], [-73.81278395303981, 40.84422834819621], [-73.81271242301708, 40.844466536296615], [-73.81282121937927, 40.844259615547124], [-73.81276123529805, 40.844473304438246], [-73.8129912030509, 40.84452250705573], [-73.81270337280483, 40.84448531243261], [-73.8126488933667, 40.84465946766751], [-73.81311795023709, 40.84478760306726], [-73.81264095809871, 40.84468166226051], [-73.81254909120709, 40.844952275146255], [-73.81367848753, 40.845056980515935], [-73.81416729043146, 40.84478090603215], [-73.81369979287803, 40.84484845686357], [-73.81418334592415, 40.844682199083614], [-73.81346597094539, 40.844263188431995], [-73.81336027094679, 40.843893821912175], [-73.81347956598182, 40.84365111955148], [-73.81499955039779, 40.84350445264208], [-73.81521540865157, 40.84407819957212], [-73.81567292613445, 40.844428775759205], [-73.8163057192387, 40.844399210430495], [-73.81626214797747, 40.844184844743275], [-73.81643583754615, 40.84406490674788], [-73.81699352071384, 40.84408902119419], [-73.81708851798658, 40.844264512496494], [-73.81750072974424, 40.84436744491051], [-73.81824065893849, 40.84434212791019], [-73.818190890506, 40.84411314800023], [-73.81768994519228, 40.8442684955502], [-73.81718704179603, 40.843915964417775], [-73.81662677325095, 40.84394489856042], [-73.81620217852763, 40.843073323130895], [-73.81572300131998, 40.8425365659871], [-73.81517113664873, 40.84257716162403], [-73.81570207846407, 40.84251972168978], [-73.81541503896409, 40.84239132778359], [-73.81558492163327, 40.841841264603744], [-73.81526263397677, 40.84125983942325], [-73.81473345817533, 40.841375728311085], [-73.81522026179319, 40.841202676499854], [-73.81523404887245, 40.84100964149672], [-73.81505399109437, 40.84053808589673], [-73.81490477086102, 40.84055936014477], [-73.81504912628199, 40.8405176195515], [-73.81480646696137, 40.83980436688663], [-73.81436596502486, 40.83986536376513], [-73.81479697880735, 40.839787957407104], [-73.81472319684482, 40.839588886600204], [-73.8143157879994, 40.8396495270122], [-73.81430900133682, 40.83962241637948], [-73.81471999083716, 40.839571879092226], [-73.81478277740266, 40.83907648795785], [-73.81602281915458, 40.838526386244894], [-73.81647878477862, 40.8377039838886], [-73.81606068234666, 40.83603019645711], [-73.81550338608984, 40.83595321346723], [-73.81606339574208, 40.83577292747392], [-73.81600773070701, 40.835512597838836], [-73.81557397060101, 40.83552508183128], [-73.81608188313594, 40.83536118240042], [-73.81608401401107, 40.834590346265415], [-73.81566358139244, 40.83449084930709], [-73.81599347092263, 40.8343958445531], [-73.81603747121723, 40.834168614805456], [-73.81593920982324, 40.83367686641571], [-73.8156987722173, 40.83346228086138], [-73.81581632050575, 40.83330125985296], [-73.81573931591329, 40.83291756902344], [-73.81528686987531, 40.831875700533416], [-73.8150312525411, 40.831682117018055], [-73.8148793738859, 40.8310300864916], [-73.81449221012436, 40.83117114022457], [-73.81484313432419, 40.830986120513835], [-73.8145200857769, 40.83062287579448], [-73.81391425388853, 40.83092425703572], [-73.81389783360487, 40.83090755415845], [-73.81451016521439, 40.83061404705133], [-73.81429416266316, 40.83050516943103], [-73.81430920681511, 40.83035927120766], [-73.81385671977277, 40.830561442922836], [-73.81429959295038, 40.83035010370283], [-73.8139038412147, 40.830068161662226], [-73.8138677501533, 40.829857368782875], [-73.81370296001816, 40.82993303312877], [-73.81366831284689, 40.82989128485404], [-73.81388971246565, 40.82977745220246], [-73.81356669955272, 40.82958954788858], [-73.81368881870836, 40.82953457912035], [-73.8136111049432, 40.829376758458736], [-73.81337687307196, 40.82939120271069], [-73.81350420409575, 40.82922093467641], [-73.8133876638913, 40.82902309447373], [-73.81290321918756, 40.828953131666175], [-73.81318011408925, 40.82880287122972], [-73.81283902833232, 40.82864666669585], [-73.81275469994516, 40.82824823625153], [-73.809927992508, 40.82819322268483], [-73.81009578138243, 40.82781949309168], [-73.81029679194123, 40.82799085301224], [-73.81105446059631, 40.82798479483612], [-73.81104880187468, 40.82784080515475], [-73.81025357097289, 40.82783386391302], [-73.81003792061868, 40.82778156842338], [-73.81182440558153, 40.82782881363523], [-73.81107330717174, 40.82784157654804], [-73.81107326796136, 40.827984402314925], [-73.81159139311146, 40.82799915354873], [-73.81263975263083, 40.82783640656203], [-73.81265206400504, 40.82755877961498], [-73.81384974845062, 40.82680352872422], [-73.81372207686603, 40.82627159251522], [-73.81291776131222, 40.82635038912083], [-73.81372787850215, 40.82626121922073], [-73.81399111600322, 40.826069598740425], [-73.8139505407614, 40.825729151443774], [-73.81342102197195, 40.82592501676849], [-73.8139416195339, 40.82571703172866], [-73.81379523517661, 40.82529808600175], [-73.81333522606086, 40.82517094670781], [-73.81211350556435, 40.825552634659516], [-73.81327735515306, 40.82516132170772], [-73.81308215093006, 40.824944546839895], [-73.81403745843352, 40.824483469494105], [-73.81397110343492, 40.82419026920771], [-73.81378080191381, 40.82399992051855], [-73.8132741739903, 40.82396666581975], [-73.81281028698106, 40.82433911367457], [-73.81273339108938, 40.82477847082255], [-73.81232005539012, 40.8244113084201], [-73.81177284871205, 40.82433980617299], [-73.81164355619616, 40.824601662268854], [-73.81122136266126, 40.82458580068875], [-73.81119903005337, 40.824791113883485], [-73.81103147525586, 40.82470822704219], [-73.81084728678641, 40.824872490965], [-73.81087496294379, 40.82511394844671], [-73.81076192559188, 40.82490157071443], [-73.8102968738704, 40.82516492631089], [-73.8096548114174, 40.825275535621806], [-73.80909234633549, 40.8258733981643], [-73.80783421319278, 40.82576745480322], [-73.80766604765233, 40.82589699205927], [-73.80697771152201, 40.82538837089766], [-73.80673428399315, 40.8246845829846], [-73.80656361554976, 40.82460640543196], [-73.80677536296291, 40.824448617737126], [-73.80651819407534, 40.82419799191291], [-73.80673104693946, 40.82413488149515], [-73.80675058060025, 40.82382807065881], [-73.80646480610469, 40.82379926749933], [-73.80669197728993, 40.82367927106443], [-73.80666166000621, 40.823419584237335], [-73.80623630693701, 40.8233079346509], [-73.80651018671028, 40.82315261172057], [-73.80638355020652, 40.8228927626324], [-73.80595169124446, 40.822882595349604], [-73.80622242082086, 40.82274142998961], [-73.80582465580834, 40.8217677897932], [-73.80599159848933, 40.82082355849026], [-73.80572802989728, 40.8201773386952], [-73.80461931205204, 40.81902711471654], [-73.80348320649303, 40.81827698546684], [-73.80267407634148, 40.81823857509168], [-73.80252163401762, 40.81852598830611], [-73.80207892871852, 40.81855673696875], [-73.80188493617563, 40.81835871604607], [-73.8007085972132, 40.81804327579612], [-73.80057465165983, 40.81769805136137], [-73.80032540130557, 40.81756044516139], [-73.79759032777474, 40.81650753156775], [-73.79738112573526, 40.81576350489581], [-73.79771465236787, 40.81551329274363], [-73.79811945293466, 40.81569878500344], [-73.798642206466, 40.81546401593534], [-73.79902816314, 40.81554113493885], [-73.7999467818626, 40.8144495656896], [-73.8001114686428, 40.81402452556079], [-73.80091593237641, 40.813761402506735], [-73.801458005173, 40.81294094720333], [-73.80174561215946, 40.8128650174159], [-73.80133906141197, 40.81239373439257], [-73.8017593218082, 40.81286139698747], [-73.80305792060486, 40.81245229753628], [-73.80361424977075, 40.812523113660696], [-73.80351997906492, 40.81292187125176], [-73.80377912019877, 40.812809906043235], [-73.80361429261028, 40.81304451492828], [-73.80423653201755, 40.81364652799341], [-73.804358103467, 40.81360853867418], [-73.80415365301042, 40.81373067286529], [-73.80422899591787, 40.81366330521183], [-73.80355921193633, 40.813042712172475], [-73.80361455805945, 40.81297219119175], [-73.80325294454971, 40.81319677355019], [-73.80346101380117, 40.813329243757735], [-73.80322449366629, 40.8133585805214], [-73.8034551929976, 40.81340269099075], [-73.80396704457125, 40.813966553255575], [-73.80409073408251, 40.81395152475985], [-73.80443465897424, 40.81429319648734], [-73.80453081609834, 40.81425461992452], [-73.80443367591059, 40.81431888609888], [-73.80395955345396, 40.81398808555844], [-73.8034304211, 40.81342211984301], [-73.80322176299285, 40.81337410994241], [-73.80351667337368, 40.8139519636488], [-73.80418033130341, 40.81458996281165], [-73.80443003333593, 40.814583062613295], [-73.80436154415412, 40.81469712818227], [-73.80471812332812, 40.81523050509418], [-73.80658358725697, 40.8165945881658], [-73.80611761373622, 40.815952209326255], [-73.8053787878482, 40.815482620282864], [-73.8050810346668, 40.815197964012754], [-73.80455440518865, 40.81462984223728], [-73.80465942815025, 40.814544989122176], [-73.80458924572565, 40.81462151114415], [-73.80527878825075, 40.815377264776494], [-73.80610141797911, 40.815919716954006], [-73.80632932566165, 40.81613795881775], [-73.80671967987072, 40.81657517074711], [-73.80660603189511, 40.81666449454388], [-73.80692933177552, 40.81656837907689], [-73.80653572493937, 40.81589198638647], [-73.80694199535742, 40.816564614220944], [-73.80704600153508, 40.816533693875506], [-73.80662873423144, 40.81568384020791], [-73.80640177811446, 40.815702030649675], [-73.80663156323897, 40.81559499146097], [-73.80568442908414, 40.81503342491178], [-73.80563622499177, 40.814760737344066], [-73.80545612201098, 40.814686574062925], [-73.80557414932771, 40.81454024485639], [-73.80542559785584, 40.81440061374097], [-73.80544921172645, 40.81337665560838], [-73.80503226584166, 40.812607875054105], [-73.80499834751825, 40.81220663456617], [-73.80476488943775, 40.812033678062946], [-73.8039118606247, 40.81211049788137], [-73.8033727645836, 40.81153978619663], [-73.80293001868921, 40.810541861353], [-73.80235340279003, 40.81003705895922], [-73.80214816448928, 40.810026521740625], [-73.80135552746913, 40.810710844895134], [-73.80115707624903, 40.81058776561525], [-73.80101172909842, 40.810713399647476], [-73.80146670007328, 40.81014171796329], [-73.80010949916637, 40.80971095407848], [-73.7985376596495, 40.809587075529905], [-73.79228907337423, 40.80684900557966], [-73.79140059873883, 40.806997877908465], [-73.79130157564589, 40.80717252058432], [-73.79152359087004, 40.8074890878062], [-73.79086475738563, 40.80734113993815], [-73.79073479983785, 40.80658882885675], [-73.79025263728434, 40.806019197024774], [-73.79006256328036, 40.80540894183462], [-73.79028410874172, 40.80481710368903], [-73.79056823807788, 40.80455801129187], [-73.79103717515576, 40.804263031702185], [-73.79224529219154, 40.80399636431506], [-73.7933898228672, 40.80420433003646], [-73.79577769394001, 40.80616294902936], [-73.79601037569107, 40.80592103186723], [-73.79620903473185, 40.80596859046204], [-73.79650268526494, 40.80610443548761], [-73.79636945999799, 40.806277202766786], [-73.79702945544223, 40.80634537771918], [-73.79791578987737, 40.80671223002207], [-73.8015939316602, 40.80898635388814], [-73.80278236265518, 40.80912012339995], [-73.80392673417204, 40.80852797081189], [-73.8046780836849, 40.8092257987877], [-73.80713987884187, 40.810661676453925], [-73.80822799216608, 40.811891002197285], [-73.8099202908178, 40.812929152261944], [-73.81042488566318, 40.81298055702468], [-73.8107847786833, 40.812770951355176], [-73.81133318625712, 40.813014675039405], [-73.81185065747438, 40.81293940004048], [-73.81313381796316, 40.81333105424325], [-73.81359806345634, 40.81332634208583], [-73.81400319066054, 40.81355146726609], [-73.81443067312418, 40.81351837571591], [-73.8143693843687, 40.81293640140616], [-73.81449994116008, 40.81290828760471], [-73.81461860845134, 40.81296689723888], [-73.81449745463847, 40.812964931467135], [-73.81447727191015, 40.81351854184135], [-73.81566326325769, 40.81351203974366], [-73.81587919093577, 40.813767055364025], [-73.8162005689643, 40.81384747597692], [-73.81737201626999, 40.813574343804625], [-73.81735988456629, 40.81337572003741], [-73.81738942091515, 40.81357073625084], [-73.81792084127568, 40.813544680100904], [-73.81793546303673, 40.81329796423302], [-73.81797608887013, 40.81329902414658], [-73.81804229161185, 40.81353296785646], [-73.81981638454947, 40.813179933156086], [-73.82010759340298, 40.81286406966558], [-73.82039207280113, 40.81284401451], [-73.82055521517309, 40.813017655077104], [-73.82024436122057, 40.81243067757415], [-73.82106512070945, 40.81220359196503], [-73.8203235551588, 40.812439652195124], [-73.82042087950583, 40.812638072505415], [-73.82112969804922, 40.81244975686706], [-73.82044179624134, 40.81265757783644], [-73.82058709143863, 40.813019447110854], [-73.82141253439893, 40.81287295247819], [-73.82142259915253, 40.81270158730655], [-73.82151718570914, 40.81284732123563], [-73.82169530549909, 40.81266483427267], [-73.82175599067492, 40.812768536024436], [-73.82228290825742, 40.81266149978779], [-73.8221714521873, 40.812354005276646], [-73.82230863560132, 40.812658215078734], [-73.82339468020483, 40.81235588549569], [-73.82347433550338, 40.81219137377928], [-73.82408760781654, 40.81216384832528], [-73.82505782162893, 40.8118299178869], [-73.82480905359992, 40.81143928160021], [-73.82507659171799, 40.81182331338762], [-73.82524350467826, 40.81176134024024], [-73.82487938938073, 40.811272983828395], [-73.82526664318074, 40.81175234789871], [-73.82549075318562, 40.81165933042357], [-73.82523137433307, 40.811209789296456], [-73.82551303817354, 40.81164913340958], [-73.82565070298223, 40.81159229041371], [-73.82535766859549, 40.81102764392394], [-73.82567229084796, 40.81158474373054], [-73.82553710461548, 40.81101552428081], [-73.82581255718912, 40.81153370452054], [-73.82592714984648, 40.81148650139682], [-73.82579755905094, 40.81120533563991], [-73.82595641099927, 40.811474448435305], [-73.826209663358, 40.8112790068008], [-73.82802775144881, 40.81145236638727], [-73.82916397036465, 40.811265116655214], [-73.83018245574914, 40.810839087126965], [-73.8316219994741, 40.80956814534823], [-73.83217486842416, 40.8081597794441], [-73.83213795292717, 40.80740773735611], [-73.8316182295314, 40.806645780055625], [-73.83164933127324, 40.8061599985247], [-73.83139548735745, 40.805170708059954], [-73.8316157445545, 40.80493825599347], [-73.83431545192279, 40.805162656820706], [-73.83743612125988, 40.80620264268076], [-73.83806076528177, 40.80703977469353], [-73.83824420929385, 40.80817681018891], [-73.84025952896259, 40.81144303678297], [-73.84043199540953, 40.8125411282371], [-73.8402686768038, 40.81328047502404], [-73.83966236683594, 40.81392164508082], [-73.83956806528863, 40.81449124860831], [-73.83953766669438, 40.815819182724965], [-73.84019020523155, 40.817188273056594], [-73.84009277081641, 40.81779897053961], [-73.83921022100891, 40.81888835712699], [-73.83892733295289, 40.81900121010729], [-73.83868347700866, 40.81959138101699], [-73.83906398923855, 40.81980243234184], [-73.83901168067597, 40.82195017103238], [-73.83888231646733, 40.82214048985618], [-73.83907059473005, 40.82225284895774], [-73.83904904481194, 40.822688748146064], [-73.83952777714225, 40.82303815915202], [-73.83944934873239, 40.82326535508363], [-73.83974013877227, 40.82411049303689], [-73.84013113528489, 40.82431708917762], [-73.8422204799932, 40.82834188794403], [-73.84233077477266, 40.829073962453876], [-73.84223013648109, 40.82983069124914], [-73.84188643774428, 40.83071317653467], [-73.83918095199299, 40.83315611875267], [-73.83885232384722, 40.83369066784842], [-73.83923392305653, 40.83674104076103], [-73.839192552357, 40.83871362805796], [-73.83958953765703, 40.838798485825855], [-73.83972014515525, 40.839565405986335], [-73.84030282537191, 40.839524313945226], [-73.84010873870915, 40.83885211820906], [-73.84002808869033, 40.838947871008166], [-73.84013531533367, 40.83861417742025], [-73.83992026416507, 40.83782066325953], [-73.83984179647032, 40.83790493838039], [-73.83995029818, 40.83758389709028], [-73.83984235556295, 40.83611624146407], [-73.8397594290159, 40.83629627837064], [-73.83965902852728, 40.83606711375902], [-73.83982556569312, 40.83605440007038], [-73.83971159080417, 40.836017398314574], [-73.83979992825567, 40.83581139835384], [-73.83965173481587, 40.83582911599192], [-73.8396800156726, 40.83606315988022], [-73.83960098545434, 40.83567071869877], [-73.83965573346724, 40.83580223593791], [-73.83979605087632, 40.83578848940358], [-73.83965849740537, 40.83574348973643], [-73.83979488562292, 40.835619206990465], [-73.8396148723857, 40.83561056836595], [-73.83959437645453, 40.83508890719316], [-73.8394577753272, 40.835032068331266], [-73.83956666840038, 40.83498029323235], [-73.83946132669112, 40.83484796824418], [-73.83961986353515, 40.834829305656264], [-73.8394122031086, 40.83460006510758], [-73.83959266821329, 40.834560475144066], [-73.83959108452291, 40.8340416880908], [-73.84018151698999, 40.83304342547392], [-73.84221334664694, 40.83155050727739], [-73.84275884293768, 40.830818484142995], [-73.84310691599906, 40.829794139320036], [-73.84303394542374, 40.82893498494027], [-73.84253325730938, 40.82752730414867], [-73.84044970316297, 40.82334556649687], [-73.84046603526154, 40.823080023584], [-73.84001752995842, 40.822190242623094], [-73.83982926241688, 40.821571501496216], [-73.8401006913585, 40.820322761727894], [-73.83999860407302, 40.81993494731587], [-73.84028911944901, 40.81980770455402], [-73.84036528525603, 40.819577750024415], [-73.8419868483405, 40.818774373908376], [-73.84209366311855, 40.81805954295175], [-73.84306379033725, 40.816558645026895], [-73.84316992763719, 40.81605105501356], [-73.84374053000356, 40.81532169954218], [-73.84520736885104, 40.8118870220097], [-73.84576561702221, 40.811582278842195], [-73.84617302872043, 40.81067666443064], [-73.8471968450964, 40.8105804876144], [-73.84821486515698, 40.81246290899589], [-73.84938556147972, 40.813236865345246], [-73.85041066819993, 40.81358402439128], [-73.85060246203966, 40.813930199539655], [-73.85159325007977, 40.81430438675043], [-73.85243707672889, 40.81430267449526], [-73.85225832249284, 40.81449313256415], [-73.85280004243604, 40.81444029947171], [-73.85301328287127, 40.814584423623714], [-73.85284208707395, 40.814343337083734], [-73.85265496045065, 40.8143380795577], [-73.85261815190952, 40.81405869212329], [-73.85297962704782, 40.81387348449559], [-73.852913985456, 40.81368940370181], [-73.85336857868805, 40.81359390313652], [-73.85434655584972, 40.81386385791433], [-73.85514695315328, 40.81436899479918], [-73.85538030243693, 40.814288882082884], [-73.85443075596594, 40.81371791906994], [-73.85346774058634, 40.81347771110623], [-73.85255739434923, 40.81373533465538], [-73.85119997725174, 40.81355314437636], [-73.84965010447104, 40.812751881795165], [-73.84914506615208, 40.81229879362125], [-73.84906301850037, 40.811905358232245], [-73.84938420255818, 40.8112870747678], [-73.84917358424858, 40.810924340784176], [-73.84979804522021, 40.810032877885234], [-73.84990892306314, 40.809660122089625], [-73.84976705103755, 40.80966912000886], [-73.84976011634066, 40.80964521322063], [-73.84991938701842, 40.80962666592707], [-73.85002012324549, 40.80925403953025], [-73.84984662518073, 40.80925232875322], [-73.85004241612901, 40.80921540848781], [-73.84996732905364, 40.8088755124546], [-73.84972865358634, 40.80887511163899], [-73.8499511693801, 40.808714720172375], [-73.84955076934936, 40.80872086751106], [-73.84995355606374, 40.80869340607654], [-73.84996696802705, 40.80857801934643], [-73.8496116642038, 40.80812418505141], [-73.84876007745984, 40.80833745779327], [-73.84870962479235, 40.80824047041919], [-73.84952218256849, 40.80805527721786], [-73.8484164096164, 40.807368775795496], [-73.84828024018286, 40.80685240504792], [-73.8483795372141, 40.80636018633473], [-73.84753621975585, 40.805926402795386], [-73.8475277690615, 40.80532960478867], [-73.84807624599382, 40.80491964114936], [-73.8486478460621, 40.804699371480574], [-73.8487431721285, 40.80489625968633], [-73.84894604005996, 40.8047621689949], [-73.84933382307932, 40.80505121826194], [-73.84941036337706, 40.80466797627583], [-73.84942852727698, 40.80505982814079], [-73.84982107183842, 40.805094430843624], [-73.84997722709183, 40.80505959498209], [-73.85014867564297, 40.80453421881311], [-73.8506495461609, 40.804477517135524], [-73.85204922599476, 40.804599116241235], [-73.85538879311191, 40.804464427294405], [-73.85605162931228, 40.80458742958436], [-73.8566181343632, 40.80486557116398], [-73.85639785205883, 40.80494683571352], [-73.85569047098383, 40.80467656557574], [-73.85556358433811, 40.80478499633254], [-73.85560497039721, 40.80506215703507], [-73.856125425633, 40.80528168125097], [-73.85724491988559, 40.805307238116306], [-73.85667579658389, 40.804995370320974], [-73.85683421024447, 40.80490927071551], [-73.85889037502385, 40.80588949067536], [-73.8588264323911, 40.805993192722724], [-73.85850560039144, 40.80581954279294], [-73.8583148770696, 40.805998591514935], [-73.85861191901083, 40.80669751353793], [-73.85893471726419, 40.80667435866613], [-73.85908475852665, 40.80648021816366], [-73.85887709403076, 40.80598850860351], [-73.85919545024467, 40.806269877829926], [-73.85936602332316, 40.80667568320801], [-73.85940191920196, 40.807529591337456], [-73.8592577527607, 40.80754267300794], [-73.85915868148814, 40.80687897464938], [-73.85866505169193, 40.806832751495776], [-73.85838996228809, 40.808258809148995], [-73.85877452654532, 40.80923397513575], [-73.8589514122177, 40.81027141758673], [-73.85907662566406, 40.80997555810229], [-73.86012695235573, 40.80960549989145], [-73.85954059862482, 40.809019702446506], [-73.85932919264881, 40.808996540463355], [-73.85938982010812, 40.8081637687326], [-73.85982230438597, 40.80911324744989], [-73.86065965815283, 40.809631903042096], [-73.86440333379517, 40.81027598643777], [-73.86765646284456, 40.81058376193739], [-73.86976955850027, 40.81342369975737], [-73.87077804885931, 40.814486895487974], [-73.8717160645012, 40.814922335490365], [-73.8765199603362, 40.81613106342433], [-73.87673185506821, 40.81538649648675], [-73.87250110885978, 40.813888128234254], [-73.87239437900097, 40.81397433560603], [-73.87243667235077, 40.813850934001785], [-73.87209716960993, 40.81373802152119], [-73.87212931147351, 40.813621168692784], [-73.87165777683393, 40.81325426197617], [-73.87095753684095, 40.812146180609645], [-73.87056806927927, 40.81208731762259], [-73.87055342191628, 40.81124338072315], [-73.8681121914008, 40.80675183283206], [-73.86846346959135, 40.80593654893927], [-73.87169881930807, 40.80180527192066], [-73.87160336192524, 40.80175181144664], [-73.87174509373908, 40.80154736611633], [-73.87355096572502, 40.800853302772026], [-73.87467716314049, 40.80097942286441], [-73.87473060452689, 40.80125663762884], [-73.87526517037327, 40.80139815254867], [-73.8758578858133, 40.80145598758661], [-73.87592998071601, 40.801084223091316], [-73.87814218819913, 40.801319290306694], [-73.87796880375369, 40.80171111512834], [-73.87816581140062, 40.80255168424769], [-73.8789245383548, 40.80277208050836], [-73.88005462984884, 40.80276015140783], [-73.88243021774045, 40.80226557239021], [-73.88369542422465, 40.80216212360307], [-73.88396462519606, 40.80196514886241], [-73.88369036996541, 40.80194525580535], [-73.88372326665917, 40.801862843941215], [-73.88505172336708, 40.80213090679824], [-73.88536544598874, 40.802260639744844], [-73.88515517126662, 40.802272453544084], [-73.88591424672529, 40.80279851749578], [-73.88616377056557, 40.803175684977], [-73.88727097347115, 40.8039470023369], [-73.88738095624211, 40.80411068128411], [-73.88724738458335, 40.80418614061698], [-73.88795897223945, 40.80499792592088], [-73.88859217706397, 40.804789275098024], [-73.88906442026061, 40.8050219124022], [-73.88936640376924, 40.8053807802984], [-73.88922416091161, 40.805845351192204], [-73.88999598170847, 40.80488628625035], [-73.89014756243863, 40.804960609786804], [-73.8893743925369, 40.80592527311549], [-73.89005932692429, 40.80570432468147], [-73.89149903730073, 40.80593123824068], [-73.89144104277193, 40.80566189906758], [-73.89178618135598, 40.8056228920864], [-73.89197929534278, 40.806384708976395], [-73.89270681066425, 40.806343948595696], [-73.89253177139425, 40.80565655156854], [-73.89227315843527, 40.805702433124985], [-73.89216364547643, 40.80530259256561], [-73.8912671062289, 40.80501048942434], [-73.89173240995615, 40.80504936342049], [-73.89219739671567, 40.80528468791955], [-73.89230020327568, 40.80566060567038], [-73.89256667738417, 40.805620710004824], [-73.8927481403741, 40.80634026130218], [-73.8946325235101, 40.80623233242489], [-73.8945739391341, 40.80604577300738], [-73.8947260190962, 40.80602624658368], [-73.89485360535866, 40.80621490815894], [-73.89472970526674, 40.805741101461834], [-73.89484295983623, 40.80572399701232], [-73.89509836487318, 40.8068636396763], [-73.89550633968572, 40.806595305303816], [-73.8952796287401, 40.80576618406808], [-73.89559109091819, 40.8065813433477], [-73.89572273778765, 40.80655965730841], [-73.89567025138753, 40.80629013045715], [-73.89583838073091, 40.806540607572096], [-73.89597794687755, 40.80651761583981], [-73.89587481599303, 40.805808511582576], [-73.89610824517877, 40.80649615095144], [-73.89623040737013, 40.80621047190233], [-73.89726014999152, 40.80604095984748], [-73.8974968195382, 40.806214400705294], [-73.89741472698567, 40.80580005947825], [-73.89763818741136, 40.80620132083903], [-73.89776126648744, 40.80618993350169], [-73.89772827251059, 40.805967494137455], [-73.89801340896226, 40.8061666038594], [-73.89787127990651, 40.805534981759834], [-73.89816110752683, 40.80613807010011], [-73.8982949488794, 40.80609757069854], [-73.8981253618396, 40.80565076030306], [-73.89852656516594, 40.805434309098146], [-73.90097298881535, 40.80487609789133], [-73.90204952277965, 40.80478414052171], [-73.90222284699463, 40.80494811318974], [-73.90229231992772, 40.804564776141866], [-73.90292770331085, 40.80419729170933], [-73.9027097310254, 40.804163663467385], [-73.90331727421179, 40.803775282455376], [-73.90339901556943, 40.803874907139935], [-73.90373284581685, 40.80377329611797], [-73.9045295409574, 40.803170235652104], [-73.90552153240687, 40.80201995489873], [-73.90652042213162, 40.80117551051997], [-73.90638976821404, 40.801090791686036], [-73.90681401688877, 40.800890639606386], [-73.90670130044933, 40.80082002932394], [-73.90747030502901, 40.80000345791558], [-73.90807397255666, 40.79957281916741], [-73.90779307559532, 40.79949348953819], [-73.9076822280089, 40.799388313925455], [-73.90810210034302, 40.79953964636052], [-73.90802633276698, 40.799237872162315], [-73.90842190767995, 40.799442092445155], [-73.90855026742386, 40.79930742538967], [-73.90825579566476, 40.79909286818128], [-73.90830303542151, 40.79895913541776], [-73.91089222265335, 40.79701779503648], [-73.91168831241184, 40.79662376988898], [-73.91372255973579, 40.7967894387589], [-73.91903181973144, 40.79898494624387], [-73.92024068092735, 40.79961368787006], [-73.9213273077852, 40.801284591631585], [-73.92292710065784, 40.802373294643104], [-73.92422706841215, 40.802545010855745], [-73.92665794788495, 40.80240980391489], [-73.92762788658843, 40.802695665481764], [-73.92728271943585, 40.80350826441722], [-73.92764500352583, 40.80398863284625], [-73.92810959569337, 40.80401293433759], [-73.92834056185582, 40.80423989028156], [-73.92872607489883, 40.80410362472488], [-73.93051758839161, 40.80659056356701], [-73.9322826198278, 40.80836397362319], [-73.93264257115321, 40.80938286452651], [-73.93259434647253, 40.81005355736957], [-73.93286397083318, 40.8101244368861], [-73.93287412001965, 40.810414043429176], [-73.93256503302071, 40.810885975189905], [-73.93263229255253, 40.81190462176082], [-73.93234245530486, 40.814685684233396], [-73.9323358226825, 40.81763040437958], [-73.9323998255854, 40.82114556692743], [-73.93266003600984, 40.824545226474484], [-73.93360592036706, 40.83278953052097], [-73.93314306709205, 40.83519412811921], [-73.9326562035398, 40.836473476526095], [-73.93051572319905, 40.8399336426866], [-73.93048324521037, 40.84046006056727], [-73.92919408007222, 40.842818415237204], [-73.92918458673088, 40.843203757647835], [-73.92861574822354, 40.84467686503018], [-73.92693545888346, 40.8469241441706], [-73.92683023216802, 40.84728976018874], [-73.92465379930334, 40.849785043513236], [-73.92384778945822, 40.85118260871615], [-73.92394789435293, 40.85122178461628], [-73.92256178946477, 40.853188912030106], [-73.92174035403008, 40.8542212378407], [-73.92154261803914, 40.85411688338193], [-73.92134207683857, 40.854317435657876], [-73.92151543705522, 40.85451006389157], [-73.92080070289325, 40.85538081439473], [-73.92030027213424, 40.85524637134164], [-73.92056655954352, 40.85551389831383], [-73.92052653132843, 40.855686668401994], [-73.91956620878487, 40.856840183687886], [-73.91776041251106, 40.85870809795846], [-73.91720664646986, 40.85892892323731], [-73.91580528008534, 40.86046973585627], [-73.91480934325483, 40.861714189645944], [-73.91481817405308, 40.86189908898314], [-73.91341462193644, 40.86336749370088], [-73.91276271995461, 40.86302917415775], [-73.91227278976973, 40.8636321489969], [-73.91279762128934, 40.86389887543301], [-73.9125260451679, 40.86379522383795], [-73.9126763402038, 40.86402111160263], [-73.91041774436985, 40.86656954459006], [-73.90949664312318, 40.86883115664058], [-73.90893714929886, 40.87101984030904], [-73.90864943177567, 40.87138578380349], [-73.90893235241582, 40.8721573479708], [-73.90846367912475, 40.87262079220736], [-73.90774270784556, 40.87284595211176], [-73.90665099539471, 40.87575250419279], [-73.90682822856829, 40.87663155188898], [-73.90703748936642, 40.87689516121084], [-73.9094983211752, 40.878776731679366], [-73.9103319356648, 40.879038046804844], [-73.9114891319045, 40.87901885880971], [-73.9120583003023, 40.87811932004886], [-73.91484624156381, 40.87666671027671], [-73.915785155719, 40.87571694506451], [-73.91726028337288, 40.87580900358077], [-73.91775669329705, 40.875663627860405], [-73.91978381232792, 40.87642143660867], [-73.92206723651893, 40.87857241480316], [-73.92273788287523, 40.87890544542808], [-73.92451795851026, 40.879058659562084], [-73.92490327473082, 40.87888836785337], [-73.92380525605498, 40.88032490163623], [-73.9203928019909, 40.8876485002271], [-73.91781783790027, 40.89441642556813], [-73.91789963124647, 40.894669009537004], [-73.91763488207482, 40.89494190535236], [-73.91694161078398, 40.896644551702586], [-73.91518455871676, 40.90158428286234], [-73.91543172958416, 40.90181268368851], [-73.91501449586045, 40.90308129910659], [-73.9145903924332, 40.904119002196545], [-73.9141854352987, 40.90414039096887], [-73.91286857876598, 40.907535475893596], [-73.91311022264128, 40.90784583394491], [-73.91264932172878, 40.90807081195554], [-73.9115047539491, 40.9121698793771], [-73.91143213027841, 40.91282382621984], [-73.91165472402199, 40.913417851896895], [-73.91149959074804, 40.913766581705], [-73.9110500612307, 40.91443183712609], [-73.91071204477043, 40.91465916116145], [-73.91033256848978, 40.91553277650281], [-73.90245664004945, 40.91295893342614], [-73.9006038605851, 40.91260726589942], [-73.89810489688747, 40.911790600010434], [-73.89725326354883, 40.911655520441386]]]]}, "properties": {"geo_id": "2", "name": "Bronx", "borough": "Bronx", "area_km2": 110.2946}}]}