{"type": "FeatureCollection", "features": [{"type": "Feature", "id": 0, "geometry": {"type": "MultiPolygon", "coordinates": [[[[-73.85722330984474, 40.65027867003899], [-73.86001322825, 40.65397342586144], [-73.86098917353912, 40.65520976710535], [-73.86045463170866, 40.65506710736632], [-73.85979242750736, 40.65447615737718], [-73.85975533673269, 40.654104176189925], [-73.85941022942697, 40.65386473742254], [-73.85944474027151, 40.65363754760188], [-73.85904529229799, 40.6531079760841], [-73.85898002913167, 40.652675457834874], [-73.85731941515513, 40.651237099008036], [-73.85695870357813, 40.650587373975306], [-73.85722330984474, 40.65027867003899]]], [[[-73.83032725337064, 40.65513280580348], [-73.83026601851492, 40.65542864678493], [-73.82988919856018, 40.65552282258419], [-73.82994556435838, 40.655424494353106], [-73.83032725337064, 40.65513280580348]]], [[[-73.8011553859723, 40.67179912084403], [-73.80117909108151, 40.669100265712174], [-73.8013428673729, 40.66777379734283], [-73.80203207689965, 40.66524802533259], [-73.80432050570943, 40.665120733367225], [-73.80413699625406, 40.66507426967914], [-73.80610163184434, 40.66482819140052], [-73.80737179867165, 40.660672954147884], [-73.80768782553382, 40.66044832486154], [-73.81197113821004, 40.66129523681175], [-73.81165574220198, 40.66260733959917], [-73.81116608713663, 40.66317747410256], [-73.81281616385513, 40.66272443613283], [-73.81496922485715, 40.662472668737344], [-73.8230521056646, 40.66355387813596], [-73.82584393795268, 40.66338847156824], [-73.82948716041835, 40.663824539974414], [-73.83203218807458, 40.66483860562761], [-73.83211846803609, 40.66503281894159], [-73.83247768214142, 40.664968212812404], [-73.82991335687284, 40.65966566868477], [-73.82931420218824, 40.65889865674667], [-73.82859942404697, 40.657196973016184], [-73.82689623390857, 40.650349708987974], [-73.82927196330891, 40.6500467760496], [-73.82959697362601, 40.64982765808605], [-73.83001039818284, 40.65032837516031], [-73.8298694883251, 40.65042963014292], [-73.8300076744927, 40.650903475057646], [-73.83099441867893, 40.65176986454706], [-73.83132175015787, 40.65272653287059], [-73.83128774471707, 40.65347883792681], [-73.83161314793695, 40.65374895323639], [-73.82901417557974, 40.656107884452624], [-73.82966677652145, 40.655599040016504], [-73.8301503268674, 40.65566460284457], [-73.83044328071922, 40.65551947244465], [-73.83060245974772, 40.65480688977772], [-73.83170814411545, 40.65393117429707], [-73.83205445130542, 40.654046418067786], [-73.83200052870747, 40.65444081896525], [-73.83221698518581, 40.65446038629317], [-73.8314933010301, 40.65497982053992], [-73.83116100809754, 40.65591923323476], [-73.83021213161007, 40.65633719250569], [-73.83003301456556, 40.656567168336274], [-73.82937603410589, 40.65650633571866], [-73.8292365379905, 40.65666452751921], [-73.82930974695338, 40.656932457535355], [-73.82896778740296, 40.65720524792025], [-73.8291791973458, 40.657799778544465], [-73.83013028740517, 40.658402643218764], [-73.82970706838918, 40.65850251386472], [-73.82959986903158, 40.65865680641295], [-73.83014950104759, 40.6598086849575], [-73.83001214184989, 40.65916316387899], [-73.82969520083397, 40.65865592869167], [-73.83019910654933, 40.658508969064314], [-73.83024427039392, 40.65834996934832], [-73.82922393902868, 40.6577065123841], [-73.82909434825203, 40.65733421866346], [-73.82949826173954, 40.65690590795557], [-73.82950265119847, 40.656647431983465], [-73.8300917256968, 40.65673635744882], [-73.83050532057378, 40.656342367316356], [-73.83127112564215, 40.65600327162474], [-73.83155309177175, 40.655242972372356], [-73.83185238479282, 40.654885038267146], [-73.83218186067897, 40.65489475245753], [-73.83290309524597, 40.65748377162325], [-73.83278194361473, 40.657548460383694], [-73.8320849710086, 40.6561310285115], [-73.83194394578256, 40.65617142725362], [-73.83260036370606, 40.657826591627476], [-73.83112664421834, 40.65831878644122], [-73.83338439472544, 40.658051859208165], [-73.83156681412638, 40.65116771441594], [-73.83118719179556, 40.650751711171075], [-73.83108885273711, 40.650053932813556], [-73.83597223496493, 40.64934876341621], [-73.83845306722507, 40.659361619701066], [-73.83880690398891, 40.660941834977734], [-73.83862724293905, 40.66108164278517], [-73.83883705709064, 40.661121523880915], [-73.83892925173791, 40.6612700338526], [-73.83889239488927, 40.661403524755976], [-73.83807555639744, 40.66158795982317], [-73.83814081447282, 40.66206950759352], [-73.83872354363115, 40.662407160984245], [-73.83969596515551, 40.6622383041053], [-73.83962395791993, 40.66199612919542], [-73.8399794997562, 40.66190427386242], [-73.83681334575157, 40.64924941500217], [-73.83738778845625, 40.649118149970306], [-73.83633074721295, 40.645321149279745], [-73.8386089610291, 40.64534790831288], [-73.83989797737767, 40.64512667816124], [-73.84039185424862, 40.64488791503288], [-73.84126005446507, 40.64488479363774], [-73.84579484060227, 40.64410150925752], [-73.84950699084062, 40.64413376618153], [-73.85207628474056, 40.64617614809116], [-73.8524319963248, 40.64715929523086], [-73.85234257502002, 40.64767731015173], [-73.85172587398132, 40.648912154569956], [-73.85137202165077, 40.64917990359891], [-73.85118955810586, 40.64907062091643], [-73.8509055246141, 40.649168196000545], [-73.85078185995906, 40.64980609272553], [-73.85058099294757, 40.64986220594798], [-73.85058665633542, 40.65033798099515], [-73.85037708349654, 40.6502744998758], [-73.85042261012721, 40.65047699482562], [-73.84925726840824, 40.651031532551066], [-73.84939766406322, 40.651434878950546], [-73.84992253316291, 40.65165796360385], [-73.85078499726184, 40.65153285190447], [-73.8514911636992, 40.651197973180075], [-73.85178606559366, 40.65081563938234], [-73.85250949611584, 40.65055140367126], [-73.8540332948805, 40.65066031157172], [-73.85495939543755, 40.65096843624971], [-73.85525081124445, 40.65127037487834], [-73.85591932942567, 40.65130926169067], [-73.85627612708785, 40.65165453372631], [-73.85632763939533, 40.65212833457159], [-73.85671288977001, 40.65280166451748], [-73.85705388345801, 40.65296670001528], [-73.85772331773968, 40.652726229071845], [-73.85828132383817, 40.65299487215201], [-73.85852026658146, 40.65331118940394], [-73.85875807991698, 40.65416162683264], [-73.85915498446028, 40.65440246887124], [-73.85932735900943, 40.6549405703952], [-73.86084030699917, 40.656171574779336], [-73.86136381950391, 40.65641475416545], [-73.8613603836126, 40.65659420520724], [-73.86067414585953, 40.656584592168365], [-73.86061669329688, 40.65646465720711], [-73.86061557040892, 40.65664054217473], [-73.86020839500954, 40.657010374949245], [-73.8600677781954, 40.65677986104971], [-73.86005569574453, 40.656972255155544], [-73.85983363521488, 40.65697706322063], [-73.86007499798225, 40.657048611080185], [-73.85981027609678, 40.65732241149387], [-73.8599389727954, 40.65772017715055], [-73.85957204813253, 40.65803535005439], [-73.85963558669374, 40.65845777205664], [-73.86025847890083, 40.65862971173924], [-73.86023236327554, 40.65889713056018], [-73.86045182990571, 40.65879671932188], [-73.86051208600026, 40.65849767194643], [-73.86098077532198, 40.658381303388566], [-73.86085773087811, 40.65871992679262], [-73.86049000486244, 40.658994143594285], [-73.86061207311221, 40.65932653460533], [-73.86124943397037, 40.658720910074244], [-73.86127280308044, 40.65826516768451], [-73.8609589209716, 40.65806094299698], [-73.8601122166708, 40.65832681519481], [-73.85976839588906, 40.658281936345944], [-73.86021363811535, 40.657913469551765], [-73.86057551669617, 40.65783605216001], [-73.8604071420188, 40.65776134156833], [-73.86034164704868, 40.65724790569815], [-73.86062372337481, 40.65720545608306], [-73.86087597606713, 40.6569081620455], [-73.86161371163618, 40.65699651025297], [-73.86170301259718, 40.65802488956633], [-73.86269778233539, 40.65761830901176], [-73.86317083340404, 40.65827651294904], [-73.86030494564054, 40.65963465530412], [-73.8576153718558, 40.66011893315399], [-73.85842950791304, 40.66345336093123], [-73.85568461221035, 40.663867492875696], [-73.85763323108364, 40.6716561940382], [-73.86038519854728, 40.67125171098987], [-73.86234580535023, 40.67916478614704], [-73.85398014767986, 40.67968303546612], [-73.84671464241593, 40.6818584931912], [-73.8106329831089, 40.6919473825769], [-73.8073362180269, 40.686125446990225], [-73.80323027653603, 40.677681057005906], [-73.80158716637021, 40.67411585015759], [-73.8011553859723, 40.67179912084403]]]]}, "properties": {"geo_id": "410", "name": "QN 10", "borough": "Queens", "area_km2": 15.9865}}, {"type": "Feature", "id": 1, "geometry": {"type": "Polygon", "coordinates": [[[-73.98372152615246, 40.595821078217256], [-73.97419290200388, 40.590106189991204], [-73.97433591765278, 40.58794151870802], [-73.96051667238417, 40.589452911647776], [-73.96004798667482, 40.58326987240679], [-73.95910958874236, 40.58285667571559], [-73.9570313424629, 40.583035332919955], [-73.9564572912573, 40.582658850555354], [-73.95604146800456, 40.582736254320174], [-73.95591997720777, 40.58244783282195], [-73.95494024238494, 40.58196890524089], [-73.95507111658038, 40.581680175764404], [-73.95443828602436, 40.57959995942244], [-73.95365171705345, 40.575823980895706], [-73.95428546787073, 40.57573133701873], [-73.95413360803454, 40.57433326749534], [-73.95620816595128, 40.574265470675336], [-73.95636904107707, 40.57417331255949], [-73.95634533454574, 40.57379757879462], [-73.9565675090591, 40.57417077849314], [-73.95865147139081, 40.57405152377139], [-73.9589663415274, 40.57394726876866], [-73.9589871897258, 40.57343065522953], [-73.95909642194562, 40.57386382043346], [-73.95982864911241, 40.57392930963587], [-73.96720294103956, 40.57332631739762], [-73.9674356779313, 40.573208969671484], [-73.96742628474541, 40.57298510896942], [-73.96753149753702, 40.57319073238481], [-73.96818506098592, 40.57317786854635], [-73.96945126202374, 40.572857280363365], [-73.96924621215567, 40.57230407565472], [-73.9695589515174, 40.57280858046091], [-73.96975580336883, 40.57284692469053], [-73.97132989626341, 40.57264381038423], [-73.97118306355719, 40.57194189908436], [-73.9716070645239, 40.57262822392002], [-73.97293476162717, 40.57247460214546], [-73.9733450222981, 40.57232121400631], [-73.97324990115143, 40.57162668610919], [-73.97344805325683, 40.57227210696953], [-73.975285649671, 40.57204983266871], [-73.97547081902785, 40.57196900381711], [-73.97540564094218, 40.5714210406407], [-73.97567918029264, 40.57195598449751], [-73.97713364145218, 40.571897086717776], [-73.97766384588142, 40.57172938779928], [-73.97756820091209, 40.5712466666593], [-73.97767087523825, 40.57117102007926], [-73.97807599798224, 40.57122957012887], [-73.9777153307247, 40.571251914345], [-73.97780796518913, 40.571756200724806], [-73.97845486511191, 40.571892204296596], [-73.97910001556893, 40.57184069801817], [-73.97984694469407, 40.57153931961033], [-73.9794251615826, 40.57122102372418], [-73.97977198326755, 40.57124014633363], [-73.98000799187608, 40.571708806607695], [-73.9802088309702, 40.571726205491196], [-73.98204075852516, 40.57148037052266], [-73.98157155423429, 40.571249988425], [-73.9820266291875, 40.5712761520893], [-73.98217710691097, 40.5715605784547], [-73.9830804449657, 40.57150853143356], [-73.98367270153263, 40.57140705768757], [-73.98340440737677, 40.57016554451094], [-73.98304328883712, 40.57014586098814], [-73.98339168436654, 40.570094684517066], [-73.98336058039285, 40.569529993984325], [-73.9834852186614, 40.57008901506295], [-73.9838394948926, 40.57011246715812], [-73.98348842146684, 40.57015603004669], [-73.98375790448652, 40.57139622725111], [-73.98803716678536, 40.57098510876888], [-73.9886202548146, 40.57089605131433], [-73.98857772038873, 40.57069790950512], [-73.98872145848829, 40.570883692082816], [-73.99026267527438, 40.57070834011741], [-73.99077310323918, 40.570599422340585], [-73.99079264766944, 40.57024864875571], [-73.99086374684873, 40.57060201624256], [-73.99119337523616, 40.57061187496838], [-73.99272854897072, 40.570433788037604], [-73.99296923014852, 40.57036673204245], [-73.99298098072167, 40.57019677330934], [-73.9931574188674, 40.570379789439016], [-73.99493763229947, 40.57035467451256], [-73.99513854436805, 40.57031466120686], [-73.99518726085735, 40.5700218776333], [-73.99529301203256, 40.570321283216586], [-73.99719493825842, 40.570348649044], [-73.997369448826, 40.57013730754305], [-73.99766712135202, 40.570374751166334], [-73.99846777900159, 40.57049739697316], [-73.99965850686432, 40.570382602502946], [-73.99974852156545, 40.57049579745974], [-74.00077859539269, 40.5704909982214], [-74.00201167053906, 40.5702087585243], [-74.00208547639734, 40.56958598398511], [-74.0024870773771, 40.571738388872625], [-74.0047994162169, 40.572878854348446], [-74.00668904970406, 40.57339722045679], [-74.01007410785427, 40.57383080951783], [-74.01115668729264, 40.574166761859004], [-74.01201540191131, 40.57488505247441], [-74.01232183520676, 40.575652682365245], [-74.01245749577932, 40.57661074641708], [-74.0130238006225, 40.57780436976003], [-74.0123503592923, 40.5792218211566], [-74.01176124260739, 40.57985408224781], [-74.0108603557124, 40.580462245264826], [-74.00745366008165, 40.581803522848084], [-74.00604734235812, 40.58198365253342], [-74.00398023616431, 40.58172129566407], [-74.00294374157806, 40.5814328355212], [-74.00055986763827, 40.58129742968316], [-73.9996415228003, 40.58131655849627], [-73.99895997129458, 40.58163304592502], [-73.99818261219656, 40.58172536373689], [-73.99776464433626, 40.58145433077118], [-73.99771779495471, 40.58070677630617], [-73.99215464809245, 40.57932062543302], [-73.99149224635138, 40.579231086802466], [-73.9903620646656, 40.579424580120666], [-73.9889909355634, 40.57883509996901], [-73.98842833769437, 40.57881584211708], [-73.98739064388405, 40.57908698306386], [-73.98669540063, 40.57981490763022], [-73.98702138577706, 40.58002276487546], [-73.98588567394853, 40.58114442456495], [-73.98604509916231, 40.581720685151765], [-73.98694506928186, 40.58113642180222], [-73.98763925793929, 40.57991759787685], [-73.98803566212692, 40.579633780413616], [-73.98995504921773, 40.58066166953157], [-73.99174273417003, 40.58120016258765], [-73.9918252957587, 40.581738520302906], [-73.9903376250445, 40.58421825538863], [-73.99026244714365, 40.584619148708086], [-73.99539667452709, 40.58222779038842], [-73.9960552882052, 40.58212890385432], [-74.00017922859408, 40.583073950245186], [-74.00041739503706, 40.58354592150345], [-74.00043685358045, 40.5840489694867], [-73.99933976309936, 40.58486081481738], [-73.99808523776014, 40.585364721581676], [-73.99808899188393, 40.585470741266064], [-73.99970597099512, 40.585689819858736], [-73.99952567990363, 40.58575854466008], [-73.99956511570319, 40.586243920095846], [-73.99814530449004, 40.58653169390733], [-73.99417305638377, 40.588382857820946], [-73.99559857410351, 40.587841707554325], [-73.9956605451227, 40.58793620734399], [-73.9940790462178, 40.58869344199073], [-73.99421554608301, 40.58886853098554], [-73.99330854966949, 40.58958389858062], [-73.99153934444449, 40.590390903081484], [-73.98520027304848, 40.596398126116625], [-73.9850613649743, 40.59567091881957], [-73.98372152615246, 40.595821078217256]]]}, "properties": {"geo_id": "313", "name": "BK 13", "borough": "Brooklyn", "area_km2": 8.2001}}, {"type": "Feature", "id": 2, "geometry": {"type": "Polygon", "coordinates": [[[-73.98149121492801, 40.76788119859859], [-73.96818687803611, 40.76222682132609], [-73.97698570662243, 40.750156959255804], [-73.98022089903921, 40.751521979626844], [-73.98067345249109, 40.750905101457576], [-73.98295691021276, 40.74776435318855], [-73.97972346503144, 40.74640287583607], [-73.98523224611287, 40.738840230795155], [-73.9864719504475, 40.73936282142988], [-73.98664969677115, 40.73910091152305], [-73.98703592721053, 40.73926637854955], [-73.9873015480288, 40.73890302603654], [-73.98685345269384, 40.73871475166975], [-73.98760645326679, 40.737497824647875], [-73.986534999359, 40.73705001047121], [-73.98877931684075, 40.73396539973867], [-73.99683993860417, 40.737360889398374], [-73.99141858494617, 40.74480268249635], [-73.99709902854308, 40.747205102042415], [-73.98211061467009, 40.76774447604383], [-73.98149121492801, 40.76788119859859]]]}, "properties": {"geo_id": "105", "name": "MN 05", "borough": "Manhattan", "area_km2": 4.0682}}, {"type": "Feature", "id": 3, "geometry": {"type": "Polygon", "coordinates": [[[-73.93445239397371, 40.83598096015007], [-73.9349153357865, 40.83523082193897], [-73.93516725294636, 40.83287499227608], [-73.93442396339051, 40.82704289397231], [-73.93380019473047, 40.81834975887414], [-73.93487343834983, 40.8165278475178], [-73.93622962354567, 40.81464739096784], [-73.94275367228194, 40.805744012794804], [-73.94435587110912, 40.80641358740952], [-73.94620045835062, 40.80390652243253], [-73.94459915296271, 40.80322504784043], [-73.94923327082499, 40.79687199990559], [-73.95964685423152, 40.80115642325664], [-73.95824878329815, 40.80310648647131], [-73.95822725039243, 40.8055374971114], [-73.95496657172467, 40.81006455470393], [-73.95357577810366, 40.80947669765984], [-73.9521012521537, 40.81144285350171], [-73.95035019275227, 40.813159389290284], [-73.94921410439053, 40.81469977098506], [-73.94607828740423, 40.821263215559846], [-73.94516004895817, 40.82087904347649], [-73.9429236691258, 40.82326058725062], [-73.94384275680827, 40.8236478015426], [-73.93971887552937, 40.829321771918515], [-73.9398059571174, 40.83000451231785], [-73.93962569930143, 40.83015583738815], [-73.9401413121009, 40.8303719888809], [-73.93877360261659, 40.83266321266261], [-73.93808182183795, 40.833357489797265], [-73.9349627411069, 40.83575993475003], [-73.93479886410138, 40.836110116262354], [-73.93445239397371, 40.83598096015007]]]}, "properties": {"geo_id": "110", "name": "MN 10", "borough": "Manhattan", "area_km2": 3.6301}}, {"type": "Feature", "id": 4, "geometry": {"type": "Polygon", "coordinates": [[[-73.91804606958485, 40.68721324777111], [-73.91630119795475, 40.67857711243375], [-73.91646486032269, 40.67664704054926], [-73.95206345258673, 40.67858633071856], [-73.95829216807752, 40.67983113399758], [-73.96029281668113, 40.690346249915606], [-73.9617499483519, 40.696846168905736], [-73.96189837824244, 40.69818833253169], [-73.95701993189441, 40.698973914350006], [-73.9419307888223, 40.70072523469599], [-73.91804606958485, 40.68721324777111]]]}, "properties": {"geo_id": "303", "name": "BK 03", "borough": "Brooklyn", "area_km2": 7.3822}}, {"type": "Feature", "id": 5, "geometry": {"type": "MultiPolygon", "coordinates": [[[[-74.15945602438066, 40.641448332821646], [-74.15997875699615, 40.64144648083656], [-74.16111242522052, 40.64183545323481], [-74.16153403242895, 40.64415628242124], [-74.15809750008869, 40.6437575671229], [-74.15755778855947, 40.64323986598113], [-74.15800633457705, 40.64302367586042], [-74.15819904046337, 40.642595077663586], [-74.1585874256811, 40.642460384083655], [-74.15881093745415, 40.6417586352431], [-74.15945602438066, 40.641448332821646]]], [[[-74.08221272914936, 40.64828016229026], [-74.08142228203741, 40.648504725447005], [-74.08072838762372, 40.648274873846454], [-74.07980996428704, 40.64838331298811], [-74.07899546333257, 40.64814255442262], [-74.07650657152858, 40.64696881818354], [-74.07445282563641, 40.64506748822084], [-74.07395839976465, 40.645193205445715], [-74.07359107919277, 40.64499892804317], [-74.0734985136762, 40.64508337347528], [-74.07385653684726, 40.6454248160998], [-74.07333813856984, 40.64578311616245], [-74.07324539464851, 40.64570492526971], [-74.07369011806499, 40.64530572455757], [-74.0732385381076, 40.64496386391], [-74.07302520507201, 40.645131238320324], [-74.07320225954697, 40.644943941243696], [-74.0730555988172, 40.6448079178411], [-74.07342590747587, 40.645000568012804], [-74.07312184183509, 40.644714799469135], [-74.07279850341496, 40.64491012376894], [-74.0725877555387, 40.644790863173824], [-74.07270308267603, 40.64464559562772], [-74.07256468232953, 40.644719748858336], [-74.07266630771204, 40.6446209206597], [-74.0725322202573, 40.64455679217041], [-74.07272467145079, 40.64462088376627], [-74.07269828799026, 40.64444127346753], [-74.07168737376732, 40.64505032820077], [-74.07230919046792, 40.64457775355492], [-74.07201843213238, 40.644411932941026], [-74.07229190281822, 40.6442660478206], [-74.07218488601615, 40.64411046489273], [-74.07186080870875, 40.64420176177033], [-74.07175648087781, 40.64401184549878], [-74.07205817506036, 40.6439004276988], [-74.07200080155476, 40.64378113296976], [-74.0716496940852, 40.6437868857248], [-74.07159679201159, 40.64346015748881], [-74.07135612176633, 40.64349730455621], [-74.07149090063892, 40.643428740586074], [-74.07141659716515, 40.643193109595934], [-74.07113105720936, 40.64320526367847], [-74.07150263147456, 40.64312930469566], [-74.07147777322615, 40.64280829377516], [-74.07164892198995, 40.642679931679815], [-74.07170351967268, 40.642796335280146], [-74.0721843496904, 40.64271409328926], [-74.07210952444632, 40.64246321679294], [-74.07037430990596, 40.642691403053334], [-74.0703292371539, 40.64252612813249], [-74.07323829183596, 40.64218473608254], [-74.07314400585976, 40.64185297397773], [-74.07024658698661, 40.642206974297046], [-74.07019399559272, 40.64200750330808], [-74.07308689819385, 40.64163681496981], [-74.0728900560963, 40.64092267287623], [-74.0700184914874, 40.64127813223767], [-74.06998354653898, 40.64106894261439], [-74.07285041194937, 40.64080368844521], [-74.0727769001111, 40.640528963147524], [-74.07307725837745, 40.640513311796504], [-74.07309035578784, 40.638618999686045], [-74.07292933384748, 40.63859264983843], [-74.07301444562208, 40.638409384119], [-74.07237941129381, 40.63816272607427], [-74.0726063279755, 40.6381363083472], [-74.07257275212609, 40.63787190987609], [-74.07348353801726, 40.637787357935785], [-74.07337342888036, 40.6366107256396], [-74.07209483807509, 40.636647277624746], [-74.07335822045596, 40.636536094165336], [-74.07290753967621, 40.633634367681196], [-74.07332821316406, 40.63205844299052], [-74.07298474612325, 40.63030897898163], [-74.06802173543952, 40.62878758518564], [-74.06813019247991, 40.62853904609168], [-74.0729117793656, 40.62999637940668], [-74.07229520282672, 40.62713842700826], [-74.07319206053835, 40.62707053042593], [-74.07352694647261, 40.626863194268694], [-74.07270543377281, 40.62687414856302], [-74.07225500955772, 40.62460875019414], [-74.07002735061577, 40.62145406385088], [-74.06649335296383, 40.61889760159536], [-74.06596065271782, 40.619359015593915], [-74.06640988953299, 40.618864467567256], [-74.0661990795487, 40.618722481288955], [-74.06557280841211, 40.61927454360011], [-74.06544586069482, 40.61920262828948], [-74.06668207982925, 40.61806749593871], [-74.06641558715178, 40.617872498165745], [-74.06604991535909, 40.61819541035291], [-74.06569864744144, 40.617956415586775], [-74.06546549952755, 40.61810707028097], [-74.06496189280482, 40.61777239906801], [-74.06435705158668, 40.61824594486579], [-74.06425721751592, 40.61817168758575], [-74.06509908407207, 40.61751095612564], [-74.06443662005026, 40.61706241460274], [-74.06401211702041, 40.61740222613368], [-74.06390892240363, 40.61732882514924], [-74.0643274585805, 40.61698850302234], [-74.06376129983167, 40.616798750007455], [-74.06376668678124, 40.616603630840466], [-74.06143961457276, 40.61437802069976], [-74.0603368079197, 40.61190187971726], [-74.0598544432858, 40.61210295810573], [-74.06001625116235, 40.61276368789559], [-74.06019772795557, 40.61278637542956], [-74.05999919777541, 40.612783899115904], [-74.05976930738183, 40.612056647139525], [-74.06027224809945, 40.61181963993938], [-74.05943076250304, 40.6116543746713], [-74.05890133421524, 40.61100228648648], [-74.05912333939817, 40.61082228908929], [-74.0590858430866, 40.610633676752094], [-74.0571638387898, 40.60874278310387], [-74.0567718170307, 40.607899539585276], [-74.06517091250778, 40.604213508846485], [-74.06430060568053, 40.60309529553566], [-74.06404802443426, 40.60244930249568], [-74.06350565660142, 40.602150054328064], [-74.06550663190987, 40.602719880430016], [-74.07151493323373, 40.60497785691174], [-74.073999653081, 40.605725567958316], [-74.07656734735332, 40.606121664158294], [-74.08280949863452, 40.60641097906993], [-74.08542756314283, 40.60702239052923], [-74.09305685619931, 40.6101199357375], [-74.0955582976852, 40.61062477803709], [-74.10890146223976, 40.61025158499635], [-74.11047956502081, 40.610418656144915], [-74.1135976182838, 40.611154448642814], [-74.11547418136767, 40.61123018033021], [-74.11742781366875, 40.61093273506458], [-74.12350639197315, 40.609233602197314], [-74.12874897506448, 40.608391741031916], [-74.14287916735698, 40.60758543877454], [-74.14456101095875, 40.607615025579946], [-74.14628177431099, 40.607886273730955], [-74.14839614982166, 40.60855544350157], [-74.15018666517098, 40.60949781115456], [-74.15910521538218, 40.616321565153456], [-74.1623477632941, 40.618342156552075], [-74.16808086339644, 40.620936256187214], [-74.17236261023876, 40.621635798865164], [-74.17459706258596, 40.62236401199185], [-74.17610052859052, 40.62340624288056], [-74.17911934851915, 40.62608823881927], [-74.18190235713591, 40.62775580720639], [-74.18368791092843, 40.628737925050885], [-74.19033433426854, 40.631750310332194], [-74.19614123102058, 40.63479275899367], [-74.19596386706299, 40.63503051912173], [-74.19557688057968, 40.635004218570764], [-74.19530704356409, 40.635233895517324], [-74.195200969001, 40.635707944646455], [-74.19449480774458, 40.63644952194808], [-74.1945185109163, 40.63703429194798], [-74.19478689682471, 40.637131511664386], [-74.19462310145191, 40.63739118356387], [-74.19397308627647, 40.637309114699136], [-74.19358317694855, 40.63746911688483], [-74.19371964622094, 40.637566814732885], [-74.18652496897599, 40.64338866217163], [-74.18623209809662, 40.64318739685546], [-74.18590896667855, 40.64363143950194], [-74.18511431614884, 40.643806238290196], [-74.18524793597282, 40.64394352619351], [-74.18483594580847, 40.64412826633892], [-74.18442444966344, 40.6436506915762], [-74.18411319064435, 40.643530083625954], [-74.1840648323192, 40.64332398994336], [-74.18437046773803, 40.64309957689013], [-74.18421444000022, 40.6431168957697], [-74.18395490670642, 40.64249416070129], [-74.18365067064063, 40.64223964105084], [-74.18402611192153, 40.643100409072474], [-74.18384575936912, 40.64326615680756], [-74.18347427166456, 40.64294920957191], [-74.18324212279276, 40.64296367760062], [-74.18380044942421, 40.64443190122324], [-74.1836674587201, 40.64461048505026], [-74.18288931621835, 40.64480028294622], [-74.18118434243927, 40.644586159245065], [-74.18087212513223, 40.64485142967853], [-74.18048173953659, 40.644278924776664], [-74.1800407794923, 40.644288140673844], [-74.17990671455532, 40.644378721167016], [-74.1799650727402, 40.64526698230308], [-74.17988406361418, 40.64511024036667], [-74.17977452733295, 40.64516667984816], [-74.17972987752036, 40.64438070211209], [-74.17933117249432, 40.6444005117727], [-74.17925123340665, 40.645041876970446], [-74.17907466583894, 40.644646507056706], [-74.17903555928561, 40.64339478702087], [-74.17940482802032, 40.64312896647659], [-74.1795871372141, 40.64191768346423], [-74.17918728067428, 40.64298753949409], [-74.1787907843687, 40.6424985034597], [-74.17848313827221, 40.642521175230655], [-74.17825662146029, 40.642129227868374], [-74.17834127011962, 40.642589475995955], [-74.17781237608774, 40.64259984414228], [-74.17768636299843, 40.64294859651973], [-74.17721118570951, 40.643122778603264], [-74.17682386896035, 40.64285914648606], [-74.17670489151175, 40.642416911284165], [-74.17635786617534, 40.64232722056304], [-74.17668723791225, 40.64255213862137], [-74.17666795538246, 40.6433868447718], [-74.17598183191922, 40.64346362228093], [-74.17560250954429, 40.643311298672586], [-74.17547166255278, 40.64412310546129], [-74.17568470742577, 40.644710284895275], [-74.17546691157199, 40.64464652110249], [-74.17529691545057, 40.645075076819104], [-74.17489620525134, 40.64514604796305], [-74.17458621477456, 40.64501693203232], [-74.17436572943608, 40.64513625864562], [-74.17294123891654, 40.644204522856036], [-74.17300154585652, 40.643585405079804], [-74.17244784485068, 40.643421570750995], [-74.1723616538658, 40.64325626755203], [-74.17272145305189, 40.64294849899678], [-74.17244027862014, 40.64281204766143], [-74.17196330565993, 40.6428581326935], [-74.1715081109973, 40.643134442091025], [-74.17133587281808, 40.642855765052154], [-74.17186042582577, 40.64252292851905], [-74.1717501278703, 40.642516756194944], [-74.17184927245123, 40.64238040270828], [-74.17172186950495, 40.64193954418164], [-74.17147878989451, 40.64170250999377], [-74.17158721923735, 40.64102959339466], [-74.1720231585235, 40.640989215160474], [-74.17293896175401, 40.64057955269759], [-74.17297990582071, 40.64048606719583], [-74.17206200514698, 40.640941613389664], [-74.17156994685423, 40.641011532092946], [-74.17138651859354, 40.64142273602168], [-74.1713738235051, 40.64208501526824], [-74.17105017239892, 40.64259381913015], [-74.17127524445608, 40.64211168276789], [-74.17119260951208, 40.64173962651413], [-74.17028635441109, 40.64177530825603], [-74.17007878651046, 40.642086160575644], [-74.16915295569137, 40.641872859874546], [-74.16906431628865, 40.642130016798745], [-74.16774094051357, 40.641727774498676], [-74.16757607092507, 40.641844793608215], [-74.16653375792836, 40.641422637883835], [-74.16621599917175, 40.64242410073068], [-74.16609989896034, 40.64240658700138], [-74.16631887292462, 40.64143667500512], [-74.16580110755902, 40.64122451144967], [-74.16563409763798, 40.64121437137586], [-74.16544310082396, 40.64228054670873], [-74.16494139041306, 40.64220900039206], [-74.16519041758235, 40.64064230577956], [-74.16473426536807, 40.640391467025005], [-74.16457132366851, 40.64141866209867], [-74.16441459649239, 40.64139678522883], [-74.1645965659758, 40.64031574554517], [-74.16416886813631, 40.6399941102305], [-74.16400179001418, 40.641065860006975], [-74.16386249420357, 40.641052797343974], [-74.16404731516643, 40.63994665879971], [-74.1638497658629, 40.63989150932104], [-74.16345445681999, 40.63985656039842], [-74.16324577932627, 40.64095741968836], [-74.16280502789434, 40.64103818792244], [-74.16167534694235, 40.640610784766956], [-74.16228465252085, 40.63876565277249], [-74.16181856612258, 40.638646278777806], [-74.16144917826891, 40.63942833717108], [-74.16130221801548, 40.63939373445721], [-74.16166010706995, 40.638664993313455], [-74.16124015814985, 40.63859501111378], [-74.16090490770513, 40.63938614131879], [-74.16073654872477, 40.63935101447562], [-74.16108161758906, 40.638567768312704], [-74.16081126840741, 40.638632958889005], [-74.16034819993166, 40.63844372645366], [-74.15986410465041, 40.63992782369295], [-74.160224664531, 40.63833906133788], [-74.16005754066099, 40.63872235275005], [-74.15985697767901, 40.63872920221962], [-74.15957712397915, 40.63799258321208], [-74.15931954037158, 40.637810405243066], [-74.15905622378894, 40.63803931031999], [-74.15900957887429, 40.63882257790998], [-74.15889532350849, 40.63881527713139], [-74.15893299160665, 40.638264017819175], [-74.15789262953881, 40.6379650512313], [-74.15784122272913, 40.63887391496632], [-74.15773352572349, 40.63887903516548], [-74.1577736593691, 40.637957159746236], [-74.15610276490888, 40.6379395908863], [-74.15611488264739, 40.6375307471646], [-74.15569862053152, 40.63751793890434], [-74.15568515769912, 40.6377874824073], [-74.15482932461856, 40.63772385541897], [-74.15469263864526, 40.6391939681144], [-74.15477829011988, 40.63772154555106], [-74.15459670163327, 40.63734334406921], [-74.15425270073519, 40.63717231088846], [-74.1534140659779, 40.637272719079455], [-74.15279703511403, 40.637132754852736], [-74.15269700449667, 40.63764184172482], [-74.15221806884477, 40.63769258171702], [-74.15229786175502, 40.63827428826375], [-74.15213675899915, 40.638290747955836], [-74.15204639233266, 40.63766721531566], [-74.15119545007178, 40.63773078853634], [-74.1513951761365, 40.63939651305763], [-74.15124827966572, 40.639409342886104], [-74.1511296509037, 40.638500679571514], [-74.15055638842084, 40.63855933066745], [-74.14996782090546, 40.63815007524942], [-74.14967889830886, 40.63751767426077], [-74.14944732900051, 40.63740539948566], [-74.14931235597334, 40.63752595814057], [-74.1494188170834, 40.63829164054715], [-74.14919418155688, 40.638668331372095], [-74.1488817554377, 40.638705207973416], [-74.14855815092318, 40.63743783803], [-74.14877792005885, 40.63887625112789], [-74.14602173101719, 40.6390945497009], [-74.14605733618387, 40.639229257690054], [-74.14519279481542, 40.63937849765491], [-74.1446713323417, 40.63930426772698], [-74.14386163595745, 40.63888796251427], [-74.14374959918905, 40.6389615777508], [-74.14381734530271, 40.639207478924156], [-74.14357308593789, 40.63922678525729], [-74.14336103010835, 40.63970984518127], [-74.1425776933605, 40.639534137502004], [-74.14238795149326, 40.639641210830085], [-74.14229766980965, 40.64030580709384], [-74.14155622972353, 40.640366768817195], [-74.1414804740345, 40.64009219429565], [-74.14076253645278, 40.64058939691139], [-74.13757574838482, 40.6410011523713], [-74.13734541892016, 40.64114653379099], [-74.13737001749979, 40.641295463489136], [-74.13435269573631, 40.64188679740535], [-74.13430281185369, 40.6417537949095], [-74.13349719766673, 40.64171690148129], [-74.13341539233281, 40.641547116551195], [-74.13299172393485, 40.6414169366648], [-74.13240283577125, 40.641704388984685], [-74.13125581180257, 40.641596830764016], [-74.13146199764817, 40.64131010407523], [-74.13032503548034, 40.64077847230712], [-74.13012324901676, 40.64101654989436], [-74.13027887043049, 40.640760622510186], [-74.1301837001321, 40.64072382608324], [-74.12967785166228, 40.64138531255307], [-74.12949057637367, 40.64135483519601], [-74.12997740262725, 40.640729872855786], [-74.12930713186852, 40.640337411211156], [-74.12922977261063, 40.640484372352574], [-74.12893301209901, 40.640413929488034], [-74.12890729033452, 40.641194827586325], [-74.1288120184713, 40.64022697750409], [-74.1275267724088, 40.64015530471665], [-74.12714774563898, 40.6393110568504], [-74.12702736021, 40.63931907848706], [-74.12705362205264, 40.640241737639165], [-74.12644823919024, 40.640377994199206], [-74.12606982862293, 40.64025447319018], [-74.12619996291652, 40.64126431430311], [-74.12636808688981, 40.6413323804871], [-74.12564026870602, 40.64141849208245], [-74.12613276551232, 40.64126438802843], [-74.12599542422451, 40.64023124262892], [-74.1241557844501, 40.640134716640205], [-74.12285630555246, 40.64082050834647], [-74.12260363601618, 40.64059707390291], [-74.1229072489857, 40.641019266617285], [-74.12282565410405, 40.6412938760178], [-74.1218414699557, 40.64140589477437], [-74.12199083807539, 40.64155463949961], [-74.12185329597821, 40.64158069227973], [-74.12180661082068, 40.64141215907573], [-74.12177911197513, 40.64159254711715], [-74.1215534360538, 40.64161162832493], [-74.12176052602737, 40.64157431456], [-74.1217237531887, 40.64142866444405], [-74.12132617111651, 40.64160656922905], [-74.1213119482967, 40.641452531325214], [-74.12117246275062, 40.641669145070054], [-74.12128074794364, 40.64143249598728], [-74.12107727405116, 40.641607420086295], [-74.12118039507698, 40.64138344537973], [-74.12071317588692, 40.64104578219102], [-74.11993480088911, 40.641197604384026], [-74.11997111213586, 40.64131481456246], [-74.11960716747868, 40.641380309354346], [-74.11995699875766, 40.64220945342925], [-74.11985443942095, 40.64223561390497], [-74.11952986105756, 40.64146991432207], [-74.11909720493722, 40.641473466523564], [-74.11940029532455, 40.64237937853291], [-74.11900348200398, 40.64146461501284], [-74.11861635236274, 40.64153036502918], [-74.11896077402352, 40.642504515993394], [-74.11883624616942, 40.64254186406052], [-74.1184018508355, 40.64152980054306], [-74.11791728683136, 40.6418258769523], [-74.11769850319418, 40.641543133286085], [-74.11712100630398, 40.64166785704609], [-74.11722408282961, 40.64184409308031], [-74.11672187663888, 40.642031756096756], [-74.11722470082543, 40.64302735996277], [-74.11666607646228, 40.6421067663341], [-74.11630000082745, 40.64220266510244], [-74.11667041382688, 40.64318982489303], [-74.1161420863572, 40.642216454150535], [-74.11535082182931, 40.64247054015837], [-74.11511714752059, 40.64278499267805], [-74.1137966608601, 40.64360951580808], [-74.1140405314602, 40.644042502119945], [-74.11395094068483, 40.64413659167542], [-74.11288806510967, 40.644532444637726], [-74.11385709322158, 40.64407601166737], [-74.11365370966897, 40.64368755592379], [-74.11343403737101, 40.64382125132413], [-74.11333023192543, 40.64372349708392], [-74.11116129469256, 40.64509642318145], [-74.11176646650023, 40.64470616034511], [-74.10973932564484, 40.645463728184914], [-74.10472221599763, 40.64556365739964], [-74.10412356301745, 40.64574043220029], [-74.10391463250345, 40.64561422213176], [-74.10231679337399, 40.645542600180256], [-74.10013219187306, 40.645064050450685], [-74.09880066885808, 40.64504703431097], [-74.09849981625507, 40.64537036195395], [-74.09604555281581, 40.64537274744287], [-74.09298828187646, 40.645972780752665], [-74.09300507296307, 40.646076314817016], [-74.0913569794201, 40.64670072410068], [-74.0893975253534, 40.64731035953143], [-74.087674426815, 40.64823529361497], [-74.08570754378212, 40.64888055337064], [-74.08484403215716, 40.648891147339626], [-74.08221272914936, 40.64828016229026]]]]}, "properties": {"geo_id": "501", "name": "SI 01", "borough": "Staten Island", "area_km2": 35.046}}, {"type": "Feature", "id": 6, "geometry": {"type": "Polygon", "coordinates": [[[-73.94957431780912, 40.83441936191872], [-73.93962569930143, 40.83015583738815], [-73.9398059571174, 40.83000451231785], [-73.93971887552937, 40.829321771918515], [-73.94384275680827, 40.8236478015426], [-73.9429236691258, 40.82326058725062], [-73.94516004895817, 40.82087904347649], [-73.94607828740423, 40.821263215559846], [-73.94921410439053, 40.81469977098506], [-73.95035019275227, 40.813159389290284], [-73.9521012521537, 40.81144285350171], [-73.95357577810366, 40.80947669765984], [-73.95496657172467, 40.81006455470393], [-73.95822725039243, 40.8055374971114], [-73.95824878329815, 40.80310648647131], [-73.95964685423152, 40.80115642325664], [-73.96670106890302, 40.8041684769373], [-73.97110765852304, 40.80579013967689], [-73.96855747771224, 40.809072893821174], [-73.96740185312369, 40.81102215539729], [-73.96414082888299, 40.81577165745409], [-73.95999892229345, 40.82038294480247], [-73.95981462674555, 40.82029787470156], [-73.95913061580629, 40.82116895377493], [-73.95942624349648, 40.821252381738134], [-73.95914685715192, 40.82157132855115], [-73.95903294155774, 40.82151374622867], [-73.95923467193995, 40.82127782527061], [-73.9590896024009, 40.821206247056104], [-73.95881892233997, 40.82151852484693], [-73.9589417294171, 40.821569364009754], [-73.958745236605, 40.82180551197381], [-73.95900018289892, 40.822409728374524], [-73.95922976213465, 40.8222869101325], [-73.95990999444398, 40.82257111982217], [-73.9596033246028, 40.8229946867835], [-73.95892614718302, 40.822711755441524], [-73.95904953331708, 40.82254133536842], [-73.95852731524258, 40.82184375665232], [-73.95820019354012, 40.82228313691829], [-73.95793904909121, 40.822774353547466], [-73.95822838183035, 40.822887867101066], [-73.95814312769203, 40.823020722271615], [-73.95955575493863, 40.823693797768954], [-73.95725896977147, 40.82711730987327], [-73.95694866420469, 40.82700055393517], [-73.9563178451031, 40.827944215388754], [-73.95503912978396, 40.82741343191204], [-73.954697366195, 40.82791838551438], [-73.95454188062128, 40.8278614763657], [-73.95119183012206, 40.832639151280034], [-73.95095307083005, 40.83328357982997], [-73.95028481740769, 40.83425728558524], [-73.94996243957746, 40.83443703067702], [-73.94957431780912, 40.83441936191872]]]}, "properties": {"geo_id": "109", "name": "MN 09", "borough": "Manhattan", "area_km2": 3.8922}}, {"type": "Feature", "id": 7, "geometry": {"type": "Polygon", "coordinates": [[[-74.03231084300101, 40.64403921448056], [-74.0260978912957, 40.640270020325566], [-74.02572377067463, 40.64063051910817], [-74.0235493915473, 40.63932033369248], [-74.02331683024384, 40.639797781725036], [-74.02310593208485, 40.63999532592702], [-74.02297009390854, 40.63993460447871], [-74.02159810794657, 40.63908649537246], [-74.02101610031087, 40.638189603184756], [-74.01971293794588, 40.63723148291321], [-74.00988835427822, 40.63431069104082], [-73.99718175275436, 40.62671015583646], [-74.01701910154738, 40.60765441697132], [-74.01549855009637, 40.60684152427709], [-74.0194276088975, 40.60287157834816], [-74.0210166299113, 40.60355555315983], [-74.03005146547684, 40.604759173812155], [-74.03213159551292, 40.60590183576185], [-74.03427280539475, 40.60771747873311], [-74.03495830824764, 40.60865948912028], [-74.03603977777915, 40.60929563900205], [-74.0368612350558, 40.61112799809598], [-74.03902502184346, 40.613158975948416], [-74.0398880374241, 40.61434977869249], [-74.04047612021486, 40.615625263161675], [-74.04137522891591, 40.61999355296541], [-74.04161740773569, 40.62056271404332], [-74.04188766361109, 40.62441889293938], [-74.04103311915418, 40.63028243968916], [-74.03680662048852, 40.638984221545684], [-74.03876297920756, 40.63958825898071], [-74.03868804690734, 40.639738256029766], [-74.03672484374883, 40.63914119020688], [-74.0357127615073, 40.640640154046686], [-74.03673986629568, 40.64147636545892], [-74.03670307869112, 40.64168561937159], [-74.03407329294261, 40.644313932964096], [-74.03287507230115, 40.643583315387204], [-74.03264128960302, 40.64378731294187], [-74.03229711356379, 40.643581313015154], [-74.03254173795645, 40.64382548435212], [-74.03231084300101, 40.64403921448056]]]}, "properties": {"geo_id": "310", "name": "BK 10", "borough": "Brooklyn", "area_km2": 10.3442}}, {"type": "Feature", "id": 8, "geometry": {"type": "Polygon", "coordinates": [[[-73.93445239397371, 40.83598096015007], [-73.93479886410138, 40.836110116262354], [-73.9349627411069, 40.83575993475003], [-73.93848743202058, 40.832994503677426], [-73.93990123909782, 40.83095389496664], [-73.9401413121009, 40.8303719888809], [-73.94941570556861, 40.834358589832966], [-73.94985590482112, 40.834459286866434], [-73.95021218560015, 40.83430311995851], [-73.94954600729373, 40.836604371501984], [-73.94928285089011, 40.836740786563446], [-73.94954210504484, 40.83687963192584], [-73.94856054520527, 40.83956488516188], [-73.94738322154262, 40.84194082580206], [-73.94612416421772, 40.843892496557295], [-73.94617174983877, 40.8453928915808], [-73.94651730200619, 40.845995183901344], [-73.94635078049936, 40.846240331289444], [-73.94682445342686, 40.847134261567405], [-73.94663550012669, 40.84891242505988], [-73.94702782494721, 40.85004183181262], [-73.94692626404864, 40.85052805566855], [-73.9465159021613, 40.85096833908067], [-73.94627501496706, 40.85084097717317], [-73.94620078322082, 40.85103148810554], [-73.94608190501069, 40.85098071488123], [-73.94611744105192, 40.851172582517314], [-73.94565283626454, 40.851211097838814], [-73.94466721178145, 40.85192122600692], [-73.94432518482476, 40.851822576438785], [-73.94419660781348, 40.85201534181603], [-73.94347978545667, 40.8522818824447], [-73.94186996426673, 40.85386773944298], [-73.9402934749712, 40.85664177065778], [-73.93911094164396, 40.858040911225906], [-73.93830957434292, 40.859380523608294], [-73.9375294417256, 40.8600966412822], [-73.93647561664848, 40.86192659167348], [-73.93401664426698, 40.86503554829179], [-73.93395001711579, 40.86534674621003], [-73.93266332721463, 40.86723706643717], [-73.93290171891769, 40.86729304389986], [-73.93283958205063, 40.86741527691158], [-73.93259794852806, 40.86731134967057], [-73.93242538215391, 40.867568247921255], [-73.93226769826255, 40.86856231897257], [-73.93249214298633, 40.86867751915986], [-73.93265083512807, 40.86846503348205], [-73.93252354560038, 40.8687220783591], [-73.93225031755, 40.86863950887025], [-73.9323138544823, 40.86892372034389], [-73.93256795169879, 40.86904439147401], [-73.93218903826079, 40.86936697638926], [-73.93246883069908, 40.86947609938716], [-73.93235370807277, 40.86975525529677], [-73.93235934466003, 40.869507363219554], [-73.9321333660305, 40.869415975441186], [-73.93205908286346, 40.86958281688688], [-73.93220600531866, 40.87009644510462], [-73.9319137713681, 40.871129493722904], [-73.931062541996, 40.8726668065289], [-73.9290134580979, 40.8757386600903], [-73.9281462360357, 40.87652252894412], [-73.92753082127489, 40.87671053481318], [-73.92648185718438, 40.87761820301805], [-73.92629680992586, 40.877565027875846], [-73.92644013585625, 40.87721840440725], [-73.92619292255573, 40.87706441938846], [-73.92555292243381, 40.877102589301224], [-73.92508215701338, 40.877397610615745], [-73.9245703699118, 40.877428912633476], [-73.92329476733984, 40.8772644349574], [-73.92239768169317, 40.87678022314138], [-73.92244468218188, 40.87569183555923], [-73.9226680398672, 40.874981990958275], [-73.92257636819033, 40.87429518242033], [-73.92208320142349, 40.87358380809598], [-73.92111741577973, 40.8730334551864], [-73.92029230572714, 40.87309841662276], [-73.91979301672416, 40.873606512158005], [-73.92062699165687, 40.87423481112893], [-73.92080255630357, 40.874194058866856], [-73.92070010598985, 40.8743919336096], [-73.92118186508976, 40.875137840850826], [-73.92080609644063, 40.875477492470296], [-73.91887525897245, 40.87467899639279], [-73.91927438318044, 40.8736518804022], [-73.91892851230503, 40.87331651021589], [-73.91849995662199, 40.87319171560401], [-73.91839722808336, 40.873231811631086], [-73.91859729866316, 40.87349549732527], [-73.9179290291799, 40.873978893205205], [-73.9175772988473, 40.874548678547384], [-73.91787144917505, 40.87390499528883], [-73.91750587170966, 40.874168811454595], [-73.91643573932143, 40.87450969873354], [-73.91522402146056, 40.8744866218683], [-73.91261073308553, 40.87375731612324], [-73.91142596184433, 40.87318176665259], [-73.91064877277744, 40.87229624896337], [-73.91043363570449, 40.87138081638443], [-73.91072355879896, 40.8709488361422], [-73.91092491224234, 40.8694365913543], [-73.91147448899112, 40.869454757638515], [-73.91103057950258, 40.86915540299616], [-73.91112890881764, 40.86892004366418], [-73.91132817758825, 40.86880243953597], [-73.91184774646815, 40.86767252047266], [-73.9127317391952, 40.86660521271149], [-73.91254775130282, 40.86651494300449], [-73.9139186313324, 40.86474558440378], [-73.91492387927869, 40.864580378919314], [-73.9145403762602, 40.86441235162355], [-73.91441113392682, 40.86417362687317], [-73.91508583854333, 40.86444814341747], [-73.9158991164586, 40.864308037582674], [-73.9158714806572, 40.86412909053321], [-73.91519574800158, 40.863945224233476], [-73.91517556429707, 40.86368043375111], [-73.91547682444254, 40.863346107296934], [-73.91538673051143, 40.863084384200874], [-73.91729467741682, 40.861679418230814], [-73.91843439251785, 40.86022153339545], [-73.91839311217645, 40.86008046942209], [-73.91877796600097, 40.85954675081412], [-73.91950213660927, 40.85879113379065], [-73.92047868273164, 40.85910409209902], [-73.92127091296314, 40.86018804281688], [-73.92159014848228, 40.860072800027055], [-73.92186633783712, 40.859181339647385], [-73.92130672674394, 40.858899312866015], [-73.92107155243096, 40.85855344452836], [-73.9210876764655, 40.8582998412482], [-73.92091459857728, 40.85821896714043], [-73.92114396589061, 40.85755122405781], [-73.9215555046349, 40.85732175059643], [-73.92155857155751, 40.85708883062931], [-73.92237695742354, 40.856583569625016], [-73.92234459374129, 40.85568233581504], [-73.92169841904696, 40.85667230185513], [-73.92151894059089, 40.85660117062337], [-73.9244406513995, 40.85284047270458], [-73.92971850477589, 40.84523177776136], [-73.93089465201425, 40.842538340142085], [-73.93445239397371, 40.83598096015007]]]}, "properties": {"geo_id": "112", "name": "MN 12", "borough": "Manhattan", "area_km2": 7.2431}}, {"type": "Feature", "id": 9, "geometry": {"type": "Polygon", "coordinates": [[[-73.89663333863315, 40.911417374846465], [-73.89635786037731, 40.90320013158458], [-73.89715717165433, 40.89937182667741], [-73.89643170717076, 40.89365527992699], [-73.89675790074938, 40.892645443571865], [-73.89978252141954, 40.88652912350817], [-73.88758612608837, 40.884255619663165], [-73.88705142602338, 40.8843495758468], [-73.88706962783775, 40.88247689606632], [-73.88836487605003, 40.882267541862035], [-73.88997537554076, 40.880233131422344], [-73.8914069633233, 40.87896944624657], [-73.89778962270478, 40.87085664339871], [-73.8993385117239, 40.869228028104935], [-73.89996575648385, 40.868017301510505], [-73.90235804780234, 40.86869612095305], [-73.90374975893964, 40.869595627140264], [-73.90448860489711, 40.870578548547854], [-73.90446901453096, 40.872415520678814], [-73.90571425362508, 40.87313832210195], [-73.908555795888, 40.8737754439231], [-73.90973487229863, 40.8746381440672], [-73.91065439249631, 40.87397594306073], [-73.9116714625678, 40.8744878615543], [-73.91572006383268, 40.87570943591516], [-73.91726028337294, 40.87580900358074], [-73.91775669395919, 40.87566362786087], [-73.91978381299002, 40.87642143660915], [-73.92206723651886, 40.878572414803116], [-73.92273788287528, 40.87890544542808], [-73.92359172553134, 40.878952159332854], [-73.92363695289222, 40.87881535593227], [-73.92362973950414, 40.87896394324346], [-73.92451795851036, 40.879058659562084], [-73.92490327473082, 40.87888836785333], [-73.92380525605498, 40.88032490163623], [-73.9203928019909, 40.88764850022706], [-73.91781783790027, 40.89441642556813], [-73.91789963124658, 40.894669009537004], [-73.91763488207488, 40.89494190535236], [-73.91694161078402, 40.89664455170254], [-73.91518455871676, 40.90158428286234], [-73.91543172958428, 40.90181268368851], [-73.91501449586045, 40.90308129910659], [-73.91459039243315, 40.904119002196545], [-73.91418543529882, 40.904140390968834], [-73.9128685787661, 40.907535475893596], [-73.91311022264122, 40.90784583394495], [-73.91264932172878, 40.90807081195554], [-73.91149190703744, 40.91223376931219], [-73.91143213027848, 40.91282382621984], [-73.9116547240221, 40.913417851896895], [-73.9111079047459, 40.914364577888186], [-73.91071204477049, 40.91465916116142], [-73.91033256782728, 40.91553277650231], [-73.90245663938693, 40.91295893342558], [-73.90060386058526, 40.91260726589942], [-73.89663333863315, 40.911417374846465]]]}, "properties": {"geo_id": "208", "name": "BX 08", "borough": "Bronx", "area_km2": 8.5542}}, {"type": "Feature", "id": 10, "geometry": {"type": "Polygon", "coordinates": [[[-74.00196938592104, 40.69184320882024], [-74.0017436211104, 40.692406749705704], [-74.00179431981024, 40.69218477678905], [-74.00077305722617, 40.69189575732643], [-74.00062303530208, 40.69204149066767], [-73.99236367043248, 40.68969012377716], [-73.99392929615871, 40.686452871649244], [-73.98912840728988, 40.68458945307363], [-73.98871156032757, 40.68522461847978], [-73.98656303359623, 40.68438875563924], [-73.98699520009424, 40.68376501032037], [-73.98479805243343, 40.68290922903039], [-73.98437410797816, 40.683542454872025], [-73.98241638197133, 40.682780566098856], [-73.9828543607517, 40.68214896346191], [-73.98046155443667, 40.681222546757006], [-73.9787602246292, 40.68376544448331], [-73.97656872289868, 40.68282705904318], [-73.97395601638297, 40.68226973238774], [-73.97439144135481, 40.68104617024671], [-73.97397757588926, 40.68098327596868], [-73.97410448721824, 40.680649672444055], [-73.97514316722851, 40.68087190530678], [-73.97104919104332, 40.675237112802854], [-73.97141233296492, 40.67460057951783], [-73.97143919475185, 40.67370450697068], [-73.97087894439643, 40.672713174847274], [-73.97040734461683, 40.67264721942837], [-73.97181594654776, 40.67062947530539], [-73.97965353410329, 40.66124323373114], [-73.98017161103716, 40.66115465847807], [-73.99640281104523, 40.669008413751186], [-73.99684490483776, 40.66903132477127], [-73.99861887970057, 40.67183017256491], [-73.9993110109892, 40.67077263904692], [-74.00030337808879, 40.66871689249724], [-74.0010566411318, 40.668945681717474], [-74.00141527103162, 40.66835941434724], [-74.00221506816538, 40.66857863744141], [-74.00289483876944, 40.66734846594961], [-74.00319075274841, 40.66726319981512], [-74.00369462000522, 40.667427611208595], [-74.00363026351536, 40.66756752335669], [-74.00510227346261, 40.66797564772838], [-74.0058636618068, 40.66799376258587], [-74.00688040901227, 40.66602467693854], [-74.00696582558336, 40.666097905470785], [-74.00475388692328, 40.670721359447796], [-74.00543926529352, 40.670921468238674], [-74.00754821618384, 40.66705174573376], [-74.00779653349619, 40.66715977077744], [-74.00708724287807, 40.66859135803337], [-74.00985411855622, 40.66852362833563], [-74.01154017543327, 40.66508591975687], [-74.01574872882654, 40.664568336291815], [-74.01690267361082, 40.66484660284165], [-74.0178871914939, 40.66585046628554], [-74.01857605010876, 40.67039241387013], [-74.01876336878675, 40.671075874494576], [-74.01933946871777, 40.671624948422796], [-74.01888283363327, 40.6716016662056], [-74.01751037086694, 40.67103453098434], [-74.01668768368869, 40.66543706676711], [-74.01648665554497, 40.664930508953994], [-74.01602551776006, 40.66486304878832], [-74.0159369853455, 40.66547079172169], [-74.01227967872792, 40.66573241415908], [-74.01087664028975, 40.668601615763706], [-74.0103568366731, 40.66864283538869], [-74.01033845947936, 40.6690781954482], [-74.01091024340414, 40.66919049236966], [-74.01087343978188, 40.66971011555861], [-74.01154288031563, 40.66978434275053], [-74.01162527521356, 40.67058102827607], [-74.01424926931875, 40.66972860473736], [-74.0117535050969, 40.67065775707597], [-74.01207831743129, 40.67093361503217], [-74.01261963416778, 40.67084190894061], [-74.01355198671438, 40.67125693437729], [-74.01393626689661, 40.671179076872185], [-74.01427407257722, 40.67137929867941], [-74.01508006471083, 40.67068567379825], [-74.0151998057007, 40.67075402766455], [-74.01387273763245, 40.671880761760626], [-74.01423289452782, 40.672130000513256], [-74.01559644489554, 40.670970477517535], [-74.01568625497515, 40.671038834929035], [-74.01297587792189, 40.673327918721135], [-74.01336378218144, 40.673591536934595], [-74.01511918663962, 40.67215699596933], [-74.01632099922307, 40.67290826956389], [-74.01457946720949, 40.674414017071776], [-74.01496392184575, 40.67467763029443], [-74.01816839280795, 40.6719392411039], [-74.0188009477692, 40.67225076484888], [-74.01727138470127, 40.673608645805764], [-74.01775247096367, 40.67404772289269], [-74.01801077320536, 40.67391318105255], [-74.01780187203198, 40.67409544141262], [-74.01817618274666, 40.67446417753949], [-74.01783447572687, 40.675258223014445], [-74.01829802655334, 40.675459179181594], [-74.01841235821725, 40.67536544943177], [-74.01817070905504, 40.675290905663445], [-74.01838692796325, 40.67509684652105], [-74.01852163355447, 40.67526871258786], [-74.0188851177562, 40.67508776516813], [-74.0184103133308, 40.6755190609859], [-74.01850392106729, 40.675837385971185], [-74.01801753445856, 40.67588437755789], [-74.0179196877776, 40.676514764887266], [-74.01976925613235, 40.676613224917496], [-74.01995197864672, 40.67710301045022], [-74.01908257386326, 40.67713956404772], [-74.01917743946899, 40.67782694900719], [-74.01843040661606, 40.677908321362466], [-74.01841103183169, 40.67840712178119], [-74.01966200306937, 40.678385638959135], [-74.01827026139368, 40.67855421845979], [-74.01857882788785, 40.6789830794726], [-74.01954011560478, 40.67896820628963], [-74.01928128102026, 40.679648140595596], [-74.01772532572437, 40.6806619026738], [-74.01746928837112, 40.680614731701105], [-74.0152008227914, 40.68197941993083], [-74.01532059864759, 40.68211072878072], [-74.01282000398867, 40.68362241649749], [-74.01213481688791, 40.68290592802533], [-74.01410549647974, 40.6817125193757], [-74.01360863270277, 40.68122194672836], [-74.01387398777986, 40.68100981331911], [-74.013018354221, 40.68041237401454], [-74.00967108558879, 40.6832687277152], [-74.01077312339376, 40.68435861554113], [-74.0117827220121, 40.68375999549946], [-74.01217596614644, 40.684095186131245], [-74.00835446532174, 40.68640020025087], [-74.00816414527883, 40.68617471716172], [-74.00701988682658, 40.686526417696875], [-74.00588224183227, 40.68619576839124], [-74.00562986330395, 40.686784206043804], [-74.00783293766679, 40.687385055162935], [-74.00742012154092, 40.6882062904361], [-74.00500373315074, 40.68760598540106], [-74.00459270521766, 40.68821522298681], [-74.00678438439806, 40.688826879958455], [-74.00636461225267, 40.68966966913975], [-74.0038203885371, 40.68892964469954], [-74.00340921558495, 40.68961326116032], [-74.00575900670344, 40.69023640001643], [-74.0053420962491, 40.69109160297808], [-74.00196321926838, 40.690136379460924], [-74.00185304524616, 40.69038798724462], [-74.0009615685494, 40.6901287683503], [-74.00069905841875, 40.690611858419274], [-74.00479415294552, 40.69176162037463], [-74.00440941259978, 40.69252880089208], [-74.00196938592104, 40.69184320882024]]]}, "properties": {"geo_id": "306", "name": "BK 06", "borough": "Brooklyn", "area_km2": 7.9434}}, {"type": "Feature", "id": 11, "geometry": {"type": "Polygon", "coordinates": [[[-73.97399319461375, 40.6140298942427], [-73.97217742800865, 40.604194711537545], [-73.9732398353256, 40.596978818056996], [-73.9850613649743, 40.59567091881957], [-73.98520027304848, 40.596398126116625], [-73.99153934444449, 40.590390903081484], [-73.99330854966949, 40.58958389858062], [-73.99421554608301, 40.58886853098554], [-73.99795639739288, 40.58726950636582], [-73.99487677695369, 40.58877174667533], [-73.99534737661217, 40.58933138044016], [-74.00011449538404, 40.586951640902775], [-74.00010886019504, 40.58656072909692], [-74.00031734303268, 40.58645333502345], [-74.00048912001928, 40.58704285512419], [-74.00038207115722, 40.58713305734965], [-73.99788311251038, 40.58834343792298], [-73.99867293375561, 40.58919554943726], [-73.99923690396959, 40.58893532826925], [-73.99946446811074, 40.58923326938089], [-73.9983783488211, 40.589770445088746], [-73.99883618014573, 40.58962548954246], [-73.99844387079492, 40.58986039917769], [-73.99877800589586, 40.590314355844654], [-73.99844325936868, 40.59024010549462], [-73.99775972701362, 40.590952469613946], [-73.99711168571537, 40.59127797744395], [-73.99718982747926, 40.591606180953484], [-73.99806438267684, 40.591209464731676], [-73.99812869461266, 40.591288664258144], [-73.99728269703786, 40.59171481486826], [-73.99754851058402, 40.59191757867318], [-73.99946271244364, 40.59110320712731], [-73.99998735001267, 40.59117294567664], [-74.00023075280212, 40.591478489775135], [-73.99903131441657, 40.59231280344775], [-73.99948304872375, 40.59296919989778], [-73.99838831083619, 40.59353139160648], [-73.99853410978703, 40.59359234790056], [-74.00109596784155, 40.59251870899915], [-74.0026899407225, 40.594953530958804], [-74.00391170832711, 40.5962772194579], [-74.00557303710914, 40.597568612318376], [-74.0092172390491, 40.599844045152544], [-74.01299887033375, 40.60155920754673], [-74.01608648582227, 40.60233450911749], [-74.01759077960645, 40.6025030189925], [-74.01832347216852, 40.60241765113063], [-74.0191356390289, 40.60261275450514], [-74.0194276088975, 40.60287157834816], [-74.01549855009637, 40.60684152427709], [-74.01701910154738, 40.60765441697132], [-73.99718175275436, 40.62671015583646], [-73.99585979173715, 40.62600184089762], [-73.9947348567926, 40.62561474110618], [-73.97497264598458, 40.61366811017186], [-73.97489295756635, 40.61318636891679], [-73.97399319461375, 40.6140298942427]]]}, "properties": {"geo_id": "311", "name": "BK 11", "borough": "Brooklyn", "area_km2": 9.5884}}, {"type": "Feature", "id": 12, "geometry": {"type": "Polygon", "coordinates": [[[-73.92956858309299, 40.59682026492001], [-73.91805568585306, 40.58643654567648], [-73.91917204255653, 40.585955087874495], [-73.91960004700488, 40.58616493297184], [-73.92017117347488, 40.58593990878516], [-73.92040498231103, 40.58608977964587], [-73.92081091615161, 40.58598413713921], [-73.9206698086596, 40.58577362651982], [-73.92089145806845, 40.585903061803215], [-73.92090603836387, 40.58559058153379], [-73.92101218266103, 40.58575359585841], [-73.9218995512202, 40.585693175673676], [-73.92184819107773, 40.58583842143657], [-73.92211851289862, 40.585810514153216], [-73.92235337377299, 40.58602393656254], [-73.92296409826362, 40.58589445706395], [-73.92353515890872, 40.58597772387233], [-73.92389501884087, 40.585800713812496], [-73.92404262147112, 40.58589971834494], [-73.92402182009504, 40.58577353533232], [-73.92462665352703, 40.58563307595515], [-73.92520361514248, 40.58580627115561], [-73.92543995495855, 40.58618236665062], [-73.9271278583307, 40.58754022531694], [-73.92696733834302, 40.587353795865894], [-73.92718761078173, 40.58755950378054], [-73.92720774188903, 40.587722759186924], [-73.92766228678137, 40.58747011271585], [-73.9272493769958, 40.587749691781305], [-73.92735680928894, 40.588022176276354], [-73.92794598351077, 40.587658820507826], [-73.9279162574111, 40.5875487358896], [-73.92807906817859, 40.58770246052338], [-73.92736935753538, 40.58804459880316], [-73.9274045224574, 40.588206445197876], [-73.9279017574099, 40.58795340928011], [-73.92802185276423, 40.58806875635107], [-73.92792318048316, 40.587996187276985], [-73.92745467790994, 40.58829956407424], [-73.92776143639114, 40.58866060975899], [-73.92395294850094, 40.59113985052524], [-73.9241996339266, 40.591364280188884], [-73.92460129938564, 40.59119932500333], [-73.92815905123096, 40.58882524959019], [-73.92836271266806, 40.588969016092044], [-73.92841885809032, 40.58893403509833], [-73.92821616994858, 40.58878391290409], [-73.92835866230412, 40.58886543132917], [-73.92863061415636, 40.58857263642084], [-73.92875761553675, 40.58867429700595], [-73.92837745971516, 40.588981323616224], [-73.92862026499199, 40.589120436296376], [-73.92895102993232, 40.58890964240971], [-73.92866593842902, 40.58914326406668], [-73.92921964005188, 40.58881334544413], [-73.92924314818038, 40.58895069162151], [-73.92875703499419, 40.589152966925184], [-73.93003427450552, 40.5894259965009], [-73.93057705718256, 40.589890641203354], [-73.93010325988766, 40.5896061050716], [-73.93037543247335, 40.589940459710604], [-73.93029788091675, 40.59003516763017], [-73.93058940447365, 40.58995259113271], [-73.93062849364426, 40.59025299033795], [-73.93046768917102, 40.5900613730908], [-73.9305288833326, 40.59030798867771], [-73.93065213846435, 40.59029097949247], [-73.93067434421391, 40.59059072131573], [-73.93052507228651, 40.590333113429985], [-73.93047151959617, 40.59085578498102], [-73.93062344246579, 40.59091869427636], [-73.93064749948576, 40.59061968367199], [-73.93064106700575, 40.59094456641954], [-73.93046013661879, 40.5910012190211], [-73.93069641658052, 40.59101854140038], [-73.93044960172925, 40.59107969192933], [-73.93072578729826, 40.59108986026531], [-73.93037197719026, 40.59121140087609], [-73.93060444306958, 40.591186176221164], [-73.93060066906233, 40.591484582041865], [-73.93057495301017, 40.59122973161414], [-73.9304653676582, 40.5912734075963], [-73.93040541662207, 40.59173094214314], [-73.93060580656588, 40.59154136250863], [-73.93045091922711, 40.59224503726199], [-73.9303990560214, 40.59175559642919], [-73.930364436033, 40.592480093513736], [-73.93036221568062, 40.59231177060923], [-73.93017616634198, 40.59240622097059], [-73.93035364458575, 40.5925549502942], [-73.9302651092732, 40.592619404933124], [-73.93018970658281, 40.59245411828898], [-73.93002301026205, 40.592683046384984], [-73.93021251489367, 40.592678370292624], [-73.92991250156446, 40.59285339487319], [-73.93009899324113, 40.592872440452496], [-73.93005244539405, 40.593000243520926], [-73.92989066964314, 40.59287079187085], [-73.92971282036602, 40.59312004824824], [-73.93004238419589, 40.59306087931824], [-73.92995591909573, 40.5933085723268], [-73.9299759362929, 40.593173815413635], [-73.92974147322654, 40.59314392244574], [-73.92982317336796, 40.59337269610159], [-73.93003922396669, 40.593348430884], [-73.92978081742058, 40.59343674147179], [-73.92996116581374, 40.594005710816866], [-73.93021519470315, 40.59397294418471], [-73.93008159453139, 40.593595462871434], [-73.93022756280041, 40.59393062089705], [-73.93052488661871, 40.59388024070099], [-73.93035968941534, 40.593975941324175], [-73.9305467907066, 40.594199304588315], [-73.9302993440439, 40.59393805451043], [-73.93004011947694, 40.59410488733062], [-73.93043246129612, 40.594402674950075], [-73.93076122839564, 40.59438190052098], [-73.9306230568456, 40.59420449766007], [-73.93083446436536, 40.594413571304386], [-73.93066303510112, 40.59446395093302], [-73.93083206587451, 40.59443065566938], [-73.93093516114608, 40.594459949861175], [-73.93122055938909, 40.59418331726291], [-73.9313251214607, 40.59427625619019], [-73.93095463426401, 40.59446594520637], [-73.9313668482681, 40.59452917209466], [-73.93176387399963, 40.594284099265614], [-73.93161313737215, 40.594503518414555], [-73.93136806343372, 40.594546450784875], [-73.93084626727283, 40.594451525297366], [-73.93078131379619, 40.59449895527697], [-73.93193364983979, 40.59469240430254], [-73.93230826395404, 40.59491634048729], [-73.93256343839334, 40.59476347229718], [-73.93247702888684, 40.59491609667613], [-73.93267147327013, 40.59491175381685], [-73.9328265485289, 40.59480374496932], [-73.9326765397575, 40.59423641796777], [-73.93175890743086, 40.59283010489938], [-73.9317109079429, 40.59305030052069], [-73.93153495293326, 40.5926928305191], [-73.93174087511983, 40.59279439369458], [-73.93143675613805, 40.59216713451828], [-73.93113956057566, 40.59200892874766], [-73.93139997986388, 40.59180489056233], [-73.9310098934316, 40.59193104248112], [-73.93099465973228, 40.59181819898627], [-73.93135300954737, 40.59179119396206], [-73.93142565439746, 40.59160418414756], [-73.93104847875684, 40.591726290866156], [-73.9310760222574, 40.59159759276834], [-73.93123057043024, 40.591641983133215], [-73.93130541636037, 40.591360358668496], [-73.9312459249482, 40.59163697699603], [-73.93142252650108, 40.591588570390705], [-73.93154334667179, 40.59135047118321], [-73.9314665489463, 40.59139890185916], [-73.93143272420818, 40.591239241308145], [-73.93155939441567, 40.59129296457354], [-73.93121294858955, 40.58953130811946], [-73.93068568059813, 40.58882195422698], [-73.93009138279221, 40.58898886237912], [-73.93065021927525, 40.588669869770904], [-73.9303996759751, 40.58846552041546], [-73.92972846380187, 40.58861391582993], [-73.93038545256267, 40.588441616079045], [-73.92972232646733, 40.587560082903984], [-73.93134917824065, 40.58732816722968], [-73.93118073044306, 40.58679873371359], [-73.92857393936468, 40.58706150237159], [-73.92808232971589, 40.586697693937815], [-73.92814969379519, 40.58617810776312], [-73.92791933785848, 40.58613580604631], [-73.92827672497616, 40.58610694357027], [-73.92815700695617, 40.585864523066256], [-73.9277431115315, 40.58605006520952], [-73.92736955785888, 40.58600658531652], [-73.927586418299, 40.586254135332524], [-73.92751621995613, 40.58639826671562], [-73.92730433823881, 40.58586592842007], [-73.9263804188107, 40.585295756347925], [-73.92654820963327, 40.585575315387786], [-73.92549354358309, 40.585019292003345], [-73.9263454207472, 40.58527615475333], [-73.9253052755718, 40.584641788591355], [-73.92455343860499, 40.584611818712396], [-73.92344966315008, 40.58481785396557], [-73.92101255547504, 40.58457501861245], [-73.92019563053438, 40.58463453736744], [-73.91884177539342, 40.58504311629129], [-73.91879590737993, 40.585223868594994], [-73.91842222499416, 40.585371996779074], [-73.91824686100648, 40.585423445238405], [-73.91824028513473, 40.585316704032316], [-73.91706982693728, 40.585736982111236], [-73.9157540475484, 40.58442326811683], [-73.91833224560264, 40.58390197513638], [-73.92116162477929, 40.58370900240777], [-73.92998341732851, 40.584233435272736], [-73.92963248074902, 40.58339880862565], [-73.93059667221604, 40.58319682778294], [-73.93088770576708, 40.58294077620335], [-73.93074069433477, 40.582758947695346], [-73.93117951233121, 40.582715712356716], [-73.93171422041416, 40.582811778842526], [-73.93194431270395, 40.58310892942509], [-73.93192811186756, 40.582869768935446], [-73.93237695742826, 40.5829185099783], [-73.93201379961101, 40.58292598224766], [-73.93201839411536, 40.58311112461873], [-73.93259877057645, 40.582919267412116], [-73.93349145637734, 40.58305871726045], [-73.93420971486967, 40.58297979889361], [-73.93437970143313, 40.58313903367386], [-73.93455992902898, 40.58316541362909], [-73.93456057101983, 40.583020173832445], [-73.93569071639767, 40.583275093189314], [-73.93567353145987, 40.58301942441272], [-73.93582439275778, 40.58302111555223], [-73.93576657211088, 40.58327750984988], [-73.93613233590128, 40.5833144745387], [-73.93628723189404, 40.583000903558506], [-73.9360966869136, 40.582948745833065], [-73.93656607029148, 40.582957648786625], [-73.93630031206764, 40.58300295567567], [-73.93631716129535, 40.5831790512013], [-73.93657592440783, 40.583240505590155], [-73.93697427463762, 40.58323032641149], [-73.93698767831037, 40.58301627267399], [-73.93663307422459, 40.582972212406844], [-73.93705921677471, 40.58297798232031], [-73.93705290451031, 40.58308469947822], [-73.93763269743296, 40.58309626828426], [-73.93702675588725, 40.58312587259952], [-73.93700558408266, 40.58301601947157], [-73.93701481021189, 40.58323327236416], [-73.9371245979845, 40.5833467301644], [-73.93811917695093, 40.583340478995325], [-73.9380942062777, 40.58311681071716], [-73.93855276236508, 40.58333798499146], [-73.93847712885872, 40.58317789727135], [-73.93866846657744, 40.583164428175216], [-73.93862755765117, 40.583067021797646], [-73.93929640384748, 40.58316726873515], [-73.93930153084891, 40.58333321505465], [-73.9398253885057, 40.583331446250675], [-73.93982883984624, 40.58317053569237], [-73.93985851576804, 40.583331334095625], [-73.94057745828908, 40.583328225573666], [-73.94056608947726, 40.583087368810865], [-73.94010903682926, 40.58307506918445], [-73.94067657802275, 40.583065805567514], [-73.94058872809889, 40.583206947959205], [-73.94070019514754, 40.58332762473228], [-73.94091645490738, 40.583302406531494], [-73.94089710477415, 40.58308760707996], [-73.9407384060463, 40.58307561281773], [-73.94102517918685, 40.58307036190638], [-73.94093422085356, 40.58330230643689], [-73.94115699675488, 40.58329922746826], [-73.94109844565489, 40.58309477669994], [-73.94120155728886, 40.583090465205174], [-73.94120929823985, 40.583298504883224], [-73.94144050857204, 40.58334014747636], [-73.94157408083575, 40.58360755593956], [-73.94255133565295, 40.58351447617102], [-73.94202033352751, 40.583110423782635], [-73.94270167762981, 40.58350879761415], [-73.94304709646005, 40.58349212946443], [-73.94256316190977, 40.58312734751663], [-73.94319506158025, 40.58348966263344], [-73.94354467530924, 40.583471014361265], [-73.94309334781462, 40.583134545214584], [-73.94369153004571, 40.583467754266145], [-73.94406764167105, 40.583472009110565], [-73.94363589795744, 40.583145573909725], [-73.94423403587136, 40.583479951646716], [-73.94461828666236, 40.583496626087864], [-73.94417458523766, 40.58315829121842], [-73.94432059818078, 40.58315942487781], [-73.94477544081295, 40.58350780441], [-73.94517477781615, 40.583521378244384], [-73.94471270964229, 40.583165044530475], [-73.94484512940873, 40.5831642348437], [-73.94534992503475, 40.58352905211058], [-73.94573014930431, 40.58354487506151], [-73.94526670124625, 40.58318251856744], [-73.9453760523788, 40.58318193165069], [-73.94589911888089, 40.5835526626104], [-73.94628634691914, 40.583568685205535], [-73.94579941258891, 40.58319464023046], [-73.9464342905935, 40.5835631525926], [-73.94678945068779, 40.58355046761432], [-73.94631603648713, 40.583206940713445], [-73.94691796276105, 40.583546033249895], [-73.94726832705268, 40.58353318207207], [-73.94682202947196, 40.583191191871244], [-73.94746867861319, 40.58352819536258], [-73.9534932204868, 40.58298819826116], [-73.95330135995677, 40.582002749633666], [-73.94969672499398, 40.58231940106685], [-73.94274062592515, 40.58099558955944], [-73.9338128066391, 40.58113292574223], [-73.9351340770489, 40.58118378955792], [-73.93510879115189, 40.58130381702117], [-73.93340042885238, 40.58121538886942], [-73.93375801356125, 40.581132041606025], [-73.93300348916414, 40.581144675417356], [-73.93297161890682, 40.58128363007498], [-73.93290958744818, 40.581145767361285], [-73.93287295022404, 40.58128600047336], [-73.93280636427467, 40.58114741868665], [-73.93258006568037, 40.58126474120362], [-73.93106288335703, 40.57616310022092], [-73.93150256744059, 40.57566050512696], [-73.9348609283043, 40.57552779666835], [-73.9348935645524, 40.575221645997814], [-73.93507861830436, 40.57550946601038], [-73.93647107586591, 40.575860496356555], [-73.9367075253733, 40.57541842720058], [-73.93683116226046, 40.57556001684304], [-73.94250907828427, 40.57537355453194], [-73.94255712254062, 40.5755643312738], [-73.94427911427945, 40.575800511721766], [-73.94463319129606, 40.575691196747286], [-73.94460054017095, 40.57523546944982], [-73.94474441660772, 40.5755137279401], [-73.94572352013327, 40.575559439737845], [-73.94618237593534, 40.57529883619631], [-73.94592390235839, 40.57511543230958], [-73.95210772663668, 40.574383665963765], [-73.9525777542962, 40.57420412401004], [-73.95399423405081, 40.574266317041975], [-73.95408333451817, 40.57407327218374], [-73.95428546787073, 40.57573133701873], [-73.95365171705345, 40.575823980895706], [-73.95443828602436, 40.57959995942244], [-73.95507111658038, 40.581680175764404], [-73.95494024238494, 40.58196890524089], [-73.95591997720777, 40.58244783282195], [-73.95604146800456, 40.582736254320174], [-73.9564572912573, 40.582658850555354], [-73.9570313424629, 40.583035332919955], [-73.95910958874236, 40.58285667571559], [-73.96004798667482, 40.58326987240679], [-73.96051667238417, 40.589452911647776], [-73.97433591765278, 40.58794151870802], [-73.97419290200388, 40.590106189991204], [-73.98372152615246, 40.595821078217256], [-73.9732398353256, 40.596978818056996], [-73.97217742800865, 40.604194711537545], [-73.97299433938896, 40.60881414180244], [-73.95359888852906, 40.61094986560658], [-73.9516677687291, 40.61131318600034], [-73.95076938075914, 40.61159024476765], [-73.9491197021277, 40.61305321766795], [-73.94482770996294, 40.61604620910957], [-73.94405560932151, 40.61199284173445], [-73.93901246938964, 40.6075994773072], [-73.93904962774812, 40.60743329747624], [-73.93848986685121, 40.60692194350375], [-73.93834708437143, 40.60700045605808], [-73.93789050811033, 40.60658786106367], [-73.93809808341838, 40.60619520968087], [-73.93843493575841, 40.60597386305894], [-73.9342626672588, 40.60223071136715], [-73.93355117153605, 40.60268728082507], [-73.92813139670953, 40.59777792814634], [-73.92956858309299, 40.59682026492001]]]}, "properties": {"geo_id": "315", "name": "BK 15", "borough": "Brooklyn", "area_km2": 12.2306}}, {"type": "Feature", "id": 13, "geometry": {"type": "Polygon", "coordinates": [[[-73.79385527209071, 40.88364331133364], [-73.79416555761429, 40.882993216348815], [-73.80550576743583, 40.88609294918142], [-73.80764139501719, 40.8859532529007], [-73.81140645226488, 40.88663558781384], [-73.81442762126096, 40.88677196467539], [-73.81670778591415, 40.886480950542776], [-73.82408680970886, 40.88450919376743], [-73.82621821113563, 40.88371764356179], [-73.8300717062759, 40.88174710168174], [-73.83137826199348, 40.88079760778804], [-73.83259639754182, 40.8796601253789], [-73.83348231301152, 40.878627801564306], [-73.83404666523903, 40.87757911326279], [-73.83449141949504, 40.87606640729979], [-73.83446892238008, 40.87340913948927], [-73.83394979344433, 40.87132943357722], [-73.83268524802597, 40.86855069304755], [-73.8307142369562, 40.864810602435384], [-73.82812298944327, 40.86118211338874], [-73.82834347431375, 40.86089202667506], [-73.82950892691976, 40.86184121394941], [-73.83089329727784, 40.86221284909311], [-73.83578436657686, 40.86501601149721], [-73.84792614069238, 40.87134223307809], [-73.85363638727009, 40.87330059920912], [-73.85554909160865, 40.87181316756395], [-73.85745013526693, 40.86953252052369], [-73.87053738586192, 40.8696740314124], [-73.87056192524658, 40.87151077845393], [-73.87518850162608, 40.87157575681231], [-73.87255250900328, 40.875175183326085], [-73.87160718695034, 40.876921572510135], [-73.87015318597258, 40.880350827058194], [-73.87083567840234, 40.88045411427941], [-73.87494589755579, 40.879947668792916], [-73.87479240731993, 40.88007512838802], [-73.87470255556498, 40.88155382355682], [-73.8781257522779, 40.88215368497468], [-73.87772817661501, 40.88345419508471], [-73.87760676546273, 40.88452304361992], [-73.87787068112142, 40.887254058345476], [-73.87918941892264, 40.890307032000095], [-73.8802830610948, 40.89231653350366], [-73.8804022789425, 40.89327745433669], [-73.88004213125303, 40.89522228458741], [-73.8771197410579, 40.89546866364373], [-73.87643743065016, 40.89687059345984], [-73.87521979673781, 40.89814776488757], [-73.87392964334813, 40.89895736739404], [-73.87144352987487, 40.899994712775346], [-73.86996153657742, 40.90083373495805], [-73.86847685669703, 40.90207243425918], [-73.86789798628736, 40.902940176905496], [-73.85946778767001, 40.90051720926791], [-73.85907692341044, 40.90100799310083], [-73.8594198409143, 40.90139312451011], [-73.85937696458912, 40.901565217661116], [-73.85902704085981, 40.901444909752854], [-73.85886401316337, 40.901711695049734], [-73.85946389891878, 40.90193387763301], [-73.85957883014503, 40.902440842772364], [-73.85926432475632, 40.902669479895906], [-73.85872824833447, 40.90228897057038], [-73.8581600000485, 40.902305710202945], [-73.85816460299556, 40.9025958605591], [-73.85796932328364, 40.90285090768784], [-73.85755967657641, 40.90291779595881], [-73.85711090546218, 40.90364953269698], [-73.85717176236315, 40.90408206543563], [-73.85699157412978, 40.904584209566785], [-73.85743457618248, 40.90484154370063], [-73.85717766075955, 40.90528654166164], [-73.85665436889019, 40.90505500028076], [-73.85601023323022, 40.90530598362625], [-73.85601160905586, 40.90548208344171], [-73.85650251760595, 40.9055638487968], [-73.85692398180068, 40.90597417011126], [-73.85681013638526, 40.90615582832618], [-73.85580463795947, 40.906264364126756], [-73.85552697672831, 40.90638025145853], [-73.85513792149328, 40.90686688914205], [-73.85423776686882, 40.90703286825461], [-73.85374103564517, 40.907787916734904], [-73.85383360999587, 40.907974349819824], [-73.85471078273405, 40.90800630994236], [-73.85491109673627, 40.90835486983442], [-73.85458940588242, 40.90893949929854], [-73.85360061654038, 40.90960674145017], [-73.85295618487672, 40.91035304418028], [-73.85258474750395, 40.910310617064304], [-73.85266035825852, 40.91001519366013], [-73.85227451682731, 40.90985409964425], [-73.85149242502581, 40.91027164049988], [-73.85144753902804, 40.91044967120215], [-73.85107116183939, 40.91037151971954], [-73.8534752239983, 40.90753029352687], [-73.85092059296586, 40.906616494488915], [-73.85017317552095, 40.907507865651596], [-73.84708032914241, 40.90615673303313], [-73.84481886918768, 40.90552994967396], [-73.84489264975478, 40.90419086679731], [-73.84138689304666, 40.904172741534154], [-73.84077858945814, 40.9016278566926], [-73.83921829466352, 40.89941841669227], [-73.83921317692979, 40.89882519404037], [-73.83966433211826, 40.89788551510591], [-73.83964812813004, 40.89733053534083], [-73.83839199189734, 40.894067008049184], [-73.83804277219701, 40.89414233138703], [-73.83525790570003, 40.89339164405592], [-73.82366848120671, 40.889903740295516], [-73.82252377666882, 40.88942882391685], [-73.8224059322864, 40.88961243422131], [-73.8225529011104, 40.88980640464839], [-73.82313461243871, 40.88976639713155], [-73.82337443102399, 40.8899217624359], [-73.8232946538122, 40.89039231075779], [-73.82347741676232, 40.890642945882306], [-73.82337003996082, 40.890967295878525], [-73.82285335072685, 40.8912068290964], [-73.81827738100286, 40.88984713052864], [-73.79385527209071, 40.88364331133364]]]}, "properties": {"geo_id": "212", "name": "BX 12", "borough": "Bronx", "area_km2": 14.3913}}, {"type": "Feature", "id": 14, "geometry": {"type": "Polygon", "coordinates": [[[-73.96753196699646, 40.681768783617585], [-73.95206345258673, 40.67858633071856], [-73.92182361015792, 40.676938358473116], [-73.92275257220436, 40.66709733296227], [-73.92872204594605, 40.664495569685464], [-73.92834967165896, 40.6686471946909], [-73.95526963654763, 40.67012490485427], [-73.96257123084727, 40.67162224488748], [-73.96274508644052, 40.671788982810774], [-73.9674477366532, 40.672972289183754], [-73.96866306125825, 40.67306544507817], [-73.96894206417275, 40.672887491270544], [-73.96871733138406, 40.673926683599355], [-73.9691281508859, 40.67489999852985], [-73.97008942579359, 40.67550212288615], [-73.9705611137667, 40.675488575618004], [-73.97104919104342, 40.67523711280282], [-73.97514316722851, 40.68087190530678], [-73.97410448721834, 40.680649672444055], [-73.97397757588931, 40.68098327596868], [-73.97439144135481, 40.68104617024671], [-73.97395601638314, 40.68226973238774], [-73.96767828378199, 40.68095545531167], [-73.96753196699646, 40.681768783617585]]]}, "properties": {"geo_id": "308", "name": "BK 08", "borough": "Brooklyn", "area_km2": 4.2372}}, {"type": "Feature", "id": 15, "geometry": {"type": "MultiPolygon", "coordinates": [[[[-73.92191092229572, 40.80150266625372], [-73.9203146552123, 40.799375459290175], [-73.91662985247802, 40.79785813943727], [-73.91545470966419, 40.797063466031155], [-73.91443827233314, 40.79566551786403], [-73.91380428276814, 40.79451184645606], [-73.91378385370594, 40.79383628548226], [-73.91514134426174, 40.79201248249248], [-73.91630574681676, 40.791117480334435], [-73.9161708792398, 40.791014293373934], [-73.91686540584952, 40.79036206296178], [-73.9171062231295, 40.79046861673696], [-73.91856299774986, 40.78969533382608], [-73.91850876959093, 40.78942508976958], [-73.92219098057298, 40.78551067157398], [-73.92285203280153, 40.78355569341784], [-73.92448052280425, 40.78232049064599], [-73.92571808678534, 40.78217655794476], [-73.92732422574863, 40.781090629324446], [-73.92810118987339, 40.780920320042306], [-73.93105352807835, 40.782396594069326], [-73.93502345134512, 40.78300638202899], [-73.93581299798664, 40.783710081035146], [-73.93607064617002, 40.78421721562042], [-73.93571265997697, 40.78568048949272], [-73.93269606086321, 40.78917822366505], [-73.9324014551364, 40.7897202906729], [-73.93224073284911, 40.789694849235076], [-73.93084178739281, 40.79099143000173], [-73.92972400781862, 40.79136617884577], [-73.92807273575714, 40.79082339078063], [-73.92610410186698, 40.790731607117515], [-73.92615942249776, 40.79171538899486], [-73.92656766339974, 40.791858134781954], [-73.9255872987962, 40.79182083090712], [-73.92673798846923, 40.79192842329456], [-73.92636742573487, 40.79166138883773], [-73.92648803030961, 40.79102232430099], [-73.92786889241138, 40.79095483813202], [-73.92789374498597, 40.791091111421096], [-73.9271356372808, 40.79192930660329], [-73.92780141472397, 40.79199747926252], [-73.92826720296209, 40.792328523445775], [-73.9283227160924, 40.79310198914039], [-73.92735332146681, 40.794461894610095], [-73.92693614720181, 40.795497062171485], [-73.9268896782797, 40.79625201136036], [-73.92711806944811, 40.79720386123572], [-73.9271851477837, 40.79734989678042], [-73.92770694127123, 40.797298663379735], [-73.92720299704214, 40.79738674779956], [-73.92743922185319, 40.79771053821618], [-73.92747588603496, 40.7981228996651], [-73.92688261754358, 40.799940768503404], [-73.92669572629504, 40.80014697765521], [-73.92724770789282, 40.800392957369134], [-73.92711464230642, 40.800563756229714], [-73.92716933022487, 40.800405853696326], [-73.92666565480394, 40.80018271403597], [-73.9265535165366, 40.80031517292159], [-73.92674263892997, 40.800403498972955], [-73.92653846390036, 40.800333898308075], [-73.92668470621146, 40.800454757256], [-73.92655241808427, 40.80060482559504], [-73.9268690867946, 40.80078367679943], [-73.92704640297909, 40.800651743031466], [-73.92688606022001, 40.80084064836908], [-73.92650954867304, 40.800657031524715], [-73.92577551811746, 40.801730600996464], [-73.92527521020125, 40.801998522743524], [-73.92263378594897, 40.80186873814122], [-73.92191092229572, 40.80150266625372]]], [[[-73.93380019473047, 40.81834975887414], [-73.93401476726979, 40.814483752624966], [-73.93385652638817, 40.81448147441938], [-73.93392984600194, 40.81334769063394], [-73.93434080971474, 40.80992758274973], [-73.93412073484298, 40.80865645197758], [-73.93356119311481, 40.80760067738683], [-73.93115949987327, 40.804966940262624], [-73.93030876458775, 40.803786015368274], [-73.92920817595964, 40.80114752061144], [-73.9290349024031, 40.801080903852046], [-73.92890152344171, 40.79985521466287], [-73.92903640179625, 40.79676259410144], [-73.92927936741171, 40.79585313952077], [-73.92983254042525, 40.79494906114098], [-73.93019664392897, 40.794593224352425], [-73.93348489644649, 40.792774171332695], [-73.93583106788908, 40.7910947048704], [-73.93708104382303, 40.78936639571015], [-73.93614073314123, 40.78894907341068], [-73.93621859869906, 40.78880049807703], [-73.93714965461105, 40.78916844905963], [-73.93811570089727, 40.78718476275656], [-73.9398261969646, 40.78525655241565], [-73.94246970444772, 40.7838964609472], [-73.94316141910497, 40.783411830494934], [-73.9435442071252, 40.78288052382281], [-73.94376005340628, 40.78282893171762], [-73.95577735912323, 40.78791392447124], [-73.94459915296271, 40.80322504784043], [-73.94620045835062, 40.80390652243253], [-73.94435587110912, 40.80641358740952], [-73.94275367228194, 40.805744012794804], [-73.93487343834983, 40.8165278475178], [-73.93380019473047, 40.81834975887414]]]]}, "properties": {"geo_id": "111", "name": "MN 11", "borough": "Manhattan", "area_km2": 6.1465}}, {"type": "Feature", "id": 16, "geometry": {"type": "MultiPolygon", "coordinates": [[[[-73.90977170677786, 40.56530540530823], [-73.90974823471105, 40.56526951170909], [-73.9100230764213, 40.56478020953862], [-73.90977170677786, 40.56530540530823]]], [[[-73.91192551909782, 40.565813862377375], [-73.91185809029393, 40.56499543800345], [-73.91079817683001, 40.56511099633428], [-73.91017406130761, 40.56492340198923], [-73.91068807720522, 40.5638275347005], [-73.91069766657301, 40.56341503758271], [-73.91026451502039, 40.562396451369814], [-73.90920688046374, 40.56081207323421], [-73.90835395813906, 40.5607544805897], [-73.90950630110807, 40.56076197854808], [-73.9092829979288, 40.55699724162948], [-73.90879730557717, 40.554829508389126], [-73.91948122343737, 40.550624815347646], [-73.92641909462641, 40.548155780823144], [-73.93118650995305, 40.55701583132762], [-73.93222204160377, 40.557676341960324], [-73.9261572327542, 40.561552609723265], [-73.92421461236678, 40.5620013188246], [-73.92107822881383, 40.56207985288503], [-73.92036810280452, 40.56221883246779], [-73.92025963107098, 40.56261229305825], [-73.92009840148408, 40.562571180610185], [-73.92033120142668, 40.562226054886715], [-73.91766081900086, 40.56282614968663], [-73.91455336961286, 40.56435343243398], [-73.913867496264, 40.56460809614203], [-73.91313180127939, 40.56463824444878], [-73.91220200769321, 40.56505456985012], [-73.91188319662936, 40.56499040574146], [-73.91195464366186, 40.565811322673], [-73.91216181959105, 40.565836252071335], [-73.9117361534007, 40.56587265348587], [-73.91192551909782, 40.565813862377375]]], [[[-73.8926101344554, 40.56858724778945], [-73.89016495921109, 40.56822852527809], [-73.889594924492, 40.56794189023422], [-73.88879000846313, 40.56793133405363], [-73.88836803030891, 40.56814492592801], [-73.88805660983314, 40.56801691893581], [-73.88747378475097, 40.56813023872467], [-73.88654684002348, 40.56847097811023], [-73.8853686032678, 40.56685701185397], [-73.89455356464379, 40.5642906252665], [-73.89544795818406, 40.56685850653713], [-73.89518704925231, 40.566913601330384], [-73.89504632201056, 40.56719091469739], [-73.89396328820895, 40.567928148645194], [-73.8926101344554, 40.56858724778945]]], [[[-73.76669139771354, 40.614254654947636], [-73.76516400829203, 40.61375420268679], [-73.76501580220103, 40.613475187493364], [-73.76515429478945, 40.61308589571629], [-73.7651173731579, 40.6124829729868], [-73.76497772419988, 40.61233164257718], [-73.76505961679173, 40.612035230610616], [-73.76229944090429, 40.61135920604611], [-73.76172413788882, 40.611847242757875], [-73.76023635756977, 40.61082086495047], [-73.76178242960604, 40.60915167005466], [-73.76155051905893, 40.60903136580099], [-73.75998446975024, 40.61087937734433], [-73.75949119833386, 40.61081579591104], [-73.75972099039113, 40.610151597871265], [-73.75919672932079, 40.61037038573403], [-73.75656053403193, 40.610139425129994], [-73.75587091285605, 40.61030679765077], [-73.7556068472615, 40.61007736522709], [-73.75587412912142, 40.61038518505498], [-73.75556369084156, 40.610118427946475], [-73.75499501085476, 40.610132208015074], [-73.75473219572571, 40.61040524167861], [-73.7534583619682, 40.610519862908916], [-73.75008771076791, 40.61164055382737], [-73.74821585882674, 40.61201107758965], [-73.74799307317252, 40.61231015796798], [-73.74761418929185, 40.61199801088504], [-73.74721567885005, 40.61217883915345], [-73.74685539024546, 40.611574099557224], [-73.74576150178679, 40.611991654748905], [-73.74310894573772, 40.60771599650397], [-73.7433973152214, 40.60747217106679], [-73.74029138976144, 40.604598232281184], [-73.73920739803121, 40.60404014330137], [-73.7384039445363, 40.60312113578487], [-73.73822597794165, 40.602566027211566], [-73.7383561770227, 40.59760047830733], [-73.73865280277474, 40.59731935956338], [-73.73848900400809, 40.597358894240394], [-73.738719680769, 40.5969488173266], [-73.73858466737633, 40.59725319461581], [-73.73878797503649, 40.596975355521614], [-73.73938023660179, 40.59723907294673], [-73.73992747214855, 40.59705494953258], [-73.74011773578795, 40.59672774747543], [-73.739798757236, 40.59642860378937], [-73.74009714262671, 40.59620864729191], [-73.74039153834975, 40.59618219567334], [-73.7403601274953, 40.59677499554029], [-73.7406438431082, 40.597001198658475], [-73.74108315342843, 40.59682306656987], [-73.74157380331023, 40.596903945892414], [-73.74183083523937, 40.59669555145024], [-73.74151239169116, 40.59652861251463], [-73.740520598182, 40.596571856456585], [-73.74054701362398, 40.596119685718136], [-73.73992792985001, 40.59606158731352], [-73.73957904997502, 40.596376337848874], [-73.73960988055157, 40.596763437540496], [-73.73946370303062, 40.59687842009224], [-73.7394966087367, 40.597020371261834], [-73.73988306007304, 40.596770974189724], [-73.73964853372274, 40.59656715206096], [-73.7397472402286, 40.59654260483528], [-73.7399099469019, 40.596772744520486], [-73.73979634028944, 40.59688267562811], [-73.73950885867283, 40.59704004409176], [-73.73939810824889, 40.59704632565642], [-73.73892850726298, 40.59687548946667], [-73.73939796363845, 40.597029543018124], [-73.73943957124737, 40.59689740230765], [-73.73894690694102, 40.59676316642711], [-73.73838360401186, 40.597117408563925], [-73.73841231100083, 40.59592350494847], [-73.73798981780982, 40.594556043243685], [-73.73848743971975, 40.59435226298844], [-73.73877153079917, 40.594525207530616], [-73.7387775351491, 40.59435500821544], [-73.73878644978727, 40.5945295655604], [-73.73900196778291, 40.594586232244616], [-73.73929430628122, 40.59445300556086], [-73.7395646533139, 40.59456157857763], [-73.73958763297756, 40.5944265251087], [-73.73961965222449, 40.594580041879006], [-73.73995801592365, 40.59450076878725], [-73.73998678749325, 40.59463285989983], [-73.74013580364576, 40.594511572739066], [-73.74062832064124, 40.59472165227226], [-73.74090170596185, 40.59448824925338], [-73.74089520274937, 40.59461157919209], [-73.74131820625325, 40.594792592881326], [-73.74162091692338, 40.59478649313536], [-73.74169766300281, 40.59464174405298], [-73.74222603097073, 40.594905883324444], [-73.74242926334381, 40.59486851780667], [-73.74238742584876, 40.59472925606035], [-73.74334951603221, 40.59479514827647], [-73.74348442282238, 40.594590516488175], [-73.74462499793184, 40.594661774798055], [-73.74665511464745, 40.5942956949023], [-73.7474520466475, 40.59402591977816], [-73.74817929096261, 40.593515861768395], [-73.7491252475753, 40.593216367270564], [-73.75049936103524, 40.592346903499575], [-73.75169369495661, 40.59131225132599], [-73.75344780177821, 40.59096412991324], [-73.75595463623067, 40.59087419804998], [-73.75789189861872, 40.591356988277866], [-73.76134311678325, 40.59172663385059], [-73.76295275572137, 40.591611177431226], [-73.76796973006503, 40.590729482964555], [-73.76872708525148, 40.59087006895576], [-73.77082611071539, 40.590553026911884], [-73.7759304282186, 40.590181408328135], [-73.77583688595267, 40.59032459875788], [-73.7766624348081, 40.59006633216674], [-73.7776135207686, 40.59005347120885], [-73.77918495356107, 40.5895931088955], [-73.78043036101896, 40.58959662142923], [-73.7845331104849, 40.58847805521806], [-73.78768370715746, 40.58792293771222], [-73.78878406873127, 40.58745028886744], [-73.78941470793575, 40.58762814730426], [-73.7920076246444, 40.58721746494198], [-73.7960898079884, 40.586326396824234], [-73.79671527895208, 40.58636519900375], [-73.80061273945985, 40.58548151440895], [-73.80182907323017, 40.58535182671263], [-73.8032577124328, 40.584893212907076], [-73.80372119406005, 40.58501793745034], [-73.80584287341304, 40.58445751724957], [-73.80679193346712, 40.58441989920581], [-73.80799182895132, 40.5840044095041], [-73.81352448727559, 40.583473149046895], [-73.8192881203056, 40.581766974354316], [-73.82222751244005, 40.58111503216211], [-73.82717378884985, 40.5794445129554], [-73.83146093331455, 40.578419437622934], [-73.8338692317218, 40.57764989760914], [-73.8377849130498, 40.575923683475594], [-73.84378359075185, 40.57388745204194], [-73.85220202399555, 40.57074510350426], [-73.85396556577088, 40.570312548872884], [-73.85720330672298, 40.56910050048786], [-73.86022276711229, 40.56792109732461], [-73.86255286029149, 40.566810012301005], [-73.86286892277312, 40.56683057154652], [-73.86316930279428, 40.56773927225189], [-73.86430969551117, 40.56739161647401], [-73.8653428508825, 40.56878753437863], [-73.86446632933135, 40.56914178552264], [-73.8666835996215, 40.57298832903213], [-73.86457245300183, 40.573690011972374], [-73.86449302911271, 40.57354277575942], [-73.86361132952379, 40.57382305701876], [-73.86334740134409, 40.574021231946894], [-73.8639920973905, 40.575060722126004], [-73.86280361992881, 40.57593303476555], [-73.86288301956819, 40.5760597612557], [-73.85305549585115, 40.5812552678552], [-73.85044385149195, 40.582130243581545], [-73.84861053538305, 40.58218814214382], [-73.84520566344803, 40.58157985705059], [-73.83935385899039, 40.58185726280565], [-73.83895663981427, 40.58257425854722], [-73.8385530645124, 40.58279171379684], [-73.8358408009742, 40.582878939362296], [-73.8285247126134, 40.584854219879965], [-73.8280365364045, 40.58605288672693], [-73.82476427875098, 40.58703921577244], [-73.8248133390712, 40.58715132203617], [-73.82474352289888, 40.58704514197381], [-73.82293688631523, 40.58749164972767], [-73.82145971991773, 40.58676992492142], [-73.81741586147437, 40.58891701410987], [-73.81763800450653, 40.589285798982765], [-73.81674197582358, 40.58931916984608], [-73.8152483237509, 40.589989056293014], [-73.81470067461719, 40.59061058988831], [-73.81363221410827, 40.59079363189793], [-73.81325671566428, 40.59104630249113], [-73.81358856612637, 40.59169768582372], [-73.81323474432736, 40.591070739515224], [-73.81312991669722, 40.59124662634191], [-73.81224338225374, 40.59132582310244], [-73.81170344836347, 40.59159374663811], [-73.81151303182712, 40.59178349031698], [-73.81149423585869, 40.592901326697], [-73.81133463623173, 40.59174462318005], [-73.8110076658511, 40.591768297259925], [-73.810817918745, 40.592090269198785], [-73.81095018952732, 40.592503059144725], [-73.81138593152033, 40.592442318454715], [-73.81140751227161, 40.59287125723886], [-73.81107287021045, 40.59302233057227], [-73.81137383935808, 40.59286110160779], [-73.81137331289645, 40.592703054284385], [-73.81074974913332, 40.59279211355274], [-73.81137347255559, 40.59268449963327], [-73.81135829315785, 40.59246258404513], [-73.81093965894601, 40.59254684780684], [-73.81080537904421, 40.5920920957353], [-73.80989929913352, 40.59227095388668], [-73.81003920584514, 40.59307791004176], [-73.80990340300143, 40.593080776051885], [-73.80977831849523, 40.592399027786385], [-73.80973138393715, 40.5924041860535], [-73.80980749716515, 40.59271040950492], [-73.80970982436389, 40.59243960833961], [-73.80948665744894, 40.59276603513673], [-73.80961196378858, 40.59357698426387], [-73.80687456746377, 40.59226495387241], [-73.80602807459852, 40.592009309004695], [-73.80574947643524, 40.59075800929477], [-73.80582389773124, 40.5918893251901], [-73.80433925403113, 40.591310757653716], [-73.80416569103039, 40.59185470983296], [-73.80781870474202, 40.59336543783759], [-73.80804688683968, 40.59365031287636], [-73.80781142831067, 40.59390737987563], [-73.80797687598303, 40.59416141594834], [-73.80711253952029, 40.59528407542448], [-73.80604149807385, 40.595554555213724], [-73.80485298477258, 40.595056336043505], [-73.80411459954668, 40.594319170453566], [-73.80400883285992, 40.59376772491009], [-73.80412568015272, 40.59351380510336], [-73.80380902231202, 40.59289116392555], [-73.8036173945544, 40.59294133774397], [-73.8030315399936, 40.59257718949019], [-73.8024384629031, 40.59264006383529], [-73.80250965087284, 40.59394812804169], [-73.80313503440723, 40.593757943071374], [-73.80318082190891, 40.59394537813114], [-73.80251304282986, 40.59396685179255], [-73.8025683760107, 40.594272266994366], [-73.80324253171004, 40.5940872398656], [-73.80328793893021, 40.59428211589189], [-73.80324024295776, 40.59420405487734], [-73.80260442850985, 40.594287751542616], [-73.80270983859073, 40.5943064330323], [-73.80234513845662, 40.59449597525708], [-73.80318574404416, 40.594663002841806], [-73.80344017041453, 40.59443420917704], [-73.80319675364956, 40.59467819988342], [-73.80337754303832, 40.59486904065922], [-73.80365519313357, 40.59473064253283], [-73.80372454267386, 40.59481711198008], [-73.80365167080724, 40.59475314278176], [-73.80338468036202, 40.59488526035886], [-73.80320010623197, 40.5948728464243], [-73.80338472349322, 40.59494958008786], [-73.80320704407242, 40.595009683617256], [-73.80339097327904, 40.5950065124943], [-73.80321494251257, 40.59514564845077], [-73.80390842264723, 40.59500481383498], [-73.80331453729217, 40.595179561437085], [-73.80368468695723, 40.595197790184], [-73.80464045411597, 40.59630984424343], [-73.80511185479912, 40.59715104799829], [-73.80470214568551, 40.59768311083306], [-73.80393338922403, 40.5979434985841], [-73.80297943325748, 40.598844304553154], [-73.80167092680178, 40.59889630926962], [-73.80094867862819, 40.59915166462005], [-73.80091500623965, 40.59939076113595], [-73.80077654707624, 40.599162360478495], [-73.80049526371978, 40.59920436806874], [-73.80047379227796, 40.599331559123904], [-73.80045131861475, 40.59918256837792], [-73.79916040009044, 40.599258138097326], [-73.79919690825385, 40.59936939496696], [-73.79912877642306, 40.59937335357057], [-73.79914024196677, 40.59925849421605], [-73.79843078589488, 40.59917371408123], [-73.79554637621128, 40.59949676214924], [-73.79457261550567, 40.59942073709399], [-73.79387366084671, 40.59960670858929], [-73.7933090173635, 40.599981183339594], [-73.79233121548154, 40.59996928119772], [-73.79025353547168, 40.60125130259844], [-73.7878557488172, 40.60311334463552], [-73.78635332811824, 40.603194659038635], [-73.78617884041223, 40.603032062874576], [-73.78716241855365, 40.60232643107247], [-73.7879299419281, 40.60099530254869], [-73.78953462130681, 40.599971814926825], [-73.79033378979446, 40.59919828434164], [-73.79124272166956, 40.59662652165146], [-73.79093142251082, 40.59596118340668], [-73.79103617492395, 40.59552224010589], [-73.79086292379888, 40.59501313776418], [-73.7904204823075, 40.594752695511026], [-73.79057004196041, 40.594951800299924], [-73.7908062614169, 40.596093395884445], [-73.79059442974035, 40.596108384772954], [-73.7905385766652, 40.59498078405622], [-73.79031932474741, 40.594861655403946], [-73.79037896334775, 40.594751965913254], [-73.79015263648816, 40.59476820227294], [-73.7903162547623, 40.59604819893959], [-73.79042481472271, 40.59605393215407], [-73.79017830001315, 40.596071319704606], [-73.79028151177359, 40.596051416106384], [-73.79013119491621, 40.59482287479865], [-73.78973901889823, 40.594743668554756], [-73.78987360648395, 40.596204443784735], [-73.7899990943909, 40.59620894350346], [-73.78969872360817, 40.59622803991152], [-73.78984110232885, 40.59620694688001], [-73.78967389675829, 40.59486047590034], [-73.78940242709974, 40.594949785523895], [-73.78911306667317, 40.59547475633231], [-73.78926858096273, 40.59645372374899], [-73.78906829121502, 40.59801992738281], [-73.78710231226589, 40.599443300892595], [-73.78662409463644, 40.60001863317847], [-73.7859710976622, 40.60031649181488], [-73.78579378813437, 40.600568928496024], [-73.78614358698636, 40.600648618751876], [-73.78578006551939, 40.60059326189322], [-73.7856420527327, 40.60079719452103], [-73.78598359117787, 40.6009182379421], [-73.7856327637329, 40.600816383628654], [-73.78539358087035, 40.60151802170865], [-73.784482331704, 40.601800098583105], [-73.78350560905312, 40.60256343874292], [-73.7831280240591, 40.60376099235068], [-73.78348138271426, 40.60404783631382], [-73.78394764971196, 40.60482442511702], [-73.78366696292407, 40.60532443643189], [-73.78040832267875, 40.60842597482819], [-73.77940143922393, 40.60922626068254], [-73.77856806939954, 40.609643663429175], [-73.77727898274846, 40.60984911309208], [-73.7762653833009, 40.609649038391886], [-73.77535164745716, 40.6097374069645], [-73.77422234411398, 40.608893231635435], [-73.77422269363434, 40.60860112864046], [-73.77481441008918, 40.60839956311252], [-73.77421737753352, 40.607636638971606], [-73.77432541481345, 40.607456943493446], [-73.77460294599074, 40.607417648882716], [-73.7748488654648, 40.60802483315987], [-73.77523851986183, 40.60855094300044], [-73.77600772152822, 40.609190754248324], [-73.7749459848426, 40.608065420270826], [-73.77459009469672, 40.607297656593], [-73.77458447675636, 40.60652596732092], [-73.77518711261337, 40.604500256318666], [-73.77468798964637, 40.60432464838939], [-73.77491373899664, 40.60411251323256], [-73.77537608316845, 40.604157308868], [-73.77588140582175, 40.603471681753604], [-73.77605391761065, 40.602752894402435], [-73.77558895434602, 40.60304029958812], [-73.77568814362701, 40.60281474067069], [-73.7760579355511, 40.60251331742237], [-73.77647924254988, 40.60244817664356], [-73.77662545802484, 40.60220777828829], [-73.77648988688922, 40.60217172568667], [-73.77780302365808, 40.60096655220425], [-73.77808327751673, 40.60079984336888], [-73.77836872918756, 40.60083878005196], [-73.77807565215485, 40.60070077436682], [-73.77818086978309, 40.60038554108597], [-73.78010900085108, 40.600727429033945], [-73.78081083231416, 40.59994775452717], [-73.78190681007324, 40.599114165340325], [-73.7819360135701, 40.59853114424349], [-73.78135874440795, 40.597969371289764], [-73.78132973998126, 40.5977530374471], [-73.78018334425909, 40.597212570206025], [-73.78016845573191, 40.59689762724704], [-73.78005719891783, 40.596877499102824], [-73.77967070333735, 40.59737216738413], [-73.77904364405244, 40.59764939932371], [-73.77742174810766, 40.598812404361524], [-73.7771985062932, 40.59957695925321], [-73.77600163850968, 40.60139432390501], [-73.77560049633018, 40.601648453143255], [-73.77497207353781, 40.601744487092105], [-73.77474212725788, 40.60096342593531], [-73.77448133964758, 40.60098770385091], [-73.77474724721814, 40.60094979034346], [-73.77464033629732, 40.6008376563497], [-73.77474285021901, 40.600743783109614], [-73.77411995096884, 40.599881381792756], [-73.77422338457673, 40.599005218240656], [-73.77374432839079, 40.598670153981665], [-73.77358545261627, 40.598120473261666], [-73.77302409952465, 40.597881081674394], [-73.77248585757461, 40.597893837539615], [-73.7716790667001, 40.59798157703973], [-73.7711284962987, 40.59829872855218], [-73.77037277058422, 40.59809009235458], [-73.76947725109346, 40.598257769952674], [-73.76812285376324, 40.59782435947493], [-73.76793592288801, 40.5981397063817], [-73.76826549483137, 40.598332444290854], [-73.76970071986862, 40.598640131026464], [-73.77033634816473, 40.59898422333293], [-73.77093086474143, 40.59885759912524], [-73.77116052436337, 40.599422452073945], [-73.77111103445863, 40.60054602854758], [-73.77073733384834, 40.60153550225501], [-73.77083917528664, 40.60181091609641], [-73.7707438331868, 40.60194531862125], [-73.77061758814742, 40.601868730981764], [-73.77018588274095, 40.602748823325264], [-73.77042036813747, 40.60294198341897], [-73.77016122222518, 40.60308652353236], [-73.77037750437741, 40.60357862357139], [-73.77056521407663, 40.60484040975364], [-73.77000932453475, 40.605336715307516], [-73.77006342333694, 40.60565634562672], [-73.76983622740694, 40.6062780087497], [-73.77001249648028, 40.607228792132055], [-73.7697775826455, 40.60753527214348], [-73.76978386359879, 40.60792703951315], [-73.76922465174272, 40.60844469432267], [-73.76894081987359, 40.609129005590994], [-73.76900078034954, 40.609391552985024], [-73.76917976560827, 40.60970087375642], [-73.76981818454395, 40.61008787592091], [-73.77125101879666, 40.6103898365994], [-73.77184662279289, 40.61082424420976], [-73.77223450234517, 40.61150167675047], [-73.77340389078988, 40.61109044877924], [-73.77296268686548, 40.610152762945916], [-73.77376767753127, 40.61125622247565], [-73.77393827753912, 40.61212015175388], [-73.77417184679703, 40.6118296699465], [-73.77383738128351, 40.61290764039653], [-73.7733859797136, 40.613675066306406], [-73.77296761789123, 40.61355936092584], [-73.77174156702766, 40.613961049954995], [-73.76933085131225, 40.61397452507607], [-73.76835465017783, 40.61422714847367], [-73.76669139771354, 40.614254654947636]]], [[[-73.82017348017828, 40.61518061913891], [-73.81749810970328, 40.61421413156434], [-73.81652681244356, 40.61494700965875], [-73.81654752819018, 40.614470136363046], [-73.81623366684647, 40.61423104619881], [-73.8147181262786, 40.614496088552116], [-73.81444032345235, 40.614749038670865], [-73.8140806243293, 40.61455840923645], [-73.81416449897701, 40.614291069640984], [-73.8146826267649, 40.61397515785523], [-73.81486725972132, 40.614010649752984], [-73.81485722289095, 40.614299226215], [-73.81549526637578, 40.61403981513337], [-73.81479563255319, 40.61319402998148], [-73.81503638494628, 40.612976213749604], [-73.81523956494529, 40.61298357925743], [-73.8154694831705, 40.61334292951119], [-73.816156266325, 40.61294211550996], [-73.81559858779337, 40.61067251632977], [-73.81540366189834, 40.610384802015666], [-73.81450261566708, 40.61105847350561], [-73.81449876827786, 40.610735453659466], [-73.8152072079899, 40.60981673359354], [-73.81477073792475, 40.60885102878037], [-73.81486539922282, 40.60802059898588], [-73.8150612987873, 40.60731703028009], [-73.81574174063825, 40.60646524523569], [-73.81546066483212, 40.60642813751016], [-73.81552816722285, 40.606163069945254], [-73.81552536723665, 40.60640738028218], [-73.81595962002545, 40.60626248335362], [-73.81588829778464, 40.605929034359384], [-73.81642529923093, 40.60522412357405], [-73.81739192106652, 40.6051581237844], [-73.81725370593388, 40.60394032469204], [-73.81772032638698, 40.602224999741196], [-73.81831121054313, 40.60133971221259], [-73.8184906612075, 40.59938955947936], [-73.81928142201772, 40.597529610374195], [-73.82038406343352, 40.59656876164427], [-73.82053385736155, 40.59613684025771], [-73.82044605634611, 40.59574841485994], [-73.82067265991834, 40.595195706171175], [-73.8209309527333, 40.59510806161083], [-73.82120035429047, 40.594712294440804], [-73.82413506905908, 40.59463305674819], [-73.8254779349812, 40.59508065758445], [-73.82725223873035, 40.594769002512734], [-73.82887841315683, 40.59480520988159], [-73.83321744106303, 40.59421758738759], [-73.83425247335782, 40.59465991963079], [-73.83472137081078, 40.5950555096459], [-73.83484699931755, 40.595542999938715], [-73.83439600006928, 40.5964640003712], [-73.83348999898381, 40.596916000365326], [-73.83336099929953, 40.59723600025936], [-73.83250811841812, 40.5975733114887], [-73.83239364453686, 40.59780335338253], [-73.83154105940153, 40.59795102605524], [-73.83062852179019, 40.597433425724404], [-73.83038922482272, 40.59773401958448], [-73.82948341823123, 40.59813394240536], [-73.82909777422338, 40.59776345522084], [-73.82806159675427, 40.597680402649004], [-73.82784691505302, 40.59799983826367], [-73.82722092998507, 40.598331194570825], [-73.82710314493129, 40.59868868550891], [-73.82689527232382, 40.598705251929125], [-73.82597985976521, 40.59947206719297], [-73.82584854764572, 40.59944023957904], [-73.82590629481453, 40.59910995813468], [-73.82556790684603, 40.59854814808278], [-73.82507610767713, 40.598214643600265], [-73.82465420597283, 40.59814924670186], [-73.82431733671004, 40.59831310503212], [-73.82395871058297, 40.59887689667741], [-73.82452271276412, 40.598951263990735], [-73.82477088992489, 40.598391843874325], [-73.82452624858544, 40.599129027223476], [-73.82439004315063, 40.59909811302662], [-73.8245173365546, 40.59896580873323], [-73.82407791355017, 40.59890920383319], [-73.82421870377357, 40.59907448791854], [-73.8241656988867, 40.59929937966726], [-73.82376612281246, 40.60004007082106], [-73.82311740974782, 40.600079492525545], [-73.82303195166884, 40.59993051688448], [-73.82304007849369, 40.600068074785995], [-73.82292757811209, 40.60006142816324], [-73.82300436484846, 40.59992561939648], [-73.82194441759793, 40.599801155978646], [-73.82146929833698, 40.599993722770456], [-73.82234362281869, 40.600225661407904], [-73.82443643762346, 40.60034498385238], [-73.8244521800895, 40.60079696268867], [-73.8239890012412, 40.60100198712721], [-73.82353972095234, 40.60155944884736], [-73.82361588815041, 40.602286492616436], [-73.82306721637893, 40.60234199290522], [-73.82294484740481, 40.602582909468005], [-73.82276563477782, 40.60420260506928], [-73.82290283003627, 40.60468726854159], [-73.82246746702482, 40.605524982822864], [-73.82290463377655, 40.60585127692718], [-73.82236000876232, 40.60646926066026], [-73.82211377780332, 40.60647195617033], [-73.82126470342854, 40.60700285041066], [-73.82090456126079, 40.6077812462184], [-73.82003243563582, 40.608923656261055], [-73.81998227947363, 40.60956038570806], [-73.81961795362155, 40.61047904106448], [-73.8205188787713, 40.61194994872465], [-73.820434036151, 40.61206678700632], [-73.82087841790143, 40.612257345820275], [-73.82128421052896, 40.61109692878371], [-73.82106228467406, 40.61076384836999], [-73.82062698218206, 40.61052999521727], [-73.82048700621559, 40.610224379293726], [-73.82085878505866, 40.60923105827139], [-73.82114637084436, 40.60906241107153], [-73.82138268125634, 40.60854554494699], [-73.82161460089132, 40.608480319227915], [-73.82182531339929, 40.60896399718613], [-73.82166797839004, 40.60923231660756], [-73.82186205241352, 40.60986921256865], [-73.82233079781186, 40.61028770325489], [-73.82289233348577, 40.61033702219424], [-73.8231948971962, 40.61093783561613], [-73.82400412789416, 40.61163176840988], [-73.82410327090126, 40.61232609748578], [-73.82234961103357, 40.614260026197485], [-73.8214160164138, 40.615054763934815], [-73.82075892504753, 40.61523267951781], [-73.82017348017828, 40.61518061913891]]]]}, "properties": {"geo_id": "414", "name": "QN 14", "borough": "Queens", "area_km2": 18.1697}}, {"type": "Feature", "id": 17, "geometry": {"type": "Polygon", "coordinates": [[[-73.82834347431381, 40.86089202667502], [-73.83111449155481, 40.85752432962308], [-73.83458321716229, 40.85443233683157], [-73.83551904674769, 40.8530195775614], [-73.83614279002084, 40.851041758573515], [-73.836470550498, 40.847149372783036], [-73.83671179690661, 40.846057369668024], [-73.83839056225074, 40.840676814134376], [-73.83936794250651, 40.84088297348197], [-73.84124053003696, 40.84060145432203], [-73.84327655860383, 40.84354180594527], [-73.84491034255328, 40.845427460749114], [-73.84806345327982, 40.84306799865136], [-73.86347232379067, 40.841305932707414], [-73.86724818955624, 40.84034380437121], [-73.86920766882209, 40.83960004671199], [-73.87277204658531, 40.8397512823362], [-73.8718461029101, 40.843760777855984], [-73.87096254074736, 40.844333660002405], [-73.86889243274607, 40.84811232212591], [-73.86956259014313, 40.8480187132387], [-73.86952362951695, 40.848686977587995], [-73.86825077740679, 40.850959586229564], [-73.86854755448219, 40.85178561155521], [-73.86846906731093, 40.8519706547471], [-73.86990379512369, 40.85587302161535], [-73.86818830558734, 40.85806383431104], [-73.86860278452933, 40.85808310054421], [-73.86889622788394, 40.857772772945246], [-73.86954868104695, 40.85772602968], [-73.87088983832453, 40.85727281781079], [-73.87108262512788, 40.85737704013537], [-73.87040531728131, 40.86396694933747], [-73.87053738586192, 40.8696740314124], [-73.85745013526693, 40.86953252052369], [-73.8555490916087, 40.87181316756395], [-73.8536363872702, 40.87330059920912], [-73.84792614069238, 40.87134223307809], [-73.83578436657693, 40.86501601149721], [-73.8308932972779, 40.862212849093076], [-73.82950892691989, 40.86184121394937], [-73.82834347431381, 40.86089202667502]]]}, "properties": {"geo_id": "211", "name": "BX 11", "borough": "Bronx", "area_km2": 9.3195}}, {"type": "Feature", "id": 18, "geometry": {"type": "Polygon", "coordinates": [[[-73.92405909736993, 40.71411156014769], [-73.92223466477621, 40.71285595436308], [-73.92154601695684, 40.71104328353501], [-73.92074853115804, 40.710533648958915], [-73.92608930093012, 40.70567970116241], [-73.93395092972543, 40.70267459269806], [-73.9419307888223, 40.70072523469599], [-73.95701993189441, 40.698973914350006], [-73.96283963716343, 40.698038668340025], [-73.96217978089145, 40.700220710604356], [-73.96720962042622, 40.70425570915349], [-73.96838331404915, 40.706829373393475], [-73.9692929641454, 40.707093331095905], [-73.9698486482356, 40.70800304118529], [-73.96994196632629, 40.70930205335397], [-73.96960541330354, 40.71027084387491], [-73.97006780874848, 40.710466624118425], [-73.96966186412786, 40.71049972413706], [-73.96976877589127, 40.71078832147547], [-73.96937429954603, 40.711020666063014], [-73.96990773027578, 40.71126812183884], [-73.96931038443995, 40.71110785288143], [-73.96881612079872, 40.71225194770672], [-73.96887248523575, 40.71257874343655], [-73.96866605733972, 40.71285719349171], [-73.96846973347043, 40.712824709346336], [-73.96850672619524, 40.71310547188961], [-73.96884924838118, 40.71321254596049], [-73.9672403439612, 40.71658788605862], [-73.96710504006269, 40.716908393254585], [-73.96725113674303, 40.71698666660909], [-73.96659690266615, 40.717967981390224], [-73.96730741540445, 40.71831306718454], [-73.96706867689159, 40.71843903579146], [-73.96715101172583, 40.718316126435184], [-73.96656241897496, 40.71801586680643], [-73.96575996533477, 40.71868903477947], [-73.96663600763597, 40.71913014271264], [-73.96646745714561, 40.71924344072396], [-73.96651453667197, 40.71943097474466], [-73.9663636385142, 40.71905045604845], [-73.96574267076753, 40.7187068777771], [-73.96511950416225, 40.71922689399757], [-73.96540628108174, 40.71970109421693], [-73.96511736823715, 40.720316338856485], [-73.96567655698857, 40.72067896054055], [-73.964479462231, 40.72003618825576], [-73.96438190823221, 40.72013942466042], [-73.96433475398055, 40.72038653891121], [-73.96503100064521, 40.7207908413711], [-73.96485304145489, 40.720952804859586], [-73.9648343360941, 40.720795547440936], [-73.96436107956328, 40.720477239877326], [-73.9642746249727, 40.72057576759408], [-73.96495059736664, 40.72142418210708], [-73.9648428486345, 40.72146417609479], [-73.96420193098578, 40.72065389425717], [-73.96406591310317, 40.720799910962775], [-73.96437504235094, 40.72099255076859], [-73.96402617458526, 40.7208808930687], [-73.96353855414516, 40.721573378514535], [-73.96296566403016, 40.722034477123074], [-73.96207271877797, 40.723880300905485], [-73.96247195112905, 40.72417498927368], [-73.96200744799015, 40.723991901607974], [-73.96189426712185, 40.72410670210125], [-73.96165984235287, 40.72486045446301], [-73.96211461566836, 40.72514806339908], [-73.9619023964313, 40.72532050081128], [-73.96153679358694, 40.725108918852264], [-73.96116366368389, 40.72526460633369], [-73.96043230240612, 40.7251141086607], [-73.9583307822691, 40.72441170076634], [-73.95803916741664, 40.72442744087881], [-73.95794183489497, 40.72464920270007], [-73.95795096213239, 40.725036439168576], [-73.95835177078861, 40.725198057301895], [-73.95842611843923, 40.72540053583232], [-73.96012497133243, 40.725319636637074], [-73.96028544944211, 40.725948122413136], [-73.96161518835936, 40.72586556307423], [-73.96161716963762, 40.726661421991196], [-73.9610168813666, 40.72870444010192], [-73.96142843697933, 40.730946392610385], [-73.96226340423296, 40.73291555162369], [-73.96232850324637, 40.73375434133018], [-73.96190964676353, 40.734750806246815], [-73.95982931147842, 40.73706090063335], [-73.95831235513265, 40.738137026471044], [-73.95691820009655, 40.7388889147882], [-73.9546632150002, 40.739127953134535], [-73.95292355724182, 40.738934942395375], [-73.9504645828052, 40.738309580795224], [-73.94652352854786, 40.73692685395834], [-73.94644229140863, 40.736780626263325], [-73.94719983367159, 40.73535517761173], [-73.94706532915387, 40.734401992819414], [-73.94659806707352, 40.734442224347475], [-73.94673908072966, 40.735282693841185], [-73.9462474829692, 40.736166165227154], [-73.9458731056289, 40.73610183125833], [-73.94557048457217, 40.73661230391059], [-73.94499908889487, 40.73643669371279], [-73.94525492279563, 40.73589278900394], [-73.94518507181319, 40.735479152678], [-73.94503299031923, 40.73542861568352], [-73.94452008735738, 40.7362836541818], [-73.94321347652946, 40.73579053001632], [-73.94239443542429, 40.7354257499477], [-73.94154566832448, 40.73473433593498], [-73.94099746599917, 40.733790485555964], [-73.94115615809413, 40.73374890961004], [-73.94103843274782, 40.73348826020316], [-73.94056868930251, 40.73305849425783], [-73.94068491601338, 40.733017077124714], [-73.94036658952952, 40.73221258691498], [-73.93981322625451, 40.73115268891224], [-73.93810334960666, 40.729728519521515], [-73.9369312479987, 40.729108091265736], [-73.93492926391922, 40.728543915250576], [-73.93200420453815, 40.72814508289363], [-73.9295802069088, 40.72761282070885], [-73.92849418540162, 40.72661460330805], [-73.92787172405026, 40.72585405119786], [-73.92779650104131, 40.7249256687138], [-73.92561470516623, 40.72006166221263], [-73.92481798943699, 40.72026513747549], [-73.92453854985799, 40.719342580204675], [-73.92470227807114, 40.7186883041008], [-73.92493181378997, 40.71840582874961], [-73.92837930101501, 40.71757836729027], [-73.92887965180016, 40.71772031862372], [-73.92970539915328, 40.71704927938933], [-73.92931999766083, 40.71611200883279], [-73.92947356921461, 40.715721452621324], [-73.93179267229117, 40.71518297509136], [-73.93222529811969, 40.714935797461], [-73.93214128153377, 40.71468129108931], [-73.9317535718227, 40.71474167550589], [-73.93159048356527, 40.714399492481355], [-73.93142604100935, 40.71438234308075], [-73.9312406705949, 40.71372481088489], [-73.93164527391666, 40.71334279375831], [-73.93264621458808, 40.71303927229817], [-73.9320326298051, 40.71159022307447], [-73.93338484615303, 40.71123372774584], [-73.93328349320298, 40.71097870695552], [-73.9319010192086, 40.711338471428384], [-73.93093227547737, 40.70916531125431], [-73.93050100083198, 40.70868122503974], [-73.93025038849032, 40.70892791342272], [-73.93154613746866, 40.71185535175125], [-73.93077894737053, 40.712160427955666], [-73.93161032734892, 40.71203802268057], [-73.93184249493432, 40.71262723799079], [-73.93042294313071, 40.71317255867123], [-73.93105231901666, 40.7146102244261], [-73.9308519013403, 40.71490298559298], [-73.92843881814593, 40.71553094957593], [-73.9289024285406, 40.716572812318084], [-73.92876805027393, 40.71680733061663], [-73.92821135004569, 40.717113239793335], [-73.92449266537847, 40.71790967583789], [-73.92358786233977, 40.717271580637], [-73.92305500014334, 40.71634266479355], [-73.92431329961575, 40.715847056576926], [-73.924885535076, 40.71526718765272], [-73.92433589757124, 40.71412259346656], [-73.92405909736993, 40.71411156014769]]]}, "properties": {"geo_id": "301", "name": "BK 01", "borough": "Brooklyn", "area_km2": 12.2349}}, {"type": "Feature", "id": 19, "geometry": {"type": "Polygon", "coordinates": [[[-73.75670329167467, 40.72622943266059], [-73.75409142333172, 40.72469190628807], [-73.75950094150228, 40.721027372276986], [-73.76446951723548, 40.7188903928793], [-73.76733228086881, 40.717289796810775], [-73.7735713516841, 40.71512009536888], [-73.78616005924935, 40.71206007134277], [-73.78784678413939, 40.71181083316656], [-73.78843507108887, 40.711998937804644], [-73.78858168019974, 40.71233184750617], [-73.79561668961846, 40.709753079175215], [-73.81443931865432, 40.70440215056366], [-73.81709738756452, 40.70402980158789], [-73.81828566411745, 40.706302850483354], [-73.82026255989219, 40.709538073272405], [-73.82103354404839, 40.710427036396105], [-73.82383889061457, 40.712940878381794], [-73.82428940517947, 40.71387006610608], [-73.82552307493596, 40.715653882248276], [-73.82611005091512, 40.71728481261807], [-73.82613323570718, 40.718439761415], [-73.82630173847589, 40.71866874696469], [-73.82616528268096, 40.71967919542526], [-73.82630562524324, 40.72054512633324], [-73.82769059064475, 40.72289294931728], [-73.82905103217786, 40.7243257086], [-73.83171764908474, 40.726221681522624], [-73.83286183222063, 40.7278934438012], [-73.83612778610211, 40.734241312003384], [-73.83635624984589, 40.735008592150386], [-73.83674457519047, 40.73860257057931], [-73.83767958355594, 40.7419772525249], [-73.83768342741426, 40.74330033971074], [-73.83591564875779, 40.7434308938953], [-73.83586131872133, 40.74322798453874], [-73.831639755564, 40.74239913724233], [-73.8315594226786, 40.7427847418807], [-73.831097093083, 40.74273975735622], [-73.83130117320113, 40.73956106218741], [-73.83034386663726, 40.73947709693271], [-73.83039617561134, 40.73916120628063], [-73.83090596589078, 40.739132763893764], [-73.83099423089345, 40.73856549499887], [-73.8311345171537, 40.73856190697662], [-73.83053551231437, 40.73752019476341], [-73.82946751997008, 40.73702448275362], [-73.82809152577165, 40.73708317577562], [-73.82796455084478, 40.738503203950316], [-73.82701222480512, 40.73856900854883], [-73.82597580462097, 40.739000395214795], [-73.82556079322896, 40.73945435957137], [-73.82497439992072, 40.73944042625386], [-73.82481178487835, 40.739630959900765], [-73.82537387733453, 40.742232240500606], [-73.81593594227384, 40.739127860871484], [-73.81407382042495, 40.73878090207907], [-73.79729260620172, 40.73818542883816], [-73.79533772922271, 40.73849367277296], [-73.7803660354378, 40.74259166314679], [-73.77241461002667, 40.74388484522218], [-73.76772991425388, 40.74577622617418], [-73.76687853596795, 40.74409357920647], [-73.76556849810585, 40.743258155027405], [-73.7624860927727, 40.73673098195242], [-73.76273303467904, 40.7352621626724], [-73.7624953394331, 40.73473455947458], [-73.76471228638086, 40.73408569972392], [-73.76369979170158, 40.732864116848006], [-73.76564374465633, 40.7325331267392], [-73.76435071526204, 40.73115119213611], [-73.76234209839153, 40.72953829070148], [-73.7578714145791, 40.72710685148661], [-73.75670329167467, 40.72622943266059]]]}, "properties": {"geo_id": "408", "name": "QN 08", "borough": "Queens", "area_km2": 19.2826}}, {"type": "Feature", "id": 20, "geometry": {"type": "Polygon", "coordinates": [[[-73.89646625128927, 40.682336422476084], [-73.89658158697972, 40.681574718432664], [-73.89674965951048, 40.681492026564776], [-73.89695913848713, 40.68069958191175], [-73.8973838130457, 40.68016881312504], [-73.89786299939698, 40.67987501111846], [-73.8988992828747, 40.679560934901744], [-73.90024537705516, 40.67942279101161], [-73.90262262346396, 40.680664503418924], [-73.90404639808888, 40.67922059801935], [-73.9419307888223, 40.70072523469599], [-73.93395092972543, 40.70267459269806], [-73.92608930093012, 40.70567970116241], [-73.92189184698694, 40.70939609671099], [-73.91180710069435, 40.703434952026804], [-73.91290404121959, 40.70236189129684], [-73.91067882737353, 40.70104596956685], [-73.91180682191074, 40.699946882523946], [-73.9042601841169, 40.69570037144337], [-73.9057959707524, 40.6941271555143], [-73.9013984066204, 40.69158999203796], [-73.90188776254891, 40.691077720073444], [-73.9004246511309, 40.68818389887701], [-73.90116155060393, 40.68787793535575], [-73.89646625128927, 40.682336422476084]]]}, "properties": {"geo_id": "304", "name": "BK 04", "borough": "Brooklyn", "area_km2": 5.2642}}, {"type": "Feature", "id": 21, "geometry": {"type": "MultiPolygon", "coordinates": [[[[-74.04387761639944, 40.69018767587399], [-74.04350596078567, 40.68968735963629], [-74.04270428426766, 40.6901552046445], [-74.04255372037339, 40.68996275979236], [-74.04346752310298, 40.689636990606225], [-74.04364078627445, 40.688766560072914], [-74.04438521777247, 40.688516177900276], [-74.04627539003633, 40.68932742539434], [-74.04680284898575, 40.689953256266215], [-74.0474765152837, 40.68961136999821], [-74.047729627631, 40.68991531896879], [-74.04758571924822, 40.6899825073289], [-74.0474312612351, 40.68980389047109], [-74.04689205500591, 40.690059098322806], [-74.04720029366216, 40.69042481512135], [-74.0471702948939, 40.690991328742676], [-74.04614707208665, 40.691122646033364], [-74.04387761639944, 40.69018767587399]]], [[[-74.0020632979122, 40.692444000334866], [-74.00179839892095, 40.69227001601037], [-74.00216095506005, 40.69223814086755], [-74.0020632979122, 40.692444000334866]]], [[[-74.0167475609607, 40.69334336821777], [-74.01540359141647, 40.6930664973093], [-74.01538919768244, 40.693298134665696], [-74.01517482202624, 40.69325668033564], [-74.01525951035647, 40.69303681423205], [-74.01512878294328, 40.69324379583458], [-74.01494315033483, 40.69314102193099], [-74.01515612159503, 40.693015515394414], [-74.01422123084896, 40.69282290584166], [-74.01343563361452, 40.69211544203167], [-74.01250258675178, 40.692303580463125], [-74.01229731492555, 40.69256825483527], [-74.01181185647236, 40.69247933506453], [-74.01175749051254, 40.69226373956171], [-74.01190309722561, 40.69209058350803], [-74.0122011411637, 40.69204490509627], [-74.01246140165135, 40.692212624918625], [-74.01333264149608, 40.69201997010252], [-74.01260856859395, 40.691364104127345], [-74.01203417616576, 40.691503076685855], [-74.01259753152567, 40.69133433554468], [-74.01252783209975, 40.691146337338125], [-74.01182575354973, 40.691064816216326], [-74.01219500090085, 40.69102884756899], [-74.01221017410677, 40.69079169680143], [-74.01197151318823, 40.690770955509684], [-74.01198056761248, 40.69060640727196], [-74.012231311469, 40.69046133077529], [-74.01230688304491, 40.68928018293776], [-74.01316926402752, 40.68815477070077], [-74.01488097975022, 40.68725457099129], [-74.01604730539535, 40.687338006800495], [-74.01704986609217, 40.68687598741661], [-74.01664664084757, 40.686416347233504], [-74.01514391088018, 40.686437034043095], [-74.01667351529993, 40.68630516855369], [-74.0171209910106, 40.686843337134135], [-74.02054367293081, 40.68527206792613], [-74.02020686710516, 40.684833832574654], [-74.01939842391928, 40.68508740404737], [-74.02095255010296, 40.68438443164738], [-74.02027819846491, 40.68480913517466], [-74.02061267235811, 40.68524039019821], [-74.02224078898519, 40.68451840759948], [-74.02211854383413, 40.68435195080165], [-74.02233552903563, 40.68447639360439], [-74.02259359581042, 40.68435969595013], [-74.02213250186865, 40.68376767188283], [-74.02305574749595, 40.68291694544531], [-74.02319462834663, 40.683000498062334], [-74.0223682355767, 40.68377991679415], [-74.0227589902996, 40.68428444833244], [-74.02354160370125, 40.68400298359273], [-74.02464809241233, 40.683978566613234], [-74.02567183758212, 40.684236456205234], [-74.02633404242411, 40.684801697724346], [-74.02662819083865, 40.685526804749834], [-74.02642577243203, 40.68617533982978], [-74.02020527434277, 40.6920339238544], [-74.01973308196347, 40.693114107487055], [-74.0167475609607, 40.69334336821777]]], [[[-74.04074713631029, 40.700160926312165], [-74.03885397699936, 40.69962589529322], [-74.0384933607577, 40.69914688779893], [-74.03836269424626, 40.698673137972996], [-74.03921649985952, 40.698571475606236], [-74.03956713890962, 40.69877410432477], [-74.03993272132986, 40.69854442279383], [-74.04025555083275, 40.698804823307505], [-74.03979339404114, 40.698956229999375], [-74.04043303435445, 40.699399877628046], [-74.04074713631029, 40.700160926312165]]], [[[-74.0111435335986, 40.725814475973884], [-74.01081238260726, 40.72578980255595], [-73.99931241700145, 40.71755024177758], [-74.00078955186169, 40.7152909684016], [-74.00052734942693, 40.715170059365484], [-74.0004546306596, 40.71436504759906], [-74.0002210584419, 40.714250626889495], [-74.00063383195948, 40.71308117856864], [-74.00089354391562, 40.713029950787984], [-74.00086402815117, 40.71161954970954], [-74.00050986097234, 40.71098426944842], [-74.0014714023208, 40.70974655432343], [-73.99919451174895, 40.70794737685425], [-74.0011868526283, 40.706859825771936], [-74.00098276691733, 40.70641671299312], [-74.00140666691954, 40.70617938802082], [-74.0005924020935, 40.70541007891111], [-74.00145437418847, 40.70487330343224], [-74.00206142563808, 40.70541700513835], [-74.00256965059467, 40.70552357952368], [-74.00268512768794, 40.705449248118846], [-74.00197070397947, 40.704737867984804], [-74.002171849419, 40.70460659646387], [-74.00243071075865, 40.70467785800453], [-74.00238670740679, 40.70479566367467], [-74.00332307270787, 40.705628595220254], [-74.00383327532258, 40.70530324302658], [-74.00262896407828, 40.70422295278161], [-74.002866897815, 40.704075225511744], [-74.00405666439265, 40.70514736343912], [-74.00602048621096, 40.70387490010204], [-74.00614106753552, 40.70398097343561], [-74.0065959191387, 40.70368590194944], [-74.00530412596079, 40.702559865633226], [-74.00549427805099, 40.70243138145317], [-74.00553546138177, 40.70264552110702], [-74.00567522249854, 40.702584072197745], [-74.00678502191047, 40.70356812740289], [-74.00751905283795, 40.703121819734726], [-74.00769798694176, 40.70284927854697], [-74.00929072600606, 40.70193007131956], [-74.00869964313567, 40.70113986754241], [-74.00775549150644, 40.70154800217457], [-74.0075913620422, 40.7013280810483], [-74.00853611510774, 40.700919695745235], [-74.008349275591, 40.700669348388395], [-74.00862036163869, 40.700552163713446], [-74.00958483017605, 40.70183738556342], [-74.01118088303541, 40.70145139225388], [-74.01110775373041, 40.70127576447384], [-74.01128983905525, 40.70124998224445], [-74.01079959311006, 40.700207213007154], [-74.01115033556839, 40.700898400101124], [-74.01135836291354, 40.700851958636505], [-74.0113340941042, 40.70056835368245], [-74.01150291143712, 40.70081505897438], [-74.01172926817476, 40.70077011805986], [-74.01163147918649, 40.70045821824831], [-74.01185378549589, 40.70073892145034], [-74.01208668214693, 40.700681308739355], [-74.01185672556994, 40.700107103408584], [-74.01196196116918, 40.70003754559562], [-74.01239160032284, 40.70062052809419], [-74.01259392327508, 40.70057083347261], [-74.01261382087365, 40.70010826581126], [-74.01290881793956, 40.70052361169369], [-74.01310747847371, 40.70050745218082], [-74.0130118926586, 40.69981825663142], [-74.01311303826304, 40.69977416538285], [-74.01327349483086, 40.700496870227944], [-74.01348560832739, 40.7004782229086], [-74.01353285018102, 40.70010816142342], [-74.01367479314794, 40.70012582145101], [-74.01353047796475, 40.700311100346646], [-74.01355826959487, 40.700939870830716], [-74.01395152756511, 40.70099098246014], [-74.01422063195494, 40.700111491365895], [-74.0141523878731, 40.70057786628629], [-74.01428920741134, 40.70064414476523], [-74.01467119992007, 40.70021040119729], [-74.01432384363027, 40.700661304629875], [-74.01464323234912, 40.700817304325284], [-74.01506818269304, 40.70031825755512], [-74.01509832270126, 40.700334265523615], [-74.01467365628488, 40.70083460902858], [-74.0150211366168, 40.70099250401358], [-74.01514231812101, 40.70084289235444], [-74.01579351711152, 40.701346905807675], [-74.01714508062659, 40.70270534997635], [-74.01766881307273, 40.70359131346783], [-74.01787839340639, 40.70353850803738], [-74.01767132020267, 40.703606427383974], [-74.01757035640019, 40.70418388098674], [-74.01779454520292, 40.70423489759895], [-74.01775054986868, 40.704054882893665], [-74.01781758697946, 40.70393792249673], [-74.01795473982637, 40.70397578611135], [-74.01784441106724, 40.70424203993809], [-74.01844704670988, 40.70416235496205], [-74.01865886498044, 40.70442877929025], [-74.01748090483301, 40.70466726085802], [-74.01811302905885, 40.704553602333924], [-74.01888747947997, 40.704729142804425], [-74.01934254624474, 40.706093672527274], [-74.01912275963412, 40.7069758143376], [-74.01863058372714, 40.707139715772044], [-74.01884889814508, 40.70697031235039], [-74.0185351326967, 40.70691832201425], [-74.01819029259647, 40.7078216261101], [-74.01885500911968, 40.70804753444759], [-74.01777014254505, 40.71283457478931], [-74.01780037888393, 40.71234512415872], [-74.01662424425291, 40.712157318995494], [-74.01661840078305, 40.71275615002984], [-74.01632006627581, 40.713407982478444], [-74.01757952508993, 40.71359549038381], [-74.01772496219296, 40.71307018162288], [-74.01671018605823, 40.718624176058164], [-74.01321322719193, 40.71831571989594], [-74.01306805492318, 40.71892219382567], [-74.01290892764018, 40.71973485170661], [-74.01345505633182, 40.719801707426384], [-74.01341376512872, 40.72001948201438], [-74.01637848291482, 40.72037660883105], [-74.01630573342837, 40.7207270200383], [-74.01299980679079, 40.720333090750216], [-74.0128973027087, 40.72086804597598], [-74.01569471973286, 40.72120642487545], [-74.01562245781948, 40.7215434536739], [-74.01316066673286, 40.721253963194776], [-74.01311663311996, 40.72147373453092], [-74.01363523640495, 40.721516561134564], [-74.01361558335005, 40.72158618255959], [-74.01253875807262, 40.72150317657655], [-74.01165326569942, 40.725871761851536], [-74.01516324118423, 40.726319711936995], [-74.015170840198, 40.72657939065785], [-74.01158193997684, 40.726171034832234], [-74.0111435335986, 40.725814475973884]]]]}, "properties": {"geo_id": "101", "name": "MN 01", "borough": "Manhattan", "area_km2": 3.8738}}, {"type": "Feature", "id": 22, "geometry": {"type": "Polygon", "coordinates": [[[-73.8627202147973, 40.76667064229238], [-73.86215785661712, 40.76619175792968], [-73.859413393981, 40.762483265339476], [-73.85892056312613, 40.76240640118538], [-73.85892298182625, 40.762122346019126], [-73.85864510487953, 40.7625143959092], [-73.85888722726264, 40.76213360939878], [-73.85869110268321, 40.76222119050104], [-73.85884371506253, 40.76205876677933], [-73.85861915281873, 40.76193559699908], [-73.85765473616229, 40.7630798233513], [-73.8584153868299, 40.76345313042283], [-73.85850081255367, 40.76337643308266], [-73.8583431930898, 40.76356256095815], [-73.85839531409535, 40.76347705912193], [-73.85763896535806, 40.763099449136554], [-73.85683888701776, 40.76400017911506], [-73.85696355939805, 40.76407442786328], [-73.85667482296249, 40.76393018832551], [-73.8568029095629, 40.763980845461006], [-73.85758285470705, 40.76307290062675], [-73.85669035223, 40.762635632858924], [-73.85658675388773, 40.76272284011443], [-73.85678236897394, 40.76250827740595], [-73.85671169399481, 40.76261568695268], [-73.85760424037187, 40.763053281789155], [-73.85817631070422, 40.76239629472661], [-73.85662772941473, 40.76162906239339], [-73.85819433132532, 40.76237410798473], [-73.85858526218347, 40.76191700859629], [-73.85712133534516, 40.76118890387295], [-73.85530266029681, 40.76064958475243], [-73.85478273759597, 40.75984830026858], [-73.85344025221384, 40.759168437240675], [-73.85266339433447, 40.75839773878712], [-73.85186598797831, 40.75665599220421], [-73.85216144692167, 40.7533819947198], [-73.85189746326805, 40.75275285966746], [-73.8611170766244, 40.75002422836654], [-73.89444688750346, 40.746535270813006], [-73.8974219698374, 40.751541618216], [-73.89729378479981, 40.75214115589084], [-73.89806831793359, 40.75385336122711], [-73.897923512633, 40.754240002678266], [-73.89837417163999, 40.75437482246893], [-73.89912091444084, 40.755306291324175], [-73.89972650438982, 40.756541866817244], [-73.89985862189289, 40.75762476118384], [-73.89949119693256, 40.75867385497243], [-73.89641138403464, 40.76315008327044], [-73.89506657695074, 40.764331328290496], [-73.89432372021464, 40.76614647173559], [-73.89349605945462, 40.76595093000095], [-73.89144489747314, 40.76607465413451], [-73.89183535796347, 40.76622708004954], [-73.88881653932471, 40.76659534946191], [-73.88602554198904, 40.76728295820276], [-73.88340538017512, 40.76825883134807], [-73.87857684020065, 40.77077532064481], [-73.876966207862, 40.77134114507102], [-73.87388653313506, 40.77176030749537], [-73.87226383019136, 40.77169488432436], [-73.87071447492598, 40.77139069003703], [-73.86889382724557, 40.77064902189754], [-73.86728193815132, 40.76965000329159], [-73.86509294082853, 40.76801531524004], [-73.86321805258663, 40.766250815914965], [-73.8627202147973, 40.76667064229238]]]}, "properties": {"geo_id": "403", "name": "QN 03", "borough": "Queens", "area_km2": 7.7551}}, {"type": "Feature", "id": 23, "geometry": {"type": "Polygon", "coordinates": [[[-73.91804606958485, 40.68721324777111], [-73.90349050037075, 40.67889804853495], [-73.90331599637037, 40.67786922339934], [-73.90347422342496, 40.6755066832779], [-73.8992176082817, 40.65911140419276], [-73.89956558976087, 40.65895657561087], [-73.89963205515856, 40.65799948035238], [-73.90011715857253, 40.65675464374826], [-73.90104546033776, 40.655570598610154], [-73.90755209573506, 40.65118592573089], [-73.92439099384752, 40.666381423278004], [-73.92275257220436, 40.66709733296227], [-73.92182361015792, 40.676938358473116], [-73.91646486032269, 40.67664704054926], [-73.91630119795475, 40.67857711243375], [-73.91804606958485, 40.68721324777111]]]}, "properties": {"geo_id": "316", "name": "BK 16", "borough": "Brooklyn", "area_km2": 4.8095}}, {"type": "Feature", "id": 24, "geometry": {"type": "Polygon", "coordinates": [[[-73.84750820278065, 40.739007807039364], [-73.85130352672203, 40.73751172754279], [-73.85628567711039, 40.73642604200309], [-73.86447086311264, 40.734007274428095], [-73.87628302426637, 40.73031309391984], [-73.87969354088598, 40.72901015891622], [-73.88130917687704, 40.72868082652139], [-73.8855933098002, 40.728274439975195], [-73.88628884601466, 40.73060170311712], [-73.8883831716343, 40.73575838230886], [-73.89127017953258, 40.74142824878979], [-73.89444688750346, 40.746535270813006], [-73.8611170766244, 40.75002422836654], [-73.85189746326805, 40.75275285966746], [-73.85049891462286, 40.75012069875847], [-73.85442575253661, 40.74885172688469], [-73.85011556636418, 40.740723562798564], [-73.847801646866, 40.74004967696321], [-73.84757980718035, 40.73972135443859], [-73.84777844217429, 40.73934483524649], [-73.84750820278065, 40.739007807039364]]]}, "properties": {"geo_id": "404", "name": "QN 04", "borough": "Queens", "area_km2": 6.1074}}, {"type": "Feature", "id": 25, "geometry": {"type": "MultiPolygon", "coordinates": [[[[-73.74506031149637, 40.77914294344395], [-73.74429289711436, 40.778747261922156], [-73.74454629709695, 40.77885465064734], [-73.74481235604428, 40.77855689759709], [-73.74506031149637, 40.77914294344395]]], [[[-73.74672457084246, 40.78030652579841], [-73.74559224274127, 40.77958067926981], [-73.7458187294903, 40.779666716873606], [-73.74682065555072, 40.77937431015792], [-73.74724480713085, 40.780076344709634], [-73.74672457084246, 40.78030652579841]]], [[[-73.7487310863818, 40.7809564388989], [-73.7482491101888, 40.780764779712634], [-73.74802763336444, 40.780483149609815], [-73.74814452405515, 40.78024038030129], [-73.74735791062548, 40.77938330806449], [-73.74777892911487, 40.77911499750847], [-73.74739673412975, 40.779064125162364], [-73.74716558228887, 40.77885633334734], [-73.74679375137532, 40.779034851583766], [-73.746866256832, 40.7788775040247], [-73.74564129623779, 40.77782884870044], [-73.74534800304866, 40.77715344956248], [-73.74568769909821, 40.778152983986224], [-73.74611030250216, 40.77845507503732], [-73.74600996424537, 40.77887657289676], [-73.74540776901326, 40.77898246038239], [-73.74529068415477, 40.778864264277445], [-73.74507677183958, 40.77824908135135], [-73.74461729498216, 40.777919266815715], [-73.74523985922657, 40.77740242977604], [-73.74524624200906, 40.776962855464284], [-73.74501727404086, 40.77659781246352], [-73.7450751205001, 40.77745210064454], [-73.74466521379355, 40.7776834953802], [-73.74471768193915, 40.77748704752139], [-73.74443101629359, 40.777456153522394], [-73.74441591814141, 40.778123246439144], [-73.74408443034731, 40.77825545912614], [-73.7443344982057, 40.77843137402023], [-73.74404091457224, 40.778590104782516], [-73.74007973971888, 40.77620879539649], [-73.73937598887052, 40.77601366916746], [-73.73912362003719, 40.7757041430729], [-73.73770283622301, 40.77479358573251], [-73.72153324745767, 40.764823189587915], [-73.72097588434283, 40.76476015928898], [-73.71351828105992, 40.75983773083099], [-73.71685440444926, 40.75952551401988], [-73.71831971818752, 40.75908207567554], [-73.71998296988495, 40.758160821513144], [-73.72111001482928, 40.75711152581592], [-73.7224109479736, 40.7549201892486], [-73.7232667341128, 40.753947599497174], [-73.72641472137151, 40.75191587781291], [-73.72737889140159, 40.75102956739991], [-73.72825381049505, 40.74969372864579], [-73.72914593810157, 40.74727379981291], [-73.73062801836262, 40.74536415823958], [-73.7322691805635, 40.74381896274555], [-73.7343696584317, 40.74235159855981], [-73.73816047920391, 40.7403764358172], [-73.73901210352393, 40.73974647917534], [-73.74151636839602, 40.73686036104066], [-73.74294785789961, 40.73545655152901], [-73.74672140362712, 40.73247715064415], [-73.75048295649863, 40.729221294394065], [-73.75317946995966, 40.72760893136698], [-73.75663658046449, 40.72624641079327], [-73.7578714145791, 40.72710685148661], [-73.76234209839153, 40.72953829070148], [-73.76435071526215, 40.731151192136075], [-73.76564374465637, 40.7325331267392], [-73.76369979170165, 40.732864116848006], [-73.76471228638086, 40.73408569972392], [-73.7624953394332, 40.73473455947456], [-73.76273303467916, 40.7352621626724], [-73.76248609277276, 40.73673098195242], [-73.7655684981059, 40.743258155027405], [-73.76687853596795, 40.744093579206435], [-73.76772991425382, 40.74577622617418], [-73.77241461002662, 40.74388484522213], [-73.78036603543774, 40.74259166314679], [-73.79533772922281, 40.73849367277296], [-73.79640218706365, 40.73828235819159], [-73.796439400485, 40.738438947644816], [-73.79672497858914, 40.73841664262213], [-73.79629297291609, 40.7385523064317], [-73.79722373002814, 40.7400980347207], [-73.7972308503816, 40.74169550663619], [-73.79521257709722, 40.74349556879119], [-73.7946500481872, 40.7442480805557], [-73.794491171161, 40.74473774843188], [-73.79481531415125, 40.74842222721822], [-73.7945772699, 40.75356301133927], [-73.79237517998384, 40.75307044825971], [-73.79343991212555, 40.760764127962645], [-73.79216789384037, 40.77097668946786], [-73.79271259382875, 40.77378752736183], [-73.7916352606646, 40.77423865558605], [-73.77583958332171, 40.778612372614774], [-73.775598853662, 40.779323366123805], [-73.7706097445486, 40.78207979394086], [-73.7685805854947, 40.779876824912336], [-73.76815915444229, 40.77963595919765], [-73.76820055460027, 40.779444179191145], [-73.76716193687592, 40.77978287566085], [-73.76702392346508, 40.7800862341585], [-73.7668899470384, 40.77977943394359], [-73.76677570373936, 40.77981245869854], [-73.76816173051581, 40.779396821242194], [-73.76709113484735, 40.77684484110936], [-73.76632823258109, 40.77584305433098], [-73.76572796903928, 40.77460332809224], [-73.76417633114698, 40.7728299899403], [-73.76126301259842, 40.770395965074435], [-73.75960078092824, 40.7687232567132], [-73.75893512093695, 40.768334328516055], [-73.75864264358079, 40.767357170035645], [-73.75787030567228, 40.76694642794973], [-73.75739020803874, 40.7671666723586], [-73.75641084289751, 40.76651422276777], [-73.75650071937645, 40.76634450552077], [-73.75602210333291, 40.76646442121036], [-73.75547310439792, 40.76636558041669], [-73.75493674341264, 40.76609325213905], [-73.75410065488441, 40.76534935396471], [-73.75377036464533, 40.765304631483126], [-73.7538044144522, 40.76506822784472], [-73.75340994726432, 40.7646926596567], [-73.75219261536523, 40.763830418515276], [-73.7510743225256, 40.76176367133642], [-73.74861225072561, 40.76092780307617], [-73.74753513475056, 40.759857196187504], [-73.7465598186795, 40.75933914768864], [-73.74628904491375, 40.75905924481772], [-73.74642482955997, 40.75820966527997], [-73.7462770053958, 40.75779678490609], [-73.74611008616627, 40.75767854407595], [-73.74577582220611, 40.75784863663234], [-73.74463599057209, 40.756891175867295], [-73.74460137007021, 40.756546021685836], [-73.74458195244962, 40.75692265979895], [-73.74486618338659, 40.757204304879146], [-73.7457598495421, 40.75791351710883], [-73.74604668174611, 40.757809942869464], [-73.74631196705491, 40.75805481402295], [-73.74606214942192, 40.75876150044942], [-73.74616224371908, 40.75902479927712], [-73.74655378098826, 40.75945017403601], [-73.74749424153306, 40.759976687354914], [-73.74854146028699, 40.76138618458747], [-73.7488725496159, 40.76166805363255], [-73.74922202176387, 40.761579747083005], [-73.74917394462572, 40.761377744325536], [-73.75004042130577, 40.761576082739815], [-73.75123100280108, 40.762522495140004], [-73.7516952345571, 40.76365182736891], [-73.75251092750104, 40.76452737691886], [-73.75304571090007, 40.7648172274353], [-73.75507210849047, 40.76753310678754], [-73.75485915829503, 40.76840425245603], [-73.75439388269162, 40.76875346325141], [-73.75471391687864, 40.768795143897705], [-73.75470593716679, 40.76974152294687], [-73.7553327945919, 40.770998154653455], [-73.75553498728895, 40.77098552649457], [-73.75534216256084, 40.77102215274398], [-73.75557332649315, 40.77152912592288], [-73.75508267713646, 40.77171322899496], [-73.75511523562321, 40.77183490648716], [-73.75505920386047, 40.771719174693565], [-73.75438074757541, 40.772041271642344], [-73.75357000906135, 40.77269461612949], [-73.75336691999495, 40.77320784726102], [-73.75395573939907, 40.77430620907529], [-73.75424149999385, 40.775266830365396], [-73.75518575394327, 40.77649807083039], [-73.75485800659737, 40.77689639951659], [-73.75498193747218, 40.77704380336295], [-73.75481322893435, 40.77761903230577], [-73.75551781604536, 40.777584144522706], [-73.75551737581797, 40.777704048364356], [-73.75470837226607, 40.77771781220085], [-73.75430183540865, 40.77840611149005], [-73.75402624009541, 40.77960387939488], [-73.7530081254972, 40.78086607518866], [-73.75299839296434, 40.781289489522294], [-73.75183976284447, 40.782338278630824], [-73.75062090581851, 40.78260312130218], [-73.75020770366015, 40.78239927487963], [-73.74991806420732, 40.78193613844559], [-73.7495351467203, 40.78178059423791], [-73.7487310863818, 40.7809564388989]]]]}, "properties": {"geo_id": "411", "name": "QN 11", "borough": "Queens", "area_km2": 24.1884}}, {"type": "Feature", "id": 26, "geometry": {"type": "Polygon", "coordinates": [[[-73.88072081514191, 40.83752126502248], [-73.88201063607023, 40.835340644710605], [-73.88427060135761, 40.83259636065728], [-73.88512412844338, 40.83116108257711], [-73.8854678426454, 40.83011190444483], [-73.8857942629577, 40.82782357551426], [-73.88789510967584, 40.82674318529736], [-73.89293226101144, 40.82678703602998], [-73.8975695875859, 40.82942300083108], [-73.90129277627106, 40.820475442111785], [-73.90990894138001, 40.822551107615], [-73.91181615756736, 40.82203502241264], [-73.91756599443012, 40.82388367243262], [-73.91608782857901, 40.8248378518315], [-73.91661368442395, 40.82499230850759], [-73.91216982578263, 40.8279022214858], [-73.90597940441727, 40.838505195802746], [-73.90268810116362, 40.84458147228608], [-73.9009399942624, 40.84438498267446], [-73.90151151995714, 40.843367968965545], [-73.90033330350118, 40.84298938001632], [-73.89963749556614, 40.844233825531575], [-73.89481942561348, 40.843683770968404], [-73.89537836180732, 40.842938778956736], [-73.889417248692, 40.839422733380395], [-73.88869040830879, 40.83915802646817], [-73.88813752159338, 40.839862002384926], [-73.88659802345121, 40.83927905010867], [-73.88610978846522, 40.84047099463571], [-73.88072081514191, 40.83752126502248]]]}, "properties": {"geo_id": "203", "name": "BX 03", "borough": "Bronx", "area_km2": 4.1618}}, {"type": "Feature", "id": 27, "geometry": {"type": "Polygon", "coordinates": [[[-73.99609524522621, 40.774086186437806], [-73.98476369263244, 40.76922640070409], [-73.98431491307137, 40.76984818321356], [-73.98209271243385, 40.76889229892992], [-73.9820434166812, 40.768408210815444], [-73.98158722705399, 40.768341684459784], [-73.9814302008462, 40.76803991985312], [-73.98167269832351, 40.76775011636323], [-73.98211061467009, 40.76774447604383], [-73.99709902854308, 40.747205102042415], [-73.99141858494617, 40.74480268249635], [-73.99683993860417, 40.737360889398374], [-74.00915345169425, 40.74249618755625], [-74.00909156846193, 40.742886149072554], [-74.00962015348912, 40.74295124838993], [-74.00956843411765, 40.74325778472655], [-74.01214813183593, 40.74355930154771], [-74.01202085006399, 40.743939770208996], [-74.00951201767367, 40.74367609376045], [-74.00943800870864, 40.743971255473234], [-74.00890032962842, 40.7439179270962], [-74.00872986359421, 40.74488153782985], [-74.00961227924414, 40.74499790315071], [-74.00955832929749, 40.74528882529887], [-74.00991660813456, 40.74532725500723], [-74.00999822601715, 40.74495505930228], [-74.0098721108548, 40.74491650212594], [-74.01016790535392, 40.744942329709765], [-74.01003848384612, 40.74496345807833], [-74.0099739502192, 40.745323135109416], [-74.01046920011868, 40.74538676602916], [-74.0105504475589, 40.74501305720761], [-74.01041937209388, 40.74497682417123], [-74.01076419780692, 40.745005032020956], [-74.01058579200931, 40.74502044656174], [-74.01053106537704, 40.745382050389644], [-74.01110359804885, 40.745447670244126], [-74.01117183119825, 40.74507825828352], [-74.01104459150831, 40.74504621240219], [-74.01138769974182, 40.74507311268278], [-74.0112303805723, 40.74507583066286], [-74.0111541917691, 40.74544637808411], [-74.01173958552815, 40.745519918190354], [-74.01179527645735, 40.74515466698517], [-74.01167067583798, 40.74511397733999], [-74.01183642872417, 40.74512596367891], [-74.0117827582809, 40.74560157225559], [-74.01167885505596, 40.74597946181612], [-74.00946389855972, 40.74575014365962], [-74.0093636273423, 40.74633560197741], [-74.01159123434022, 40.74660150547614], [-74.01148373087554, 40.74699058876545], [-74.00924314658675, 40.7467627907539], [-74.00913736259926, 40.74735976280317], [-74.0114067393552, 40.74763055006822], [-74.0113035299375, 40.748014571909074], [-74.00905847901343, 40.74778564533301], [-74.00894606502322, 40.74841189316889], [-74.01121561813416, 40.74867799224373], [-74.01110891182985, 40.749049875919766], [-74.0099481793803, 40.74893198800587], [-74.00956174747358, 40.7499699751995], [-74.00925340917918, 40.749985205722105], [-74.00910453215725, 40.750371069730505], [-74.01067737532614, 40.751022674477085], [-74.01056463476439, 40.75132146210147], [-74.00900098259454, 40.75064818378276], [-74.00853256925024, 40.7518836093045], [-74.00914082120002, 40.75209759409922], [-74.0086511593681, 40.75193951261581], [-74.00910757975159, 40.75213971211202], [-74.00905774009662, 40.75221435124337], [-74.00892887650475, 40.75214400187035], [-74.00858095760466, 40.75204388241179], [-74.0093408924528, 40.752355609545724], [-74.008478955728, 40.75201857192007], [-74.00842636447226, 40.75215785023945], [-74.0099905581975, 40.75281618714928], [-74.00997058797022, 40.75293356415334], [-74.00879210090847, 40.7523521383797], [-74.00868792219572, 40.752493998628566], [-74.00835352838843, 40.75235073934249], [-74.00761949611852, 40.75428184177427], [-74.00774404830214, 40.754336801931885], [-74.00759618989146, 40.75453055073434], [-74.00747157990921, 40.754477019921445], [-74.00728499944323, 40.75473556820334], [-74.00741362036906, 40.754789302669614], [-74.00727181174769, 40.7549855945354], [-74.00714468360972, 40.754932481173604], [-74.00541885841005, 40.75732314034936], [-74.00521187705773, 40.75723199854007], [-74.00480392560185, 40.75780984316488], [-74.00527894797891, 40.75802855492844], [-74.0050310513664, 40.758357016473305], [-74.00700358904015, 40.75923187034123], [-74.00650687640183, 40.75989203231737], [-74.00450483093914, 40.75908499655288], [-74.00420629125391, 40.759501707688564], [-74.00390742032769, 40.75937569218368], [-74.00380657835007, 40.759510731466186], [-74.00424697128062, 40.759699214171576], [-74.00414863814689, 40.759835914170964], [-74.00431889425076, 40.75991068576361], [-74.00366891453541, 40.75970596957674], [-74.00357251040076, 40.75984655897331], [-74.00392854933564, 40.76000301972061], [-74.00313338991401, 40.76107834509648], [-74.00278691552613, 40.76092896970349], [-74.00233528130057, 40.7615437270018], [-74.00455641560922, 40.76252426502523], [-74.00439976203518, 40.76267135909899], [-74.0022008207327, 40.76172843222664], [-74.00153309066981, 40.76264459812778], [-74.00375735037694, 40.76358224164074], [-74.00361214794175, 40.7637770439099], [-74.001386036986, 40.762850095002065], [-74.00097308022016, 40.76342027172584], [-74.00314976988994, 40.76433288868739], [-74.00294809515722, 40.764616835931506], [-74.00322275585363, 40.764638037670395], [-74.00314652966799, 40.76473628138387], [-73.99992712367728, 40.763406528479514], [-73.99962263458187, 40.76355908121064], [-73.99915098087908, 40.76420525958287], [-74.00228802371481, 40.76556154379539], [-74.00202454330335, 40.765893266570565], [-73.99888473174988, 40.76456937704867], [-73.99857638530538, 40.76499860727096], [-73.99868870694561, 40.76520857045002], [-73.9982709030835, 40.76555223341343], [-74.00157335385268, 40.76697719221087], [-74.00131469636004, 40.76725112005011], [-73.99806675905354, 40.76587188113588], [-73.99737808447966, 40.76682338587715], [-74.00064950530418, 40.76824523610574], [-74.00038586489076, 40.76850419593204], [-73.99715588949212, 40.76712869617297], [-73.9964571540504, 40.76809881579582], [-73.99973590247853, 40.7695061773317], [-73.99947253734024, 40.76976421547192], [-73.99707176039311, 40.76873264357703], [-73.99715035477146, 40.76884738771358], [-73.99657126439577, 40.769424568274005], [-73.99902682832902, 40.77046327298224], [-73.99876206914315, 40.77082505670939], [-73.99631327022085, 40.76979883633659], [-73.99588004351685, 40.770400579515005], [-73.99601693196199, 40.77045484888637], [-73.99590077425034, 40.77061312350113], [-73.99576733283618, 40.77055459595407], [-73.99542474436302, 40.771031615168134], [-73.99600175749052, 40.77130746533072], [-73.99589990100937, 40.77145029858229], [-73.99530566365357, 40.77119600490969], [-73.99492582120637, 40.77151604240567], [-73.9949768849473, 40.771658774923495], [-73.99707328169315, 40.77254286890211], [-73.9968729144914, 40.77281748122877], [-73.99477407930823, 40.77192954753038], [-73.99444501293384, 40.77237712658849], [-73.99622972001936, 40.773128975045495], [-73.99612087994667, 40.773275391093186], [-73.99416328456306, 40.772487191021455], [-73.99383108203092, 40.77293178785083], [-73.99413665258861, 40.77290187017444], [-73.99437655275096, 40.773039551101554], [-73.99429402982382, 40.77315624399199], [-73.99502327586075, 40.77348119657636], [-73.99505028469918, 40.773297153190036], [-73.9962406518988, 40.77378979139785], [-73.99606316808179, 40.77388688661024], [-73.99617945997379, 40.77398695435169], [-73.99609524522621, 40.774086186437806]]]}, "properties": {"geo_id": "104", "name": "MN 04", "borough": "Manhattan", "area_km2": 4.581}}, {"type": "Feature", "id": 28, "geometry": {"type": "Polygon", "coordinates": [[[-73.96670106890302, 40.8041684769373], [-73.95817297103875, 40.80058254095497], [-73.98167943639396, 40.76839013093633], [-73.9820434166812, 40.768408210815444], [-73.98209271243385, 40.76889229892992], [-73.98431491307137, 40.76984818321356], [-73.98476369263244, 40.76922640070409], [-73.99393694248319, 40.773179510967104], [-73.99262266386542, 40.77497405603712], [-73.99226708903541, 40.77511603385873], [-73.9920590849371, 40.775497598695026], [-73.99238604296033, 40.775557179922245], [-73.99092717414969, 40.77756687876315], [-73.99039616003651, 40.77758506567923], [-73.98886861740003, 40.77969292291159], [-73.99155105922745, 40.77957482093496], [-73.99141982585964, 40.77975528028724], [-73.98888614411696, 40.77987889853291], [-73.98891926146842, 40.78022609434386], [-73.98821042083165, 40.78122548254226], [-73.98807644914505, 40.78165093500181], [-73.98546581197026, 40.78536070057562], [-73.98617270496545, 40.786068452258874], [-73.98711901394266, 40.78521031850171], [-73.98612842248589, 40.78623900133132], [-73.98542932126942, 40.78541394218482], [-73.98508113773205, 40.78592193511063], [-73.98576566029752, 40.78619627485881], [-73.98568287192252, 40.78630978621333], [-73.98501696406484, 40.7860142376984], [-73.98465507883023, 40.786534741808154], [-73.98594956155668, 40.786487113464126], [-73.98581237352651, 40.786616865357274], [-73.9846194285841, 40.786586016350014], [-73.97110765852304, 40.80579013967689], [-73.96670106890302, 40.8041684769373]]]}, "properties": {"geo_id": "107", "name": "MN 07", "borough": "Manhattan", "area_km2": 4.938}}, {"type": "Feature", "id": 29, "geometry": {"type": "Polygon", "coordinates": [[[-73.92872204594605, 40.664495569685464], [-73.93160218672786, 40.663230444400774], [-73.93090354932272, 40.65661035598434], [-73.9596966586306, 40.65483921472639], [-73.95986103179125, 40.65563478893716], [-73.96188086439798, 40.654881192052414], [-73.96308145444448, 40.662196726707045], [-73.96293049790583, 40.66256904313256], [-73.96224973835139, 40.66319867819516], [-73.96095595453626, 40.66328505483443], [-73.96257123084727, 40.67162224488748], [-73.95526963654763, 40.67012490485427], [-73.92834967165896, 40.6686471946909], [-73.92872204594605, 40.664495569685464]]]}, "properties": {"geo_id": "309", "name": "BK 09", "borough": "Brooklyn", "area_km2": 4.2099}}, {"type": "Feature", "id": 30, "geometry": {"type": "Polygon", "coordinates": [[[-73.90755209573506, 40.65118592573089], [-73.91593086243834, 40.645774695238146], [-73.9232982444733, 40.63992322116602], [-73.92558673719881, 40.63842609901888], [-73.93801453737316, 40.63209046662803], [-73.94102889269985, 40.63130958741556], [-73.9455109552195, 40.63079148290151], [-73.9458677359317, 40.63411754815999], [-73.94777330394353, 40.633998156194906], [-73.94826499656885, 40.638607189706995], [-73.9511598853806, 40.63841789940738], [-73.95394172535894, 40.638494724942056], [-73.95412641170893, 40.639161299282826], [-73.95473024770416, 40.64477257836185], [-73.95565196240852, 40.64663041014475], [-73.9558251843973, 40.65052980807902], [-73.95630035122711, 40.65504828183134], [-73.93090354932272, 40.65661035598434], [-73.93160218672786, 40.663230444400774], [-73.92439099384752, 40.666381423278004], [-73.90755209573506, 40.65118592573089]]]}, "properties": {"geo_id": "317", "name": "BK 17", "borough": "Brooklyn", "area_km2": 8.7161}}, {"type": "Feature", "id": 31, "geometry": {"type": "Polygon", "coordinates": [[[-73.897923512633, 40.754240002678266], [-73.89806831793359, 40.75385336122711], [-73.89729378479981, 40.75214115589084], [-73.8974219698374, 40.751541618216], [-73.89127017953258, 40.74142824878979], [-73.88770199270428, 40.73429132275877], [-73.88910318982454, 40.7345923964626], [-73.89278405666076, 40.73449596224911], [-73.89492421774443, 40.735007721681576], [-73.89830799682723, 40.735194184325856], [-73.89922944768975, 40.735111598271686], [-73.90009738990209, 40.734818505802515], [-73.9006625049975, 40.734422597622725], [-73.90518057919772, 40.72895657697393], [-73.90716705244449, 40.727388653787465], [-73.91257187743852, 40.72323963495005], [-73.91655468012755, 40.722005506480585], [-73.9205319840045, 40.722940342393024], [-73.92027538340737, 40.72366078553608], [-73.92228620280889, 40.72418128643502], [-73.92419217991154, 40.724275741693575], [-73.92490316165183, 40.72450657567162], [-73.92655663912397, 40.725669065287406], [-73.9285567608544, 40.727844828185745], [-73.92923485876166, 40.72826016576123], [-73.93129800153325, 40.72872544111279], [-73.9345317637569, 40.72910480653514], [-73.93644563967128, 40.72967214559876], [-73.93804478507167, 40.73050996784624], [-73.93911054574816, 40.73137980652573], [-73.93991049829695, 40.73327632836195], [-73.94003200991102, 40.733245044305896], [-73.94016538640956, 40.73348637434488], [-73.94001807012909, 40.73354044127544], [-73.94006709327039, 40.73376215298028], [-73.94086498592704, 40.735070409091236], [-73.94162472636474, 40.73584144233838], [-73.94359480342638, 40.73671778977375], [-73.94594095987217, 40.73750507655413], [-73.94463860064806, 40.73813835254227], [-73.94257885812198, 40.738816020268715], [-73.94280384267618, 40.73886154695899], [-73.94255612805293, 40.739020865746824], [-73.94146173463167, 40.739248583627315], [-73.94050888805725, 40.740113941753286], [-73.94036159285046, 40.74033534565838], [-73.94056144969083, 40.74041832293436], [-73.93910874138092, 40.74261703567943], [-73.93866991753195, 40.7425340820251], [-73.93858786976786, 40.74293088268765], [-73.94001922975666, 40.743208272210886], [-73.94014858521224, 40.74283244146021], [-73.93965301521378, 40.742731087095805], [-73.94118816696206, 40.74029021779213], [-73.94183504992716, 40.739692620714244], [-73.94259666844879, 40.73939514780302], [-73.94279045640073, 40.7391937212045], [-73.94270608992112, 40.73911506297883], [-73.94382272277534, 40.73887153786564], [-73.94548236590117, 40.73820703129393], [-73.94715087181176, 40.73790012334491], [-73.95138071451841, 40.73933647729522], [-73.95379878808681, 40.73981986577472], [-73.95741470766, 40.739556582011744], [-73.96006757901841, 40.7384837496239], [-73.96072580373679, 40.73808017017932], [-73.96216505619311, 40.73827253825914], [-73.96213146112954, 40.73845107065091], [-73.96260819816908, 40.73879553905696], [-73.96243079005264, 40.73967148058549], [-73.96220916557884, 40.740006174995884], [-73.9617904826309, 40.740013130417005], [-73.96124697945471, 40.740423596612736], [-73.96193750086432, 40.74079487881608], [-73.96180397423018, 40.74109767347216], [-73.96121862852013, 40.741107860130334], [-73.96107392567998, 40.741694504752296], [-73.9613648658307, 40.74183719790203], [-73.96110814501434, 40.74182802540549], [-73.96155253168956, 40.741993261407345], [-73.96119029789023, 40.74264485525986], [-73.96097168385481, 40.74275405426387], [-73.96054252040626, 40.74346639397166], [-73.95977470797814, 40.74350468370064], [-73.95970598360812, 40.74385865006135], [-73.96001568928234, 40.743920109801245], [-73.95994685233357, 40.743784575895276], [-73.96012375375955, 40.74393920790268], [-73.96005765843071, 40.74380367501256], [-73.96056856858495, 40.74402966608301], [-73.95963225023962, 40.74393463191431], [-73.9593910660958, 40.74428332424144], [-73.95972855228645, 40.74427211561957], [-73.96015525517691, 40.74436878260574], [-73.96012600962386, 40.744443936991644], [-73.95923368945685, 40.744310043026665], [-73.9587753700448, 40.744555599863595], [-73.95944240940852, 40.74460422061233], [-73.95938938708186, 40.7447099543814], [-73.95887919943334, 40.74462433145484], [-73.95875854834802, 40.74494500525302], [-73.95963675133882, 40.7452031697385], [-73.95849389303119, 40.74498786491641], [-73.9584525226965, 40.74511901182233], [-73.95925084238479, 40.74531552963254], [-73.95933786844708, 40.745507606896076], [-73.95905935607946, 40.74575336834654], [-73.95850227459322, 40.74576497421799], [-73.95914371692935, 40.746000603678645], [-73.95751889321009, 40.748303619592434], [-73.9578395394205, 40.74833800337541], [-73.9576883184342, 40.748535026871835], [-73.95749344070785, 40.74833646476331], [-73.95704097342924, 40.74892035087422], [-73.95485394268036, 40.748040794641135], [-73.95415161163933, 40.7480144114449], [-73.9543647478346, 40.74795117253389], [-73.95318382492859, 40.747734811961124], [-73.95305375571401, 40.74808748722947], [-73.95478387869808, 40.748427687773386], [-73.95632162509666, 40.74908155393246], [-73.95601160302711, 40.749373994226886], [-73.95622199020691, 40.749517303030586], [-73.95600065094617, 40.74938370320937], [-73.95576039140938, 40.749596659530376], [-73.95620136867242, 40.74968563282158], [-73.95546436936405, 40.749674213082805], [-73.95534928514448, 40.75001385690411], [-73.95513239152478, 40.749926424332486], [-73.95520275040874, 40.74967653740964], [-73.9550665256017, 40.74963273037559], [-73.95451584573388, 40.75058669897693], [-73.95465000413118, 40.75083104095966], [-73.95449858097594, 40.75122583574058], [-73.95292971005249, 40.75276364940441], [-73.95080763818348, 40.755263680114496], [-73.94911295199473, 40.7545236203243], [-73.9487795492734, 40.75489041870138], [-73.94369877940004, 40.75267277401875], [-73.94403580370886, 40.75262661997481], [-73.9438353681251, 40.75253012255471], [-73.93742973635655, 40.749751093780596], [-73.93729600790647, 40.74952049836857], [-73.93739653782151, 40.748916439963494], [-73.93686355668945, 40.748421263647685], [-73.93393939417153, 40.75026964577674], [-73.93151912066561, 40.75115245567117], [-73.92463369536247, 40.75164334566207], [-73.92255043067752, 40.751576479635304], [-73.92161208091362, 40.75137155212482], [-73.92101480198528, 40.75097260997024], [-73.92053900150496, 40.74975082785278], [-73.91525600931422, 40.75084562644847], [-73.91314339244947, 40.750967052175945], [-73.90984318646106, 40.75163867983069], [-73.91034111867039, 40.7526768155198], [-73.91067474897119, 40.75299507632501], [-73.897923512633, 40.754240002678266]]]}, "properties": {"geo_id": "402", "name": "QN 02", "borough": "Queens", "area_km2": 13.0074}}, {"type": "Feature", "id": 32, "geometry": {"type": "Polygon", "coordinates": [[[-73.87518850162601, 40.87157575681226], [-73.87619257550195, 40.87047695670125], [-73.87694351958872, 40.86995468157159], [-73.88801469388427, 40.863888948596205], [-73.88927273655084, 40.86291639920819], [-73.89067451693647, 40.861320072680854], [-73.89177188799202, 40.86187171675027], [-73.89285169155296, 40.86183219349595], [-73.89693899685136, 40.86244292975122], [-73.89943670840407, 40.862116912065716], [-73.90107967017725, 40.86275638342314], [-73.90390816669436, 40.858367585816104], [-73.90777484290884, 40.859609519622246], [-73.90966747830913, 40.85748494865335], [-73.91030880851136, 40.858409326605155], [-73.91072104322669, 40.85870623223429], [-73.91403607887659, 40.85994195332954], [-73.91467480712001, 40.85971240616232], [-73.91576213210938, 40.86064463729312], [-73.91480934325483, 40.86171418964591], [-73.91481817405302, 40.86189908898309], [-73.91341462193655, 40.86336749370088], [-73.91276271995461, 40.86302917415775], [-73.91227278976977, 40.86363214899687], [-73.91279762128941, 40.86389887543301], [-73.91252604516806, 40.86379522383795], [-73.91267634020384, 40.8640211116026], [-73.91044282741956, 40.866527868348236], [-73.90949664378522, 40.86883115664108], [-73.90893714929898, 40.87101984030901], [-73.90864943111376, 40.871385783802936], [-73.9089323517538, 40.87215734797027], [-73.90951136328019, 40.87297738359861], [-73.91065439249631, 40.87397594306073], [-73.91026971088718, 40.87427181454431], [-73.90973487229863, 40.8746381440672], [-73.908555795888, 40.8737754439231], [-73.90571425362508, 40.87313832210195], [-73.9046772820841, 40.872619878995984], [-73.90444007325019, 40.87233032825184], [-73.90448860489711, 40.870578548547854], [-73.90374975893964, 40.869595627140264], [-73.90235804780234, 40.86869612095305], [-73.89996575648385, 40.868017301510505], [-73.8993385117239, 40.869228028104935], [-73.89778962270478, 40.87085664339871], [-73.8914069633233, 40.87896944624657], [-73.88997537554076, 40.880233131422344], [-73.88836487605003, 40.882267541862035], [-73.88706962783775, 40.88247689606632], [-73.88705142602338, 40.8843495758468], [-73.88421696443181, 40.88319772805865], [-73.88368336856524, 40.88315761533159], [-73.88274833294655, 40.883397386801185], [-73.88124422541554, 40.882709633005746], [-73.87814944634516, 40.88687380736496], [-73.87800124881178, 40.887447195726615], [-73.87783857001065, 40.887094521176536], [-73.87760676546273, 40.88452304361992], [-73.87772817661512, 40.88345419508468], [-73.8781257522779, 40.88215368497465], [-73.87470255556498, 40.88155382355682], [-73.87479240731997, 40.880075128387986], [-73.8749458975559, 40.879947668792916], [-73.87083567840251, 40.88045411427935], [-73.87015318597265, 40.880350827058166], [-73.87160718695047, 40.876921572510135], [-73.87255250900334, 40.875175183326085], [-73.87518850162601, 40.87157575681226]]]}, "properties": {"geo_id": "207", "name": "BX 07", "borough": "Bronx", "area_km2": 4.9525}}, {"type": "Feature", "id": 33, "geometry": {"type": "Polygon", "coordinates": [[[-73.85168459747828, 40.83420105235049], [-73.83961487238459, 40.835610568868496], [-73.83959437645343, 40.835088907695734], [-73.83945783797584, 40.83500610569212], [-73.83961993115035, 40.83480098193759], [-73.83947693916859, 40.83481730507682], [-73.83960456408784, 40.834730151286294], [-73.83941220244705, 40.834600065106656], [-73.83959266755038, 40.83456047564572], [-73.83959108452291, 40.83404168809076], [-73.83992048478677, 40.83332079479963], [-73.84181725912111, 40.831726193654816], [-73.84221334664694, 40.83155050727734], [-73.8427588429378, 40.830818484142995], [-73.84310691599906, 40.829794139320036], [-73.84303394542385, 40.82893498494027], [-73.84253325730944, 40.827527304148624], [-73.84044970316309, 40.82334556649682], [-73.84046603526154, 40.82308002358396], [-73.84001752995842, 40.822190242623094], [-73.83982926241693, 40.821571501496216], [-73.84010069135861, 40.82032276172785], [-73.83999860407302, 40.81993494731582], [-73.84028911944895, 40.81980770455402], [-73.84036528525614, 40.819577750024415], [-73.84198684834045, 40.81877437390833], [-73.84209366311855, 40.81805954295175], [-73.84306379033737, 40.816558645026895], [-73.84316992763719, 40.81605105501356], [-73.8437405300036, 40.81532169954218], [-73.84528019236559, 40.81177811674581], [-73.84576561702227, 40.81158227884215], [-73.84617302872054, 40.8106766644306], [-73.84719684509648, 40.810580487614345], [-73.84821486515708, 40.81246290899589], [-73.84938556147976, 40.81323686534521], [-73.85041066820003, 40.813584024391226], [-73.85060246203962, 40.813930199539655], [-73.85159325007994, 40.81430438675043], [-73.85243707672895, 40.81430267449521], [-73.85225832249284, 40.81449313256411], [-73.85280004243604, 40.81444029947168], [-73.85301328287127, 40.814584423623714], [-73.85284208707412, 40.81434333708369], [-73.85265496045065, 40.8143380795577], [-73.85261815190952, 40.81405869212329], [-73.85297962704787, 40.81387348449555], [-73.852913985456, 40.81368940370177], [-73.8533685786882, 40.813593903136464], [-73.85434655584972, 40.81386385791429], [-73.85514695315328, 40.81436899479914], [-73.85538030243687, 40.814288882082884], [-73.85443075596599, 40.81371791906994], [-73.85346774058634, 40.81347771110623], [-73.85255739434929, 40.81373533465535], [-73.85119997725185, 40.81355314437632], [-73.84965010447105, 40.81275188179518], [-73.84914506615208, 40.812298793621224], [-73.84906301850043, 40.811905358232195], [-73.84938420255824, 40.81128707476776], [-73.84917358424852, 40.810924340784176], [-73.84979804522021, 40.810032877885234], [-73.8499089230631, 40.80966012208959], [-73.84976705103755, 40.80966912000883], [-73.84976011634078, 40.80964521322063], [-73.84991938701836, 40.80962666592703], [-73.85002012324544, 40.80925403953022], [-73.84984662518079, 40.80925232875319], [-73.85004241612907, 40.80921540848781], [-73.8499673290538, 40.8088755124546], [-73.84972865358641, 40.80887511163899], [-73.8499511693801, 40.808714720172375], [-73.84955076934942, 40.80872086751106], [-73.84995355606381, 40.80869340607654], [-73.84996696802705, 40.808578019346385], [-73.84961166420388, 40.808124185051376], [-73.84876007745984, 40.80833745779323], [-73.84870962479235, 40.80824047041919], [-73.84952218256849, 40.80805527721782], [-73.8484164096165, 40.807368775795496], [-73.84828024018296, 40.80685240504789], [-73.84837953721414, 40.80636018633473], [-73.84753621975597, 40.80592640279534], [-73.8474882264191, 40.805448909149334], [-73.84790298652742, 40.80500217939745], [-73.84864784606214, 40.80469937148052], [-73.84874317212855, 40.804896259686295], [-73.84894604005996, 40.8047621689949], [-73.84933382307936, 40.80505121826194], [-73.84941036337717, 40.80466797627579], [-73.8494285272771, 40.805059828140756], [-73.84982107183848, 40.805094430843624], [-73.84997722709183, 40.80505959498203], [-73.85019839036417, 40.80451002497411], [-73.85204922599488, 40.804599116241185], [-73.85538879311191, 40.804464427294405], [-73.85605162931236, 40.80458742958434], [-73.8566181343632, 40.80486557116394], [-73.856397852059, 40.80494683571352], [-73.85569047098377, 40.80467656557571], [-73.85556358433823, 40.80478499633251], [-73.85560497039725, 40.80506215703507], [-73.85612542563311, 40.80528168125097], [-73.85724491988569, 40.80530723811626], [-73.85667579658389, 40.804995370320974], [-73.85683421024453, 40.80490927071551], [-73.85889037502379, 40.80588949067536], [-73.8588264323911, 40.80599319272269], [-73.85850560039155, 40.80581954279294], [-73.8583148770697, 40.805998591514935], [-73.85861191901094, 40.80669751353793], [-73.8589347172643, 40.806674358666065], [-73.85908475852669, 40.80648021816366], [-73.85887709403082, 40.80598850860351], [-73.85919545024477, 40.806269877829884], [-73.8593660233232, 40.80667568320798], [-73.85940191920201, 40.80752959133741], [-73.85925775276075, 40.80754267300794], [-73.8591586814882, 40.806878974649344], [-73.85866505169193, 40.806832751495776], [-73.85838996228814, 40.80825880914896], [-73.85877452654532, 40.809233975135704], [-73.85895141221778, 40.8102714175867], [-73.85907662566417, 40.80997555810229], [-73.86012695235584, 40.80960549989145], [-73.85954059862482, 40.809019702446506], [-73.85932919264883, 40.80899654046333], [-73.85938982010826, 40.808163768732584], [-73.85982230438606, 40.809113247449886], [-73.860659658153, 40.80963190304205], [-73.86440333379524, 40.81027598643777], [-73.86765646284466, 40.810583761937345], [-73.86976955850037, 40.81342369975734], [-73.87077804885936, 40.814486895487974], [-73.8717160645012, 40.814922335490365], [-73.8765199603363, 40.81613106342433], [-73.87663459963709, 40.81571150809934], [-73.87806283262127, 40.81618263244426], [-73.88244779619134, 40.8192683220098], [-73.88429488211209, 40.82271820526817], [-73.8846445070049, 40.82381427370176], [-73.88438705287568, 40.82681728353236], [-73.88378414134571, 40.82827429246255], [-73.88502638846101, 40.82818715774442], [-73.8857942629577, 40.82782357551426], [-73.8854678426454, 40.83011190444483], [-73.88512412844338, 40.83116108257711], [-73.88427060135761, 40.83259636065728], [-73.88201063607023, 40.835340644710605], [-73.88072081514191, 40.83752126502248], [-73.87935236329746, 40.83703491624662], [-73.87751585233877, 40.83662995451991], [-73.8737730873982, 40.83635875194031], [-73.87277204658531, 40.8397512823362], [-73.86920766882209, 40.83960004671199], [-73.86724818955624, 40.84034380437121], [-73.86347232379067, 40.841305932707414], [-73.85333524942047, 40.84247015515494], [-73.85168459747828, 40.83420105235049]]]}, "properties": {"geo_id": "209", "name": "BX 09", "borough": "Bronx", "area_km2": 10.6175}}, {"type": "Feature", "id": 34, "geometry": {"type": "Polygon", "coordinates": [[[-73.9692929641454, 40.707093331095905], [-73.96838331404915, 40.706829373393475], [-73.96720962042622, 40.70425570915349], [-73.96217978089145, 40.700220710604356], [-73.96283963716343, 40.698038668340025], [-73.96189837824244, 40.69818833253169], [-73.9617499483519, 40.696846168905736], [-73.96029281668113, 40.690346249915606], [-73.95829216807752, 40.67983113399758], [-73.96753196699646, 40.681768783617585], [-73.96767828378199, 40.68095545531167], [-73.97620908230067, 40.68272954968124], [-73.97876022462926, 40.68376544448331], [-73.98046155443677, 40.681222546757006], [-73.98285436075183, 40.68214896346191], [-73.98241638197145, 40.68278056609882], [-73.98437410797827, 40.683542454872025], [-73.98479805243349, 40.68290922903039], [-73.98699520009434, 40.68376501032032], [-73.98656303359638, 40.68438875563924], [-73.98871156032757, 40.68522461847975], [-73.98912840728988, 40.68458945307363], [-73.99392929615883, 40.6864528716492], [-73.99236367043248, 40.68969012377716], [-74.00062303530208, 40.69204149066767], [-74.00077305722617, 40.69189575732643], [-74.00179431981029, 40.69218477678905], [-74.0017436211104, 40.69240674970565], [-74.00400795971098, 40.69320819963255], [-74.00345348556655, 40.69405163067151], [-74.00127014968672, 40.69329606217649], [-74.0009586848302, 40.69406908358239], [-74.00301393829082, 40.69477784447932], [-74.00239802583796, 40.69571165536724], [-74.00026872377788, 40.6949658025781], [-73.99941302433207, 40.696357676956055], [-73.99947406820606, 40.696704134462166], [-73.99918199016862, 40.696885188567514], [-73.99899604139195, 40.69681227837313], [-73.99876458027705, 40.69712073309417], [-74.00104903123558, 40.69790823619499], [-74.00048768628551, 40.6987577781373], [-73.99837760685772, 40.698063296146266], [-73.99802102725111, 40.69876173657397], [-74.0000184043362, 40.69946604807382], [-73.99947463904962, 40.70032277801851], [-73.9974989831, 40.69963886932142], [-73.99716054243922, 40.69979281264431], [-73.9972446280566, 40.70014140989724], [-73.99669768997464, 40.70087697691724], [-73.99813879965494, 40.70151878774599], [-73.9961922729477, 40.7033771413669], [-73.99513826840686, 40.70297411472301], [-73.99504592748325, 40.70313183979974], [-73.99544564246025, 40.70327530597451], [-73.99529346700933, 40.70355406589816], [-73.99480038274864, 40.70329195864475], [-73.9946629034361, 40.70343060855936], [-73.99502925982488, 40.70380820086821], [-73.99471424235152, 40.70399668906109], [-73.99477614353458, 40.70424586105254], [-73.99456979016932, 40.7043762635141], [-73.99386341031877, 40.704556007433204], [-73.99377457207805, 40.70444945740894], [-73.99350881403609, 40.70462350527417], [-73.99212703535068, 40.70468964203369], [-73.99212100639087, 40.70439620157808], [-73.99186159189317, 40.704086642104556], [-73.99094755350794, 40.70403244213939], [-73.99022721196012, 40.70493404448724], [-73.98830332208541, 40.70454046895521], [-73.98828999111286, 40.7050706589978], [-73.98795676557543, 40.705134217412734], [-73.98687252212638, 40.70515727738632], [-73.98652972946046, 40.70497909917388], [-73.98643429892708, 40.70534860741984], [-73.98343806287949, 40.70564409484805], [-73.98336819944146, 40.70546106507677], [-73.98245956872238, 40.705508797225534], [-73.98242287179878, 40.70582205545215], [-73.9810239061828, 40.70589891389373], [-73.98101733900947, 40.70579750646794], [-73.98230205183879, 40.70573697939983], [-73.98232944216603, 40.7055520336642], [-73.98092510311987, 40.70536925520069], [-73.98090864563804, 40.70590794381198], [-73.97955918487244, 40.705743615250014], [-73.97905049904112, 40.705966963591806], [-73.97893110285543, 40.70592490572794], [-73.97906084911834, 40.70594602894106], [-73.9792433349359, 40.705551196377705], [-73.97896355081068, 40.70550219650449], [-73.97881909040053, 40.705862467582065], [-73.97892765823747, 40.70549619916925], [-73.97873829486635, 40.70546306467228], [-73.97863906658571, 40.705830648221955], [-73.97868440584472, 40.705454177108074], [-73.97864529228853, 40.70559102159582], [-73.97846557848965, 40.70556222186459], [-73.97839230543768, 40.705970682310976], [-73.97885303360727, 40.70606553478217], [-73.97834474852871, 40.705999964987754], [-73.97853198820691, 40.70487652342981], [-73.97802067326656, 40.704290966456334], [-73.97721196339239, 40.70421392662441], [-73.97751215494964, 40.70319675266364], [-73.97713562625398, 40.70300558140269], [-73.97623864768488, 40.704775644190875], [-73.97596096344817, 40.70471550694328], [-73.97692749188352, 40.70279782040056], [-73.97615937292022, 40.70217128035703], [-73.97553456489742, 40.70304280880587], [-73.97532987393983, 40.70295192433845], [-73.97600587845464, 40.70194613327937], [-73.97550083176424, 40.70175830896581], [-73.97540348224568, 40.7019111475677], [-73.9745502338837, 40.70159034380239], [-73.97579951831469, 40.699752418001054], [-73.97574761001927, 40.69959519527502], [-73.97535997932667, 40.69958051884197], [-73.9741151399254, 40.70130527091706], [-73.97292642848618, 40.70029455342787], [-73.97257311967203, 40.70008205612111], [-73.97239201397458, 40.70016632275242], [-73.973757007132, 40.701534138881996], [-73.97318676670898, 40.701669803673866], [-73.97097896857521, 40.6998564576524], [-73.97080524432843, 40.7000975003425], [-73.9733245610394, 40.70241265601088], [-73.97283512788735, 40.70272874074414], [-73.96982556559531, 40.70024507036818], [-73.96948655218107, 40.700519060755745], [-73.97283889974975, 40.70334642809948], [-73.97266938433755, 40.70350138043131], [-73.96924539207357, 40.701364741883694], [-73.9689347481843, 40.70161586820745], [-73.96898517428966, 40.701747088786725], [-73.9723124627611, 40.703844539538764], [-73.97215798824992, 40.70397020762625], [-73.97145657354827, 40.703508715924755], [-73.97110342298832, 40.70345973583993], [-73.97093307886317, 40.70362477255154], [-73.97101963118536, 40.70381561318393], [-73.9746556960806, 40.70607426249181], [-73.97439083502323, 40.70632577414489], [-73.97339230539548, 40.70573321164145], [-73.97254880057797, 40.70620449050653], [-73.97462966604422, 40.70768106076842], [-73.97423616968535, 40.70802438612255], [-73.97122492912246, 40.705789899911196], [-73.97109655489108, 40.7058500565584], [-73.97105692306182, 40.706946433816846], [-73.97275756998357, 40.708831279050386], [-73.97232032073758, 40.709082883806815], [-73.97026218532285, 40.70688750428424], [-73.97048881848579, 40.70540066562206], [-73.9701689450992, 40.70536185340743], [-73.970180755728, 40.70492927056703], [-73.96762114779925, 40.70334850569708], [-73.9674767449303, 40.703949870956436], [-73.96929693837713, 40.70508833122986], [-73.9692929641454, 40.707093331095905]]]}, "properties": {"geo_id": "302", "name": "BK 02", "borough": "Brooklyn", "area_km2": 7.3691}}, {"type": "Feature", "id": 35, "geometry": {"type": "MultiPolygon", "coordinates": [[[[-73.96128450722306, 40.73015906220415], [-73.96128261942144, 40.73006102501026], [-73.9616867065907, 40.73008186880128], [-73.96195920452797, 40.72985966844819], [-73.96221474459279, 40.72991693577691], [-73.9625493395233, 40.72974406784672], [-73.96225228876577, 40.7299855669821], [-73.96128450722306, 40.73015906220415]]], [[[-73.96197039369788, 40.73157711168562], [-73.96167446706403, 40.731481253552694], [-73.96320076537572, 40.73141740062488], [-73.9636593923288, 40.73124981148223], [-73.96369938139063, 40.7314366195574], [-73.96197039369788, 40.73157711168562]]], [[[-73.96064863700752, 40.74413031711164], [-73.96056856858495, 40.74402966608301], [-73.96067204645489, 40.744051215856366], [-73.96064863700752, 40.74413031711164]]], [[[-73.9641598028843, 40.74686554735975], [-73.96444522752651, 40.746410425260784], [-73.96458318426947, 40.74645440067351], [-73.9641598028843, 40.74686554735975]]], [[[-73.96213559058086, 40.75457323147347], [-73.96532405586477, 40.75104771827219], [-73.9698756140306, 40.7454447891378], [-73.96997377026275, 40.74549574743079], [-73.9707883477664, 40.7444062176905], [-73.97094062960419, 40.74447144402558], [-73.97111438123977, 40.74420436093265], [-73.97070317531687, 40.74399049490893], [-73.97117346753164, 40.74410753500842], [-73.97135752941868, 40.743838455359636], [-73.97120546301967, 40.74377151030149], [-73.97188888913065, 40.74272481985312], [-73.97174059715825, 40.74266358001168], [-73.97195955856255, 40.742337921543836], [-73.97228992099217, 40.740721039031946], [-73.97216477368657, 40.74067572212931], [-73.97221685422328, 40.740307625061696], [-73.97265743803038, 40.73922275427715], [-73.97248994174741, 40.735803280107795], [-73.97286939178467, 40.73577086128574], [-73.97441385816532, 40.73641439385913], [-73.97445975070463, 40.7362940197185], [-73.97402692104305, 40.73612576724569], [-73.97446647047286, 40.73627845683008], [-73.97450376013228, 40.736064588444215], [-73.97414062018392, 40.73595565666492], [-73.97450488285943, 40.73604228103946], [-73.97450793938161, 40.735796945772556], [-73.97448854079063, 40.735875680246544], [-73.97424630658303, 40.73578011045604], [-73.9744704050787, 40.735797872255304], [-73.97446537767371, 40.735666886063875], [-73.97414616523469, 40.73567162151051], [-73.97305698712047, 40.73517745341573], [-73.97280661710461, 40.735523918521324], [-73.97293031926458, 40.73560761439685], [-73.97276308380353, 40.73550508747374], [-73.97294520758682, 40.735065170071294], [-73.9732989504614, 40.73524235507728], [-73.97329627362966, 40.7350408566427], [-73.97354472883961, 40.73494432610164], [-73.97444065082591, 40.73531677190073], [-73.97395905029711, 40.73342116553862], [-73.97385730036494, 40.73321630363872], [-73.9736762757606, 40.733205933888215], [-73.97386810776207, 40.73306568719578], [-73.97341321730858, 40.73128241642885], [-73.97196340301248, 40.730000377217664], [-73.97147994907228, 40.729249577196], [-73.97140617908519, 40.72871876425123], [-73.97168514866583, 40.72740588663671], [-73.97149039092855, 40.7273500976075], [-73.97162697271727, 40.726628452997026], [-73.98877931684075, 40.73396539973867], [-73.986534999359, 40.73705001047121], [-73.98760645326679, 40.737497824647875], [-73.98685345269384, 40.73871475166975], [-73.9873015480288, 40.73890302603654], [-73.98703592721053, 40.73926637854955], [-73.98664969677115, 40.73910091152305], [-73.9864719504475, 40.73936282142988], [-73.98523224611287, 40.738840230795155], [-73.97972346503144, 40.74640287583607], [-73.98295691021276, 40.74776435318855], [-73.98067345249109, 40.750905101457576], [-73.98022089903921, 40.751521979626844], [-73.97698570662243, 40.750156959255804], [-73.96818687803611, 40.76222682132609], [-73.95877790822699, 40.758270920848915], [-73.96065638180474, 40.75592314955037], [-73.96213559058086, 40.75457323147347]]]]}, "properties": {"geo_id": "106", "name": "MN 06", "borough": "Manhattan", "area_km2": 3.5982}}, {"type": "Feature", "id": 36, "geometry": {"type": "MultiPolygon", "coordinates": [[[[-73.94111778718026, 40.76941440857483], [-73.94285528620705, 40.76830349440948], [-73.94943175563205, 40.76054861736164], [-73.95177822025997, 40.75840254987715], [-73.95254079336877, 40.75709531453745], [-73.95322009963168, 40.75642684181784], [-73.95519503183567, 40.754774523476385], [-73.95791452493187, 40.75210985452551], [-73.9590324860946, 40.75138642277138], [-73.96090586297596, 40.74980198194594], [-73.96132845481047, 40.74960095762467], [-73.96153855464473, 40.749723119840674], [-73.96068557958185, 40.75120193696811], [-73.96001132395902, 40.751831517335226], [-73.95950079995129, 40.75295638169334], [-73.9590161662748, 40.753595059957576], [-73.95845836805675, 40.753949236505065], [-73.95339140733955, 40.75979676235788], [-73.95312451504947, 40.76005275842971], [-73.9529778821611, 40.75996210737449], [-73.95208632266514, 40.76086215490759], [-73.95093734928088, 40.762570495237995], [-73.94997191750257, 40.763646030317226], [-73.94908628791565, 40.76426402727513], [-73.9458445142382, 40.76832122825158], [-73.94570357268658, 40.768327934311664], [-73.94548114289289, 40.76862477943799], [-73.9456272109345, 40.768692953179055], [-73.94556302048748, 40.76880177602729], [-73.94524510341354, 40.768773268310575], [-73.94472478497455, 40.769786271535025], [-73.94212674646828, 40.7720347005096], [-73.94088707211625, 40.772372516278764], [-73.94027460921222, 40.77294743739572], [-73.94007665751654, 40.77292618635813], [-73.94028207924197, 40.7723014069914], [-73.94020021779653, 40.77112830566291], [-73.9403553347751, 40.770496574371236], [-73.94111778718026, 40.76941440857483]]], [[[-73.93804640603439, 40.7808295442757], [-73.93779448726416, 40.78078125875562], [-73.93779944179563, 40.78103133979683], [-73.93764631821483, 40.781001215893035], [-73.93759894622623, 40.78046784086164], [-73.93823773509402, 40.780259079465516], [-73.93861200821945, 40.780338955869134], [-73.93958378972476, 40.77957647400733], [-73.93949329752056, 40.7798736913156], [-73.93872802926595, 40.780510743704774], [-73.93883951845037, 40.78059924980004], [-73.93874423089275, 40.78104387604242], [-73.93808213268714, 40.78141843777737], [-73.93796757721645, 40.78128933406044], [-73.93804640603439, 40.7808295442757]]], [[[-73.94383256609905, 40.782859089475124], [-73.9435442071252, 40.78288052382281], [-73.94388068102455, 40.781532043364535], [-73.94343876735986, 40.77976324196603], [-73.94241378169747, 40.78003053994164], [-73.94211320944687, 40.779455789679886], [-73.9427297339572, 40.77925724765569], [-73.94276703480712, 40.779016455101406], [-73.94300246547327, 40.77885287901502], [-73.94245741056957, 40.77740747334814], [-73.9422805004479, 40.7773474382288], [-73.94245545698132, 40.77774786433379], [-73.94233541821181, 40.77776881637426], [-73.94225579604492, 40.77731646027752], [-73.94211982454031, 40.77725556641191], [-73.94218537013923, 40.777163808762445], [-73.94229368333204, 40.77724293624799], [-73.94243403895558, 40.77730046148639], [-73.94207418803877, 40.776917846977256], [-73.94208160457377, 40.77595701631722], [-73.9424010094905, 40.775726927526314], [-73.94293043781397, 40.77467626803599], [-73.94366431814802, 40.77384076417699], [-73.94640418919069, 40.77126904561942], [-73.94866416477923, 40.76885762389705], [-73.950069793031, 40.76702508788092], [-73.95441826078606, 40.76218410495124], [-73.95877790822699, 40.758270920848915], [-73.97301487176121, 40.76427887944539], [-73.95577735912323, 40.78791392447124], [-73.94383256609905, 40.782859089475124]]]]}, "properties": {"geo_id": "108", "name": "MN 08", "borough": "Manhattan", "area_km2": 5.1296}}, {"type": "Feature", "id": 37, "geometry": {"type": "Polygon", "coordinates": [[[-74.00915345169425, 40.74249618755625], [-73.98990295970059, 40.73443478963449], [-73.98986852139565, 40.73352711455507], [-73.9905055860359, 40.73056495673792], [-73.9911431514612, 40.728588157155606], [-73.99123439559044, 40.72772680526254], [-73.99480779021309, 40.71845742635051], [-73.99605872744375, 40.716231640211106], [-73.99858925568033, 40.7170995115373], [-73.99931241700145, 40.71755024177758], [-74.01081238260726, 40.72578980255595], [-74.0111435335986, 40.725814475973884], [-74.01158193997684, 40.726171034832234], [-74.015170840198, 40.72657939065785], [-74.01512356549473, 40.7267939430673], [-74.01154201897596, 40.72644734642468], [-74.01138323604756, 40.728229272367344], [-74.01439069932388, 40.728463047520314], [-74.01403796924798, 40.73069421884407], [-74.01116195696476, 40.730450676349214], [-74.01094118226749, 40.73300776326952], [-74.01400220214607, 40.73306800179563], [-74.01399957240966, 40.73333227751791], [-74.01090389883285, 40.73329761713975], [-74.01074330013905, 40.73342264686807], [-74.01083284563212, 40.73400709401116], [-74.01201792010474, 40.7340637444565], [-74.01200124222393, 40.73433840116636], [-74.01081359479109, 40.73428344364777], [-74.0104765981442, 40.73806394059523], [-74.0110870663595, 40.73809275008146], [-74.01113915602562, 40.73838986281323], [-74.01045432864602, 40.738364505725755], [-74.01039303134563, 40.739174296561934], [-74.01158045502316, 40.73926453611219], [-74.0114607395534, 40.74058421475269], [-74.01215741913089, 40.740605998131436], [-74.0126592820849, 40.7407476384976], [-74.00963145571754, 40.74064536737443], [-74.00941140266131, 40.74115409331305], [-74.00961923440443, 40.741363610514966], [-74.01020818993538, 40.74160753792842], [-74.010383580722, 40.74139785352676], [-74.01139609242074, 40.741822813235274], [-74.01083987411933, 40.742596734022634], [-74.01029100591903, 40.742358524639805], [-74.01012563710833, 40.742575831777195], [-74.00932113973238, 40.74224424271675], [-74.00915345169425, 40.74249618755625]], [[-74.0092377993956, 40.74207162715807], [-74.0100880336451, 40.74248815567386], [-74.01019827672162, 40.74233375374003], [-74.0098223415751, 40.74216605205829], [-74.01016559689417, 40.74167234807372], [-74.00936174828294, 40.74142362374203], [-74.0092377993956, 40.74207162715807]]]}, "properties": {"geo_id": "102", "name": "MN 02", "borough": "Manhattan", "area_km2": 3.5049}}, {"type": "Feature", "id": 38, "geometry": {"type": "Polygon", "coordinates": [[[-73.98990295970059, 40.73443478963449], [-73.97162697271727, 40.726628452997026], [-73.97314808331102, 40.71999057325975], [-73.97449070246041, 40.716099688086445], [-73.97642872514528, 40.711909032503854], [-73.97705659401753, 40.71119762646699], [-73.97807974906621, 40.7105322505774], [-73.98128647552558, 40.71021834788182], [-73.98124579569945, 40.70982621460142], [-73.98839064023267, 40.70912694916282], [-73.9886365807185, 40.70991206151646], [-73.98946067019428, 40.70988928705146], [-73.99728287195578, 40.708731619843086], [-73.99852758585311, 40.70833152790845], [-73.99919451174895, 40.70794737685425], [-74.0014714023208, 40.70974655432343], [-74.00050986097234, 40.71098426944842], [-74.00086402815117, 40.71161954970954], [-74.00089354391562, 40.713029950787984], [-74.00063383195948, 40.71308117856864], [-74.0002210584419, 40.714250626889495], [-74.0004546306596, 40.71436504759906], [-74.00052734942693, 40.715170059365484], [-74.00078955186169, 40.7152909684016], [-73.99931241700145, 40.71755024177758], [-73.99858925568033, 40.7170995115373], [-73.99605872744375, 40.716231640211106], [-73.99480779021309, 40.71845742635051], [-73.99123439559044, 40.72772680526254], [-73.9911431514612, 40.728588157155606], [-73.9905055860359, 40.73056495673792], [-73.98986852139565, 40.73352711455507], [-73.98990295970059, 40.73443478963449]]]}, "properties": {"geo_id": "103", "name": "MN 03", "borough": "Manhattan", "area_km2": 4.3549}}, {"type": "Feature", "id": 39, "geometry": {"type": "MultiPolygon", "coordinates": [[[[-73.91513331918196, 40.58626938540087], [-73.9134996167748, 40.58609582566915], [-73.9129033815855, 40.58581067643931], [-73.91582890019431, 40.584525154085384], [-73.91706982693728, 40.585736982111236], [-73.91697598682084, 40.58588885499991], [-73.91513331918196, 40.58626938540087]]], [[[-73.91990064336036, 40.599600522090384], [-73.91998332969213, 40.59953596652197], [-73.91915856902732, 40.59960928091903], [-73.9186588759807, 40.59947242837085], [-73.91843548283046, 40.59916639083193], [-73.91626393108342, 40.598161137312935], [-73.91601641749946, 40.59750843831359], [-73.91507420366655, 40.596494077729496], [-73.91441508107108, 40.59604501653259], [-73.91381765162045, 40.595042289874904], [-73.91338305751259, 40.5947215527782], [-73.91306340001262, 40.59407211068721], [-73.91326180340427, 40.59222877624616], [-73.91295122631982, 40.59205432996972], [-73.91439422677793, 40.591511657998346], [-73.91524478304683, 40.59158750817872], [-73.91604992895567, 40.592202597528924], [-73.91601046924528, 40.59242852070584], [-73.91636827963086, 40.59274707199727], [-73.91644112902229, 40.59312680944066], [-73.91787543558036, 40.59472218152505], [-73.92019954537206, 40.5961833452807], [-73.9208294770879, 40.59633469068305], [-73.92089682095303, 40.596612654032825], [-73.92182277731904, 40.597332932872675], [-73.92186423669085, 40.59779822261291], [-73.92227201543724, 40.59837681843631], [-73.922130493534, 40.598662596177505], [-73.92084893682674, 40.59954139732863], [-73.91990064336036, 40.599600522090384]]], [[[-73.89813646165142, 40.65404301474881], [-73.89761013242362, 40.65345381612079], [-73.89354677073847, 40.655202714083835], [-73.89136543587246, 40.65236471944711], [-73.87919156452111, 40.64165237968198], [-73.87864705317253, 40.641065856068], [-73.87868493173578, 40.64053855256887], [-73.87797341334353, 40.63980711772154], [-73.87841589413969, 40.63891218920429], [-73.87861705200106, 40.639365265410405], [-73.87930954529786, 40.64006707426914], [-73.87989404397653, 40.64036327915739], [-73.88025625666039, 40.64097010903616], [-73.88048386922625, 40.640978034547665], [-73.8807362354642, 40.641565957973356], [-73.88029248068572, 40.64140491573332], [-73.88002616426265, 40.641718113296164], [-73.88006714132425, 40.64200344662691], [-73.88139306230622, 40.64234733997931], [-73.88224108165657, 40.64345349240925], [-73.88214832562572, 40.64374372784077], [-73.88324554462218, 40.64443758464211], [-73.88341999203027, 40.64452381564966], [-73.88399541004493, 40.64436793595889], [-73.88480750411128, 40.643946303680444], [-73.88557762148994, 40.64404094978996], [-73.88743444708422, 40.64593668177392], [-73.88766589229476, 40.64650492455406], [-73.88772611233226, 40.64714302920005], [-73.88751623247263, 40.64741516069443], [-73.88771211156097, 40.64787443463672], [-73.88863638434101, 40.64802449261584], [-73.88924677936025, 40.64874565360693], [-73.89008826139872, 40.649332612604645], [-73.89033529141227, 40.64934776900215], [-73.89013701016974, 40.649170412116625], [-73.89034734693776, 40.64903360577827], [-73.89082282958945, 40.64936417736614], [-73.89105056977259, 40.649313178394294], [-73.89120520716246, 40.64911928484708], [-73.89108330605372, 40.648792575696184], [-73.8894507422767, 40.647173955596635], [-73.88935086599881, 40.64703469886436], [-73.8894815257607, 40.646912755068406], [-73.88879690848671, 40.64605025805653], [-73.88941387285534, 40.64693843949173], [-73.88889569015318, 40.64721881890873], [-73.88861004869386, 40.647081360932106], [-73.88851637568523, 40.64736069152213], [-73.88820050726657, 40.647140869529274], [-73.88818990838847, 40.64677356952407], [-73.88845015102358, 40.646728552538], [-73.88853549293229, 40.64696814919857], [-73.8886418159309, 40.646785112948955], [-73.88849960118239, 40.64666368405504], [-73.8880813888399, 40.64662057013149], [-73.88809441935732, 40.646212786549505], [-73.88828981420744, 40.64604421554579], [-73.88800052027007, 40.6460277053548], [-73.88740960156501, 40.645329280124386], [-73.88791690723538, 40.645067549205564], [-73.88808383164908, 40.64516423112911], [-73.8879640644287, 40.64503257382952], [-73.88734361665684, 40.645224153871204], [-73.88691203454515, 40.64447377760806], [-73.88654888955999, 40.6443124903786], [-73.88623646791807, 40.64381678772118], [-73.88469181436618, 40.64312114697254], [-73.88373578763786, 40.642450349188586], [-73.88078889725645, 40.63975743313829], [-73.88055123882256, 40.63915881973746], [-73.87953888017081, 40.63821783932087], [-73.87911787798072, 40.63826658744071], [-73.87896686071142, 40.63845954369572], [-73.87870039141337, 40.638337724746634], [-73.87952994055382, 40.636735475194335], [-73.88085533161427, 40.6348278444789], [-73.88447443289957, 40.63110968141549], [-73.88473114257243, 40.630567129817585], [-73.88487677065196, 40.629546203315044], [-73.88527931809817, 40.62943047383892], [-73.88671115537701, 40.629591731110914], [-73.88836630172567, 40.628916234939076], [-73.89423838814763, 40.62508155536666], [-73.89539727899854, 40.624036391331124], [-73.89625797730434, 40.62290284608267], [-73.91446070941022, 40.630994831304484], [-73.9160607998865, 40.632034050324286], [-73.9167288135833, 40.63200835782213], [-73.91743148142508, 40.63156669061965], [-73.91741117074028, 40.6310928239245], [-73.91668694191122, 40.63073738327171], [-73.91659169782925, 40.63045185797315], [-73.90396106711263, 40.62483361555432], [-73.90385540661487, 40.624940198699846], [-73.90546206137262, 40.62577481968359], [-73.90532958044659, 40.62586495608456], [-73.90539726701543, 40.62576726762882], [-73.90320897829298, 40.624665236881775], [-73.9031244379258, 40.62473795376398], [-73.90320848278473, 40.624640769383184], [-73.90307005655605, 40.62470549847208], [-73.90312436585704, 40.62461885378045], [-73.9026274717336, 40.62437012914648], [-73.90254656112609, 40.62444423916969], [-73.90263059517197, 40.624349364751154], [-73.90313231786645, 40.62460225619699], [-73.90327045944025, 40.624484183941135], [-73.90269333271978, 40.62421333487344], [-73.90283262223251, 40.62405099444965], [-73.90241543050305, 40.624462907250205], [-73.90228707932276, 40.624409853930466], [-73.9024038097297, 40.62444239705106], [-73.90271369573054, 40.624023326836124], [-73.90262364456687, 40.62397655126547], [-73.90274531019514, 40.62398256701539], [-73.90264355554703, 40.62392468930741], [-73.90291619574107, 40.62395453125661], [-73.90286570484804, 40.623649150831774], [-73.90263818225749, 40.62351675713193], [-73.90222543772995, 40.62358193564791], [-73.90186730493389, 40.62296244459638], [-73.90104961549186, 40.62270803048742], [-73.9005253229122, 40.6216815673833], [-73.898117675681, 40.62185156162394], [-73.89692451128272, 40.62165511594531], [-73.89727151526333, 40.620513463494405], [-73.89741841156601, 40.61926263180017], [-73.89712943949621, 40.61464003410913], [-73.89718122566394, 40.61210404796201], [-73.89760894869165, 40.61018537142821], [-73.89869411572595, 40.6067882167965], [-73.89891524878948, 40.60539139414388], [-73.8994804773002, 40.60561302065802], [-73.90017063006057, 40.60562514266389], [-73.90109557726666, 40.60700842864135], [-73.90077753255865, 40.607543491485885], [-73.90062485357967, 40.60924267547513], [-73.9003931728814, 40.60953046933174], [-73.90027950007605, 40.61007401017643], [-73.90140646036211, 40.61108804387789], [-73.90136619823114, 40.61170184064235], [-73.90163551104794, 40.61185066483028], [-73.90200357539973, 40.611743024169414], [-73.90229090771793, 40.611960641229054], [-73.90249392985298, 40.611814999032454], [-73.90119253465448, 40.61056381754676], [-73.90132962659406, 40.61048104310346], [-73.90124836865569, 40.61058027449926], [-73.90253555121053, 40.61182621119959], [-73.90265077946786, 40.61178062116436], [-73.90236032096212, 40.61198041218273], [-73.90271854260655, 40.61182602529611], [-73.90263827747411, 40.6119065225555], [-73.90292666983436, 40.61215944197659], [-73.903043928125, 40.61209521498742], [-73.9029175037036, 40.61218654344876], [-73.9026291824535, 40.611925809170984], [-73.90242274717579, 40.61203356000492], [-73.90587105277373, 40.61506331397742], [-73.90573455901243, 40.61488297394396], [-73.90603328924865, 40.6149533892197], [-73.9058793762093, 40.61507746141158], [-73.90696283645076, 40.616114017578994], [-73.90717291149848, 40.61600987533857], [-73.90673848666407, 40.616295919990286], [-73.90725685564988, 40.61608758187954], [-73.90708346968268, 40.61622136752597], [-73.90722592437271, 40.61635152593253], [-73.90744255412072, 40.6162585357008], [-73.90702160678447, 40.61653360035692], [-73.90710595399025, 40.61660986021443], [-73.90752735132169, 40.61634443254908], [-73.907241693827, 40.616551501887756], [-73.90747503705717, 40.61671274456863], [-73.9075897717354, 40.61662937645141], [-73.90761659104571, 40.6168964671281], [-73.90791591453504, 40.61690353460081], [-73.90799433303812, 40.61717521725909], [-73.90824570676439, 40.617185425183344], [-73.90838646239683, 40.61739102927822], [-73.90860351593422, 40.617265497054376], [-73.90879088017647, 40.61743639672158], [-73.9086333391297, 40.61716785490955], [-73.9088369111078, 40.61731164662783], [-73.90907145153955, 40.61716043833201], [-73.90835403214679, 40.61653099896171], [-73.90879420819165, 40.6168729573248], [-73.9091385318665, 40.61653162172922], [-73.90810560476342, 40.615669016428654], [-73.90797306390519, 40.61573684406136], [-73.908156638516, 40.61560112405172], [-73.9091767510533, 40.61652194748299], [-73.90881456208588, 40.61689044188259], [-73.90895706128724, 40.61699148481951], [-73.90964406040362, 40.61657537149969], [-73.90959740910344, 40.61639266979952], [-73.90861634317346, 40.61549276647393], [-73.90777596193662, 40.61524314625656], [-73.90535845077167, 40.61304033926633], [-73.90421569492383, 40.612356572030954], [-73.90435485539668, 40.61222669828165], [-73.90428600433313, 40.61201678103506], [-73.90420814113413, 40.61195515260183], [-73.90410629882955, 40.61204241028712], [-73.90404332529343, 40.61199868643184], [-73.90414089145172, 40.61189613938388], [-73.90350980782242, 40.611406490372765], [-73.90331047012505, 40.611547163863854], [-73.90349407447779, 40.61138900874283], [-73.90313578707097, 40.6109675376547], [-73.90274504537491, 40.610931468731614], [-73.9022586003223, 40.61042277260068], [-73.90164211790089, 40.60576336073905], [-73.90524300992104, 40.60491009032456], [-73.90542440003223, 40.605540297589535], [-73.90597461177859, 40.60638402870451], [-73.90809821909201, 40.60627863560974], [-73.90863959535432, 40.60665872204802], [-73.9093380498315, 40.60647760302492], [-73.90984528326649, 40.606168305507296], [-73.9098515484547, 40.605999722177884], [-73.90885691315674, 40.60506007379728], [-73.90832536835174, 40.60407337391879], [-73.91092270021181, 40.603505476100864], [-73.91365119759601, 40.60398251383714], [-73.91673556486138, 40.60681456205293], [-73.91660442147952, 40.60708939344488], [-73.91672115759042, 40.60762484678032], [-73.91632230017527, 40.60867566266918], [-73.9167839443282, 40.60877388388981], [-73.91657073983363, 40.6094235400487], [-73.91683981118769, 40.60876001472071], [-73.91650924535932, 40.60862975409021], [-73.91688964587316, 40.608710013687094], [-73.91682803243759, 40.608906057366895], [-73.91708838503315, 40.60882085489872], [-73.91702822741901, 40.60897487741362], [-73.91681964529643, 40.608931386382764], [-73.91665676533471, 40.60943674997094], [-73.91679953090689, 40.60949419223124], [-73.91656604065827, 40.60943782267791], [-73.91638585145215, 40.61008889290506], [-73.91606077132651, 40.61043050886051], [-73.9161647503773, 40.6105155750763], [-73.91449542205983, 40.611653223665044], [-73.91493418790435, 40.61395815505513], [-73.9138605306075, 40.61464226856848], [-73.914079858683, 40.61488823339918], [-73.91422619595744, 40.61480335239406], [-73.9141120615842, 40.61490147801349], [-73.91422238665031, 40.61493245673728], [-73.91642099003498, 40.61356935469287], [-73.91591452110684, 40.613845376312526], [-73.91572538303375, 40.61361803080386], [-73.91576807356566, 40.613540333335955], [-73.91597173175404, 40.61380783536682], [-73.91624768959598, 40.61362610079138], [-73.91588490852122, 40.613328587197074], [-73.91574585230337, 40.61338486020062], [-73.91596572500269, 40.613236396469105], [-73.91588941550161, 40.61330979960583], [-73.91626452766656, 40.61360561270427], [-73.9163958674589, 40.613446834034875], [-73.91599307131553, 40.612881939344476], [-73.91587086536366, 40.612910037390705], [-73.91600318849481, 40.61285973859147], [-73.9164991210399, 40.61352054209816], [-73.91662804371157, 40.61344358926565], [-73.91573181927134, 40.61183084451397], [-73.91674652389305, 40.61117845546834], [-73.91658936486046, 40.61109075400448], [-73.9166731127403, 40.61100582325074], [-73.91682920812453, 40.611118077723106], [-73.91811036679013, 40.610208394058326], [-73.91773185483925, 40.60978253820185], [-73.91786638626964, 40.60932723380102], [-73.91767870757339, 40.60966286444646], [-73.91796270083073, 40.608785937120516], [-73.9178197277143, 40.60930430006607], [-73.91802964459809, 40.60884669694159], [-73.91855666120595, 40.608498309043554], [-73.91800500501134, 40.6081497790174], [-73.91818728590098, 40.6080245809109], [-73.91857357570953, 40.60848794628752], [-73.91900737147328, 40.608267254971274], [-73.91824893434114, 40.607588872927465], [-73.9181381488997, 40.60764538690781], [-73.91836246737638, 40.6075013694189], [-73.91830794532588, 40.60761050770863], [-73.91902310765312, 40.60825686819962], [-73.91935398484053, 40.60804292279048], [-73.91837826940154, 40.60717402193594], [-73.91825269092955, 40.60722935064075], [-73.91850300413921, 40.607071236027195], [-73.91840159359646, 40.60715485289826], [-73.91937100429858, 40.60803264174462], [-73.91950358918928, 40.6079749039754], [-73.91952209796015, 40.60773879743498], [-73.9192413501154, 40.607385413860804], [-73.91560086104327, 40.603936252654655], [-73.91541600735403, 40.60395000593039], [-73.91476853163945, 40.60336022167285], [-73.91489358102513, 40.603288883760236], [-73.91442813462284, 40.602863919563426], [-73.91389434799362, 40.602703578271445], [-73.91382020162828, 40.60288818005027], [-73.91368718510043, 40.602850421012825], [-73.91385524392098, 40.60269025150696], [-73.91364075667403, 40.60252418170446], [-73.91332700399026, 40.60276377777001], [-73.91347072649008, 40.602911690690135], [-73.91329651030479, 40.602765614678084], [-73.91366089338922, 40.60246891002761], [-73.9134982641367, 40.602366975565374], [-73.91327117511105, 40.60255272109789], [-73.9133869327257, 40.602634611550755], [-73.91319891628763, 40.60278506201225], [-73.91335643976092, 40.60263644797267], [-73.91326383824193, 40.602567588466215], [-73.91300017523373, 40.60274029168364], [-73.91347511544238, 40.60234929587355], [-73.91329854635734, 40.602250351749184], [-73.9131165873372, 40.602220255929], [-73.91273866862338, 40.60270867701661], [-73.91285319795082, 40.60250740557483], [-73.91272398622357, 40.602453262946284], [-73.91288693485399, 40.60248470364075], [-73.91309691306886, 40.602214453423194], [-73.91158427689338, 40.60213548840357], [-73.91157836556712, 40.60221787119134], [-73.91230939977284, 40.602275084478094], [-73.91254170182432, 40.60236443995559], [-73.91165189230664, 40.60227825784446], [-73.91154411182987, 40.60243932310409], [-73.91261098676532, 40.60253200659405], [-73.91257290407599, 40.602683299532295], [-73.91251889258047, 40.60254030930378], [-73.91248882820432, 40.6026741502694], [-73.91151505923017, 40.602460243060065], [-73.91094007982456, 40.60249781432215], [-73.91094634346709, 40.60236464218675], [-73.91086536585779, 40.60249048328862], [-73.91087683378198, 40.602342354836765], [-73.91151957194401, 40.60239686856954], [-73.91154234369176, 40.60222454078581], [-73.91091626763057, 40.60220676550807], [-73.91093999639916, 40.60212847422264], [-73.91155529140805, 40.602155464729954], [-73.91075830846505, 40.60202750098357], [-73.91075123972259, 40.60243729986271], [-73.90903689530533, 40.60267734322033], [-73.90901848567081, 40.6025248276694], [-73.91071154457035, 40.60241949317849], [-73.91070633053954, 40.60214451526551], [-73.90940934304595, 40.60219076625809], [-73.91073123013267, 40.602021376027814], [-73.90984702893728, 40.60203960908955], [-73.90904083221544, 40.60162520588616], [-73.90784279095395, 40.60226974077191], [-73.90679613405344, 40.602316603506424], [-73.90567411116685, 40.60260287517932], [-73.90490585949868, 40.602483487836494], [-73.90429966678126, 40.60267077232105], [-73.90372774498887, 40.60241508436924], [-73.90360249395323, 40.60259793768189], [-73.90331981912931, 40.60258691705262], [-73.90192868283417, 40.60318272162345], [-73.9004195899776, 40.60324239907364], [-73.8994890199782, 40.60353025621748], [-73.9003503401441, 40.60217608784889], [-73.90152311423572, 40.60100152918658], [-73.90298345660403, 40.600054822000935], [-73.90585370652776, 40.59862748176759], [-73.90701562697227, 40.59766507671763], [-73.90763868320312, 40.59688979330808], [-73.9081797470745, 40.595825567882315], [-73.90846729770547, 40.59465820597387], [-73.90849189122508, 40.594065788946914], [-73.90807670431872, 40.591623274423775], [-73.90831935590752, 40.589862003591406], [-73.90877245247083, 40.58892082565817], [-73.90943665339, 40.588055532807246], [-73.91130866823313, 40.58665837094761], [-73.91187436682291, 40.58636568464778], [-73.91197278431743, 40.586697357471515], [-73.91175050673016, 40.587267897321546], [-73.91204649316484, 40.58816517129181], [-73.91205464083481, 40.588737595232104], [-73.91159881608807, 40.589913254998876], [-73.91143730796836, 40.591080371556124], [-73.91194703970301, 40.59254807928556], [-73.9120288463879, 40.594367595782806], [-73.91250801211297, 40.59539763877978], [-73.91311695895168, 40.59587248245138], [-73.91355033858733, 40.59672229672056], [-73.91426527341667, 40.59724919101931], [-73.91454976988686, 40.59772546011453], [-73.91506580774394, 40.59799807835896], [-73.91511056962428, 40.59859121538846], [-73.91573791652706, 40.59920584154707], [-73.9170108791587, 40.5995872493001], [-73.91793379962247, 40.60008214364277], [-73.91865355382942, 40.600685834694346], [-73.91987171530226, 40.60085170784871], [-73.9208478610526, 40.60146194343916], [-73.92170503324711, 40.6017443703557], [-73.92215545194813, 40.60169973725953], [-73.92296824879156, 40.601105718413265], [-73.92329545554311, 40.600742439783986], [-73.92325633485436, 40.60036050632949], [-73.92360986659033, 40.60019163305577], [-73.9239399708853, 40.59971434937701], [-73.92465983515928, 40.599725989939515], [-73.92626884760502, 40.60063717445519], [-73.92799805103411, 40.601927872124946], [-73.92852506942569, 40.602211871221606], [-73.92883624643031, 40.60212182060686], [-73.92888251643565, 40.6024272716496], [-73.92954149151946, 40.60274908136815], [-73.92960962169153, 40.60315787624925], [-73.92907585900868, 40.60368071091444], [-73.92924995242855, 40.60391286617015], [-73.92999616208807, 40.603643641706256], [-73.93017807942854, 40.603736344167956], [-73.9301339385194, 40.603998125870206], [-73.93056652946683, 40.603736228001104], [-73.93100336143117, 40.603935804164145], [-73.9319622706444, 40.60312163761561], [-73.93211608839754, 40.60268851664715], [-73.93176200342052, 40.602596384217996], [-73.93102539821939, 40.60167209995939], [-73.93073018821805, 40.60159276186154], [-73.93030680986907, 40.60117167464104], [-73.92964936173398, 40.60120445757898], [-73.92934268039237, 40.60096915112218], [-73.92941042444437, 40.60075976352291], [-73.92927494280951, 40.60080123701247], [-73.9293665378207, 40.60064700885391], [-73.9292269825969, 40.6004881090188], [-73.9286525041383, 40.600385591828925], [-73.92859230600075, 40.600611615976426], [-73.92837681026235, 40.6003500953047], [-73.92784799166301, 40.60031605848214], [-73.92720240400452, 40.59991008043434], [-73.92290185533977, 40.596447563816525], [-73.92177536324354, 40.5950309262013], [-73.92032141052397, 40.59471884699324], [-73.91867439973281, 40.5933320785789], [-73.91782860615476, 40.5928225461096], [-73.91641150528014, 40.59114162761565], [-73.91487761529368, 40.590313620486185], [-73.91506743494124, 40.5900805427023], [-73.9145490409764, 40.58954533024118], [-73.91462125288088, 40.58874871813658], [-73.91725482169704, 40.587477879517806], [-73.91809256480836, 40.586570335004915], [-73.92956858309299, 40.59682026492001], [-73.92813139670953, 40.59777792814634], [-73.93355117153605, 40.60268728082507], [-73.9342626672588, 40.60223071136715], [-73.93843493575841, 40.60597386305894], [-73.93809808341838, 40.60619520968087], [-73.93789050811033, 40.60658786106367], [-73.93834708437143, 40.60700045605808], [-73.93848986685121, 40.60692194350375], [-73.93904962774812, 40.60743329747624], [-73.93901246938964, 40.6075994773072], [-73.94405560932151, 40.61199284173445], [-73.94732672226584, 40.62916656670734], [-73.94415535255825, 40.62950828520816], [-73.9455109552195, 40.63079148290151], [-73.9407095754807, 40.63136863820393], [-73.93759273570485, 40.63226785699933], [-73.92463204450304, 40.63899009260667], [-73.91593086243834, 40.645774695238146], [-73.90128478168985, 40.655364649178466], [-73.90011715857253, 40.65675464374826], [-73.89963205515856, 40.65799948035238], [-73.89956558976087, 40.65895657561087], [-73.8992176082817, 40.65911140419276], [-73.89878859226317, 40.65741288789167], [-73.89904180388906, 40.65737165757109], [-73.89888695186954, 40.65670611215405], [-73.89813646165142, 40.65404301474881]]]]}, "properties": {"geo_id": "318", "name": "BK 18", "borough": "Brooklyn", "area_km2": 21.8937}}, {"type": "Feature", "id": 40, "geometry": {"type": "MultiPolygon", "coordinates": [[[[-74.07346627066252, 40.57838568589763], [-74.07330426821294, 40.57843785621916], [-74.07355146657478, 40.578198393000676], [-74.07349669675456, 40.57832795971463], [-74.07508288192615, 40.5791601587558], [-74.07499413073515, 40.5792365574165], [-74.07346627066252, 40.57838568589763]]], [[[-74.06454186133774, 40.58843399239447], [-74.0644088166617, 40.588238924315945], [-74.0645875231508, 40.588403157415854], [-74.06454186133774, 40.58843399239447]]], [[[-74.05498867839447, 40.60666069691195], [-74.05517251016464, 40.60649076734946], [-74.05528719697126, 40.606538890078916], [-74.05516001122363, 40.60673049185365], [-74.05498867839447, 40.60666069691195]]], [[[-74.19614123102053, 40.634792758993704], [-74.19033433426848, 40.63175031033222], [-74.18368791092843, 40.628737925050885], [-74.18190235713591, 40.62775580720642], [-74.17911934851915, 40.62608823881927], [-74.17610052859047, 40.62340624288056], [-74.1745970625859, 40.62236401199189], [-74.17236261023876, 40.6216357988652], [-74.16808086339644, 40.620936256187214], [-74.16484190385371, 40.61957240490361], [-74.1616180742892, 40.61794606368576], [-74.1579267386242, 40.61545742460436], [-74.15018666517093, 40.60949781115461], [-74.14886961338834, 40.608771577548666], [-74.14724381882993, 40.60814211774673], [-74.14549903589783, 40.60773037847919], [-74.14355036507004, 40.60757472391175], [-74.12874897506448, 40.608391741031916], [-74.12350639197315, 40.60923360219735], [-74.11742781366871, 40.61093273506458], [-74.11547418136762, 40.61123018033021], [-74.1135976182838, 40.61115444864286], [-74.11047956502077, 40.61041865614496], [-74.10890146223976, 40.610251584996384], [-74.09776968763877, 40.61062359294035], [-74.0948248911882, 40.61054805736024], [-74.09305685619925, 40.61011993573754], [-74.08542756314277, 40.60702239052929], [-74.08280949863452, 40.60641097906998], [-74.07656734735326, 40.606121664158294], [-74.07399965308095, 40.605725567958316], [-74.07151493323373, 40.60497785691174], [-74.06550663190987, 40.602719880430016], [-74.06212499089307, 40.60185548740163], [-74.0619561793392, 40.601236455447086], [-74.06108414059953, 40.59981639317767], [-74.06375933358142, 40.59893485952199], [-74.0605601754049, 40.594911514274806], [-74.06181815757961, 40.594189417840056], [-74.06662559502347, 40.59034201970419], [-74.06928738301274, 40.58771779238392], [-74.0714436987433, 40.58505838271947], [-74.07275277824965, 40.58406152787724], [-74.07525161728388, 40.58151956716398], [-74.07915092380901, 40.57804997273607], [-74.08853447613053, 40.572558506074095], [-74.09204451580729, 40.56889233874066], [-74.09277058223982, 40.56794341060323], [-74.10470979141776, 40.57400593940494], [-74.1052429037728, 40.573094039891096], [-74.10306235025081, 40.571924855219216], [-74.10391626530945, 40.570894293252366], [-74.1039260189981, 40.5702995956552], [-74.10553159110705, 40.56991415115203], [-74.10616121344317, 40.56943609114146], [-74.10660439393166, 40.56877826876844], [-74.09763008129978, 40.56448217054441], [-74.1017373268586, 40.55990557835623], [-74.11013947171949, 40.56431066683213], [-74.11211239787428, 40.56550555775877], [-74.11429866700617, 40.56267572408429], [-74.12489904372298, 40.568949142444666], [-74.12309848397543, 40.570167587163944], [-74.12144535705913, 40.57177561468056], [-74.1213435208247, 40.572675734744934], [-74.12183079829734, 40.57421708896579], [-74.12172623919746, 40.574906985080915], [-74.12318366483865, 40.575751816185885], [-74.1253527570123, 40.5759010430203], [-74.1270674702399, 40.57640521866883], [-74.12749282458184, 40.57542515778847], [-74.1277349354833, 40.57520662455348], [-74.13278436253678, 40.57347909372988], [-74.14580474206126, 40.571847769480925], [-74.14699057739088, 40.57201332097942], [-74.14723568362837, 40.571461058997585], [-74.1501459479378, 40.57127406178277], [-74.162622057179, 40.56669466178307], [-74.1643866512156, 40.56562486153036], [-74.16456764519961, 40.564349133161336], [-74.16493603934988, 40.56367288711128], [-74.1647556775845, 40.56296797148082], [-74.16499616553936, 40.5614469703727], [-74.16591981713817, 40.56029041026981], [-74.17125098216974, 40.56132026379566], [-74.17489480870245, 40.56283901559334], [-74.17659366074243, 40.56324132932091], [-74.17758036744722, 40.563755440234324], [-74.17907699960921, 40.56987500000229], [-74.17936919981332, 40.570548313398064], [-74.18312593889618, 40.57226059189905], [-74.18474207611786, 40.57171462550536], [-74.18609921761899, 40.57252801696912], [-74.18748559827321, 40.574118896333914], [-74.18918024989303, 40.575525564952976], [-74.18900967352658, 40.57324985612923], [-74.18919537970363, 40.57093120677367], [-74.19025182346083, 40.5710571385718], [-74.18989637115425, 40.573282622184834], [-74.18998091618703, 40.57449487949786], [-74.19046207035011, 40.57667912022072], [-74.19176844245112, 40.57662363562067], [-74.19887622636102, 40.57930361863374], [-74.20058400025056, 40.57951100041147], [-74.20294999980203, 40.58010200008033], [-74.20441199948044, 40.58017000092054], [-74.2060284124251, 40.579764267145656], [-74.20599255081491, 40.58041038393609], [-74.20572403289714, 40.58096568893236], [-74.20541737057084, 40.58106948698306], [-74.20508136987236, 40.58159946880283], [-74.20508854474824, 40.58220819057296], [-74.2047091190272, 40.58279766940703], [-74.20473901192635, 40.58317590193016], [-74.20440076433692, 40.58371294584217], [-74.20463390208104, 40.5843232388015], [-74.20436433899084, 40.58463414937085], [-74.20441471663779, 40.58552367532751], [-74.20411940258332, 40.58589554107593], [-74.204274942826, 40.586110054127154], [-74.20426533002895, 40.587320535043176], [-74.20458065694791, 40.58821760368281], [-74.20427270360548, 40.588482555349216], [-74.20412200969584, 40.58888147457861], [-74.20432302142393, 40.589136617473564], [-74.20457422072934, 40.58871913932566], [-74.20470529848622, 40.588772370830746], [-74.20443548400931, 40.58921839779449], [-74.2046460894321, 40.58928574546605], [-74.20440892551585, 40.58970676381176], [-74.20420300609156, 40.589642971741874], [-74.2038588660927, 40.590249525361855], [-74.20369974335796, 40.590199906474986], [-74.2038855045637, 40.589786110239075], [-74.20265866971876, 40.590722145782586], [-74.2023776362332, 40.59064471267339], [-74.20201405533443, 40.59089579912525], [-74.20246775956737, 40.590838825360166], [-74.20305254911503, 40.591140541810056], [-74.2029634019564, 40.591230922776866], [-74.2024549506313, 40.590951125852165], [-74.20202733920699, 40.59099907929216], [-74.20212378167746, 40.59125332695727], [-74.20184092915534, 40.59163648337985], [-74.20200349813028, 40.59178076479522], [-74.20230284591754, 40.59146932177457], [-74.2023164576832, 40.591523965102944], [-74.20092540496357, 40.59286637930506], [-74.20047126826117, 40.59281175209462], [-74.19974060973512, 40.5935646692645], [-74.19936212279688, 40.59409408279576], [-74.19948344879725, 40.5943209362905], [-74.1987323255373, 40.595011798310665], [-74.19856137143587, 40.5955527810125], [-74.19795002851603, 40.59647035480391], [-74.19751357718859, 40.596798986539554], [-74.19749670929889, 40.597724259603595], [-74.19730619713813, 40.59805952224113], [-74.19875958205294, 40.60171197517643], [-74.20014866759907, 40.60368335009892], [-74.20138527472524, 40.60463696620865], [-74.20221849851052, 40.60596967961671], [-74.20281628374592, 40.60827082796752], [-74.20230179014106, 40.61187564203926], [-74.20244374449518, 40.613284693932165], [-74.20045324444631, 40.616327997309156], [-74.20058986446027, 40.61702892738964], [-74.20082804386344, 40.617094288551066], [-74.20091423238277, 40.617798822398825], [-74.20087478740132, 40.618100410856066], [-74.20054156331818, 40.617997639493765], [-74.20035203856247, 40.618342198554906], [-74.20083991450633, 40.61880430260748], [-74.20068071414828, 40.6191684543471], [-74.20106997469229, 40.62038154027522], [-74.2005058812991, 40.620299672101424], [-74.2004280019192, 40.62049541101701], [-74.200873315822, 40.62059115522388], [-74.20125847310119, 40.62155483087242], [-74.20143239998035, 40.62161260896555], [-74.20123089203481, 40.622074210989666], [-74.20127534263133, 40.62268827628623], [-74.20154553334764, 40.62269805202331], [-74.20163201104117, 40.62312156545762], [-74.20158494435559, 40.62349833368165], [-74.20134408905345, 40.62355256864449], [-74.20139733073567, 40.623736121038306], [-74.20107662790329, 40.624078346589954], [-74.20106080033446, 40.6258951795096], [-74.20118252353662, 40.62611021520705], [-74.20141670667755, 40.62607051339337], [-74.20098625565407, 40.62934414810653], [-74.20080479681282, 40.62933257144444], [-74.20075483895435, 40.629594634113666], [-74.2004768171585, 40.62965707750525], [-74.20042573785118, 40.62982116595355], [-74.20040812771613, 40.63025010069474], [-74.20077267059405, 40.63024895311922], [-74.20079169384545, 40.63035012431856], [-74.20040311643059, 40.6302923622676], [-74.20018462159052, 40.631328669464374], [-74.20042997694448, 40.631359097713975], [-74.20040053113111, 40.63145946830877], [-74.2001726540773, 40.63136108053117], [-74.1986224779907, 40.63273751485443], [-74.19802961165125, 40.632770941434416], [-74.19802519933923, 40.63302919247008], [-74.19734396061332, 40.63299814705069], [-74.1967853063197, 40.63339223926938], [-74.19687865668357, 40.63376138772176], [-74.19631031190843, 40.6340542321294], [-74.19614123102053, 40.634792758993704]]]]}, "properties": {"geo_id": "502", "name": "SI 02", "borough": "Staten Island", "area_km2": 54.9535}}, {"type": "Feature", "id": 41, "geometry": {"type": "MultiPolygon", "coordinates": [[[[-74.13319580101377, 40.536306742050805], [-74.13301207668793, 40.536256065043034], [-74.13338312919022, 40.53632442083106], [-74.13319580101377, 40.536306742050805]]], [[[-74.13307585702789, 40.5363974880405], [-74.13294266453623, 40.53632203308215], [-74.13317235975192, 40.53635519772109], [-74.13307585702789, 40.5363974880405]]], [[[-74.12993843189781, 40.53994713555844], [-74.13020869361581, 40.53970266381747], [-74.12968375508696, 40.539471719592626], [-74.12984555503498, 40.539326856961786], [-74.13022754297853, 40.53968371755645], [-74.13052164283047, 40.53942555811981], [-74.13000272814953, 40.539172393658745], [-74.13016935798461, 40.53903287802359], [-74.13054176521159, 40.53940930625587], [-74.1308390685189, 40.53914759289268], [-74.130322448993, 40.538900471244645], [-74.13048528360612, 40.53875891625542], [-74.13085918854104, 40.539131339802516], [-74.13115328715267, 40.538873574103825], [-74.13065428041827, 40.53861731113316], [-74.13079971896295, 40.53849249031434], [-74.13117436984967, 40.53885516089619], [-74.13147424215329, 40.538598314882954], [-74.13097509115991, 40.53834174990228], [-74.13111962282582, 40.53821889232536], [-74.13149740072477, 40.538581380875776], [-74.13179350815659, 40.53832599199191], [-74.13116466378551, 40.53790013586852], [-74.13119545755266, 40.53787240877399], [-74.13152564883184, 40.537718542638515], [-74.13129269799775, 40.537956701870975], [-74.13181387201769, 40.53830735868589], [-74.13211244495555, 40.53805229667788], [-74.13169767602072, 40.53785712331588], [-74.131846271476, 40.537734643799695], [-74.13213560512452, 40.53803312718294], [-74.1324243851322, 40.537774960232525], [-74.13191182124632, 40.5375328409772], [-74.13207952279558, 40.537395033638], [-74.13245302764068, 40.53776028086156], [-74.13275480490115, 40.53750453648014], [-74.13223596269344, 40.53726255123936], [-74.13239801584172, 40.53711886443028], [-74.13277603711705, 40.53748401091606], [-74.13307445571547, 40.537229123304215], [-74.13255786139074, 40.536991407757576], [-74.132735602333, 40.536854535243414], [-74.13309457511473, 40.53721201742536], [-74.13339187377338, 40.536957984347744], [-74.13287438280999, 40.53671963230256], [-74.13303508839532, 40.536574875626066], [-74.13341004365468, 40.53693972237372], [-74.13386054140379, 40.536597962494014], [-74.12993843189781, 40.53994713555844]]], [[[-74.12789824961638, 40.543366172064914], [-74.1279283050762, 40.5433732470561], [-74.12756660762842, 40.54349933393463], [-74.12789824961638, 40.543366172064914]]], [[[-74.1276299410396, 40.54360889311501], [-74.12798968390734, 40.54348434363126], [-74.12803068497496, 40.54355055827913], [-74.1276299410396, 40.54360889311501]]], [[[-74.19887622636102, 40.57930361863374], [-74.19176844245112, 40.57662363562067], [-74.19046207035011, 40.57667912022072], [-74.18998091618703, 40.57449487949786], [-74.18989637115425, 40.573282622184834], [-74.19025182346083, 40.5710571385718], [-74.18919537970363, 40.57093120677367], [-74.18900967352658, 40.57324985612923], [-74.18918024989303, 40.575525564952976], [-74.18748559827321, 40.574118896333914], [-74.18609921761899, 40.57252801696912], [-74.18474207611786, 40.57171462550536], [-74.18312593889618, 40.57226059189905], [-74.17936919981332, 40.570548313398064], [-74.17907699960921, 40.56987500000229], [-74.17758036744722, 40.563755440234324], [-74.17659366074243, 40.56324132932091], [-74.17489480870245, 40.56283901559334], [-74.17110336371154, 40.5612850295822], [-74.16591981713817, 40.56029041026981], [-74.16499616553936, 40.5614469703727], [-74.1647556775845, 40.56296797148082], [-74.16493603934988, 40.56367288711128], [-74.16456764519961, 40.564349133161336], [-74.1643866512156, 40.56562486153036], [-74.162622057179, 40.56669466178307], [-74.1501459479378, 40.57127406178277], [-74.14723568362837, 40.571461058997585], [-74.14699057739088, 40.57201332097942], [-74.14580474206126, 40.571847769480925], [-74.13292145365635, 40.573446349350256], [-74.1277349354833, 40.57520662455348], [-74.12749282458184, 40.57542515778847], [-74.1270674702399, 40.57640521866883], [-74.1253527570123, 40.5759010430203], [-74.12318366483865, 40.575751816185885], [-74.12172623919746, 40.574906985080915], [-74.12183079829734, 40.57421708896579], [-74.1213435208247, 40.572675734744934], [-74.12144535705913, 40.57177561468056], [-74.12309848397543, 40.570167587163944], [-74.12489904372298, 40.568949142444666], [-74.11429866700617, 40.56267572408429], [-74.11211239787428, 40.56550555775877], [-74.11013947171949, 40.56431066683213], [-74.1017373268586, 40.55990557835623], [-74.10278904369838, 40.558691463100736], [-74.105726964432, 40.556187516640314], [-74.10644920291948, 40.55528804534616], [-74.10891079699991, 40.55342362908941], [-74.10984658399899, 40.552464651605966], [-74.1099579851234, 40.55251302264678], [-74.11165268188323, 40.55037651255816], [-74.11252569000027, 40.54985845118103], [-74.11368435210603, 40.550948085111216], [-74.11676268883366, 40.54899139110249], [-74.11957480445523, 40.55163075191334], [-74.11945859291161, 40.55222190604472], [-74.12730057821918, 40.55729517244792], [-74.13042459638916, 40.5544370425605], [-74.13455868225843, 40.551255078203695], [-74.1376973159297, 40.549383546429645], [-74.1386526590918, 40.54848581677677], [-74.13711185633889, 40.54702348230774], [-74.13585712566133, 40.54645169621241], [-74.13641153119026, 40.54625235004207], [-74.13651613439275, 40.54591474763535], [-74.13709627808855, 40.545952218157204], [-74.1371798712987, 40.54579286466078], [-74.13626085280931, 40.54496329743614], [-74.13611540724054, 40.545019845680066], [-74.13638379801961, 40.54485467150649], [-74.13628433241061, 40.54494704058953], [-74.13719287519716, 40.545784294700276], [-74.13750833508846, 40.5455775572389], [-74.1367337016138, 40.544803742024044], [-74.1365890707116, 40.544845486598746], [-74.13687348630864, 40.5446825939102], [-74.13674888757022, 40.5447825844807], [-74.13794966050654, 40.54600033707824], [-74.13886951340419, 40.545130197607484], [-74.1376243074514, 40.544253566418455], [-74.13775620755665, 40.54414492877839], [-74.1376791831006, 40.5442586257182], [-74.13875534703455, 40.54493395842707], [-74.13901965079306, 40.5447155610301], [-74.13798990164418, 40.54399004378955], [-74.13786798524534, 40.54405254413111], [-74.13804346897805, 40.54390456246399], [-74.13903307178626, 40.54470491030027], [-74.13953937915745, 40.544295140872336], [-74.13943253002648, 40.54421721751635], [-74.13914541346232, 40.54450958062274], [-74.13903265990314, 40.54442809733332], [-74.13942069337877, 40.54420594353738], [-74.1392876729529, 40.544116589404844], [-74.13897454226765, 40.544376101819914], [-74.13922032859807, 40.544066700171406], [-74.13908266855009, 40.54396822488413], [-74.13887570388356, 40.54424355793506], [-74.1387281244596, 40.54413002253527], [-74.13907750658639, 40.54396015316581], [-74.13883460585619, 40.543791358890644], [-74.1385858115911, 40.544104638490474], [-74.13841535838714, 40.54397842731649], [-74.13882325461655, 40.543784054896065], [-74.13853996268327, 40.54358792819032], [-74.13820667267075, 40.54377367836024], [-74.13827964456058, 40.54386669457077], [-74.13815068621103, 40.543772036757375], [-74.13852649744582, 40.54357854230625], [-74.1383415128872, 40.54355182831165], [-74.13852282835245, 40.543401551252046], [-74.13845971967868, 40.543506285991725], [-74.1385900530627, 40.54345034036684], [-74.13853314542554, 40.543544367341084], [-74.13956971698569, 40.54427227483074], [-74.13983697786199, 40.54405246284358], [-74.13870632397281, 40.54329141083457], [-74.13890636539452, 40.543131777602504], [-74.13877140226839, 40.54329133220312], [-74.1390367192296, 40.54322699394081], [-74.13898355608603, 40.54338441137312], [-74.1396764048069, 40.54388899585884], [-74.13988897406256, 40.54375247188513], [-74.13970350694184, 40.54390877718646], [-74.13986527264446, 40.5440268445123], [-74.14001283835921, 40.54383042684498], [-74.14038573073617, 40.544033185008075], [-74.14032848694495, 40.54380208727132], [-74.13934994841908, 40.543096085094376], [-74.13921993485886, 40.54316608513808], [-74.13940810077494, 40.54301658458543], [-74.14029571947168, 40.54364045715569], [-74.14012638219599, 40.54351339341706], [-74.14028734539116, 40.5433850711193], [-74.13936132804027, 40.54282586399888], [-74.1395368154802, 40.54268215086996], [-74.13947877205682, 40.54276849257787], [-74.14030634258242, 40.54336711061715], [-74.14062715566955, 40.54311302969269], [-74.13975584890447, 40.54248115565541], [-74.13963169074167, 40.54254109756638], [-74.13985859891679, 40.542357175129375], [-74.13977484776589, 40.54246404830149], [-74.14064614869822, 40.543094214902304], [-74.14084520303844, 40.542938844979226], [-74.14132426794245, 40.54309413383039], [-74.14038500590046, 40.5424207713667], [-74.14040685334777, 40.542360855450625], [-74.14028673369478, 40.54245578851911], [-74.14016510037563, 40.542366218936266], [-74.14033528229751, 40.5422282092597], [-74.14020723606573, 40.54236522429853], [-74.14040656300695, 40.54232708255226], [-74.14141073560408, 40.54302241508055], [-74.14107892119061, 40.54279117185177], [-74.141084368048, 40.54263891420663], [-74.14132653105811, 40.54274704748751], [-74.14114311299068, 40.542587658851545], [-74.14124949366257, 40.54266034085656], [-74.14133547192978, 40.54258879247044], [-74.14026290400702, 40.54196151152278], [-74.14049581011314, 40.54206085532416], [-74.14067998093147, 40.54190859347381], [-74.14061919911953, 40.54205602164406], [-74.141349013796, 40.542577523131754], [-74.14146151585437, 40.542483902224085], [-74.14129442123689, 40.54233587588589], [-74.14148097474445, 40.54246770907066], [-74.14134854694547, 40.542290464871066], [-74.14154957905978, 40.542410617504736], [-74.14179719957052, 40.54220041538255], [-74.14089451090621, 40.5415711106903], [-74.14063984172134, 40.54169454203749], [-74.14095816832993, 40.54143207846775], [-74.140894775834, 40.54153709486072], [-74.14187307971923, 40.542166658129624], [-74.1416722624308, 40.54233546409541], [-74.1422929736676, 40.54226337258881], [-74.14218344286675, 40.542017861051875], [-74.14247662235951, 40.541333709774996], [-74.14177661383256, 40.54008845633491], [-74.1420045928258, 40.53956795966715], [-74.14172892651293, 40.53933948409726], [-74.14230351275852, 40.53906997528989], [-74.1423383157749, 40.538949190408566], [-74.14176587793762, 40.53854204099999], [-74.14226513007999, 40.53814035366493], [-74.14183789388265, 40.538421620427], [-74.14222992294756, 40.53811445337742], [-74.14207893644108, 40.538003964285316], [-74.1421671801914, 40.53793276106833], [-74.14121865335552, 40.53725399843267], [-74.14104157916441, 40.53734688496484], [-74.14129825471821, 40.53713817794858], [-74.14124113051585, 40.53723469173426], [-74.14218574841772, 40.53791777778906], [-74.14238963689708, 40.53775326050502], [-74.14158287690893, 40.537087577952576], [-74.14305162613793, 40.537239873856684], [-74.14383385685339, 40.537136911849835], [-74.14474069813576, 40.5358010442114], [-74.14543374382961, 40.5358230728271], [-74.14602008284764, 40.535553528223076], [-74.14599669615095, 40.53539039281208], [-74.14669647685385, 40.53541430854885], [-74.14921733263964, 40.53424158776107], [-74.14977717489343, 40.53388786930431], [-74.14975846489824, 40.53342430275565], [-74.15069553618272, 40.532545838937324], [-74.1511202569052, 40.532741382506885], [-74.15175798831618, 40.53240179402822], [-74.15168241246525, 40.532276422763914], [-74.15185337744485, 40.5321640210235], [-74.15245660936688, 40.532067944001106], [-74.1540010766683, 40.53083155332172], [-74.15389831682606, 40.53067377293571], [-74.15410381534747, 40.53076082199778], [-74.15449818893846, 40.53031774326557], [-74.15462807870676, 40.53035429625152], [-74.15454357374453, 40.53006213630381], [-74.15492894849395, 40.53022548357582], [-74.15564782339318, 40.52964298409582], [-74.1555035725126, 40.52943802633791], [-74.15573153435037, 40.52960090453265], [-74.15599000320405, 40.529419603216446], [-74.15644868150012, 40.52893184170155], [-74.15618731852328, 40.528611371091884], [-74.15667105208163, 40.52899331160743], [-74.15701861946391, 40.52897765631238], [-74.15826103107301, 40.52830049916315], [-74.15797239457906, 40.52806708584459], [-74.15832645126989, 40.52827842678335], [-74.15970134520207, 40.52729599283172], [-74.1603042631384, 40.527555747322296], [-74.16158217423639, 40.52701347827946], [-74.16227196108763, 40.52719426230854], [-74.1655417511386, 40.52541961918436], [-74.16657896787522, 40.52501650436629], [-74.16884431819894, 40.523590681654206], [-74.16999711161473, 40.523045772452576], [-74.17050791660368, 40.523048719785685], [-74.17128682067288, 40.523457767139824], [-74.17269667263014, 40.522968735523776], [-74.17601245479067, 40.520875962829265], [-74.17758295522106, 40.51923086686623], [-74.17831876690656, 40.51994578563119], [-74.17924381368742, 40.519984216679156], [-74.17939137553337, 40.52027827929007], [-74.1798101694893, 40.5205523377063], [-74.18105192746827, 40.520663254038176], [-74.18243461417494, 40.520318205802404], [-74.18316855058445, 40.51990627376294], [-74.1848311647976, 40.51934135860102], [-74.18656733191207, 40.51811584990252], [-74.18849871608533, 40.5163127263648], [-74.18926875557327, 40.515344976872555], [-74.18884297821849, 40.5150871663459], [-74.18971218498393, 40.51532037853449], [-74.19178922669774, 40.51305164434617], [-74.19344318347443, 40.5115673095969], [-74.19409643736367, 40.51064124236241], [-74.19521339999068, 40.509977652955875], [-74.19649936986211, 40.50992353098781], [-74.19860831704987, 40.5111970231467], [-74.19967205359374, 40.51142685047984], [-74.19992695040725, 40.51182804548663], [-74.2000592561697, 40.51261937254108], [-74.19892572793869, 40.5127773059986], [-74.19907307095482, 40.51308388453719], [-74.19995659988135, 40.51293021841032], [-74.20082898254242, 40.51303070395863], [-74.20756866998322, 40.511856152130505], [-74.2086063787409, 40.51146292465595], [-74.2096878939744, 40.51079736934264], [-74.20918996825198, 40.51049905745798], [-74.20932200464202, 40.5103986288956], [-74.20971374205877, 40.51077770324319], [-74.2098533812854, 40.51067192532497], [-74.21051949638708, 40.50999136857801], [-74.21179183197995, 40.508173273495196], [-74.2133816997362, 40.50676628821555], [-74.2135313080367, 40.506397477228056], [-74.21385533847535, 40.506607024673265], [-74.21434250129722, 40.506518911287486], [-74.21510815859627, 40.50605975566553], [-74.21591242055464, 40.505371088176325], [-74.21758240164355, 40.50334139266091], [-74.21794570244776, 40.50336009042887], [-74.21977016417114, 40.50274268846006], [-74.22304657852258, 40.50247817901294], [-74.22500232195428, 40.50177029511352], [-74.22729413511078, 40.50229749944576], [-74.22971584237062, 40.50208568758785], [-74.23033892500185, 40.501804178372176], [-74.23055401780135, 40.501946854659934], [-74.23124443244185, 40.50182686031915], [-74.23359904119738, 40.50091253160142], [-74.23526495948053, 40.50060602854845], [-74.2367884562405, 40.50000083553837], [-74.23766770359929, 40.49912325543654], [-74.23798737379059, 40.49916598084844], [-74.2385132163552, 40.49889607586644], [-74.23984851236823, 40.4975830136407], [-74.24432798252431, 40.49754674020985], [-74.24548938982623, 40.497044773867316], [-74.2467610277419, 40.49613398761203], [-74.24837449685393, 40.49633059857334], [-74.24964219479405, 40.49683795432863], [-74.25085489422248, 40.4980061635954], [-74.251104114858, 40.498934197854325], [-74.25259982739979, 40.49964307588649], [-74.25316124501349, 40.500125376718955], [-74.25384590620644, 40.50163566934477], [-74.25472027611593, 40.50296520115978], [-74.25534274723191, 40.504302398576414], [-74.25530710377622, 40.50653645411922], [-74.25553185854763, 40.50786122885206], [-74.25462856709909, 40.508674825727205], [-74.2549813000949, 40.50877117277594], [-74.25497290370767, 40.50880566163084], [-74.25461850728021, 40.50868390880002], [-74.25399753079344, 40.50897031481095], [-74.25403804567854, 40.50925267164586], [-74.25438877737021, 40.50934418413483], [-74.25431454169312, 40.509413694649204], [-74.25402069505525, 40.50927297629023], [-74.25368911881061, 40.50942559643936], [-74.25464651262905, 40.50982624592461], [-74.25452621732428, 40.50997301538377], [-74.25364812518256, 40.5094705304365], [-74.25331579805132, 40.50986150454117], [-74.25306394553081, 40.511055257369975], [-74.2532580688567, 40.51108868938098], [-74.25300847277555, 40.51119398970561], [-74.2535268507671, 40.51167776603207], [-74.25303635381549, 40.511433160458935], [-74.25308950868654, 40.512121961374085], [-74.25195197488469, 40.51299700254742], [-74.2521259139706, 40.51371037980015], [-74.25135331412858, 40.514392897537746], [-74.25011171056995, 40.5150448198553], [-74.2500756883246, 40.515219092251996], [-74.25055526413557, 40.51571634242909], [-74.25045509923827, 40.51577200710924], [-74.25015626516763, 40.515361188199655], [-74.24988824874998, 40.51552154519314], [-74.25056007272009, 40.51610674103263], [-74.25041535921383, 40.516188335026094], [-74.24935660923893, 40.51500592819388], [-74.24933775243687, 40.51514081437956], [-74.24921528676096, 40.51508486129946], [-74.24963220109235, 40.515545377951206], [-74.24951393678674, 40.51569398097668], [-74.24994158808036, 40.51613748819118], [-74.24943096899091, 40.51568788559771], [-74.24864764632107, 40.51611262849697], [-74.24875958315138, 40.516356221134416], [-74.24854589291671, 40.51616991714866], [-74.24860080823045, 40.51631333191808], [-74.2482842208389, 40.51648694955386], [-74.24894624665613, 40.51719453978692], [-74.24940770789097, 40.51698083092126], [-74.24851449056031, 40.517475626265245], [-74.24891910653054, 40.51720843369266], [-74.24751811835532, 40.515735864778854], [-74.24693048008477, 40.51606645441794], [-74.24644039651132, 40.5159650280061], [-74.24612857679283, 40.51613739257391], [-74.24674997194062, 40.5164956132407], [-74.24651040267673, 40.516669855306176], [-74.24699556996588, 40.517182085195735], [-74.24647899705323, 40.51668732721104], [-74.24637736435628, 40.51673909386172], [-74.24653682834257, 40.51695996037966], [-74.24634969801765, 40.51675337193509], [-74.24520861528356, 40.5172897436243], [-74.24566989001377, 40.51778970805146], [-74.2456347316994, 40.518075580745965], [-74.24508804460534, 40.51806683940441], [-74.24429835217606, 40.51851500310796], [-74.24365228511596, 40.51829461462335], [-74.24232477833276, 40.51832652502193], [-74.2412596867521, 40.519180469823176], [-74.24103122918724, 40.51954251319067], [-74.24049069687702, 40.51919162897021], [-74.23982258316951, 40.52009071194654], [-74.2407328454876, 40.52056915165404], [-74.24117293552197, 40.52106013143217], [-74.24133219575523, 40.520894517580395], [-74.24293235036323, 40.521227160630374], [-74.24258375639266, 40.52219864849821], [-74.24276246783715, 40.52272678912772], [-74.24261397838434, 40.52308093752467], [-74.24280157009575, 40.524007296286875], [-74.24335792685682, 40.524818913317986], [-74.24396500758859, 40.52490536633801], [-74.24333883883855, 40.52585380518017], [-74.24288674411123, 40.52729733641782], [-74.2428867138121, 40.52820013082621], [-74.24251028997547, 40.528445935266085], [-74.24245541025238, 40.52895469954609], [-74.2421880176231, 40.52943755166044], [-74.24224528137324, 40.529822779505146], [-74.24150733322897, 40.53104134279533], [-74.24181061621528, 40.5325626754217], [-74.24217799663231, 40.53257613847683], [-74.2422820033815, 40.53338749651791], [-74.24196458870458, 40.53363371843335], [-74.24204570286004, 40.53434637705064], [-74.24240026879225, 40.53475292739309], [-74.24263289675623, 40.534783354811715], [-74.24295641189781, 40.53540676169805], [-74.24369670587454, 40.53608011142469], [-74.2441249598849, 40.53619629572923], [-74.24397655106576, 40.53646049855938], [-74.24414782538697, 40.53688140991723], [-74.2445875391072, 40.53693292707299], [-74.24493693114462, 40.536663876917345], [-74.24533651176053, 40.53690599443482], [-74.2452587110649, 40.537146089448015], [-74.2448010457436, 40.537385392689835], [-74.24442748922033, 40.53801643339913], [-74.24539376219913, 40.53955167471587], [-74.24560205698324, 40.540949594577555], [-74.24599284790557, 40.541278932158036], [-74.24648614815786, 40.54221339265584], [-74.2476777803961, 40.543125403303], [-74.24803463735688, 40.543093240441635], [-74.24613743768708, 40.54569644693217], [-74.24336346552765, 40.54786513523601], [-74.24358447651353, 40.547623990878776], [-74.24293585929203, 40.547113219748034], [-74.24220318463249, 40.54694867779772], [-74.24039182810051, 40.54766331017396], [-74.23837191304226, 40.54914156681453], [-74.23761963467327, 40.55012346857881], [-74.23641459726791, 40.55050822345002], [-74.23616473136117, 40.55142942466193], [-74.23650799187398, 40.55202727130982], [-74.23639962082139, 40.5523353332219], [-74.23489865800803, 40.55300521667145], [-74.2337775501176, 40.552514200016454], [-74.23332400080318, 40.55250914356611], [-74.23229112933164, 40.55336369797586], [-74.23193331444938, 40.55414983011733], [-74.23071036198121, 40.555557594259106], [-74.23024952153514, 40.5553867461628], [-74.22931954185714, 40.555491586962944], [-74.22935253825545, 40.5557506006206], [-74.22905162187638, 40.55610708210527], [-74.22833214372007, 40.55639035431165], [-74.22743682730528, 40.556038533516634], [-74.22640494542951, 40.55625571284607], [-74.2239033413449, 40.55589706554467], [-74.22386421498082, 40.55609769408307], [-74.22344265106311, 40.55604656990374], [-74.22378606708955, 40.555880267507376], [-74.22316128942742, 40.555787142691976], [-74.22297219698756, 40.55550337362153], [-74.22257486801371, 40.55540620977982], [-74.22179863887051, 40.55541707075928], [-74.22157006613199, 40.55564898295788], [-74.22129864604456, 40.55536622468574], [-74.22086715093401, 40.55594020227793], [-74.22055340151061, 40.55588528417051], [-74.22029711808946, 40.555597921062954], [-74.22010627164943, 40.55492881292594], [-74.21974356930723, 40.55461267207267], [-74.21908060899345, 40.554847002198166], [-74.21933701278985, 40.55569136698126], [-74.21921716370927, 40.55579696987882], [-74.21895832633227, 40.55485758341598], [-74.21859325782808, 40.554674210247974], [-74.2187503688056, 40.55602774053745], [-74.21817360193396, 40.55560052324868], [-74.21775342391737, 40.55500528477637], [-74.21604246060636, 40.55554411878319], [-74.21474053198814, 40.55624238913232], [-74.21499256964766, 40.5567949327961], [-74.21462340478283, 40.55691336222108], [-74.21422698854244, 40.556557317917196], [-74.21395537449725, 40.55665715479713], [-74.2137646731759, 40.55639694332549], [-74.21327457291378, 40.55662493427681], [-74.21313586328937, 40.55705100989124], [-74.21264343799072, 40.5572897270571], [-74.21267302665483, 40.55764756000829], [-74.21199843164248, 40.558378066978584], [-74.21175620455124, 40.55912475727636], [-74.21197029168809, 40.55929773757716], [-74.21188042321681, 40.559596937862004], [-74.21117440259931, 40.56045988185266], [-74.21134005281321, 40.561230353085506], [-74.21109600355233, 40.56213147129194], [-74.21137997858774, 40.56349220527506], [-74.21096277401229, 40.564290450150466], [-74.21072667690999, 40.56527391136232], [-74.20962824988962, 40.56731836464242], [-74.20953467232908, 40.56792804865823], [-74.20932175268335, 40.568025300757085], [-74.20924168547086, 40.56840985837741], [-74.20886661112192, 40.56890979392937], [-74.20892636328671, 40.56962429845021], [-74.20801705381419, 40.57051795740093], [-74.20816851102184, 40.57071942341444], [-74.20783559015133, 40.57261000094922], [-74.20726298207309, 40.57411302777292], [-74.20707800410416, 40.57426634021684], [-74.20722650206048, 40.57448679641197], [-74.20707024366182, 40.57474302532253], [-74.20728431413171, 40.575254532872776], [-74.20681205626771, 40.57592202018839], [-74.20688655587759, 40.57621727105977], [-74.20708917179337, 40.576305589836416], [-74.20692739963445, 40.576543990351816], [-74.20658040532055, 40.5766527368369], [-74.2065312542969, 40.5769016373691], [-74.20680827961803, 40.577179568792744], [-74.20632344195356, 40.57753881896503], [-74.20591732509392, 40.57861664755381], [-74.2060284124251, 40.579764267145656], [-74.20441199948044, 40.58017000092054], [-74.20294999980203, 40.58010200008033], [-74.20058400025056, 40.57951100041147], [-74.19887622636102, 40.57930361863374]]]]}, "properties": {"geo_id": "503", "name": "SI 03", "borough": "Staten Island", "area_km2": 55.7739}}, {"type": "Feature", "id": 42, "geometry": {"type": "Polygon", "coordinates": [[[-73.86840518949181, 40.69473118624401], [-73.86868454370578, 40.6940346919058], [-73.8674569407755, 40.688400441659354], [-73.8665984834927, 40.685269559070086], [-73.86601993220731, 40.681919587028176], [-73.86410096679134, 40.68237285029281], [-73.86328297030332, 40.6790793711762], [-73.86234580535023, 40.67916478614704], [-73.86038519854728, 40.67125171098987], [-73.85763323108364, 40.6716561940382], [-73.85568461221035, 40.663867492875696], [-73.85842950791304, 40.66345336093123], [-73.8576153718558, 40.66011893315399], [-73.86030494564054, 40.65963465530412], [-73.86317083340404, 40.65827651294904], [-73.86269778233539, 40.65761830901176], [-73.86300202201289, 40.657488116627455], [-73.86327623068608, 40.65694121532833], [-73.86300171715266, 40.65665375737041], [-73.86299920949274, 40.65635733373809], [-73.8632019897679, 40.65635955375476], [-73.8630513221345, 40.656106098379894], [-73.86264117343165, 40.65566753700785], [-73.86173355547592, 40.655295221774196], [-73.86098917353912, 40.65520976710535], [-73.8605783613639, 40.654675329645336], [-73.87018565227542, 40.649323182368086], [-73.87218473332494, 40.64794507002915], [-73.87346558258528, 40.64681663347197], [-73.87921658230898, 40.65459108377317], [-73.8796386550232, 40.65449909180442], [-73.87971979034303, 40.654375929776506], [-73.87676193956312, 40.65056095449532], [-73.87672192491897, 40.65032322196803], [-73.87390127670119, 40.64636836786071], [-73.87596309071361, 40.64364448425499], [-73.87797341334353, 40.63980711772154], [-73.87868493173578, 40.64053855256887], [-73.87864705317253, 40.641065856068], [-73.87919156452111, 40.64165237968198], [-73.89136543587246, 40.65236471944711], [-73.89354677073847, 40.655202714083835], [-73.89761013242362, 40.65345381612079], [-73.89800255747741, 40.65380122395529], [-73.89888695186954, 40.65670611215405], [-73.89904180388906, 40.65737165757109], [-73.89879910308923, 40.657456850346826], [-73.90347422342496, 40.6755066832779], [-73.90331599637037, 40.67786922339934], [-73.90349050037075, 40.67889804853495], [-73.90404639808888, 40.67922059801935], [-73.90262262346396, 40.680664503418924], [-73.90024537705516, 40.67942279101161], [-73.8988992828747, 40.679560934901744], [-73.89786299939698, 40.67987501111846], [-73.8973838130457, 40.68016881312504], [-73.89695913848713, 40.68069958191175], [-73.89674965951048, 40.681492026564776], [-73.89658158697972, 40.681574718432664], [-73.89641909073782, 40.68247987574135], [-73.89599727316035, 40.68319687928008], [-73.8941746326718, 40.68528324817077], [-73.89258303102321, 40.68349191088735], [-73.8901541873892, 40.68500398980529], [-73.8896278757877, 40.6842364542531], [-73.88808341842545, 40.68529363217126], [-73.88452250957424, 40.686684749095754], [-73.88377698583253, 40.687863411184445], [-73.87950641154781, 40.69114676934525], [-73.87402053306702, 40.694191295218346], [-73.8689176269075, 40.69514656151423], [-73.86840518949181, 40.69473118624401]]]}, "properties": {"geo_id": "305", "name": "BK 05", "borough": "Brooklyn", "area_km2": 14.4453}}, {"type": "Feature", "id": 43, "geometry": {"type": "Polygon", "coordinates": [[[-73.81828566411757, 40.70630285048332], [-73.81492343267226, 40.69942244007551], [-73.8106329831089, 40.6919473825769], [-73.84671464241593, 40.6818584931912], [-73.85398014767986, 40.67968303546612], [-73.86328297030332, 40.6790793711762], [-73.86410096679134, 40.68237285029281], [-73.86601993220731, 40.681919587028176], [-73.8665984834927, 40.685269559070086], [-73.8674569407755, 40.688400441659354], [-73.86868454370578, 40.6940346919058], [-73.86840518949181, 40.69473118624401], [-73.85744447739619, 40.696912984716974], [-73.85274511620044, 40.69756075009828], [-73.85283262278917, 40.698407766080834], [-73.85449964630278, 40.70055185496033], [-73.85070842256266, 40.70020312510456], [-73.84913837243018, 40.69828274069948], [-73.84502472877107, 40.69935937701635], [-73.84275664180579, 40.70065769530599], [-73.84156378094423, 40.70110059871778], [-73.83947815241453, 40.70269019433179], [-73.83696237811037, 40.70421245233334], [-73.83814221741352, 40.706258901280755], [-73.8380813787442, 40.70656204297167], [-73.83714702988892, 40.70795704626353], [-73.83828428770201, 40.708409358625126], [-73.83742962348052, 40.70962046046215], [-73.83694489682541, 40.70942458795943], [-73.83631179405216, 40.708837255987], [-73.83404791977469, 40.710029392278244], [-73.835900721417, 40.711641370769], [-73.83150084437894, 40.71398771190662], [-73.82546060666236, 40.715549645593455], [-73.82428940517953, 40.71387006610603], [-73.82383889061457, 40.71294087838176], [-73.8210335440485, 40.710427036396105], [-73.8202625598923, 40.709538073272405], [-73.81828566411757, 40.70630285048332]]]}, "properties": {"geo_id": "409", "name": "QN 09", "borough": "Queens", "area_km2": 9.9758}}, {"type": "Feature", "id": 44, "geometry": {"type": "Polygon", "coordinates": [[[-73.80168266553363, 40.66632235257108], [-73.8012616037584, 40.668390189897416], [-73.80113236148254, 40.670548667617204], [-73.80119461615126, 40.67242246460575], [-73.80168194759725, 40.67438384896005], [-73.8073362180269, 40.686125446990225], [-73.81492343267226, 40.69942244007551], [-73.81709738756452, 40.70402980158784], [-73.81443931865432, 40.70440215056366], [-73.79561668961856, 40.709753079175215], [-73.78858168019974, 40.71233184750617], [-73.78843507108904, 40.7119989378046], [-73.78784678413935, 40.71181083316656], [-73.78657528627528, 40.711972493276896], [-73.77357135168404, 40.71512009536888], [-73.76733228086881, 40.717289796810775], [-73.76446951723543, 40.71889039287925], [-73.7594414294101, 40.72106344375331], [-73.75370834622873, 40.713324636739905], [-73.75121246970107, 40.70730657957567], [-73.7448461056506, 40.69313905611548], [-73.74856993160503, 40.6878037382087], [-73.75008991197132, 40.685923446360306], [-73.75225828619395, 40.6814914114728], [-73.75523457805716, 40.67728840924502], [-73.75581771153011, 40.67575274273149], [-73.75636239259674, 40.672429237110435], [-73.75643734291953, 40.66966637874227], [-73.75699533361424, 40.667741268564555], [-73.75795643664848, 40.66595540339695], [-73.7701748204814, 40.667315463763394], [-73.77445107675578, 40.66747157651877], [-73.78031667239236, 40.667176371826436], [-73.78948089727395, 40.66636765162302], [-73.79305980869576, 40.666193204081765], [-73.80168266553363, 40.66632235257108]]]}, "properties": {"geo_id": "412", "name": "QN 12", "borough": "Queens", "area_km2": 24.8362}}, {"type": "Feature", "id": 45, "geometry": {"type": "Polygon", "coordinates": [[[-73.74699391257126, 40.63715064468594], [-73.74679450798166, 40.637871694661044], [-73.74462107367462, 40.63944618727514], [-73.74399063232025, 40.641247069543525], [-73.74761799181103, 40.64486212488392], [-73.74857178830541, 40.64555028440587], [-73.76669593838936, 40.655802847501775], [-73.76739097086562, 40.655838168699916], [-73.76832740163579, 40.655600115136224], [-73.76974364174501, 40.655948254796556], [-73.77447688294156, 40.658901828100305], [-73.77611580232053, 40.65974495835606], [-73.77883592023035, 40.660577251396404], [-73.78393981792671, 40.66278283141949], [-73.78502513806313, 40.6634210723976], [-73.79641492651469, 40.66502093001601], [-73.799819543967, 40.66525926147234], [-73.80203207689965, 40.66524802533259], [-73.80168266553363, 40.66632235257108], [-73.79305980869576, 40.666193204081765], [-73.78948089727395, 40.66636765162302], [-73.78031667239236, 40.667176371826436], [-73.77445107675578, 40.66747157651877], [-73.7701748204814, 40.667315463763394], [-73.75795643664848, 40.66595540339695], [-73.75699533361424, 40.667741268564555], [-73.75643734291953, 40.66966637874227], [-73.75636239259674, 40.672429237110435], [-73.75581771153011, 40.67575274273149], [-73.75523457805716, 40.67728840924502], [-73.75225828619395, 40.6814914114728], [-73.75008991197132, 40.685923446360306], [-73.74856993160503, 40.6878037382087], [-73.7448461056506, 40.69313905611548], [-73.75121246970107, 40.70730657957567], [-73.75370834622873, 40.713324636739905], [-73.7594414294101, 40.72106344375331], [-73.75409142333176, 40.72469190628807], [-73.75670329167477, 40.72622943266059], [-73.75317946995966, 40.72760893136698], [-73.75048295649863, 40.729221294394065], [-73.74672140362712, 40.73247715064415], [-73.74294785789961, 40.73545655152901], [-73.74151636839602, 40.73686036104066], [-73.73901210352393, 40.73974647917534], [-73.73816047920391, 40.7403764358172], [-73.73375484853679, 40.74274762831261], [-73.73106461880838, 40.744888375884486], [-73.72906670974076, 40.74739095924633], [-73.72825381049505, 40.74969372864579], [-73.72771356186327, 40.75062689461179], [-73.72641472137151, 40.75191587781291], [-73.7232667341128, 40.753947599497174], [-73.7224109479736, 40.7549201892486], [-73.72145870261356, 40.75665808054636], [-73.7203159529136, 40.75789725862028], [-73.71897050365068, 40.758783237036695], [-73.71767237065704, 40.75931121152054], [-73.71612528233499, 40.75966071430748], [-73.71351828105992, 40.75983773083099], [-73.70163345826296, 40.75249332918879], [-73.70002020503291, 40.73923654173212], [-73.70147073038119, 40.73751156096427], [-73.70766217239931, 40.727830934507935], [-73.71049995362073, 40.72722708741339], [-73.7169328805703, 40.726386415555616], [-73.72567196959442, 40.72403765899333], [-73.72926310749025, 40.722712820948324], [-73.73032628902038, 40.72215729678346], [-73.72917629515445, 40.7191672145619], [-73.72735961842656, 40.712388941114966], [-73.72689487415279, 40.709978573617974], [-73.72704696552918, 40.70949875281068], [-73.72678961229367, 40.70194545186659], [-73.72654435058581, 40.69898264016624], [-73.72620259676737, 40.68898434080928], [-73.72579787942314, 40.68435384982523], [-73.72590660060473, 40.682656605126816], [-73.72563005119694, 40.679587951284134], [-73.72629437184834, 40.677058112803856], [-73.72755616356653, 40.67416158768915], [-73.7282413121141, 40.66802409750177], [-73.72827272254973, 40.666429592083816], [-73.72811351396625, 40.66534531443702], [-73.72785787219546, 40.66506796968168], [-73.72781750949889, 40.66311678348206], [-73.72833071875961, 40.66304394373133], [-73.72793124411493, 40.66174883510503], [-73.72644438674246, 40.65916161542394], [-73.72556769770412, 40.65672514308154], [-73.72550259072494, 40.65551651557244], [-73.72498470712827, 40.65425343540416], [-73.72509934582095, 40.65234574831195], [-73.72522608107016, 40.652001000147635], [-73.73028652972182, 40.650368522674576], [-73.7351350140652, 40.64973203996289], [-73.73904482131434, 40.6482011803446], [-73.74143706042345, 40.64688917832163], [-73.74166141317728, 40.64219806168002], [-73.74205084952769, 40.64147420452586], [-73.74142279314964, 40.640503390753494], [-73.74227387226114, 40.64012338094907], [-73.74125900067578, 40.63889749943519], [-73.73947121626792, 40.63570643182957], [-73.7399595757038, 40.635143809876084], [-73.74000390414136, 40.63530886479294], [-73.74096993673938, 40.635034406682585], [-73.74103068627748, 40.635117593973646], [-73.74078781200114, 40.635161034869945], [-73.74170620982906, 40.63503754626711], [-73.74168473420008, 40.634949817062065], [-73.74148887105945, 40.635010134048954], [-73.74146473729922, 40.63494288932982], [-73.74177038312104, 40.63488103262092], [-73.74171935824084, 40.63499716137882], [-73.74195564830444, 40.6348918129039], [-73.74253691856387, 40.63517496612196], [-73.74239123952636, 40.63563030012699], [-73.74258539843592, 40.63545335666131], [-73.74243638020496, 40.63571275510764], [-73.74231340408035, 40.63568798445806], [-73.74242065314762, 40.635749566594974], [-73.74237215392348, 40.63581654636627], [-73.74124959182478, 40.63693970077002], [-73.74102309003347, 40.63727201246065], [-73.74111794174448, 40.637468149794465], [-73.74096487686366, 40.637304775030245], [-73.74130372491103, 40.63789881291862], [-73.74189040305608, 40.63812221354043], [-73.74272966303367, 40.63827015598186], [-73.74397128496236, 40.63788001261504], [-73.74403815450623, 40.63798607662274], [-73.74352226238186, 40.63888948637497], [-73.7437342150463, 40.63902211766415], [-73.74479558148506, 40.637075029076314], [-73.74471275511699, 40.6373070468944], [-73.74519496966802, 40.63719171231217], [-73.74629219000667, 40.636437267982636], [-73.74679074638061, 40.636778135545555], [-73.74645394301919, 40.6372598208814], [-73.74527138642927, 40.63791590124552], [-73.74515886775076, 40.63807741225223], [-73.74529639409818, 40.6383301395409], [-73.74567316004254, 40.638124657428115], [-73.74551058251754, 40.63794388103354], [-73.74643950901817, 40.63742955107311], [-73.74699518373022, 40.6368908341636], [-73.74699985204262, 40.63712702776195], [-73.74715435857706, 40.63712636360669], [-73.74699391257126, 40.63715064468594]]]}, "properties": {"geo_id": "413", "name": "QN 13", "borough": "Queens", "area_km2": 32.5599}}, {"type": "Feature", "id": 46, "geometry": {"type": "Polygon", "coordinates": [[[-73.90268810116362, 40.84458147228608], [-73.90597940441727, 40.838505195802746], [-73.91216982578263, 40.8279022214858], [-73.91661368442395, 40.82499230850759], [-73.91608782857901, 40.8248378518315], [-73.92194764145448, 40.82103154495959], [-73.92402557241968, 40.8192853301109], [-73.9251848646356, 40.818012668875106], [-73.9300999320032, 40.81927435042967], [-73.93238971325029, 40.819502847336956], [-73.93266003600995, 40.82454522647443], [-73.93354606746993, 40.83150945350162], [-73.93360592036706, 40.83278953052097], [-73.93346235703143, 40.833643823071874], [-73.9331430670921, 40.83519412811921], [-73.9326562035398, 40.836473476526095], [-73.9305157238608, 40.839933642686965], [-73.93048324520994, 40.84046006106985], [-73.92919408007184, 40.84281841573973], [-73.92918458606921, 40.84320375764744], [-73.92861574822354, 40.844676865030145], [-73.92827454640613, 40.84497576115672], [-73.92730194432448, 40.84650686737587], [-73.92354002011587, 40.844758943609925], [-73.91338293971448, 40.84518723253673], [-73.90664675559496, 40.84491631456994], [-73.90268810116362, 40.84458147228608]]]}, "properties": {"geo_id": "204", "name": "BX 04", "borough": "Bronx", "area_km2": 5.1583}}, {"type": "Feature", "id": 47, "geometry": {"type": "Polygon", "coordinates": [[[-73.89138023380261, 40.86170058826325], [-73.8932152075781, 40.859874206155865], [-73.89394893079093, 40.85877969702769], [-73.90009696107384, 40.84920904118117], [-73.90268810116362, 40.84458147228608], [-73.90664675559496, 40.84491631456994], [-73.91338293971448, 40.84518723253673], [-73.92354002011587, 40.844758943609925], [-73.92730194432448, 40.84650686737587], [-73.92683023216796, 40.84728976018874], [-73.92465379864156, 40.84978504351282], [-73.92384778879642, 40.851182608715725], [-73.92394789501428, 40.85122178511928], [-73.92256178946477, 40.85318891203006], [-73.92174035403008, 40.85422123784067], [-73.9215426180392, 40.854116883381884], [-73.92134207683867, 40.85431743565784], [-73.92151543705526, 40.85451006389152], [-73.92080070289336, 40.85538081439468], [-73.9203002721343, 40.85524637134164], [-73.92056655954363, 40.855513898313795], [-73.9205265313285, 40.855686668401994], [-73.9195662094469, 40.8568401836883], [-73.91776041251106, 40.85870809795846], [-73.91720664646986, 40.85892892323731], [-73.91576213210938, 40.86064463729312], [-73.91467480712001, 40.85971240616232], [-73.91403607887659, 40.85994195332954], [-73.91072104322669, 40.85870623223429], [-73.91030880851136, 40.858409326605155], [-73.90966747830913, 40.85748494865335], [-73.90777484290884, 40.859609519622246], [-73.90390816669436, 40.858367585816104], [-73.90107967017725, 40.86275638342314], [-73.89943670840407, 40.862116912065716], [-73.89693899685136, 40.86244292975122], [-73.89285169155296, 40.86183219349595], [-73.89177188799202, 40.86187171675027], [-73.89138023380261, 40.86170058826325]]]}, "properties": {"geo_id": "205", "name": "BX 05", "borough": "Bronx", "area_km2": 3.5596}}, {"type": "Feature", "id": 48, "geometry": {"type": "Polygon", "coordinates": [[[-73.97139631688152, 40.648257786114264], [-73.96762736292794, 40.63523862182281], [-73.97241481651272, 40.63299383426854], [-73.9725572159544, 40.63371337992711], [-73.97761642237326, 40.63315364240398], [-73.97651462100198, 40.62729448999149], [-73.97258165362265, 40.62791796735944], [-73.96590686880008, 40.62865448130853], [-73.9623854844826, 40.60998599285033], [-73.97299433938896, 40.60881414180244], [-73.97399319461375, 40.6140298942427], [-73.97489295756635, 40.61318636891679], [-73.97497264598458, 40.61366811017186], [-73.9947348567926, 40.62561474110618], [-73.99655425884932, 40.62634065439817], [-74.00930768723725, 40.63400051478155], [-74.0105038368618, 40.63457909632956], [-73.99604565308663, 40.64834065492914], [-73.98905872393608, 40.64411924103938], [-73.98834986671028, 40.64456224388744], [-73.98180533857207, 40.647127799262464], [-73.97527213435491, 40.64783060457004], [-73.97326689005877, 40.64758307212597], [-73.97139631688152, 40.648257786114264]]]}, "properties": {"geo_id": "312", "name": "BK 12", "borough": "Brooklyn", "area_km2": 9.2462}}, {"type": "Feature", "id": 49, "geometry": {"type": "Polygon", "coordinates": [[[-73.98017161103716, 40.66115465847807], [-73.98021005290443, 40.66092332243819], [-73.9800011389068, 40.660757564210144], [-73.9795787009563, 40.660853242154154], [-73.97515738099992, 40.65872279411515], [-73.97436701292499, 40.6581879035124], [-73.97139631688148, 40.648257786114314], [-73.97326689005867, 40.64758307212597], [-73.97527213435485, 40.64783060457004], [-73.98180533857207, 40.647127799262464], [-73.98834986671018, 40.64456224388744], [-73.98905872393603, 40.64411924103943], [-73.99604565308651, 40.64834065492914], [-74.0105038368618, 40.6345790963296], [-74.01971293794584, 40.63723148291324], [-74.02101610031087, 40.63818960318481], [-74.0215981079465, 40.63908649537252], [-74.02297009390848, 40.63993460447874], [-74.02310593208479, 40.63999532592702], [-74.0233168302438, 40.63979778172508], [-74.0235493915473, 40.63932033369252], [-74.02572377067457, 40.64063051910817], [-74.0260978912957, 40.640270020325616], [-74.03231084300101, 40.6440392144806], [-74.03189708494334, 40.643889349369985], [-74.0305183086339, 40.64527442470666], [-74.02908090885776, 40.64440359693058], [-74.02899762468769, 40.64447196149313], [-74.0291541899453, 40.64458144541976], [-74.02886241127055, 40.644866024225784], [-74.0290865428924, 40.64458300179983], [-74.02850116250606, 40.64417756470286], [-74.02819053049342, 40.64441433070909], [-74.02845721095775, 40.64415605924836], [-74.02820569545007, 40.64401598289046], [-74.02604948400315, 40.646261350326384], [-74.02974078211047, 40.648486025708], [-74.02938990486598, 40.64880405461148], [-74.02571758804807, 40.64661549229113], [-74.02538149265294, 40.64691234622674], [-74.0250711143008, 40.64672561637863], [-74.02435496936715, 40.647399278153685], [-74.02414566050564, 40.64761510126002], [-74.02512911955235, 40.648323181457464], [-74.02496792117137, 40.64860596226772], [-74.02553864578044, 40.64978215934824], [-74.02484436363444, 40.65059963805721], [-74.02520581187575, 40.650818467899576], [-74.02541553929463, 40.6506186970827], [-74.02605133196793, 40.6509943007433], [-74.02552971543649, 40.65147855069301], [-74.02491122849014, 40.6511062852909], [-74.0251025719024, 40.65089330557706], [-74.02477160495674, 40.65068770743557], [-74.02424021347524, 40.651133516313614], [-74.02550139045745, 40.651839851034374], [-74.02541604028593, 40.65193380685529], [-74.02417752973396, 40.651191773212396], [-74.02359400295185, 40.65131566325391], [-74.02305991047025, 40.65097430413495], [-74.02285141795983, 40.651169195161955], [-74.02536890150519, 40.652721436927436], [-74.02522662972656, 40.65282985695983], [-74.02154138319224, 40.65067162291142], [-74.0212465237341, 40.650834972564496], [-74.02139188210673, 40.65096775798857], [-74.0211270778384, 40.65094321261822], [-74.02105230392215, 40.65109828292791], [-74.0223373466683, 40.65191060538179], [-74.02225173199704, 40.651981601506975], [-74.02098261225858, 40.65115682265789], [-74.02089862870834, 40.65124727521847], [-74.02380703903121, 40.65304472851167], [-74.02359434497556, 40.65321636896198], [-74.02195900090592, 40.652222781970984], [-74.02162153367613, 40.652319951290764], [-74.02118670027885, 40.65283983689552], [-74.02320464727141, 40.654096116818046], [-74.02306219089226, 40.65423323629213], [-74.02210195162463, 40.653587954310396], [-74.02162946295498, 40.653645165216226], [-74.02114963484493, 40.65421075521175], [-74.02182479745494, 40.65465617578563], [-74.0216448641537, 40.654878982880085], [-74.0208946979759, 40.6544335754137], [-74.0206396915899, 40.654439333329705], [-74.0204746182018, 40.65421658922738], [-74.01919203025416, 40.65402259849431], [-74.01872686588685, 40.65347431052462], [-74.01811897876486, 40.65388527160806], [-74.02025589052923, 40.65511826288136], [-74.02005182454292, 40.6553359488747], [-74.01787407223816, 40.65406150233106], [-74.01715319581021, 40.65477510436232], [-74.01980081651999, 40.65648721058484], [-74.01970596410233, 40.65658116375125], [-74.01726715936582, 40.6551941879867], [-74.01691617851066, 40.65548327495794], [-74.01665047959762, 40.6553387965724], [-74.01639437533773, 40.655620642850984], [-74.01910843803118, 40.65736888430367], [-74.01860569460999, 40.65784587402304], [-74.0158537005681, 40.65621324005304], [-74.01543632269644, 40.656632396759846], [-74.01774232727489, 40.658098916725166], [-74.01766644409521, 40.658185638771734], [-74.01786573109679, 40.658308447298715], [-74.01768549175469, 40.6584529927614], [-74.0150473822185, 40.656950386693595], [-74.01442130484548, 40.65760802195157], [-74.01745803087898, 40.6594501973869], [-74.01554165389007, 40.66075835547633], [-74.01400428392415, 40.65981196344029], [-74.01366273992599, 40.66002878063704], [-74.01183862056553, 40.658912837274904], [-74.0111075041031, 40.659706274580806], [-74.01402247678024, 40.661529747440255], [-74.0131555493881, 40.661981597726125], [-74.0126535881149, 40.66198165403776], [-74.00859956968283, 40.659520923098476], [-74.00745858163896, 40.66055847621014], [-74.01037201297223, 40.662398879730176], [-74.01046331724494, 40.66264211979029], [-74.00955074142036, 40.66326769413059], [-74.00868371591297, 40.663372012840405], [-74.00616141136321, 40.66184506899067], [-74.00568594756886, 40.66227474036075], [-74.00428358250124, 40.661444894101464], [-74.00414624892207, 40.66156163568152], [-74.00622698247925, 40.66278782786119], [-74.00592360503035, 40.66310825073926], [-74.0038081547088, 40.661907945728395], [-74.0034880110065, 40.66224055612868], [-74.00455498488712, 40.66281637291295], [-74.00473298121777, 40.662496503996884], [-74.00535812864251, 40.6628691297319], [-74.00497157758612, 40.663068213242305], [-74.00519233775087, 40.663201553096805], [-74.00538014413925, 40.66288392695557], [-74.00599748682693, 40.66325861082871], [-74.00561348681744, 40.66345839025494], [-74.00772133506703, 40.66471863301997], [-74.00730516126835, 40.66459759075276], [-74.0071253264674, 40.66491521847451], [-74.00652469600111, 40.6645472271606], [-74.00688215307306, 40.66434037294312], [-74.00662937859565, 40.66418793012463], [-74.00644979980794, 40.664506206799246], [-74.0058415763248, 40.664138020674756], [-74.0062030658537, 40.66393016821067], [-74.00604608518974, 40.66384000563571], [-74.00575781045487, 40.6639227568018], [-74.00584924770605, 40.6645032986199], [-74.00564140754473, 40.6645314913934], [-74.0056502595958, 40.66390033784394], [-74.00362862508561, 40.662734847534786], [-74.00340348595624, 40.66298572609586], [-74.00459238636749, 40.663735199833035], [-74.00432294897372, 40.66405231997546], [-74.00528132177341, 40.664657003524155], [-74.00486193792659, 40.665064821938365], [-74.00113519509655, 40.66290172355275], [-74.0009442426561, 40.663076391984085], [-74.00083401108444, 40.663006442189314], [-73.99953152609916, 40.664397485937094], [-74.00292463516382, 40.6664623121636], [-74.00224030991373, 40.66679383514536], [-74.00161950021086, 40.66676627917465], [-74.00120611348305, 40.66701810720303], [-74.00146470932704, 40.66716956870778], [-74.00068774868765, 40.667545951899], [-73.99998149339123, 40.66745027490887], [-73.99902600998384, 40.668442972127195], [-73.99902633264173, 40.669007888400905], [-73.9992404910503, 40.66830628656016], [-73.99907935327965, 40.669038271861766], [-73.998655806916, 40.66951479554816], [-73.99891160167881, 40.66964857863971], [-73.99891684838755, 40.669804563217966], [-73.9985582446838, 40.671335501670185], [-73.99876941058922, 40.67160204710525], [-73.99861887970057, 40.67183017256491], [-73.99684490483776, 40.66903132477127], [-73.99640281104523, 40.669008413751186], [-73.98017161103716, 40.66115465847807]]]}, "properties": {"geo_id": "307", "name": "BK 07", "borough": "Brooklyn", "area_km2": 9.6737}}, {"type": "Feature", "id": 50, "geometry": {"type": "Polygon", "coordinates": [[[-73.95630035122711, 40.65504828183134], [-73.9558251843973, 40.65052980807902], [-73.95565196240852, 40.64663041014475], [-73.95473024770416, 40.64477257836185], [-73.95412641170893, 40.639161299282826], [-73.95394172535894, 40.638494724942056], [-73.9511598853806, 40.63841789940738], [-73.94826499656885, 40.638607189706995], [-73.94777330394353, 40.633998156194906], [-73.9458677359317, 40.63411754815999], [-73.9455109552195, 40.63079148290151], [-73.94415535255825, 40.62950828520816], [-73.94732672226584, 40.62916656670734], [-73.94482770996294, 40.61604620910957], [-73.9491197021277, 40.61305321766795], [-73.95076938075914, 40.61159024476765], [-73.95359888852906, 40.61094986560658], [-73.9623854844826, 40.60998599285033], [-73.96590686880008, 40.62865448130853], [-73.97258165362265, 40.62791796735944], [-73.97651462100198, 40.62729448999149], [-73.97761642237326, 40.63315364240398], [-73.9725572159544, 40.63371337992711], [-73.97241481651272, 40.63299383426854], [-73.96762736292794, 40.63523862182281], [-73.9722222860573, 40.651046951765906], [-73.97145620308532, 40.651140312462566], [-73.95986103179125, 40.65563478893716], [-73.9596966586306, 40.65483921472639], [-73.95630035122711, 40.65504828183134]]]}, "properties": {"geo_id": "314", "name": "BK 14", "borough": "Brooklyn", "area_km2": 7.6343}}, {"type": "Feature", "id": 51, "geometry": {"type": "MultiPolygon", "coordinates": [[[[-73.906473146101, 40.79018117520826], [-73.90206327886757, 40.78949440599798], [-73.90032629743821, 40.78900766282588], [-73.89693993562564, 40.78662466896988], [-73.89651204913615, 40.78606865902618], [-73.89635251322336, 40.786179310203444], [-73.8965025483398, 40.786057467844245], [-73.89637855982231, 40.78590898109463], [-73.89621803522918, 40.786016022871465], [-73.89604376668132, 40.78579998748064], [-73.89624259793263, 40.78574043299211], [-73.89614015089818, 40.785607167288475], [-73.89598001322786, 40.785711675769114], [-73.89592962975526, 40.78564894431399], [-73.89612632632591, 40.78559316880902], [-73.8958291437706, 40.78522152738367], [-73.89683173824393, 40.78442766370363], [-73.89675564813932, 40.78432233937594], [-73.8968593888039, 40.78440412048289], [-73.89715534459026, 40.784194962857086], [-73.8970608713766, 40.78407329931869], [-73.89719273550543, 40.78416853742992], [-73.89742198964578, 40.78399631472129], [-73.89731570793737, 40.783871959800834], [-73.89745426052167, 40.783970873888535], [-73.89761396594382, 40.78384496778496], [-73.89772226528189, 40.783743464835744], [-73.8975987852621, 40.78365015495016], [-73.89781043874578, 40.783684461545235], [-73.89767518069633, 40.783584272755505], [-73.89876162661504, 40.78274894588209], [-73.90114577552112, 40.782711106090765], [-73.90217815316002, 40.78178056186365], [-73.90267723582107, 40.780594131742575], [-73.90257929672349, 40.780289120835754], [-73.90234303882677, 40.78018724480475], [-73.90218303706659, 40.78035936664966], [-73.90203565790117, 40.78120310196311], [-73.90129127618927, 40.78185841927053], [-73.90034960780339, 40.78216441002758], [-73.89865437844038, 40.78199542032097], [-73.89437777934137, 40.78424320348438], [-73.89429482356759, 40.784117567827174], [-73.89606377738431, 40.783157201805366], [-73.89477429053537, 40.78225359249442], [-73.89542197971666, 40.781717771016446], [-73.89535750567514, 40.7816576571336], [-73.89460091774589, 40.78225315898151], [-73.89534447842294, 40.781585566311456], [-73.89416469090793, 40.78247204670664], [-73.89306090692064, 40.78184828970733], [-73.89230750203646, 40.782466041573905], [-73.89274917876415, 40.78296570668492], [-73.89165459123726, 40.782194781530876], [-73.89224191097368, 40.78241079956387], [-73.89300986180193, 40.78179802356237], [-73.89227864597596, 40.78130032218296], [-73.89211148854682, 40.78139517920925], [-73.89221792778646, 40.7812053238767], [-73.89167103732991, 40.780854854274025], [-73.89159164168416, 40.780581120818795], [-73.89253484564902, 40.779770519588666], [-73.89254018145552, 40.77955183427164], [-73.89166859702924, 40.77949253890747], [-73.89119589704401, 40.77856328788727], [-73.89252259860889, 40.77740462898924], [-73.89225365703457, 40.77720452302909], [-73.89286040075659, 40.77715907485111], [-73.89423247497794, 40.7781536132299], [-73.89656477551955, 40.77624702432567], [-73.89324236751062, 40.77394301914849], [-73.88943039041155, 40.773004242734864], [-73.88874444049091, 40.76891817925387], [-73.88822093651666, 40.76862141477541], [-73.8877066182002, 40.7668385980517], [-73.89029034589534, 40.766345197795744], [-73.89183535796347, 40.76622708004954], [-73.89144489747314, 40.76607465413451], [-73.89349605945462, 40.76595093000095], [-73.89432372021464, 40.76614647173559], [-73.89506657695074, 40.764331328290496], [-73.89641138403464, 40.76315008327044], [-73.89941035185058, 40.7588088390257], [-73.89979560092769, 40.75797032764739], [-73.89972650438982, 40.756541866817244], [-73.89925857191201, 40.75553507451017], [-73.89840806483322, 40.75440594265213], [-73.897923512633, 40.754240002678266], [-73.91067474897119, 40.75299507632501], [-73.91034111867039, 40.7526768155198], [-73.90984318646106, 40.75163867983069], [-73.91314339244947, 40.750967052175945], [-73.91525600931422, 40.75084562644847], [-73.92053900150496, 40.74975082785278], [-73.92101480198528, 40.75097260997024], [-73.92161208091362, 40.75137155212482], [-73.92255043067752, 40.751576479635304], [-73.92463369536247, 40.75164334566207], [-73.93151912066561, 40.75115245567117], [-73.93393939417153, 40.75026964577674], [-73.93686355668945, 40.748421263647685], [-73.93739653782151, 40.748916439963494], [-73.93729600790647, 40.74952049836857], [-73.93742973635655, 40.749751093780596], [-73.9438353681251, 40.75253012255471], [-73.94403580370886, 40.75262661997481], [-73.94369877940004, 40.75267277401875], [-73.9487795492734, 40.75489041870138], [-73.94911295199473, 40.7545236203243], [-73.95080763818348, 40.755263680114496], [-73.94570525640735, 40.761488157056796], [-73.94350281966635, 40.764499040743665], [-73.94131174941451, 40.766918004769806], [-73.93983559349122, 40.767988005939486], [-73.93936587223844, 40.768159701879746], [-73.93895502453307, 40.76795818671982], [-73.93819730754757, 40.76869974435682], [-73.937887684264, 40.7685575534323], [-73.93777816678481, 40.76861905182275], [-73.93795822895135, 40.768784934017994], [-73.93747109116867, 40.76895155858922], [-73.93681460654729, 40.76890394747858], [-73.93670737989191, 40.76925260907431], [-73.9364038180227, 40.76947488451742], [-73.93574021432624, 40.76936722986672], [-73.93489533894557, 40.7700418628897], [-73.93469499067032, 40.770425338022726], [-73.935147154026, 40.77054195605858], [-73.93500813872225, 40.77116239486673], [-73.93490481282649, 40.771270641186845], [-73.9345273010944, 40.77117677510354], [-73.93443525743177, 40.771462362333594], [-73.93554844669607, 40.771953686825086], [-73.93556621751357, 40.77162911639181], [-73.93585195294749, 40.77171600199284], [-73.9355892281931, 40.77196597367681], [-73.93746638537077, 40.772531495125364], [-73.93781335903401, 40.77356289464773], [-73.93765483024703, 40.77508568538347], [-73.936089196991, 40.77718432207721], [-73.93585452641504, 40.77721168462437], [-73.93508232558261, 40.77794423372832], [-73.93474353077397, 40.77807633537756], [-73.93277477867667, 40.77792238877811], [-73.93272210453966, 40.77803476711813], [-73.93178834305155, 40.777870607105], [-73.93104964298996, 40.77744189680963], [-73.93107377146754, 40.77726059439833], [-73.93062856554165, 40.77659090274975], [-73.9298805856625, 40.77622163139984], [-73.9286051502335, 40.77659267510116], [-73.92631833403904, 40.77824177518511], [-73.92487344547867, 40.77862560450964], [-73.92295652690196, 40.78044100761981], [-73.9220996549944, 40.78085187463709], [-73.91909034740662, 40.78336764600462], [-73.91818863005308, 40.78393296611433], [-73.91717118646432, 40.7841934843716], [-73.91718200679684, 40.78455206317955], [-73.91683277016423, 40.785191392487555], [-73.91575172894562, 40.786107578578275], [-73.91526014002157, 40.78619221714475], [-73.91558710205888, 40.786429631166506], [-73.91259985977615, 40.78937632963455], [-73.91240811000254, 40.78927430344574], [-73.91266748360727, 40.78900397504446], [-73.91195110905574, 40.78940179722117], [-73.91207975090545, 40.78952181499022], [-73.91183777736101, 40.78968088445849], [-73.91169342372085, 40.789572638107416], [-73.91094297500358, 40.78975504325399], [-73.91090487098805, 40.790040684460436], [-73.9102221578405, 40.79046520778251], [-73.90985862925778, 40.79094549378207], [-73.90677991420773, 40.79037510865335], [-73.906473146101, 40.79018117520826]]], [[[-73.88899654222841, 40.798680754488004], [-73.88821348851279, 40.79866530463874], [-73.88839250519779, 40.79856629676754], [-73.88823353313649, 40.7982428842861], [-73.88755967580653, 40.798368732437254], [-73.8866510852459, 40.798038196700084], [-73.8837574159016, 40.79570856541997], [-73.88362347511053, 40.79567272631012], [-73.8836551675666, 40.7959672300653], [-73.88320394303746, 40.79554499746243], [-73.88209633687468, 40.79515986104319], [-73.87980493377017, 40.79489225117053], [-73.8783743781276, 40.79452080676742], [-73.8758307548566, 40.79315011728742], [-73.8744931852396, 40.79205745058938], [-73.87288457445666, 40.79145210820734], [-73.87175020506083, 40.790658509529855], [-73.87121154143503, 40.79003612173732], [-73.87080888567434, 40.78789669168323], [-73.87163065373458, 40.786797905340684], [-73.87278847069518, 40.78607797635332], [-73.87280920016111, 40.78590310910014], [-73.87351452524855, 40.785750091197436], [-73.87653227348018, 40.78582736374731], [-73.8783068005765, 40.78535662050863], [-73.8853744221112, 40.78666912629612], [-73.88770126372532, 40.78687227457343], [-73.8890521244328, 40.78737255975568], [-73.8896109710906, 40.78819999100903], [-73.89030135499017, 40.789876726832304], [-73.89079999909833, 40.790207576198696], [-73.89160587115452, 40.79016070045078], [-73.89218182984939, 40.79039426960916], [-73.89282283610936, 40.792817081951625], [-73.89179289686578, 40.79677524575884], [-73.89073139028332, 40.79766089980671], [-73.89087421678997, 40.797829748226526], [-73.89062148266541, 40.79774892344873], [-73.89079505127066, 40.79802183735321], [-73.89060785824256, 40.79776750713793], [-73.89016916368631, 40.79796465843273], [-73.889212838981, 40.797801204104275], [-73.8883524809828, 40.79813935919854], [-73.88856204587569, 40.798353403824635], [-73.88839282545207, 40.798375280868], [-73.88851285371605, 40.798590541019834], [-73.88899654222841, 40.798680754488004]]]]}, "properties": {"geo_id": "401", "name": "QN 01", "borough": "Queens", "area_km2": 15.9278}}, {"type": "Feature", "id": 52, "geometry": {"type": "Polygon", "coordinates": [[[-73.88770199270428, 40.73429132275877], [-73.88628884601466, 40.73060170311712], [-73.8855933098002, 40.728274439975195], [-73.88008877489199, 40.72890627421437], [-73.8750915415561, 40.7306713632198], [-73.87146074249573, 40.7293263741386], [-73.87084539424183, 40.72748459344074], [-73.86929270489085, 40.72443592947508], [-73.865238706778, 40.71997671002763], [-73.85992855499961, 40.71475627044785], [-73.85963616980666, 40.71397813137194], [-73.8597761805197, 40.71122635694543], [-73.85914149221188, 40.70687406414214], [-73.85883371332724, 40.7062388976189], [-73.85823279845748, 40.70559168988512], [-73.85560422718177, 40.70373699880301], [-73.85539423502298, 40.70334863753442], [-73.85529571509369, 40.701991009108106], [-73.85722762717916, 40.701651719352185], [-73.85727934041259, 40.701212513322304], [-73.8589322439911, 40.70132034475908], [-73.8581989070074, 40.702911073863326], [-73.85922412107092, 40.70253294591607], [-73.86013073353716, 40.70242218978785], [-73.86279295876842, 40.702787292455945], [-73.86448983707216, 40.702798334609874], [-73.86685544545527, 40.702213736301616], [-73.86769599375062, 40.70166072714314], [-73.8681850269878, 40.70109305572474], [-73.8688673074056, 40.699023015297534], [-73.86915051742807, 40.698583517911366], [-73.8699033016364, 40.697976624361324], [-73.87057393166037, 40.697688900665234], [-73.8689176269075, 40.69514656151423], [-73.87402053306702, 40.694191295218346], [-73.87950641154781, 40.69114676934525], [-73.88377698583253, 40.687863411184445], [-73.88452250957424, 40.686684749095754], [-73.88808341842545, 40.68529363217126], [-73.8896278757877, 40.6842364542531], [-73.8901541873892, 40.68500398980529], [-73.89258303102321, 40.68349191088735], [-73.8941746326718, 40.68528324817077], [-73.89577945503007, 40.68349718335825], [-73.89646625128927, 40.682336422476084], [-73.90116155060393, 40.68787793535575], [-73.9004246511309, 40.68818389887701], [-73.90188776254891, 40.691077720073444], [-73.9013984066204, 40.69158999203796], [-73.9057959707524, 40.6941271555143], [-73.9042601841169, 40.69570037144337], [-73.91180682191074, 40.699946882523946], [-73.91067882737353, 40.70104596956685], [-73.91290404121959, 40.70236189129684], [-73.91180710069435, 40.703434952026804], [-73.92189184698694, 40.70939609671099], [-73.92074853115804, 40.710533648958915], [-73.92154601695684, 40.71104328353501], [-73.92223466477621, 40.71285595436308], [-73.92404011334023, 40.71400831262909], [-73.92405909736993, 40.71411156014769], [-73.92368352152525, 40.714082841408384], [-73.92412241575497, 40.71513804844535], [-73.92352547251085, 40.71561660836801], [-73.92232970167701, 40.7160765451726], [-73.92064258940539, 40.71577319253156], [-73.9205690553611, 40.716003708340814], [-73.9222376112434, 40.71638244049427], [-73.92279414745396, 40.71753457614416], [-73.92346602654162, 40.71813033432244], [-73.92393867329353, 40.71904275678717], [-73.92383575405651, 40.72014816407836], [-73.92422716247574, 40.720887344592064], [-73.92424364921064, 40.721429498256164], [-73.92491241131319, 40.721960138811625], [-73.92519985799312, 40.72243959771094], [-73.92452702650351, 40.7235409119757], [-73.92433693392304, 40.723603840274016], [-73.92214330961285, 40.723707557018905], [-73.92073356094131, 40.72330981277065], [-73.9203706423573, 40.72368111331865], [-73.9205319840045, 40.722940342393024], [-73.91655468012755, 40.722005506480585], [-73.91257187743852, 40.72323963495005], [-73.90518057919772, 40.72895657697393], [-73.90060814934425, 40.73448385508016], [-73.89963257961868, 40.73500235830378], [-73.89830812742746, 40.73519418444118], [-73.8951013347047, 40.73502118309019], [-73.89278405666076, 40.73449596224911], [-73.88910318982454, 40.7345923964626], [-73.88770199270428, 40.73429132275877]]]}, "properties": {"geo_id": "405", "name": "QN 05", "borough": "Queens", "area_km2": 19.5462}}, {"type": "Feature", "id": 53, "geometry": {"type": "Polygon", "coordinates": [[[-73.82600337564062, 40.71541363129475], [-73.83150084437894, 40.71398771190662], [-73.835900721417, 40.711641370769], [-73.83611476516884, 40.71182514637092], [-73.8377089419937, 40.71103648427147], [-73.84133936609089, 40.709946234363315], [-73.84453738846398, 40.7086610549711], [-73.8466572411161, 40.708318642341034], [-73.84933156214035, 40.70838833368097], [-73.85471652519973, 40.70676949632792], [-73.85470823889318, 40.705210974144535], [-73.85252019054444, 40.702291723617726], [-73.85529275904749, 40.70259550128526], [-73.85539423502298, 40.70334863753442], [-73.85560422718177, 40.70373699880301], [-73.85823279845748, 40.70559168988512], [-73.85908198369157, 40.70671079072312], [-73.8597761805197, 40.71122635694543], [-73.85963616980666, 40.71397813137194], [-73.86003789875775, 40.714932235724135], [-73.865238706778, 40.71997671002763], [-73.86929270489085, 40.72443592947508], [-73.87084539424183, 40.72748459344074], [-73.87146074249573, 40.7293263741386], [-73.8750915415561, 40.7306713632198], [-73.85628567711039, 40.73642604200309], [-73.85130352672203, 40.73751172754279], [-73.84750820278065, 40.739007807039364], [-73.84721361587883, 40.738643986684075], [-73.84674882036029, 40.7386517895026], [-73.84591093947772, 40.738307055412825], [-73.84547089500556, 40.73787322194963], [-73.84467595516688, 40.735112344700326], [-73.84371576279118, 40.73322572994625], [-73.84284582512353, 40.73206764274157], [-73.84055003848917, 40.72984472990818], [-73.83920093959843, 40.72826686303023], [-73.83697735802956, 40.724071060301476], [-73.83582950926652, 40.722341718150936], [-73.8341282331352, 40.72023053289907], [-73.83185305523264, 40.71791214330438], [-73.83042902352463, 40.716962770934636], [-73.82714076706792, 40.71600685117405], [-73.82600337564062, 40.71541363129475]]]}, "properties": {"geo_id": "406", "name": "QN 06", "borough": "Queens", "area_km2": 7.6833}}, {"type": "Feature", "id": 54, "geometry": {"type": "MultiPolygon", "coordinates": [[[[-73.85254750230214, 40.76006981174311], [-73.85224158541398, 40.75992160798411], [-73.85268917291368, 40.759928315663906], [-73.85254750230214, 40.76006981174311]]], [[[-73.85270107838191, 40.760128117819136], [-73.85277483320863, 40.7599642281753], [-73.8527782869497, 40.76012131075255], [-73.85299079399765, 40.76019178829338], [-73.85270107838191, 40.760128117819136]]], [[[-73.83970053362421, 40.76528958843692], [-73.84062562883076, 40.76402341989235], [-73.84198681548261, 40.763634648252996], [-73.84261312197337, 40.7646829896922], [-73.84052635479378, 40.76538798970028], [-73.83970053362421, 40.76528958843692]]], [[[-73.83970053362421, 40.76528958843692], [-73.83957826853546, 40.76525232297323], [-73.8391318926341, 40.765991105568546], [-73.8395267864783, 40.76613954972582], [-73.83969772549081, 40.7663926770456], [-73.83973386806854, 40.76673441465341], [-73.83949805795804, 40.76701701698489], [-73.83959072609815, 40.76711082471924], [-73.83993922177474, 40.76706427714755], [-73.83990190913333, 40.766824158916805], [-73.84031170315292, 40.766294797898624], [-73.84252261658963, 40.765775004882116], [-73.84295915637364, 40.76585472242508], [-73.8439474833579, 40.76549488148595], [-73.84491332846012, 40.765528388178716], [-73.84620024037952, 40.766196343166605], [-73.84723067976141, 40.76631315809593], [-73.84780575104425, 40.766772948171884], [-73.84821324018463, 40.76763459784819], [-73.84862313819373, 40.768113973771555], [-73.84823630101616, 40.76823548818975], [-73.84821484177444, 40.7685195502189], [-73.84874543600232, 40.76871174752752], [-73.84899656368121, 40.76914831400686], [-73.84846616766745, 40.76972644130648], [-73.8486715286884, 40.770761572902735], [-73.84949402711861, 40.77132861681566], [-73.84994241882967, 40.77192719326011], [-73.85030397450468, 40.77193819958973], [-73.85033808818524, 40.771743668538946], [-73.85130108374476, 40.77180636079786], [-73.85127037620715, 40.77198553474381], [-73.85036146530206, 40.77183074564805], [-73.85033410569255, 40.77201760575838], [-73.84995162517303, 40.771958298877244], [-73.84986902411909, 40.772183062008466], [-73.85004065546251, 40.77222460105772], [-73.84983958377667, 40.77223100286766], [-73.84957160955892, 40.77256110383093], [-73.84897619867189, 40.77356166795718], [-73.84921529930918, 40.77465486043059], [-73.84892988681854, 40.775557080129644], [-73.84919240411048, 40.775790469530534], [-73.84895559325422, 40.77796167373155], [-73.8495358659634, 40.778425885557276], [-73.84974741420471, 40.77841405400628], [-73.84953664690445, 40.77845762079265], [-73.84945995577684, 40.77865656806623], [-73.84993353296176, 40.77876912338123], [-73.84980088112201, 40.7787932848279], [-73.84978114316354, 40.77911193004298], [-73.84957155453695, 40.77919283670726], [-73.84963631633588, 40.77948192035175], [-73.85094705724252, 40.77906915543044], [-73.85148755480422, 40.7789929781152], [-73.85101339619412, 40.77912195667458], [-73.85107946016636, 40.77929775818595], [-73.85014017315828, 40.77939098692588], [-73.84979304347623, 40.77949768469514], [-73.84981720066128, 40.77963034755182], [-73.8523526788141, 40.779480672330955], [-73.85232086242218, 40.779169284704], [-73.85238832778397, 40.77952890238718], [-73.84982102259873, 40.77965133880156], [-73.84955245478284, 40.7799566190261], [-73.85031473957734, 40.780041536004276], [-73.85045656031583, 40.77988828041656], [-73.85169028085423, 40.77986750847837], [-73.8516709916224, 40.780035228878305], [-73.84949381208321, 40.78006582811444], [-73.84988932081794, 40.78108913479864], [-73.85093646396534, 40.781119575156204], [-73.84988728063747, 40.781121511317096], [-73.84983660014265, 40.78159962491646], [-73.84918709418461, 40.7816418115497], [-73.84954774265991, 40.7818410783429], [-73.84925954248891, 40.78227197917415], [-73.8502808965778, 40.78245956200981], [-73.85314993069177, 40.782323936276356], [-73.85331933850043, 40.78203460406867], [-73.85528242786589, 40.7819753843501], [-73.85545062834929, 40.78314307913857], [-73.85645378741422, 40.783350925658794], [-73.85643993663037, 40.78315751746976], [-73.85667690893332, 40.7831500881623], [-73.85660286912328, 40.78289226124898], [-73.85664951090608, 40.78289231927661], [-73.85684129014666, 40.7833713634854], [-73.85734052316838, 40.78337127058638], [-73.85765932415339, 40.783644430295304], [-73.85808318103423, 40.783724078339326], [-73.8581697266112, 40.784045385003154], [-73.85789221034877, 40.78428163064467], [-73.85790165547213, 40.78449028085322], [-73.85852520170424, 40.78521351878027], [-73.85900171407458, 40.78518675473132], [-73.85905644532365, 40.7854318130606], [-73.8590747615189, 40.78523738181379], [-73.85910732207955, 40.7854621177998], [-73.8592520435447, 40.78547791604777], [-73.8592361058371, 40.78530658875588], [-73.8594632808303, 40.785494851995985], [-73.85934860119954, 40.78502724994281], [-73.85950833484762, 40.78553493444993], [-73.85899048937371, 40.78549159893389], [-73.85912461223712, 40.785850159663454], [-73.85858840508548, 40.78614814015403], [-73.85868283350074, 40.78653116647549], [-73.85814354176253, 40.78704432244286], [-73.85681133765485, 40.78667261369734], [-73.85620020315073, 40.78715009995919], [-73.85617275786555, 40.78749322037845], [-73.85593893862168, 40.78768873422765], [-73.8534518446134, 40.787826112299044], [-73.85284230133867, 40.78821137174011], [-73.85288990261189, 40.788346670054885], [-73.85438364788577, 40.78832012876321], [-73.85480194733205, 40.7886191547261], [-73.8544719407123, 40.790258975319816], [-73.85265830693045, 40.791106420610525], [-73.852858796491, 40.79153378551445], [-73.85377854910695, 40.79242127400729], [-73.85363080165997, 40.793098182710814], [-73.85373351593826, 40.79393537458875], [-73.8527662719851, 40.794389247326926], [-73.8526309825624, 40.794944854244925], [-73.85242651222973, 40.79460975882123], [-73.85159077157341, 40.79408653107805], [-73.84906160835088, 40.79336261029871], [-73.84884894723113, 40.79350168565849], [-73.84907814795721, 40.794145384480984], [-73.8487837015379, 40.794542102225456], [-73.84887654563339, 40.79513404169143], [-73.84870999361334, 40.79541648129005], [-73.84624420656029, 40.79616309543737], [-73.8455780270891, 40.796020896193355], [-73.84560469078744, 40.79585478326092], [-73.8452788515889, 40.79544938630219], [-73.8445991504444, 40.7949115498754], [-73.84354668938991, 40.79491394401068], [-73.84333760876113, 40.79502138696053], [-73.8433063238679, 40.79550093399164], [-73.84304363919163, 40.79521473951449], [-73.84284865322397, 40.79521340167193], [-73.8432849719419, 40.79617439268523], [-73.8428087524122, 40.79541822241329], [-73.84225959368331, 40.79558496893755], [-73.8428667525936, 40.79692222907211], [-73.84216747341128, 40.79561294016378], [-73.84190480252057, 40.795621793738384], [-73.84142122729105, 40.79514695145784], [-73.84129943545976, 40.79621966933024], [-73.84059982294505, 40.7968068037133], [-73.84013930364449, 40.79687918783632], [-73.84041517975831, 40.79767843725892], [-73.83920948324106, 40.7978443143542], [-73.8384291582917, 40.79837567115353], [-73.83789967503715, 40.79850897068427], [-73.83919004727183, 40.79777726644782], [-73.84025860809128, 40.79758885843238], [-73.83997099590049, 40.79690564189244], [-73.839036768124, 40.79705247657841], [-73.8384008307784, 40.79675525880964], [-73.83706498880258, 40.79385109842642], [-73.83659078616276, 40.792082550551974], [-73.83661598944191, 40.79176276700107], [-73.83732085415384, 40.79139278568124], [-73.83751566674027, 40.79101212959931], [-73.83750358883579, 40.79046166072568], [-73.83681814957033, 40.79046990635997], [-73.83748191403235, 40.79043449792194], [-73.83717544534922, 40.78942731381915], [-73.83728049134774, 40.789009872422206], [-73.83713432989512, 40.78956403301447], [-73.83637809572132, 40.789460178689815], [-73.83565808161073, 40.78957267098123], [-73.83533150242076, 40.78921274271704], [-73.83413566521284, 40.78906613655161], [-73.83381316764698, 40.788522677991025], [-73.8329293717141, 40.78851811420333], [-73.83211813285997, 40.78877203841898], [-73.83174255613113, 40.78923440253706], [-73.83143767101389, 40.78917835148865], [-73.83195118463726, 40.78941477213239], [-73.83214914506108, 40.79004344006358], [-73.83174331571016, 40.791006106281756], [-73.8313735338278, 40.7913689446622], [-73.83065972132654, 40.79165021454874], [-73.82997327104808, 40.79156350834963], [-73.82895035710122, 40.792014018810505], [-73.82851893012122, 40.792494236175465], [-73.82923174651863, 40.79300228767929], [-73.82839743076657, 40.792552297545924], [-73.82791413746047, 40.79289359289096], [-73.82778457368654, 40.793420790428705], [-73.82797171977278, 40.79479437041047], [-73.82835875023882, 40.795541355479905], [-73.82878010953803, 40.795917923947606], [-73.82880962942951, 40.79618376840129], [-73.82945157754537, 40.796658960557764], [-73.82994060913852, 40.796083471790794], [-73.83003294431451, 40.796135491225144], [-73.82947072470063, 40.796667940095304], [-73.82976585679005, 40.79683256297833], [-73.83028847001636, 40.79624226067726], [-73.83052227564077, 40.79639497040728], [-73.83026292869329, 40.79643070941217], [-73.83028495256364, 40.7966047799654], [-73.83014859338492, 40.79653365026413], [-73.83019225768815, 40.796693960868666], [-73.83004204087301, 40.79663397568169], [-73.82995971154207, 40.796724485414444], [-73.83007965633034, 40.796794278077606], [-73.82984973939318, 40.79681101442718], [-73.82995664004932, 40.796912310682586], [-73.82978477023461, 40.79687133882697], [-73.82905966768637, 40.796462507655335], [-73.82742422822845, 40.796748674971404], [-73.82697091510649, 40.79712827768977], [-73.8271821380805, 40.797609525673046], [-73.82673856166687, 40.79779624545315], [-73.8261182190996, 40.797271434465934], [-73.82506496699443, 40.79737577656838], [-73.82399356537586, 40.79800962827388], [-73.82408466091005, 40.79824812758578], [-73.82394787857629, 40.79822736408172], [-73.8242331874496, 40.79869523739074], [-73.82385948384697, 40.79815413510484], [-73.823433234508, 40.79840651440802], [-73.82372348219172, 40.798899241360544], [-73.82340872309875, 40.79841781429612], [-73.82325371060094, 40.79846953616857], [-73.8230960275046, 40.798683298363066], [-73.82330552497581, 40.79896286612073], [-73.8230026297057, 40.79864228972415], [-73.82261101579184, 40.79889318931463], [-73.82279270625752, 40.7993397832259], [-73.82251916455868, 40.79898773568942], [-73.82241227004737, 40.799088913753835], [-73.82267787896849, 40.79948613523663], [-73.82238754736628, 40.79911289157384], [-73.82161789179172, 40.799991987692955], [-73.82098071923053, 40.80047810948922], [-73.82043245966628, 40.8006278644213], [-73.82049919995305, 40.80101146781918], [-73.82040454927233, 40.80063950029266], [-73.81980523634644, 40.800801504342196], [-73.81921618006402, 40.800593910906066], [-73.81720813882664, 40.799207280155606], [-73.81683930840019, 40.79910594049199], [-73.81657109077604, 40.799413014079235], [-73.81681915722316, 40.79910040359167], [-73.81645932359675, 40.79934597886538], [-73.81668071668226, 40.79906236552365], [-73.81611363334432, 40.79860807179844], [-73.81577416779801, 40.79902316255748], [-73.81607935134174, 40.798571558752606], [-73.81367907633184, 40.79754578791111], [-73.81369963725118, 40.79707941616787], [-73.81335317201021, 40.797668956460754], [-73.81363525453949, 40.797047217929965], [-73.81350297415896, 40.796944259208566], [-73.81324649695341, 40.79721182110095], [-73.81299031078437, 40.79729202746197], [-73.81287448914716, 40.797177142464314], [-73.81254798974523, 40.79804706496227], [-73.812241844721, 40.79812582792799], [-73.81179002769389, 40.798026331252196], [-73.8118216186102, 40.797458676831525], [-73.81160781380004, 40.7973724068806], [-73.80636331452413, 40.796393605940445], [-73.80623135012367, 40.79681747758304], [-73.80633076714658, 40.796392740436204], [-73.80588581379813, 40.796474889536334], [-73.80539573274972, 40.79617082151356], [-73.80531711659242, 40.79650607735334], [-73.80533944487564, 40.796163928288955], [-73.8046717376879, 40.79616746916423], [-73.80462782077817, 40.7963650031179], [-73.80462441010488, 40.79614268750681], [-73.804348259354, 40.796214090992954], [-73.80427353614888, 40.79664126132858], [-73.80431138699923, 40.79621287616021], [-73.80416535642863, 40.79622900877702], [-73.80411497749733, 40.796680821298224], [-73.8041364476697, 40.79623423117794], [-73.80400524331003, 40.796267358935445], [-73.80395475397938, 40.796649389018114], [-73.80397418925072, 40.79627825591984], [-73.8038740040376, 40.79631431268693], [-73.8038132886805, 40.796535257222786], [-73.80382294196009, 40.79633501284118], [-73.8036430150915, 40.79640608550776], [-73.80360589996478, 40.796632312001734], [-73.80361288546553, 40.7964208568207], [-73.80348346265232, 40.796471111963896], [-73.80339957357363, 40.796914939728225], [-73.80346376409219, 40.79647441431047], [-73.80320549847465, 40.79707662364332], [-73.80326066918603, 40.79670649150609], [-73.80298007089937, 40.79670872563904], [-73.80295830316693, 40.79640959084296], [-73.80257934475047, 40.796295443136295], [-73.80201128805103, 40.796275423675354], [-73.80177947698411, 40.79631614185276], [-73.8017454308867, 40.79651240610313], [-73.80175550251785, 40.79632129591821], [-73.80101126230589, 40.79652237458978], [-73.80087826048806, 40.796337894142624], [-73.80062184740085, 40.79642676236068], [-73.80029381645107, 40.79625497300612], [-73.80020438000442, 40.796270053945584], [-73.80016302405886, 40.79644886383362], [-73.80012861512493, 40.796446820337984], [-73.80018235388113, 40.79626691369701], [-73.79968067900413, 40.7961745027066], [-73.79960548292512, 40.796332220605855], [-73.79932384219151, 40.796094485028], [-73.79789832687067, 40.79555922141944], [-73.79766994008861, 40.79599382238195], [-73.79758295471345, 40.795967202154976], [-73.79787014914558, 40.79555201264411], [-73.79673567660238, 40.795208942918215], [-73.79648690334348, 40.795645779441415], [-73.79670587562353, 40.79519762544946], [-73.79649931607187, 40.79511802527783], [-73.79459777358382, 40.794937771136084], [-73.79438179101034, 40.79479269064145], [-73.79456001584924, 40.7947462233638], [-73.79432197990842, 40.794345658835766], [-73.79431655010146, 40.793582244049624], [-73.79464168117113, 40.793105757142804], [-73.79458133808622, 40.792706357811355], [-73.79484353308989, 40.79253110011444], [-73.79494377022742, 40.791750694240235], [-73.79375126484103, 40.789061933339134], [-73.79338033504985, 40.789578392620825], [-73.79323941781153, 40.789530249704015], [-73.79362007276171, 40.78899663724746], [-73.79280669580459, 40.78878304624636], [-73.79235291154143, 40.78890684181015], [-73.79028202353196, 40.7903169634], [-73.78568101301406, 40.790340671660175], [-73.7838384251435, 40.79064095467179], [-73.78253080663518, 40.79127678943212], [-73.78434153059591, 40.79174935379504], [-73.78227330183385, 40.791373715718215], [-73.78174708763096, 40.79113340664473], [-73.78107845970213, 40.79167732177925], [-73.78077503139014, 40.792990705340735], [-73.78083949014137, 40.7932774406756], [-73.78158881545012, 40.79346354101273], [-73.78163864257793, 40.793309707768266], [-73.78166011555379, 40.793482020313206], [-73.7807243506983, 40.79333361882439], [-73.78079182072646, 40.79403591986457], [-73.78100539667301, 40.79438481862736], [-73.78190385421033, 40.794901203894405], [-73.78310976963961, 40.794914460506], [-73.78331796684263, 40.79475835647435], [-73.78325876253032, 40.79492391480074], [-73.78200326103382, 40.79497546250376], [-73.78154150032744, 40.79565973732023], [-73.77980305052226, 40.796205528434406], [-73.7793624680482, 40.79668539253505], [-73.777521697539, 40.79664013376005], [-73.77617885953367, 40.79609605286036], [-73.77437174340291, 40.79449606104051], [-73.77401353458616, 40.794030001517356], [-73.77363248188914, 40.79274975621533], [-73.77236296162185, 40.791538203627766], [-73.77213292826468, 40.79017877433461], [-73.77063124537591, 40.78846290553478], [-73.77082315021427, 40.78798266706017], [-73.77173756350666, 40.78746360891203], [-73.77426836058959, 40.78675665865493], [-73.77438976901033, 40.78685714529834], [-73.77423011486847, 40.78706504167615], [-73.77501922678299, 40.787394474384364], [-73.77633728818715, 40.788487225753954], [-73.774806953694, 40.78697068727905], [-73.77426466694423, 40.78665122914547], [-73.77407638297778, 40.78591728401942], [-73.77160731979487, 40.7829962651857], [-73.77060974454855, 40.78207979394091], [-73.775598853662, 40.77932336612384], [-73.77583958332156, 40.778612372614816], [-73.79163526066453, 40.77423865558605], [-73.79271259382871, 40.77378752736183], [-73.79216789384026, 40.77097668946786], [-73.79343991212549, 40.760764127962645], [-73.7923751799838, 40.75307044825971], [-73.79457726989995, 40.75356301133927], [-73.79481531415114, 40.74842222721826], [-73.79445869157466, 40.745436954215506], [-73.7945350735507, 40.74450763821489], [-73.79543059287569, 40.74326429040578], [-73.79723085038154, 40.74169550663619], [-73.79725670792982, 40.7402130432954], [-73.79629297291609, 40.73855230643174], [-73.79672497858903, 40.738416642622184], [-73.79643940048489, 40.73843894764485], [-73.79640218706365, 40.73828235819159], [-73.79822058993388, 40.73817463069644], [-73.81407382042495, 40.73878090207907], [-73.81593594227384, 40.739127860871484], [-73.82537387733453, 40.742232240500606], [-73.82481178487835, 40.739630959900765], [-73.82497439992072, 40.73944042625386], [-73.82556079322896, 40.73945435957137], [-73.82597580462097, 40.739000395214795], [-73.82701222480512, 40.73856900854883], [-73.82796455084478, 40.738503203950316], [-73.82809152577165, 40.73708317577562], [-73.82946751997008, 40.73702448275362], [-73.83053551231437, 40.73752019476341], [-73.8311345171537, 40.73856190697662], [-73.83099423089345, 40.73856549499887], [-73.83090596589078, 40.739132763893764], [-73.83039617561134, 40.73916120628063], [-73.83034386663726, 40.73947709693271], [-73.83130117320113, 40.73956106218741], [-73.831097093083, 40.74273975735622], [-73.8315594226786, 40.7427847418807], [-73.831639755564, 40.74239913724233], [-73.83586131872133, 40.74322798453874], [-73.8359507145917, 40.74373056960613], [-73.8356755394758, 40.7448505175603], [-73.83469811233967, 40.74688855852605], [-73.83514009921917, 40.74715765250682], [-73.83484889433875, 40.74779134861695], [-73.83470708090142, 40.748631931769125], [-73.83478736063952, 40.74945828944978], [-73.83508049303978, 40.75015322525431], [-73.83798921198296, 40.75451504247901], [-73.84067999973668, 40.75358380666931], [-73.84077917043564, 40.753892327129634], [-73.8406626902551, 40.75520881271757], [-73.83974627851148, 40.755921121044], [-73.83951049337918, 40.75641600771165], [-73.83906007588052, 40.756665549579644], [-73.83912329907659, 40.756828062270216], [-73.84324381422691, 40.75533680376809], [-73.84585235744356, 40.76045539769335], [-73.84371657799801, 40.76173900143929], [-73.84239569882435, 40.762214199018395], [-73.84133036815822, 40.76230000091757], [-73.8392536576608, 40.76190806237224], [-73.83983205583228, 40.76297814957512], [-73.84002003445131, 40.763672271360896], [-73.84002220207506, 40.7642324655418], [-73.83970053362421, 40.76528958843692]]]]}, "properties": {"geo_id": "407", "name": "QN 07", "borough": "Queens", "area_km2": 30.4985}}, {"type": "Feature", "id": 55, "geometry": {"type": "Polygon", "coordinates": [[[-73.8718461029101, 40.843760777855984], [-73.8731272809242, 40.83833509691795], [-73.8737730873982, 40.83635875194031], [-73.87722762552289, 40.83658318227397], [-73.87965182350676, 40.83712602693458], [-73.88169674941977, 40.83798711346107], [-73.88610978846522, 40.84047099463571], [-73.88659802345121, 40.83927905010867], [-73.88813752159338, 40.839862002384926], [-73.88869040830879, 40.83915802646817], [-73.889417248692, 40.839422733380395], [-73.89537836180732, 40.842938778956736], [-73.89481942561348, 40.843683770968404], [-73.89963749556614, 40.844233825531575], [-73.90033330350118, 40.84298938001632], [-73.90151151995714, 40.843367968965545], [-73.9009399942624, 40.84438498267446], [-73.90268810116362, 40.84458147228608], [-73.90009696107384, 40.84920904118117], [-73.8932152075781, 40.859874206155865], [-73.89138023380261, 40.86170058826325], [-73.89067451693647, 40.861320072680854], [-73.88927273655084, 40.86291639920819], [-73.88801469388427, 40.863888948596205], [-73.88309382372141, 40.86660218502387], [-73.88262791387727, 40.86585873865046], [-73.88361429890558, 40.86529485062025], [-73.88383514930499, 40.86475859754304], [-73.88371316290372, 40.86429198447196], [-73.8818656867116, 40.862123761957996], [-73.880562139514, 40.86119722952594], [-73.88035438798084, 40.860569362507334], [-73.88083387620212, 40.85818312561715], [-73.8805922515002, 40.85673997328812], [-73.88243669444113, 40.850343769928564], [-73.88273835720868, 40.847889088655016], [-73.87716053587239, 40.84408519980368], [-73.87798131344725, 40.842804416076014], [-73.87679872125582, 40.84229978727759], [-73.87459175436959, 40.841520647539554], [-73.87401469051655, 40.842537677316315], [-73.87305632937303, 40.843242932161395], [-73.8718461029101, 40.843760777855984]]]}, "properties": {"geo_id": "206", "name": "BX 06", "borough": "Bronx", "area_km2": 3.9635}}, {"type": "Feature", "id": 56, "geometry": {"type": "Polygon", "coordinates": [[[-73.90129277627106, 40.820475442111785], [-73.90446551476737, 40.81228195991385], [-73.90341720373648, 40.81150688285582], [-73.9021937275346, 40.8047886934872], [-73.9024453913696, 40.80441695405469], [-73.9029277033109, 40.804197291709286], [-73.90270973102545, 40.804163663467385], [-73.90305966733789, 40.80401743434798], [-73.9029731194502, 40.80393677187117], [-73.90373284581685, 40.80377329611797], [-73.90452954095734, 40.803170235652054], [-73.90552153240698, 40.80201995489873], [-73.90652042213173, 40.80117551051993], [-73.90638976887551, 40.801090791686526], [-73.90658587833883, 40.80110747844613], [-73.90747030502895, 40.80000345791558], [-73.90807397321797, 40.799572819167935], [-73.90779307559542, 40.79949348953814], [-73.90768222800894, 40.799388313925455], [-73.90810210034307, 40.79953964636049], [-73.90802633276712, 40.799237872162315], [-73.90842190768005, 40.79944209244511], [-73.90855026742396, 40.79930742538967], [-73.9082557956647, 40.79909286818128], [-73.90830303608291, 40.79895913541825], [-73.91089222265344, 40.79701779503648], [-73.91162285866275, 40.79664107849684], [-73.91372255973579, 40.796789438758864], [-73.91903182039289, 40.798984946244296], [-73.92024068158875, 40.799613687870476], [-73.92132730778515, 40.801284591631585], [-73.92292710065784, 40.802373294643054], [-73.92422706841215, 40.80254501085572], [-73.92665794788489, 40.802409803914856], [-73.92762788658847, 40.80269566548173], [-73.92728271943602, 40.80350826441722], [-73.92764500352577, 40.80398863284625], [-73.92810959635482, 40.804012934337955], [-73.92834056185593, 40.80423989028156], [-73.92872607489883, 40.80410362472488], [-73.93051758839178, 40.80659056356698], [-73.93188710097729, 40.807894024397484], [-73.93252708785978, 40.80882328177552], [-73.93259434647264, 40.81005355736954], [-73.9328639708333, 40.8101244368861], [-73.93287412001965, 40.81041404342915], [-73.93256503302071, 40.810885975189855], [-73.93263229255248, 40.81190462176082], [-73.93234245530482, 40.81468568423336], [-73.93238971325029, 40.819502847336956], [-73.9300999320032, 40.81927435042967], [-73.9251848646356, 40.818012668875106], [-73.92265261239704, 40.82049431528124], [-73.91756599443012, 40.82388367243262], [-73.91181615756736, 40.82203502241264], [-73.90990894138001, 40.822551107615], [-73.90129277627106, 40.820475442111785]]]}, "properties": {"geo_id": "201", "name": "BX 01", "borough": "Bronx", "area_km2": 5.6114}}, {"type": "Feature", "id": 57, "geometry": {"type": "MultiPolygon", "coordinates": [[[[-73.89678526341234, 40.79632916648729], [-73.89693872998792, 40.79563587285375], [-73.89796839783742, 40.79564483916218], [-73.89919434249981, 40.796502456018395], [-73.89852052071471, 40.796936194189975], [-73.89788253240107, 40.797116532649795], [-73.89713149795642, 40.79679807772849], [-73.89678526341234, 40.79632916648729]]], [[[-73.8983303627048, 40.80241282144278], [-73.89646668834571, 40.800790470891506], [-73.89864038714919, 40.7991011651241], [-73.9002100499307, 40.79926415639873], [-73.89978738800922, 40.799509553872134], [-73.89971563817444, 40.80079880850296], [-73.90003735815742, 40.80090874205037], [-73.89948919423671, 40.80090111592974], [-73.8993874857105, 40.80193566507047], [-73.8983303627048, 40.80241282144278]]], [[[-73.8975695875859, 40.82942300083108], [-73.89293226101144, 40.82678703602998], [-73.88789510967584, 40.82674318529736], [-73.88502638846101, 40.82818715774442], [-73.88378414134571, 40.82827429246255], [-73.88438705287568, 40.82681728353236], [-73.8846445070049, 40.82381427370176], [-73.88429488211209, 40.82271820526817], [-73.88244779619134, 40.8192683220098], [-73.87806283262127, 40.81618263244426], [-73.87663459963709, 40.81571150809934], [-73.87673185506817, 40.81538649648675], [-73.87250110885971, 40.813888128234254], [-73.87239437900091, 40.81397433560603], [-73.87243667235077, 40.813850934001785], [-73.87203687539935, 40.813685513372846], [-73.87212931147361, 40.813621168692784], [-73.87165777683398, 40.81325426197617], [-73.87095753684099, 40.812146180609645], [-73.87056806927933, 40.81208731762259], [-73.87055342191634, 40.811243380723106], [-73.8681121914008, 40.80675183283201], [-73.86846346959145, 40.80593654893923], [-73.87169881930807, 40.80180527192062], [-73.87160336192531, 40.80175181144664], [-73.8717450937392, 40.80154736611633], [-73.87355096572506, 40.800853302772026], [-73.87467716314059, 40.800979422864366], [-73.87473060452699, 40.801256637628775], [-73.87526517037323, 40.801398152548636], [-73.8758578858133, 40.80145598758658], [-73.87592998071607, 40.801084223091316], [-73.87814218819923, 40.801319290306644], [-73.87796880375375, 40.80171111512834], [-73.878234649218, 40.80264680576837], [-73.87921348407686, 40.802795326835266], [-73.88369542422477, 40.80216212360307], [-73.88396462519613, 40.80196514886241], [-73.88369036996541, 40.80194525580531], [-73.88372326665923, 40.801862843941215], [-73.88505172336708, 40.80213090679819], [-73.8853654459887, 40.802260639744844], [-73.88515517126673, 40.80227245354405], [-73.88591424672529, 40.802798517495745], [-73.88616377056563, 40.803175684977], [-73.88727097347119, 40.80394700233685], [-73.88738095624217, 40.804110681284065], [-73.88724738458335, 40.80418614061698], [-73.88795897223955, 40.80499792592084], [-73.88859217706403, 40.80478927509799], [-73.88906442026072, 40.80502191240217], [-73.88936640376936, 40.80538078029835], [-73.88922416091154, 40.805845351192175], [-73.88999598170852, 40.80488628625035], [-73.89014756243863, 40.804960609786804], [-73.88937439253695, 40.80592527311545], [-73.89005932692429, 40.80570432468147], [-73.89149903730078, 40.80593123824068], [-73.8914410427721, 40.805661899067516], [-73.89178618135604, 40.805622892086355], [-73.89197929534274, 40.806384708976395], [-73.89270681066431, 40.80634394859565], [-73.89253177139425, 40.80565655156851], [-73.89227315843533, 40.805702433124985], [-73.89216364547643, 40.80530259256561], [-73.8912671062289, 40.805010489424305], [-73.89173240995615, 40.80504936342049], [-73.89219739671562, 40.80528468791955], [-73.89230020327578, 40.80566060567035], [-73.89256667738412, 40.805620710004824], [-73.89274814037404, 40.80634026130218], [-73.89463252351014, 40.80623233242484], [-73.89457393913416, 40.80604577300738], [-73.8947260190962, 40.80602624658368], [-73.89485360535876, 40.806214908158886], [-73.8947297052668, 40.805741101461834], [-73.89484295983632, 40.80572399701232], [-73.89509836487318, 40.8068636396763], [-73.89550633968567, 40.806595305303816], [-73.8952796287401, 40.80576618406808], [-73.89559109091823, 40.80658134334765], [-73.89572273778765, 40.80655965730841], [-73.89567025138759, 40.80629013045711], [-73.895838380731, 40.806540607572096], [-73.8959779468775, 40.80651761583978], [-73.89579066958083, 40.80583055920926], [-73.89610824517882, 40.8064961509514], [-73.89623040737018, 40.80621047190233], [-73.89726014999147, 40.80604095984743], [-73.8974968195382, 40.80621440070525], [-73.89741472698572, 40.80580005947825], [-73.89763818741152, 40.806201320838994], [-73.89776126648749, 40.80618993350169], [-73.8977282725107, 40.805967494137455], [-73.89801340896237, 40.8061666038594], [-73.89787127990657, 40.805534981759784], [-73.898161107527, 40.806138070100076], [-73.89829494887951, 40.80609757069851], [-73.89812536183962, 40.80565076030306], [-73.89852656516604, 40.805434309098096], [-73.90097298881535, 40.80487609789133], [-73.90212682830997, 40.80482530956604], [-73.90341720373648, 40.81150688285582], [-73.90446551476737, 40.81228195991385], [-73.90346997183792, 40.81507578848405], [-73.8975695875859, 40.82942300083108]]]]}, "properties": {"geo_id": "202", "name": "BX 02", "borough": "Bronx", "area_km2": 5.7422}}, {"type": "Feature", "id": 58, "geometry": {"type": "MultiPolygon", "coordinates": [[[[-73.78833349834532, 40.83466712975954], [-73.78931223606624, 40.83446488655362], [-73.78951019872315, 40.835364042525896], [-73.78845700015214, 40.835309914315566], [-73.78833349834532, 40.83466712975954]]], [[[-73.80222295355263, 40.84163481314427], [-73.80263811156301, 40.841081152764694], [-73.80529495910666, 40.841134924850394], [-73.80694608641745, 40.841462446683956], [-73.80680801372391, 40.8424891399877], [-73.80393073307259, 40.84259407305264], [-73.80367560026527, 40.842258492916194], [-73.80222295355263, 40.84163481314427]]], [[[-73.78068945291261, 40.85492880793604], [-73.78101002725676, 40.85487625019061], [-73.7812295524205, 40.85511123075595], [-73.78123322636532, 40.85539866814678], [-73.78086994706953, 40.855531699900084], [-73.78063107485217, 40.85525897066272], [-73.78068945291261, 40.85492880793604]]], [[[-73.782852131004, 40.85548580530784], [-73.78259711591913, 40.85482256097164], [-73.78385861912027, 40.85483156741573], [-73.7835566673902, 40.8550743105526], [-73.78330379042221, 40.85584858232035], [-73.782852131004, 40.85548580530784]]], [[[-73.78922202961881, 40.8587425155315], [-73.78876651996588, 40.85840216757863], [-73.7887840285458, 40.857420690336696], [-73.788043429758, 40.857559917687304], [-73.7880283070183, 40.857514681283895], [-73.78877898544022, 40.85740092519983], [-73.78871047688027, 40.85704703321377], [-73.7888965495719, 40.856573386709975], [-73.78853687735325, 40.856158504288146], [-73.78835943222366, 40.855626489148435], [-73.78841511184132, 40.8551876376072], [-73.78855365724812, 40.85514873611444], [-73.78829413646666, 40.85482265139027], [-73.78847732653362, 40.85440052053236], [-73.78834700683632, 40.85415351894997], [-73.78756282815218, 40.85437584889344], [-73.78734753146423, 40.85438588545967], [-73.78834514784097, 40.8541320123503], [-73.78731450066243, 40.85421194272583], [-73.78690734702697, 40.85406397229935], [-73.78792821707314, 40.85373779738932], [-73.78800064949667, 40.8535246363282], [-73.78588186506491, 40.8517886729436], [-73.78529210719027, 40.8516206499737], [-73.78413189167985, 40.851832806157404], [-73.78431415166013, 40.85176754570707], [-73.78387115358147, 40.85155896167022], [-73.78396112488309, 40.85148693392315], [-73.78338158610394, 40.85158673391453], [-73.78360210541598, 40.85131951978285], [-73.78460077697608, 40.85109569219537], [-73.78445463288553, 40.850772873854645], [-73.78384119307995, 40.850692899498476], [-73.78406580837334, 40.850625233236585], [-73.78401288041842, 40.85047528985322], [-73.78425785826201, 40.8502531806425], [-73.78420047134387, 40.85006064424078], [-73.78353497808578, 40.84922096792302], [-73.78317944898275, 40.849222360949675], [-73.78303535537907, 40.84907190812803], [-73.78244952709214, 40.84934115401586], [-73.78221806474305, 40.84916680459631], [-73.78209456304502, 40.849247300009885], [-73.78215814152054, 40.849116173924045], [-73.7815749238, 40.849430631845514], [-73.78154449088434, 40.84940043514604], [-73.78214108697848, 40.84910066266785], [-73.78161594069073, 40.8488962046113], [-73.78161367535205, 40.84877238635009], [-73.78150620325313, 40.84884252817927], [-73.78157440440638, 40.84873180821256], [-73.78143249522289, 40.84880000581349], [-73.78149386587495, 40.84858047582596], [-73.78267467078881, 40.84813967244418], [-73.78097820938956, 40.84845834791372], [-73.78130627517385, 40.848347686472785], [-73.78110697775492, 40.848294757694134], [-73.78263740397894, 40.84807264924598], [-73.7825040863354, 40.84791327376341], [-73.78158418081549, 40.84803705203995], [-73.78148431950562, 40.84788219384882], [-73.78142920347918, 40.847456345357415], [-73.78207848450111, 40.84713080790553], [-73.78223364202788, 40.846853372678474], [-73.78216393435581, 40.84663633778099], [-73.78063668411163, 40.84692333475258], [-73.78067693704074, 40.847061485793674], [-73.78046241598466, 40.84710023328975], [-73.78040326958595, 40.846931134166255], [-73.7810604397285, 40.846802552357055], [-73.78115182578568, 40.84624630462727], [-73.78110675760801, 40.84674699714134], [-73.78168786937849, 40.846638875212065], [-73.78174288903256, 40.84641229011609], [-73.78171494622761, 40.84665747421488], [-73.78109301885189, 40.84679849158758], [-73.78215667396832, 40.84660757811384], [-73.7825134511686, 40.84640877155137], [-73.78235702810515, 40.845981588332826], [-73.78257932865692, 40.84593589302793], [-73.78249597258954, 40.845661561949214], [-73.78309442048653, 40.84551828556486], [-73.7831464422737, 40.8453099420262], [-73.78307455830661, 40.84550976429207], [-73.78242487155515, 40.845676336667196], [-73.78181646104312, 40.845764978051164], [-73.783050749408, 40.84549682317605], [-73.78306023126584, 40.8450857085672], [-73.78181535900454, 40.84548058288049], [-73.78188707672673, 40.845333885649545], [-73.78307457446685, 40.84505636873404], [-73.78315245505743, 40.845295983327965], [-73.78322207613928, 40.84506344465836], [-73.78297579244331, 40.84468094802058], [-73.78336536135346, 40.844444722981876], [-73.78306040951836, 40.8443720643956], [-73.78301129829386, 40.84417269084998], [-73.7832698713884, 40.844069392091775], [-73.78309494706122, 40.84386609440243], [-73.78348428748818, 40.84367854599862], [-73.78290650949765, 40.84393612584027], [-73.78052736048546, 40.84452514033834], [-73.77992703744438, 40.84388308135602], [-73.78053302714395, 40.84445302226539], [-73.78039623282011, 40.84396640817994], [-73.78058464728883, 40.8444345726984], [-73.78106261364299, 40.84432831787688], [-73.78087690198711, 40.843862220487964], [-73.78108977797854, 40.844320127077786], [-73.78154602523335, 40.84421588974787], [-73.7813767409837, 40.843704486540204], [-73.78157590302698, 40.844207703470616], [-73.78200770536675, 40.84410960066983], [-73.78183306599361, 40.84357551830506], [-73.78203757586265, 40.844103474973615], [-73.7824367989546, 40.844009431100055], [-73.78224871668732, 40.84343616841767], [-73.78246939706243, 40.843999187835244], [-73.7828224397139, 40.843919481199634], [-73.78257210723939, 40.84329458194347], [-73.7827849863566, 40.84375454548109], [-73.7830918611238, 40.84368505481138], [-73.78287388243189, 40.84312410236253], [-73.78313252568671, 40.84369749673193], [-73.7828066150656, 40.8437793161222], [-73.78284151617684, 40.843894787202096], [-73.78347481249254, 40.8436547381099], [-73.78319194518637, 40.84286786448662], [-73.78304539815447, 40.84289633206686], [-73.78321038850865, 40.84347933886666], [-73.78291098678739, 40.84292235550833], [-73.78313925968678, 40.84282231949021], [-73.78291747085119, 40.84280644567928], [-73.78312383020324, 40.84273620299385], [-73.78288778301486, 40.84249482884979], [-73.78273319376777, 40.84252170549867], [-73.78281584526057, 40.84276452259681], [-73.78270669982571, 40.8425324758105], [-73.78229941270918, 40.8426058964135], [-73.78244452404594, 40.84304203441689], [-73.78226682874738, 40.842612018228394], [-73.7818004836245, 40.84269614579382], [-73.78193306593671, 40.843228088076614], [-73.78177196927732, 40.84270227349214], [-73.78124656634499, 40.842797107289634], [-73.78142785188602, 40.84337087377914], [-73.7812160111929, 40.84280477739586], [-73.78067429925022, 40.84290730453787], [-73.78082903681303, 40.843507297145855], [-73.7806437599331, 40.84291033762104], [-73.78029552531905, 40.84297304539669], [-73.78022773872681, 40.843778181297886], [-73.78022662418246, 40.84288326843306], [-73.78286499304919, 40.84247810188288], [-73.7805973582243, 40.84278660044373], [-73.78236855953504, 40.84242849314983], [-73.78215166139391, 40.84235522861409], [-73.78231110910548, 40.84222417895734], [-73.78162055021923, 40.8423294948882], [-73.78230643317764, 40.84221111581018], [-73.78233257215892, 40.84192284411156], [-73.78144003107849, 40.842142133493596], [-73.7823235128595, 40.84189833045476], [-73.78203752533945, 40.8418419167152], [-73.78226345326243, 40.841778115982606], [-73.78201593435607, 40.841793189025346], [-73.78216624418963, 40.841689144110276], [-73.7812992811557, 40.84179444162376], [-73.78133868571393, 40.84199621898691], [-73.78124863502505, 40.841877807985504], [-73.78113290101267, 40.84191062605378], [-73.78119772238894, 40.84204202937318], [-73.78097935660914, 40.841952935335705], [-73.78102354424848, 40.84209299491431], [-73.78084643996947, 40.84198919862596], [-73.78088717448657, 40.84213446705879], [-73.78069632802134, 40.84203238300083], [-73.7807209883044, 40.84219153230595], [-73.78065508284253, 40.84204186886647], [-73.78056292706853, 40.842214705706375], [-73.78034805158225, 40.84210909822463], [-73.78042577181532, 40.84249439420701], [-73.78029863976158, 40.842511540467484], [-73.78019599955287, 40.84204621097634], [-73.78185048197783, 40.84165394639447], [-73.78166051213611, 40.84112417508578], [-73.78084223802311, 40.84127632402831], [-73.7808922061015, 40.841553084198445], [-73.78079752923459, 40.84125614604855], [-73.7816485529559, 40.84109776352898], [-73.78139143568785, 40.841036610120895], [-73.78161069651529, 40.84099624002586], [-73.78137488194953, 40.84097887100524], [-73.78159396937255, 40.84093979674822], [-73.78141805071888, 40.840714755716355], [-73.78154296060539, 40.840386661604626], [-73.78149172006935, 40.8402062245254], [-73.78125361834572, 40.84025550043901], [-73.78148878089253, 40.840197323922226], [-73.78136267245316, 40.83973018981648], [-73.78117947802401, 40.83974586225597], [-73.78135932010674, 40.83971170821595], [-73.78134125145768, 40.83947856344309], [-73.78113875725964, 40.839494278801894], [-73.78133988849417, 40.83946969983044], [-73.7815678098351, 40.838537405736496], [-73.78200420989043, 40.83801557230729], [-73.78188455720282, 40.83765027660495], [-73.7823814255608, 40.83732410616755], [-73.78272760738662, 40.83748795984902], [-73.78290629190879, 40.83732000607291], [-73.7827036458365, 40.836842801965716], [-73.78268131435591, 40.836483677153716], [-73.78282260139738, 40.83633815588806], [-73.78302921862735, 40.83634585234493], [-73.78338168059337, 40.836909271680824], [-73.78410164591313, 40.83672552935813], [-73.78448456140015, 40.83702422253872], [-73.78498060328094, 40.83674642608074], [-73.7850822664278, 40.83688190771069], [-73.78450333965363, 40.83705776517131], [-73.78485009222665, 40.83747048917869], [-73.78512582175483, 40.8374460415696], [-73.78563997845453, 40.837064434585535], [-73.78583067964124, 40.83720998000472], [-73.78565279572321, 40.83713210472616], [-73.78516584428664, 40.837471334061945], [-73.78527712948421, 40.837756718087114], [-73.78557796850949, 40.83792711322554], [-73.78553011511525, 40.83879827733854], [-73.7857350929869, 40.839234231776], [-73.78652598496427, 40.839723115607164], [-73.78740758746011, 40.83967762319708], [-73.7876393121901, 40.840531895236836], [-73.7873572424446, 40.84059077177681], [-73.78749166412595, 40.84084234167422], [-73.78818132144563, 40.84071108050155], [-73.78815921166516, 40.84049077856722], [-73.78825453283457, 40.84074586311868], [-73.78752379733535, 40.840879612687914], [-73.78778656795102, 40.84089222201296], [-73.78786404049697, 40.84108172583507], [-73.78761237782592, 40.84119800529602], [-73.78784487499318, 40.84147147983599], [-73.78836617474981, 40.84150461051416], [-73.78802003550362, 40.84178384145895], [-73.78829358843863, 40.84178537313683], [-73.78805599070789, 40.841867030177724], [-73.78838456613674, 40.842381978370796], [-73.78883864895148, 40.842350395961354], [-73.78852780867375, 40.84242557689495], [-73.78905825501366, 40.84323533177022], [-73.7896166032845, 40.84311265436516], [-73.7899242492442, 40.84322415424088], [-73.78993093388092, 40.843042264866405], [-73.78999975309038, 40.8433078172438], [-73.78986183858281, 40.84325095414687], [-73.78988953603839, 40.84338093446746], [-73.78973469326765, 40.84341324747887], [-73.78989919889905, 40.843417146659206], [-73.78980449502042, 40.84358665628257], [-73.78933708725715, 40.8436814980557], [-73.78947182214094, 40.844292978352215], [-73.79066589001023, 40.84574155883457], [-73.79098858375896, 40.845652832062655], [-73.79069785364858, 40.845786012551024], [-73.79097333310678, 40.846357311525146], [-73.79149076513559, 40.84625100496542], [-73.79112759246651, 40.84635759094971], [-73.79118128785345, 40.84655567592994], [-73.79141379114441, 40.846547847033], [-73.7913245194714, 40.846608732499355], [-73.79148034725685, 40.84680205271389], [-73.79179343625455, 40.84673167232948], [-73.79136709858452, 40.846887642686], [-73.79148637416802, 40.84695880376298], [-73.79144049688172, 40.84730604398631], [-73.79177232700852, 40.847228253279255], [-73.79191997810089, 40.847258218030895], [-73.791429627565, 40.84735998917455], [-73.79154104882268, 40.847538017298405], [-73.79126708567206, 40.84760186785683], [-73.79132975970053, 40.84805792306445], [-73.7916176543145, 40.848052924407995], [-73.79133588063233, 40.848086238652606], [-73.79111195407883, 40.848808127034346], [-73.79091971727904, 40.848866873015986], [-73.79101362338832, 40.84898521021956], [-73.79088710207213, 40.84888656379928], [-73.7897571107061, 40.8495314692878], [-73.78985836952192, 40.849972559362044], [-73.79094776857634, 40.84973917964398], [-73.79098877124804, 40.849828349029764], [-73.78986630313811, 40.84998939020077], [-73.79001758789008, 40.85031633196268], [-73.7903576698173, 40.8501423346161], [-73.79040506054308, 40.85027276271417], [-73.78989186585832, 40.85046418078948], [-73.79007093170753, 40.85093202010696], [-73.7902476483752, 40.85090351052299], [-73.7900864002191, 40.850984473853664], [-73.79026824507268, 40.850961088073994], [-73.7900909438575, 40.85099476440304], [-73.79012439171832, 40.851189912194755], [-73.78951371516169, 40.85130077171331], [-73.78956272464201, 40.85148733682227], [-73.7897851070265, 40.851462293880886], [-73.78966571913854, 40.85133864332759], [-73.79005781426925, 40.85141453021126], [-73.79001797053542, 40.8512594709597], [-73.79008961569993, 40.85140716358996], [-73.79034518797948, 40.851366793055185], [-73.79033709518076, 40.85122014385123], [-73.79037943653306, 40.85135850372418], [-73.79082454198972, 40.851289706318575], [-73.79081765352956, 40.851148627155986], [-73.79098717984299, 40.851264015299236], [-73.79089018435668, 40.85140397794045], [-73.78966490344519, 40.85150038213228], [-73.78972573712082, 40.85169267056512], [-73.79089217930074, 40.85154690354906], [-73.79019588667285, 40.851752904563085], [-73.790463705281, 40.85176700615418], [-73.79008396904118, 40.85203452738238], [-73.7901550926101, 40.852251285235994], [-73.79016095150024, 40.85204023592853], [-73.79027404235785, 40.85222327109272], [-73.7905321242068, 40.85216341514791], [-73.79045200336101, 40.85198972095046], [-73.79057493410306, 40.85215328413453], [-73.79080610587768, 40.85209987596794], [-73.79074309499367, 40.85192621249454], [-73.79056092524328, 40.851944443891554], [-73.79079463354844, 40.85186134138593], [-73.79085380717721, 40.85208882496857], [-73.79111196150576, 40.85200576731125], [-73.79101097118456, 40.85186080525309], [-73.79117366731121, 40.85181655326963], [-73.79118770764549, 40.8520161125069], [-73.79146293338876, 40.85194514969686], [-73.7913204511751, 40.85177969609433], [-73.79151738677949, 40.85172993589106], [-73.79149596814219, 40.85193407242149], [-73.79176994883012, 40.85187053095148], [-73.7917275018874, 40.85176465395933], [-73.79249450978072, 40.85155072509289], [-73.7917678060595, 40.85177400770625], [-73.7920573145789, 40.851825573262545], [-73.790170071263, 40.852280661153564], [-73.79113795170932, 40.85205585257384], [-73.79133456753257, 40.85216606767377], [-73.79122653385119, 40.852258010503384], [-73.79136187979897, 40.85222597753408], [-73.79123655971779, 40.85228028988671], [-73.79318284075856, 40.85180857187147], [-73.79311837183837, 40.851578295241], [-73.79323786787634, 40.85193117467465], [-73.79312894073921, 40.85184807267606], [-73.79124556783768, 40.85230468141089], [-73.79138052695524, 40.85260203830493], [-73.79340987631164, 40.85202188373056], [-73.79350762831913, 40.852264043925004], [-73.79342400669044, 40.852136302527754], [-73.79139106468674, 40.85262807498608], [-73.79144640027788, 40.85277157192435], [-73.79042053780171, 40.85302297821269], [-73.79049879362893, 40.85318872201622], [-73.79100586740218, 40.85311769126212], [-73.79145436303725, 40.85301084771372], [-73.79143702716641, 40.852822727983664], [-73.79150327251574, 40.85300474895982], [-73.79170223896091, 40.85295808594579], [-73.79165554436244, 40.85277733822669], [-73.79172995524623, 40.8529544234903], [-73.79196318311148, 40.85289544822891], [-73.79191649946218, 40.85271098813861], [-73.79198928164567, 40.85288807029819], [-73.79222413063734, 40.85283157209447], [-73.79217580837802, 40.85264958432178], [-73.79225186097403, 40.85282296088493], [-73.79248669881491, 40.852770173952386], [-73.79243675473354, 40.8525857082062], [-73.79250954048055, 40.85276155271456], [-73.79283083884894, 40.85268046076805], [-73.79281511966929, 40.85249481930906], [-73.79290086687061, 40.852695435982476], [-73.79080758729928, 40.85319906006445], [-73.79086201986841, 40.853319781103686], [-73.79111431429385, 40.85326445192485], [-73.79126573165878, 40.85370686423333], [-73.79252408728911, 40.853409920705055], [-73.79240931036931, 40.853053336114904], [-73.79255598392581, 40.85340117854097], [-73.79297928311047, 40.853302944909615], [-73.79287610048588, 40.85294418132863], [-73.79303991170266, 40.85337124928537], [-73.79127368128128, 40.85373220788182], [-73.79105721254831, 40.853918412426836], [-73.7924581684481, 40.8536007087551], [-73.79107002765953, 40.8539449566648], [-73.79253714604867, 40.853849327813066], [-73.79256758944634, 40.85401643494325], [-73.79179366809416, 40.85400482990055], [-73.79191811736386, 40.85422235474308], [-73.79133811791577, 40.854439011538496], [-73.79129282160648, 40.85458402597699], [-73.79207675667554, 40.85564516770727], [-73.79250306685451, 40.8557886661372], [-73.79248791157372, 40.85594699320995], [-73.79211616948507, 40.856012615291796], [-73.79201712228527, 40.85617694860646], [-73.79256814125986, 40.856256118770155], [-73.79201050009056, 40.85622512771859], [-73.79193700279748, 40.856405157922296], [-73.79208814819965, 40.85647764200957], [-73.79190183340256, 40.8565469113682], [-73.79309492152372, 40.856686441404285], [-73.7930307836123, 40.856813917951726], [-73.79189422958885, 40.85656888932979], [-73.7918284550688, 40.85666814339481], [-73.79196180591413, 40.856716856585344], [-73.79179264535283, 40.85671985281931], [-73.79192955714272, 40.85676900166861], [-73.7917850281768, 40.8567308579453], [-73.79170704257365, 40.856851842855214], [-73.79186032552957, 40.85679280353217], [-73.79173546476557, 40.85686642952841], [-73.79220265950254, 40.85714600041052], [-73.79242794130647, 40.85692854203438], [-73.79222189186386, 40.857152298424865], [-73.79282713237983, 40.85743578991807], [-73.79301264383001, 40.85700302604336], [-73.79288403888899, 40.85747920249383], [-73.79185978715215, 40.857004107259584], [-73.79268338575484, 40.85742039359287], [-73.79260923020631, 40.85750770450245], [-73.79211266783629, 40.85716693187052], [-73.79189451913092, 40.85743712186542], [-73.79246516065292, 40.85771533178423], [-73.79256970440599, 40.857639625362445], [-73.79239521723282, 40.85784554775234], [-73.79244336403558, 40.857736741972026], [-73.7917425408236, 40.85739395000432], [-73.79187281963945, 40.85742718307691], [-73.79209332504095, 40.857157989947346], [-73.79184303217399, 40.85702870201153], [-73.79160393461312, 40.85737531299264], [-73.79129378852153, 40.85726323869826], [-73.79094202260372, 40.857552748189], [-73.79163664587966, 40.85788281257107], [-73.79178529423254, 40.857775425855735], [-73.79143695908111, 40.858154685123246], [-73.79161866075827, 40.85790134204824], [-73.79093222800591, 40.85756778797329], [-73.79023592738763, 40.858154084811396], [-73.79006133563244, 40.85845954856141], [-73.79020122975747, 40.85860158971066], [-73.79004599837754, 40.85847540491228], [-73.78922202961881, 40.8587425155315]]], [[[-73.76783205637167, 40.85444220574223], [-73.76855660327054, 40.853238322959584], [-73.76904438987128, 40.85329092469376], [-73.76938529139699, 40.85253613399698], [-73.76860817687101, 40.85078839537827], [-73.7695967431147, 40.84759451909839], [-73.76950321562758, 40.84721783423534], [-73.76789492672827, 40.84528943301722], [-73.76901389181124, 40.84509734272204], [-73.77118378010576, 40.84694451331228], [-73.77157218833243, 40.84750005858054], [-73.77088920221176, 40.84975177133818], [-73.77204963668454, 40.85161828975758], [-73.77271117496144, 40.851826580933874], [-73.77246594126495, 40.85183368450245], [-73.77246052295433, 40.85205954217384], [-73.77296356611288, 40.85215925395875], [-73.77264837746921, 40.8522244026297], [-73.77289075731302, 40.85239826899842], [-73.77245940163195, 40.85210626657975], [-73.77245149415484, 40.852435896893695], [-73.7717306041191, 40.8524768313193], [-73.77171715936545, 40.853004539282004], [-73.77229680531383, 40.85308637825256], [-73.77234917455, 40.85385142023427], [-73.77296285334873, 40.853800062246656], [-73.77295817517044, 40.85413743292356], [-73.77279597721952, 40.854131758702046], [-73.77269448026055, 40.85390663901353], [-73.77233272219738, 40.85390084467539], [-73.77214036841818, 40.85441271260075], [-73.77218152925148, 40.858868346783645], [-73.77235432710654, 40.85967316198074], [-73.77219223055423, 40.85998663859712], [-73.77084562360571, 40.86010101285692], [-73.76947305424014, 40.859330136668746], [-73.76836277290789, 40.85835828885204], [-73.7683608591898, 40.857655363203506], [-73.7653324399529, 40.85504359512506], [-73.76783205637167, 40.85444220574223]]], [[[-73.78457451654576, 40.86053199775851], [-73.78436960693905, 40.85985020398061], [-73.78471397657277, 40.85913607850752], [-73.78514017041744, 40.85879261247825], [-73.7860754048853, 40.859274602883524], [-73.78660807970745, 40.8590361420359], [-73.78654275286385, 40.8588573292113], [-73.78669393087422, 40.85868606455713], [-73.78727504379454, 40.858854636519446], [-73.78773372273469, 40.85877099157826], [-73.7871569098527, 40.859565703707815], [-73.78700130484614, 40.860224388411694], [-73.78457451654576, 40.86053199775851]]], [[[-73.81970622079926, 40.882142035508316], [-73.81925946145778, 40.882089945098194], [-73.81968874043842, 40.88192959024386], [-73.81978882190013, 40.88164537920213], [-73.81911709766275, 40.88132227424893], [-73.82010217622413, 40.8809503685835], [-73.82026293715494, 40.8799262132466], [-73.82002409504666, 40.87977851888122], [-73.82033744718618, 40.87939893983145], [-73.82021305474551, 40.87813299673707], [-73.82105687445674, 40.87756658307417], [-73.82097695810234, 40.87700629897282], [-73.82116398203064, 40.87669823874659], [-73.82044281880334, 40.87603632930324], [-73.82068026468767, 40.87725487014878], [-73.81997534313247, 40.876796959097014], [-73.8197601349025, 40.87626062729097], [-73.8202170542573, 40.87571750397974], [-73.8203638978662, 40.875268186919456], [-73.82088795311677, 40.87509427124637], [-73.82135415861839, 40.875320562484525], [-73.82164916217161, 40.875145077031206], [-73.82124980065538, 40.87481389060058], [-73.82059545384546, 40.874764909340186], [-73.82030472400855, 40.8748900604355], [-73.81990519396513, 40.8742222570763], [-73.81918427732244, 40.87447881024978], [-73.8192296957606, 40.874074130064066], [-73.81990527110965, 40.874032765976025], [-73.81994803234095, 40.8738251467912], [-73.8196956727771, 40.87367743062317], [-73.81917619491894, 40.87383079183043], [-73.81894644041458, 40.8736694045424], [-73.81929019793607, 40.87340270748769], [-73.82007094639178, 40.87343818843716], [-73.8202415252709, 40.873784490984384], [-73.82016417422616, 40.87401391998544], [-73.82042948454612, 40.87438092655686], [-73.82072749861966, 40.87448246343036], [-73.82074608426558, 40.87414159139206], [-73.82209812832178, 40.87477424510611], [-73.82190176320215, 40.87372700730547], [-73.82156157962358, 40.87415629492908], [-73.82127407212418, 40.874180097808576], [-73.82046784228086, 40.87354844241002], [-73.82115079721677, 40.87302530718126], [-73.82163597903522, 40.873123475139245], [-73.821945677017, 40.8726822336534], [-73.82156283349632, 40.87253943729586], [-73.82137689606893, 40.87286805682303], [-73.82102046891794, 40.872816112834094], [-73.82122952671988, 40.87228196323598], [-73.82176276649474, 40.872039534770515], [-73.82195783615458, 40.87166981530582], [-73.82195641305864, 40.87051521296592], [-73.82160540263999, 40.870130946427], [-73.82101366004086, 40.870315041045586], [-73.82091141249833, 40.86973586928472], [-73.81999722806917, 40.86899098047385], [-73.8192726034273, 40.86918542921345], [-73.81892669317159, 40.86904241009592], [-73.81860931426495, 40.86852218164303], [-73.81773424169495, 40.867925903501465], [-73.81728115108716, 40.867321984990284], [-73.81710458819225, 40.86776334424149], [-73.81734085490662, 40.868344752024285], [-73.81778838312262, 40.86828414672686], [-73.81816610662032, 40.868438217491395], [-73.81863953628084, 40.868831407546125], [-73.81882936364674, 40.869484735938144], [-73.81833026291285, 40.869879005860895], [-73.81815573516671, 40.86929701426804], [-73.81774977383691, 40.86900935105213], [-73.81722578745021, 40.869009273791974], [-73.81628519927386, 40.869671684783825], [-73.81612337932856, 40.8701586964825], [-73.81583774182826, 40.8703888529316], [-73.81537870033073, 40.86960932991759], [-73.81553217878341, 40.869238032274204], [-73.81525395641262, 40.86819083062359], [-73.81450012346241, 40.86816902006836], [-73.81438039082545, 40.867944920257635], [-73.81578764066082, 40.86575806143886], [-73.81699760266432, 40.864459031143234], [-73.81662129495449, 40.8641782538441], [-73.81517320219253, 40.86560120776696], [-73.81508891490556, 40.86524357351238], [-73.81522455621992, 40.86444402497524], [-73.81488102577737, 40.86391965814838], [-73.81492984196154, 40.86367610230121], [-73.81524395254247, 40.863238061877695], [-73.81510315384155, 40.863057465367916], [-73.81641392102728, 40.86118062770405], [-73.81683435190533, 40.86122587945157], [-73.81719024037675, 40.86084923211527], [-73.8180050429142, 40.861081636099065], [-73.81852209130187, 40.86090203005614], [-73.81864655977108, 40.860586407988826], [-73.8184428112822, 40.85982934769622], [-73.81879147763085, 40.85939135225646], [-73.82023946192997, 40.85935669501381], [-73.82026696795714, 40.85916163544494], [-73.82054801307113, 40.85906461945526], [-73.82176703335232, 40.85920659875551], [-73.82199113809114, 40.85940185282124], [-73.821613676663, 40.859553541671445], [-73.82168527462834, 40.85977901519105], [-73.82240724387101, 40.85979840186658], [-73.8219254745029, 40.859956021107685], [-73.82197311935825, 40.86013882172433], [-73.8227754156684, 40.86012178375086], [-73.82165901874284, 40.86059515157934], [-73.82169246370475, 40.86008966110739], [-73.82144460224873, 40.859778642980054], [-73.82144564881361, 40.85938882844493], [-73.82110890487124, 40.85931521579791], [-73.82094027079889, 40.859375863077574], [-73.82100279502784, 40.85999113909326], [-73.82052210579002, 40.85974675754755], [-73.81999227948373, 40.859873840361665], [-73.82046441958653, 40.86031311886812], [-73.82031191378067, 40.8610311075693], [-73.81951371932053, 40.861470910473535], [-73.81937709260572, 40.86179558513219], [-73.81887196436122, 40.86224554559755], [-73.81895425595411, 40.86247456169134], [-73.81992161818944, 40.86177537338971], [-73.8212809689737, 40.86113519842072], [-73.8299990383079, 40.858211136045924], [-73.82991623909749, 40.856180818225475], [-73.82908318705877, 40.855676014198906], [-73.82860197165324, 40.855717847594896], [-73.82720400244041, 40.85328998392338], [-73.82737835766386, 40.852817959166934], [-73.82675948116135, 40.85300681922401], [-73.82718423758904, 40.851711205793976], [-73.82687854348603, 40.8516699100258], [-73.82728154227162, 40.85003783922566], [-73.82725480435981, 40.849125983656705], [-73.82697935541505, 40.8480934115791], [-73.82597735143402, 40.846150229432666], [-73.82572681444405, 40.84620743686289], [-73.82551022310473, 40.84556153733717], [-73.82558267013223, 40.84586304870364], [-73.82048405617405, 40.848501025630355], [-73.82014043614465, 40.848020598550825], [-73.81630119152187, 40.84857217240369], [-73.81514191918662, 40.849080612735214], [-73.81534394312402, 40.848853320138026], [-73.81532344002714, 40.848577570692825], [-73.81590281420677, 40.8480131214819], [-73.81586136315826, 40.847775582354004], [-73.8156045139199, 40.84765868316229], [-73.81609670609207, 40.84751214603305], [-73.81610537477155, 40.84645454443762], [-73.81571903834562, 40.846293443498986], [-73.81545867615472, 40.84660302877172], [-73.8146272778874, 40.847142794761105], [-73.81464594697547, 40.84721961352912], [-73.81451106769596, 40.847106078026904], [-73.81570353189454, 40.84629134042393], [-73.8149226573931, 40.846483488692414], [-73.81368634738199, 40.84727432550922], [-73.81356372861671, 40.84715141127868], [-73.81490858203193, 40.84646876487921], [-73.81465695793435, 40.84620554530155], [-73.81442352579826, 40.846187825072626], [-73.81508593855906, 40.84559500291618], [-73.81502627604301, 40.8454999950586], [-73.81420573129107, 40.84601018088854], [-73.813990421324, 40.84582691919396], [-73.81318865072502, 40.846229536475384], [-73.81403198219381, 40.84558929786809], [-73.81368589093512, 40.84565906225495], [-73.81394279128916, 40.845511589111396], [-73.81372892648767, 40.84548506817241], [-73.81384258869345, 40.84539939043932], [-73.81363258232705, 40.84528076903152], [-73.81335905585024, 40.845845499331226], [-73.81328932692877, 40.845951022731775], [-73.81321295244251, 40.845922939842026], [-73.81361858267047, 40.8452750423887], [-73.81325997724694, 40.84523399045836], [-73.81284939958523, 40.84631879949846], [-73.81272457676766, 40.84628661994728], [-73.81324326351064, 40.845235907850174], [-73.81310050639208, 40.845172414685166], [-73.81287703597428, 40.84513466844861], [-73.81315597044255, 40.84521210037648], [-73.81285536957638, 40.84518628546158], [-73.81241445328133, 40.84655938074896], [-73.81227790900505, 40.8465434582794], [-73.81284143551537, 40.84518017017501], [-73.81261378787293, 40.84510950786606], [-73.81285774337955, 40.84512954458928], [-73.81254457815614, 40.844979598008464], [-73.81203501629656, 40.84653260540163], [-73.81188458844791, 40.84659496706141], [-73.81243625060675, 40.84673771207574], [-73.8116997182366, 40.846681700813825], [-73.81266141349053, 40.84420764950098], [-73.81278395303993, 40.84422834819621], [-73.81271242301719, 40.844466536296615], [-73.81282121937927, 40.844259615547095], [-73.81276123529818, 40.844473304438246], [-73.8129912030509, 40.84452250705569], [-73.81270337280489, 40.84448531243257], [-73.8126488933667, 40.844659467667476], [-73.81311795023709, 40.84478760306726], [-73.81264095809883, 40.84468166226048], [-73.81254909120709, 40.844952275146255], [-73.81367848753001, 40.845056980515935], [-73.81416729043147, 40.84478090603216], [-73.81369979287813, 40.84484845686357], [-73.81418334592426, 40.84468219908361], [-73.81346597094549, 40.844263188431995], [-73.81336027094684, 40.843893821912175], [-73.8134795659818, 40.84365111955144], [-73.81499955039784, 40.84350445264203], [-73.81521540865158, 40.84407819957212], [-73.81567292613455, 40.844428775759184], [-73.8163057192387, 40.84439921043048], [-73.81626214797748, 40.844184844743246], [-73.81643583754624, 40.84406490674786], [-73.81699352071388, 40.84408902119416], [-73.81708851798653, 40.84426451249652], [-73.81750072974441, 40.84436744491048], [-73.8182406589385, 40.84434212791015], [-73.8181908905061, 40.84411314800019], [-73.81768994519238, 40.8442684955502], [-73.81718704179613, 40.84391596441773], [-73.81662677325095, 40.84394489856042], [-73.81620217852775, 40.843073323130895], [-73.81572300132002, 40.8425365659871], [-73.81517113664873, 40.84257716162403], [-73.81570207846413, 40.84251972168978], [-73.81541503896413, 40.84239132778359], [-73.81558492163332, 40.84184126460371], [-73.81526263397677, 40.84125983942319], [-73.8147334581754, 40.84137572831102], [-73.81522026179324, 40.841202676499854], [-73.81523404887245, 40.84100964149668], [-73.81505399109442, 40.84053808589673], [-73.81490477086113, 40.84055936014477], [-73.81504912628206, 40.84051761955146], [-73.81480646696149, 40.83980436688659], [-73.81436596502492, 40.83986536376513], [-73.81479697880746, 40.83978795740707], [-73.81472319684482, 40.839588886600204], [-73.81431578799946, 40.83964952701216], [-73.81430900133688, 40.839622416379434], [-73.8147199908371, 40.83957187909218], [-73.81478277740275, 40.8390764879578], [-73.81602281915453, 40.838526386244894], [-73.81647878477874, 40.8377039838886], [-73.81606068234677, 40.83603019645707], [-73.81550338608989, 40.8359532134672], [-73.81606339574218, 40.83577292747386], [-73.81600773070701, 40.8355125978388], [-73.81557397060101, 40.83552508183128], [-73.81608188313598, 40.835361182400376], [-73.81608401401112, 40.83459034626538], [-73.81566358139256, 40.83449084930709], [-73.81599347092268, 40.8343958445531], [-73.8160374712174, 40.834168614805456], [-73.81593920982328, 40.83367686641571], [-73.8156987722173, 40.83346228086134], [-73.81581632050586, 40.83330125985296], [-73.81573931591339, 40.83291756902344], [-73.81528686987531, 40.83187570053338], [-73.81503125254116, 40.831682117018055], [-73.8148793738859, 40.8310300864916], [-73.81449221012446, 40.83117114022453], [-73.81484313432425, 40.8309861205138], [-73.81452008577702, 40.83062287579444], [-73.81391425388863, 40.83092425703568], [-73.81389783360494, 40.830907554158415], [-73.81451016521449, 40.83061404705128], [-73.81429416266316, 40.83050516943103], [-73.81430920681511, 40.83035927120761], [-73.81385671977277, 40.830561442922836], [-73.81429959295049, 40.8303501037028], [-73.81390384121464, 40.830068161662226], [-73.8138677501533, 40.82985736878283], [-73.81370296001822, 40.82993303312872], [-73.813668312847, 40.829891284854], [-73.81388971246571, 40.82977745220241], [-73.81356669955272, 40.82958954788858], [-73.81368881870836, 40.829534579120306], [-73.81361110494338, 40.82937675845871], [-73.81337687307213, 40.82939120271069], [-73.8135042040958, 40.82922093467636], [-73.81338766389125, 40.8290230944737], [-73.81290321918767, 40.828953131666125], [-73.81318011408925, 40.82880287122972], [-73.81283902833238, 40.82864666669585], [-73.81275469994522, 40.82824823625153], [-73.80992799250792, 40.82819322268481], [-73.81009578138247, 40.82781949309163], [-73.81029679194134, 40.82799085301219], [-73.81105446059631, 40.82798479483612], [-73.81104880187468, 40.8278408051547], [-73.81025357097305, 40.82783386391298], [-73.81003792061874, 40.82778156842338], [-73.81182440558153, 40.82782881363523], [-73.81107330717185, 40.82784157654804], [-73.81107326796148, 40.827984402314925], [-73.81159139311153, 40.82799915354871], [-73.81263975263087, 40.827836406561985], [-73.81265206400509, 40.827558779614925], [-73.81384974845061, 40.82680352872422], [-73.81372207686613, 40.82627159251522], [-73.81291776131228, 40.8263503891208], [-73.81372787850225, 40.82626121922073], [-73.81399111600332, 40.826069598740425], [-73.81395054076151, 40.825729151443774], [-73.81342102197206, 40.82592501676849], [-73.8139416195339, 40.82571703172866], [-73.81379523517661, 40.825298086001716], [-73.81333522606086, 40.82517094670778], [-73.81211350556441, 40.82555263465948], [-73.81327735515306, 40.82516132170772], [-73.81308215093006, 40.824944546839895], [-73.81403745843352, 40.82448346949406], [-73.81400072861024, 40.824246083850795], [-73.81378080191392, 40.8239999205185], [-73.8132741739903, 40.82396666581975], [-73.81281028698118, 40.82433911367457], [-73.81273339108937, 40.82477847082252], [-73.8123200553901, 40.824411308420125], [-73.81177284871205, 40.82433980617299], [-73.81164355619616, 40.82460166226882], [-73.81122136266141, 40.82458580068875], [-73.81119903005333, 40.82479111388345], [-73.81103147525599, 40.82470822704213], [-73.81084728678651, 40.824872490965], [-73.81087496294384, 40.82511394844671], [-73.81076192559188, 40.82490157071438], [-73.81029687387046, 40.82516492631085], [-73.80965481141752, 40.825275535621806], [-73.80909234633549, 40.82587339816426], [-73.80783421319289, 40.82576745480322], [-73.8076660476525, 40.825896992059235], [-73.80697771152208, 40.82538837089761], [-73.80673428399325, 40.8246845829846], [-73.80656361554976, 40.82460640543196], [-73.80677536296291, 40.824448617737076], [-73.80651819407534, 40.824197991912875], [-73.80673104693939, 40.82413488149515], [-73.80675058060025, 40.82382807065881], [-73.80646480610474, 40.8237992674993], [-73.80669197728993, 40.82367927106439], [-73.80666166000627, 40.82341958423731], [-73.80623630693701, 40.823307934650856], [-73.80651018671028, 40.82315261172057], [-73.80638355020652, 40.8228927626324], [-73.80595169124452, 40.822882595349604], [-73.80622242082096, 40.82274142998961], [-73.80582465580848, 40.8217677897932], [-73.80599159848938, 40.82082355849026], [-73.80572802989734, 40.8201773386952], [-73.8046193120521, 40.819027114716505], [-73.80348320649314, 40.818276985466795], [-73.80267407634163, 40.81823857509162], [-73.80252163401772, 40.81852598830606], [-73.80207892871863, 40.81855673696875], [-73.80188493617563, 40.81835871604601], [-73.8007085972132, 40.81804327579612], [-73.80057465165983, 40.81769805136137], [-73.80032540130563, 40.81756044516134], [-73.7975903277748, 40.8165075315677], [-73.79738112573536, 40.81576350489581], [-73.79771465236783, 40.81551329274356], [-73.79811945293476, 40.8156987850034], [-73.79864220646606, 40.81546401593534], [-73.79902816314, 40.81554113493885], [-73.79994678186264, 40.8144495656896], [-73.8001114686428, 40.81402452556079], [-73.80091593237641, 40.81376140250671], [-73.80145800517316, 40.81294094720329], [-73.80174561215964, 40.81286501741587], [-73.80133906141208, 40.81239373439257], [-73.8017593218082, 40.81286139698744], [-73.80305792060479, 40.81245229753629], [-73.80361424977076, 40.81252311366067], [-73.80351997906503, 40.81292187125176], [-73.80377912019883, 40.8128099060432], [-73.80361429261038, 40.81304451492828], [-73.80423653201755, 40.81364652799341], [-73.80435810346694, 40.81360853867414], [-73.80415365301047, 40.81373067286529], [-73.80422899591792, 40.81366330521183], [-73.80355921193643, 40.81304271217245], [-73.80361455805945, 40.81297219119175], [-73.80325294454983, 40.813196773550146], [-73.80346101380127, 40.8133292437577], [-73.80322449366629, 40.8133585805214], [-73.80345519299765, 40.81340269099069], [-73.80396704457125, 40.813966553255575], [-73.80409073408262, 40.81395152475985], [-73.80443465897424, 40.81429319648734], [-73.80453081609834, 40.81425461992452], [-73.80443367591069, 40.81431888609888], [-73.80395955345402, 40.81398808555841], [-73.8034304211, 40.81342211984301], [-73.80322176299296, 40.813374109942366], [-73.80351667337368, 40.8139519636488], [-73.80418033130357, 40.81458996281161], [-73.80443003333593, 40.814583062613295], [-73.80436154415418, 40.81469712818223], [-73.80471812332821, 40.81523050509412], [-73.80658358725697, 40.81659458816575], [-73.80611761373618, 40.815952209326255], [-73.80537878784826, 40.815482620282836], [-73.80508103466691, 40.815197964012754], [-73.80455440518871, 40.814629842237245], [-73.80465942815036, 40.814544989122176], [-73.80458924572575, 40.81462151114415], [-73.80527878825085, 40.81537726477644], [-73.80610141797906, 40.815919716954006], [-73.80632932566165, 40.81613795881775], [-73.80671967987067, 40.81657517074711], [-73.80660603189511, 40.81666449454383], [-73.80692933177546, 40.81656837907689], [-73.80653572493948, 40.81589198638647], [-73.80694199535752, 40.81656461422091], [-73.80704600153508, 40.81653369387547], [-73.80662873423155, 40.81568384020787], [-73.80640177811456, 40.815702030649675], [-73.80663156323897, 40.81559499146097], [-73.8056844290842, 40.81503342491173], [-73.80563622499184, 40.814760737344066], [-73.80545612201102, 40.81468657406289], [-73.80557414932782, 40.81454024485639], [-73.8054255978558, 40.81440061374097], [-73.80544921172653, 40.81337665560836], [-73.80503226584183, 40.81260787505405], [-73.80499834751839, 40.81220663456617], [-73.80476488943775, 40.812033678062946], [-73.80391186062475, 40.812110497881335], [-73.80337276458371, 40.81153978619663], [-73.80293001868931, 40.81054186135296], [-73.80235340279003, 40.810037058959175], [-73.80214816448928, 40.810026521740625], [-73.80135552746918, 40.81071084489506], [-73.80115707624914, 40.8105877656152], [-73.80101172909848, 40.810713399647476], [-73.80146670007328, 40.81014171796329], [-73.80010949916637, 40.80971095407845], [-73.79853765964961, 40.80958707552987], [-73.79228907337429, 40.80684900557966], [-73.79140059873889, 40.80699787790841], [-73.79130157564595, 40.80717252058432], [-73.79152359087007, 40.80748908780617], [-73.79086475738563, 40.80734113993815], [-73.7907347998378, 40.80658882885675], [-73.79025263728451, 40.806019197024774], [-73.79006256328046, 40.80540894183458], [-73.79028410874172, 40.804817103688976], [-73.79103717515581, 40.804263031702185], [-73.79224529219165, 40.80399636431502], [-73.79338982286725, 40.80420433003641], [-73.79577769393995, 40.80616294902936], [-73.79601037569107, 40.805921031867186], [-73.79620903473196, 40.805968590462], [-73.79650268526504, 40.80610443548761], [-73.79636945999799, 40.806277202766786], [-73.79702945544228, 40.80634537771915], [-73.79791578987742, 40.80671223002207], [-73.801671905973, 40.80901657294822], [-73.80278236265518, 40.80912012339995], [-73.80392673417204, 40.808527970811845], [-73.80467808368505, 40.809225798787665], [-73.80713987884191, 40.810661676453925], [-73.80822799216618, 40.8118910021973], [-73.80992029081796, 40.812929152261944], [-73.81042488566317, 40.81298055702467], [-73.81078477868341, 40.812770951355176], [-73.81133318625712, 40.81301467503937], [-73.81185065747444, 40.812939400040435], [-73.8131338179631, 40.813331054243214], [-73.81359806345645, 40.81332634208584], [-73.81400319066059, 40.81355146726604], [-73.81443067312429, 40.813518375715866], [-73.8143693843687, 40.81293640140616], [-73.81449994116008, 40.81290828760468], [-73.81461860845127, 40.81296689723888], [-73.81449745463847, 40.812964931467135], [-73.8144772719101, 40.8135185418413], [-73.81566326325786, 40.81351203974366], [-73.81587919093572, 40.813767055363996], [-73.8162005689644, 40.81384747597692], [-73.81737201626999, 40.81357434380459], [-73.81735988456624, 40.81337572003741], [-73.81738942091525, 40.81357073625081], [-73.81792084127574, 40.81354468010085], [-73.81793546303673, 40.81329796423302], [-73.81797608887024, 40.81329902414658], [-73.81804229161196, 40.81353296785646], [-73.81981638454958, 40.813179933156086], [-73.82010759340305, 40.81286406966558], [-73.82039207280124, 40.81284401450997], [-73.8205552151732, 40.813017655077076], [-73.82024436122057, 40.81243067757415], [-73.82106512070956, 40.81220359196503], [-73.8203235551589, 40.812439652195074], [-73.82042087950599, 40.81263807250537], [-73.82112969804916, 40.81244975686701], [-73.82044179624145, 40.812657577836376], [-73.82058709143857, 40.813019447110854], [-73.82141253439899, 40.81287295247819], [-73.82142259915257, 40.81270158730655], [-73.82151718570914, 40.812847321235594], [-73.82169530549905, 40.81266483427263], [-73.82175599067497, 40.81276853602439], [-73.82228290825746, 40.81266149978776], [-73.82217145218742, 40.81235400527661], [-73.82230863560132, 40.812658215078734], [-73.82339468020488, 40.812355885495634], [-73.82347433550349, 40.812191373779285], [-73.82408760781664, 40.81216384832524], [-73.82505782162899, 40.8118299178869], [-73.82480905359998, 40.811439281600165], [-73.82507659171799, 40.81182331338762], [-73.82524350467837, 40.81176134024024], [-73.82487938938083, 40.81127298382836], [-73.82526664318085, 40.81175234789866], [-73.82549075318568, 40.81165933042357], [-73.82523137433313, 40.811209789296456], [-73.82551303817354, 40.811649133409546], [-73.82565070298233, 40.811592290413664], [-73.82535766859549, 40.8110276439239], [-73.82567229084796, 40.81158474373054], [-73.82553710461548, 40.81101552428081], [-73.82581255718912, 40.8115337045205], [-73.82592714984658, 40.81148650139682], [-73.825797559051, 40.81120533563991], [-73.82595641099937, 40.81147444843527], [-73.82620966335804, 40.81127900680077], [-73.82802775144887, 40.81145236638728], [-73.82916397036473, 40.811265116655164], [-73.83018245574922, 40.81083908712692], [-73.83162199947404, 40.8095681453482], [-73.83217486842416, 40.80815977944408], [-73.83213795292727, 40.80740773735611], [-73.8316182295314, 40.806645780055575], [-73.83164933127328, 40.80615999852464], [-73.83139548735753, 40.80517070805991], [-73.8316157445545, 40.80493825599344], [-73.83405892159301, 40.805110654395754], [-73.83715549168919, 40.80603808525377], [-73.83804695974663, 40.8070113208846], [-73.83824420929388, 40.8081768101889], [-73.8402976298541, 40.81157163001088], [-73.84043199540953, 40.8125411282371], [-73.84032701554315, 40.81313578864055], [-73.8396623668359, 40.81392164508082], [-73.839530915473, 40.81518345495011], [-73.8397533671252, 40.81649610979133], [-73.84019020523161, 40.81718827305655], [-73.84002139401613, 40.817979520419506], [-73.83921022100887, 40.81888835712699], [-73.83892733295293, 40.81900121010729], [-73.83868347700866, 40.81959138101699], [-73.83906398923862, 40.819802432341795], [-73.83901168067592, 40.82195017103238], [-73.83888231646739, 40.82214048985618], [-73.8390705947301, 40.82225284895774], [-73.83904904481194, 40.82268874814603], [-73.83952777714237, 40.82303815915202], [-73.8394493487325, 40.82326535508363], [-73.83974013877233, 40.82411049303686], [-73.840131135285, 40.82431708917758], [-73.84222047999327, 40.828341887944], [-73.84233077477276, 40.829073962453876], [-73.84223013648113, 40.82983069124909], [-73.84188643774445, 40.83071317653463], [-73.83918095199304, 40.83315611875267], [-73.83885232384732, 40.83369066784842], [-73.83923392305658, 40.83674104076098], [-73.8391925523571, 40.83871362805796], [-73.83958953765698, 40.838798485825855], [-73.83972014515537, 40.8395654059863], [-73.84030282537185, 40.83952431394517], [-73.84010873870926, 40.83885211820906], [-73.84002808869033, 40.83894787100813], [-73.84013531533371, 40.8386141774202], [-73.83992026416514, 40.837820663259485], [-73.83984179647032, 40.83790493838034], [-73.83995029818, 40.83758389709028], [-73.83984235556305, 40.83611624146407], [-73.8397594290159, 40.83629627837064], [-73.83965902852734, 40.83606711375902], [-73.83982556569318, 40.83605440007038], [-73.83971159080417, 40.836017398314574], [-73.83979992825583, 40.83581139835384], [-73.83965173481582, 40.83582911599189], [-73.83968001567254, 40.83606315988022], [-73.83960098545434, 40.83567071869874], [-73.83965573346731, 40.83580223593791], [-73.83979605087636, 40.83578848940358], [-73.83965849740547, 40.83574348973643], [-73.83979488496, 40.83561920749208], [-73.85168459747828, 40.83420105235049], [-73.85333524942047, 40.84247015515494], [-73.84806345327982, 40.84306799865136], [-73.84491034255328, 40.845427460749114], [-73.84327655860383, 40.84354180594527], [-73.84124053003696, 40.84060145432203], [-73.83936794250651, 40.84088297348197], [-73.83839056225074, 40.840676814134376], [-73.83671179690661, 40.846057369668024], [-73.836470550498, 40.847149372783036], [-73.83614279002084, 40.851041758573515], [-73.83551904674769, 40.8530195775614], [-73.83458321716229, 40.85443233683157], [-73.83111449155481, 40.85752432962308], [-73.82812298944327, 40.86118211338874], [-73.83089580617313, 40.86512555368845], [-73.83394979344439, 40.87132943357722], [-73.83446892238014, 40.87340913948927], [-73.83449141949498, 40.87606640729975], [-73.83404666523903, 40.87757911326279], [-73.83348231301152, 40.878627801564306], [-73.83137826199352, 40.88079760778804], [-73.83007170627602, 40.88174710168174], [-73.82837160475215, 40.88270097507443], [-73.82499664134872, 40.884206721260426], [-73.81983275304233, 40.88566925457398], [-73.8193449746142, 40.883562820817936], [-73.81974949489855, 40.88283074956871], [-73.8197725954394, 40.88263549792761], [-73.81955647312996, 40.882429594155276], [-73.81970622079926, 40.882142035508316]], [[-73.81883574673807, 40.86524590080978], [-73.81864774870542, 40.86513362483441], [-73.81813212495835, 40.86547351925779], [-73.81793297802778, 40.865994984121066], [-73.81866394874292, 40.866098585587324], [-73.81883574673807, 40.86524590080978]]]]}, "properties": {"geo_id": "210", "name": "BX 10", "borough": "Bronx", "area_km2": 16.626}}]}