{"type": "FeatureCollection", "features": [{"type": "Feature", "id": 0, "geometry": {"type": "Polygon", "coordinates": [[[-73.9321339742769, 40.72815960343333], [-73.93412337223698, 40.726855471981494], [-73.93739261341217, 40.72433235569545], [-73.94022123583078, 40.722891505769304], [-73.94195633562913, 40.72165231973291], [-73.94721341744695, 40.7185609861182], [-73.9484163847295, 40.71845553312268], [-73.949078166846, 40.722540287202506], [-73.95064594201138, 40.72170569378428], [-73.95164632164285, 40.7234858574838], [-73.95477662815335, 40.722459504667775], [-73.95771989051025, 40.724284957359174], [-73.95814292286852, 40.724404284904594], [-73.95794183489497, 40.72464920270007], [-73.95795096213239, 40.725036439168576], [-73.95835177078861, 40.725198057301895], [-73.95842611843923, 40.72540053583232], [-73.96012497133214, 40.72531963713966], [-73.9602854494424, 40.72594812191056], [-73.96161518769874, 40.725865563073995], [-73.96161716897699, 40.72666142199097], [-73.96101688070596, 40.7287044401017], [-73.96142843631839, 40.73094639311274], [-73.96226340357227, 40.73291555162347], [-73.96228520236957, 40.734047695374265], [-73.96157494306718, 40.73517961543138], [-73.9598293114781, 40.73706090113593], [-73.95763409606995, 40.73853811826415], [-73.95693002865116, 40.7388870730717], [-73.95476314020421, 40.739123535053864], [-73.95292355724182, 40.738934942395375], [-73.9504645828052, 40.738309580795224], [-73.94652352854825, 40.73692685345575], [-73.94644229140823, 40.7367806267659], [-73.94719983367118, 40.73535517811432], [-73.94706532915387, 40.734401992819414], [-73.94659806707352, 40.734442224347475], [-73.94673908072924, 40.73528269434377], [-73.9462474829688, 40.73616616572973], [-73.9458731056285, 40.73610183176089], [-73.94557048457176, 40.73661230441316], [-73.94499908889487, 40.73643669371279], [-73.94525492279523, 40.73589278950653], [-73.94518507181276, 40.73547915318058], [-73.94503299031923, 40.73542861568352], [-73.94451542117442, 40.736284390390374], [-73.94239443542429, 40.7354257499477], [-73.94173819523785, 40.73495071791742], [-73.94114746701952, 40.73415292753774], [-73.94099746533847, 40.73379048555564], [-73.94115615809413, 40.73374890961004], [-73.94056868930251, 40.73305849425783], [-73.94068491601382, 40.73301707662212], [-73.94036658952952, 40.73221258691498], [-73.93981322625451, 40.73115268891224], [-73.93810334960666, 40.729728519521515], [-73.93693124799917, 40.72910809076316], [-73.93492926391922, 40.728543915250576], [-73.9321339742769, 40.72815960343333]]]}, "properties": {"geo_id": "BK0101", "name": "Greenpoint", "borough": "Brooklyn", "area_km2": 3.2815}}, {"type": "Feature", "id": 1, "geometry": {"type": "Polygon", "coordinates": [[[-73.96116366236231, 40.72526460683582], [-73.95771989051015, 40.72428495735922], [-73.9547766281533, 40.7224595046678], [-73.95164632164274, 40.723485857483844], [-73.95064594201132, 40.72170569378428], [-73.94907816684606, 40.722540287202506], [-73.9484163847295, 40.71845553312268], [-73.947213417447, 40.7185609861182], [-73.95114433611649, 40.716034521288385], [-73.95348472098757, 40.71407020807855], [-73.94937231784627, 40.714066878309616], [-73.94865533445751, 40.709724983182085], [-73.95087492513105, 40.70951311519786], [-73.95023693669857, 40.705473246654364], [-73.95191055633244, 40.70636007892376], [-73.95790430738548, 40.70842717347024], [-73.9583843230117, 40.70767669079905], [-73.95845576706577, 40.707251847445455], [-73.96327873711, 40.70772929902124], [-73.96838331338861, 40.70682937339333], [-73.96929296282453, 40.707093331095564], [-73.96984864757465, 40.70800304219027], [-73.96994196544557, 40.709302053353746], [-73.96960541242258, 40.710270844377234], [-73.97006904814343, 40.71044775547741], [-73.96966186412774, 40.71049972413709], [-73.96977143539952, 40.71078396569379], [-73.96937429888523, 40.711020666565425], [-73.96990773027578, 40.71126812183884], [-73.96931038443972, 40.71110785338401], [-73.96923492843203, 40.71124054194077], [-73.96881612013829, 40.712251947706584], [-73.96887248369427, 40.71257874393876], [-73.9684423186838, 40.71293843489016], [-73.96850672487408, 40.71310547239188], [-73.96884924750051, 40.71321254596024], [-73.96724034396114, 40.71658788605862], [-73.96710503918193, 40.716908393254386], [-73.96725113674303, 40.71698666660909], [-73.9663133012496, 40.718316541409905], [-73.96619833808185, 40.71825471275442], [-73.9651195032813, 40.719226894499926], [-73.96540174992609, 40.71962055563402], [-73.96527360864145, 40.72012467103432], [-73.96503278262037, 40.72037706947495], [-73.96447946223105, 40.720036188255804], [-73.96433359604634, 40.72020832018278], [-73.96439735573543, 40.720441834929], [-73.96275665356569, 40.722399015796206], [-73.96165984235257, 40.72486045496563], [-73.96211461478755, 40.72514806339883], [-73.96190239555042, 40.725320500811], [-73.96153679314662, 40.725108918600874], [-73.96116366236231, 40.72526460683582]]]}, "properties": {"geo_id": "BK0102", "name": "Williamsburg", "borough": "Brooklyn", "area_km2": 2.6805}}, {"type": "Feature", "id": 2, "geometry": {"type": "Polygon", "coordinates": [[[-73.95191055633244, 40.70636007892371], [-73.94193078816194, 40.70072523469566], [-73.95701993123406, 40.69897391434975], [-73.96283963628261, 40.69803866900987], [-73.9621797802308, 40.70022071110671], [-73.96720961954568, 40.704255709153244], [-73.96838331338871, 40.7068293733933], [-73.96327873711004, 40.70772929902124], [-73.95845576706587, 40.707251847445455], [-73.95838432301176, 40.70767669079905], [-73.9579043073856, 40.70842717347024], [-73.95191055633244, 40.70636007892371]]]}, "properties": {"geo_id": "BK0103", "name": "South Williamsburg", "borough": "Brooklyn", "area_km2": 1.413}}, {"type": "Feature", "id": 3, "geometry": {"type": "Polygon", "coordinates": [[[-73.92405909659959, 40.714111559895876], [-73.92223466389498, 40.712855954865134], [-73.92154601629626, 40.7110432835346], [-73.92074853049763, 40.71053364895845], [-73.92608930026964, 40.705679701162005], [-73.93395092906444, 40.70267459320029], [-73.94193078816188, 40.70072523469566], [-73.95023693669857, 40.705473246654364], [-73.95087492513105, 40.70951311519786], [-73.94865533445751, 40.709724983182085], [-73.94937231784627, 40.714066878309616], [-73.95348472098757, 40.71407020807855], [-73.95114433611649, 40.716034521288385], [-73.94904281525511, 40.717428519695055], [-73.94195633562913, 40.72165231973291], [-73.94022123583066, 40.72289150576934], [-73.93727328757623, 40.72440556312269], [-73.93412337223693, 40.72685547198154], [-73.93213397427694, 40.728159603433376], [-73.92958020690816, 40.72761282121143], [-73.92849418540158, 40.72661460330805], [-73.92787172405075, 40.72585405069526], [-73.92779650104181, 40.72492566821126], [-73.92561470516611, 40.72006166221263], [-73.92481798943687, 40.72026513747552], [-73.92452083048187, 40.719553566512054], [-73.9248641350911, 40.718440445413684], [-73.928379300354, 40.71757836779249], [-73.92887965180016, 40.717720318623755], [-73.92970539915328, 40.717049279389364], [-73.92931999766078, 40.71611200883283], [-73.92947356855397, 40.71572145262093], [-73.93179267229117, 40.71518297509136], [-73.93220607307306, 40.71496398092954], [-73.932149986012, 40.714687464730396], [-73.9317535718226, 40.71474167550589], [-73.93159048356567, 40.71439949197878], [-73.93142604100889, 40.71438234358336], [-73.93124067059496, 40.71372481088489], [-73.93164527391603, 40.71334279426088], [-73.9326390524247, 40.713052586169546], [-73.93203262980515, 40.71159022307447], [-73.93338484615303, 40.71123372774584], [-73.93328349320338, 40.71097870645294], [-73.9319010185475, 40.71133847193062], [-73.93093227547728, 40.709165311254345], [-73.93050100083141, 40.70868122554233], [-73.93036094565895, 40.70871773753027], [-73.93025038849073, 40.708927912920174], [-73.93154613746852, 40.711855351751296], [-73.93077894737053, 40.712160427955716], [-73.93161032734933, 40.71203802217797], [-73.9318424949342, 40.71262723799079], [-73.93042294313013, 40.71317255917382], [-73.93105231901723, 40.71461022392352], [-73.93085190134036, 40.71490298559298], [-73.92843881814578, 40.71553094957593], [-73.92890601265054, 40.71661895680972], [-73.9282325304494, 40.71710645375098], [-73.92472906134832, 40.71794405119056], [-73.92410280094333, 40.7176671372026], [-73.92341861434777, 40.7170690152363], [-73.92305500014393, 40.71634266429097], [-73.92431329961565, 40.715847056576926], [-73.92488553507532, 40.71526718815534], [-73.92433589757124, 40.71412259346656], [-73.92405909659959, 40.714111559895876]]]}, "properties": {"geo_id": "BK0104", "name": "East Williamsburg", "borough": "Brooklyn", "area_km2": 4.8558}}, {"type": "Feature", "id": 4, "geometry": {"type": "Polygon", "coordinates": [[[-73.99047488040556, 40.68914107450508], [-73.99991517234571, 40.69176723001051], [-74.00161727401692, 40.692549071104274], [-74.00174362045013, 40.69240674970571], [-74.00095868350955, 40.6940690835824], [-73.9994130234517, 40.69635767695609], [-73.99947406666517, 40.69670413446216], [-73.99887207177386, 40.69692378457437], [-73.9987645793966, 40.69712073309415], [-73.99887117009611, 40.69715757729603], [-73.99749898221943, 40.6996388693214], [-73.99716054155857, 40.69979281264432], [-73.9972446280566, 40.70014140989724], [-73.99504592660271, 40.70313183979975], [-73.99261204840333, 40.702061129508806], [-73.99087453692033, 40.70067311729603], [-73.99082271942416, 40.70035475430946], [-73.99132676776645, 40.69910080567201], [-73.99143346974742, 40.69828185981727], [-73.99128413621706, 40.69658821028391], [-73.99044474028206, 40.693828251433736], [-73.99097186833538, 40.69254880139072], [-73.98893356245586, 40.69208664198901], [-73.98922003518615, 40.69096597169854], [-73.99047488040556, 40.68914107450508]]]}, "properties": {"geo_id": "BK0201", "name": "Brooklyn Heights", "borough": "Brooklyn", "area_km2": 0.9274}}, {"type": "Feature", "id": 5, "geometry": {"type": "Polygon", "coordinates": [[[-73.9790576694624, 40.70595288910068], [-73.97932762403605, 40.704746276833234], [-73.98027442268234, 40.703041400444754], [-73.9800263872738, 40.70214046144282], [-73.98090402745397, 40.7018614298299], [-73.98064907655728, 40.701560873256575], [-73.98084440356011, 40.70129524060224], [-73.9804048239219, 40.700699006737516], [-73.9805092609422, 40.69744627554388], [-73.9801380950676, 40.69471005572496], [-73.97916718338998, 40.69348832322127], [-73.98251091265745, 40.693606611302954], [-73.98251747416961, 40.69297738830962], [-73.98175888955709, 40.692955173542316], [-73.9817890719204, 40.69164486838701], [-73.98206215595255, 40.69131209107186], [-73.98139773143163, 40.689928670434526], [-73.98350982042075, 40.689922171752016], [-73.98083375198135, 40.68886378450793], [-73.97807729552628, 40.684914940390115], [-73.97961680019212, 40.68249127021333], [-73.98828293641336, 40.685866785622224], [-73.98912840596947, 40.68458945307349], [-73.99392929483827, 40.68645287164917], [-73.9923636691119, 40.68969012377707], [-73.99047488040556, 40.68914107450508], [-73.98922003518615, 40.69096597169854], [-73.98893356245586, 40.69208664198901], [-73.99097186833538, 40.69254880139072], [-73.99044474028206, 40.693828251433736], [-73.99128413621706, 40.69658821028391], [-73.99143346974742, 40.69828185981727], [-73.99132676776645, 40.69910080567201], [-73.99082271942416, 40.70035475430946], [-73.99087453692033, 40.70067311729603], [-73.99261204840333, 40.702061129508806], [-73.99504592660271, 40.70313183979975], [-73.9946629027757, 40.70343060906191], [-73.99499542401854, 40.70365056421696], [-73.99471424147087, 40.703996689061036], [-73.99477614265385, 40.70424586155513], [-73.99350881403605, 40.70462350527417], [-73.99212703535079, 40.704689641531125], [-73.99212100639083, 40.70439620107555], [-73.9918615918931, 40.70408664260717], [-73.99094755284747, 40.7040324426419], [-73.99022721196006, 40.70493404448727], [-73.9883033220854, 40.704540468452656], [-73.988289991113, 40.70507065849526], [-73.98795676425462, 40.705134217412606], [-73.98686935032721, 40.70515674921674], [-73.98652972946046, 40.70497909917388], [-73.98643429760614, 40.70534860741972], [-73.98343806155856, 40.705644094847905], [-73.98336819812047, 40.70546106507657], [-73.98274161885982, 40.7055724415329], [-73.98092510223934, 40.70536925520054], [-73.9809086456379, 40.70590794431457], [-73.97955918487237, 40.70574361525006], [-73.9790576694624, 40.70595288910068]]]}, "properties": {"geo_id": "BK0202", "name": "Downtown Brooklyn-DUMBO-Boerum Hill", "borough": "Brooklyn", "area_km2": 2.2047}}, {"type": "Feature", "id": 6, "geometry": {"type": "Polygon", "coordinates": [[[-73.96283963628261, 40.69803866900987], [-73.96305480111252, 40.69739287243605], [-73.96347515119811, 40.69680066820083], [-73.96455070444493, 40.69610759162735], [-73.96546721432578, 40.695932161737], [-73.96939449979428, 40.69608038942046], [-73.96880989559104, 40.693120382901355], [-73.96983118385486, 40.69313424397387], [-73.96910362399453, 40.68946752251075], [-73.97013154130974, 40.68950630795875], [-73.96868961225599, 40.682005257597126], [-73.97595023203937, 40.68351323204944], [-73.97745722009145, 40.68405228761326], [-73.98083375198148, 40.68886378450787], [-73.98350982042075, 40.68992217175198], [-73.98139773143168, 40.689928670434526], [-73.98206215595255, 40.69131209107181], [-73.98178907192035, 40.69164486838697], [-73.98175888955718, 40.69295517354225], [-73.98251747416961, 40.692977388309586], [-73.9825109126574, 40.693606611302954], [-73.97916718339002, 40.69348832322123], [-73.9801380950677, 40.69471005572491], [-73.98054419051788, 40.69824651292223], [-73.96577476135246, 40.69763578048863], [-73.96283963628261, 40.69803866900987]]]}, "properties": {"geo_id": "BK0203", "name": "Fort Greene", "borough": "Brooklyn", "area_km2": 1.6289}}, {"type": "Feature", "id": 7, "geometry": {"type": "Polygon", "coordinates": [[[-73.96134655797736, 40.68046352480339], [-73.96868961225599, 40.682005257597126], [-73.97013154130974, 40.68950630795875], [-73.96910362399453, 40.68946752251075], [-73.96983118385486, 40.69313424397387], [-73.96880989559104, 40.693120382901355], [-73.96939449979428, 40.69608038942046], [-73.96546721432578, 40.695932161737], [-73.96466107116093, 40.69607466705323], [-73.96397185653285, 40.696378655892005], [-73.96347515119811, 40.69680066820083], [-73.96305480111252, 40.69739287243605], [-73.96283963628261, 40.69803866900987], [-73.96105100567938, 40.69832607881881], [-73.95942791320554, 40.69044727471407], [-73.9602928151405, 40.69034624991507], [-73.95884061865866, 40.68301805351871], [-73.96167086323331, 40.68269090998009], [-73.96134655797736, 40.68046352480339]]]}, "properties": {"geo_id": "BK0204", "name": "Clinton Hill", "borough": "Brooklyn", "area_km2": 1.3533}}, {"type": "Feature", "id": 8, "geometry": {"type": "Polygon", "coordinates": [[[-73.9441413620078, 40.67823696030941], [-73.95205238725696, 40.67867465727324], [-73.96134655797736, 40.68046352480339], [-73.96167086323331, 40.68269090998009], [-73.95884061865866, 40.68301805351871], [-73.9602928151405, 40.69034624991507], [-73.95942791320554, 40.69044727471407], [-73.96105100567938, 40.69832607881881], [-73.95701993123406, 40.69897391434975], [-73.94438788508441, 40.70042452378234], [-73.94032793895992, 40.67988997556707], [-73.94397347672896, 40.68008812943171], [-73.9441413620078, 40.67823696030941]]]}, "properties": {"geo_id": "BK0301", "name": "Bedford-Stuyvesant (West)", "borough": "Brooklyn", "area_km2": 3.4287}}, {"type": "Feature", "id": 9, "geometry": {"type": "Polygon", "coordinates": [[[-73.94193078816194, 40.70072523469566], [-73.91804606826437, 40.68721324777017], [-73.91630119729398, 40.678577112935855], [-73.92164748043935, 40.67887054703222], [-73.92181538965576, 40.67701839046155], [-73.9441413620078, 40.67823696030941], [-73.94397347672896, 40.68008812943171], [-73.94032793895992, 40.67988997556707], [-73.94438788508441, 40.70042452378234], [-73.94193078816194, 40.70072523469566]]]}, "properties": {"geo_id": "BK0302", "name": "Bedford-Stuyvesant (East)", "borough": "Brooklyn", "area_km2": 3.8359}}, {"type": "Feature", "id": 10, "geometry": {"type": "Polygon", "coordinates": [[[-73.9114224252523, 40.70148658851843], [-73.91406086466664, 40.69883820001634], [-73.91631608226973, 40.700121391130935], [-73.91932072796105, 40.697060396871564], [-73.92082397317164, 40.6979176581042], [-73.92424880835952, 40.69442861137507], [-73.92649981448757, 40.69571178865618], [-73.92749760781884, 40.694696670922035], [-73.92648129053754, 40.69414089559673], [-73.92778194160518, 40.692761178435696], [-73.94193078816194, 40.70072523469566], [-73.93395092906454, 40.70267459320026], [-73.9260893002697, 40.70567970116197], [-73.92189184632589, 40.70939609721312], [-73.91180709937288, 40.703434952528376], [-73.91290404033842, 40.70236189179874], [-73.9114224252523, 40.70148658851843]]]}, "properties": {"geo_id": "BK0401", "name": "Bushwick (West)", "borough": "Brooklyn", "area_km2": 2.1492}}, {"type": "Feature", "id": 11, "geometry": {"type": "Polygon", "coordinates": [[[-73.90139840574003, 40.69158999203721], [-73.90488258844303, 40.687735806993494], [-73.90533913742759, 40.68681723521513], [-73.90449401088728, 40.68629860045694], [-73.90575547976701, 40.684004419031346], [-73.90280970917435, 40.682340579055165], [-73.90285763444722, 40.680938444417144], [-73.90262262280305, 40.68066450392094], [-73.90404639720869, 40.67922059801862], [-73.92778194160518, 40.692761178435696], [-73.92648129053754, 40.69414089559673], [-73.92749760781884, 40.694696670922035], [-73.92649981448757, 40.69571178865618], [-73.92424880835952, 40.69442861137507], [-73.92082397317164, 40.6979176581042], [-73.91932072796105, 40.697060396871564], [-73.91631608226973, 40.700121391130935], [-73.91406086466664, 40.69883820001634], [-73.9114224252523, 40.70148658851843], [-73.91067882671317, 40.701045969566344], [-73.9118068203699, 40.69994688252277], [-73.90426018345657, 40.695700371442825], [-73.90579597009139, 40.69412715601634], [-73.90139840574003, 40.69158999203721]]]}, "properties": {"geo_id": "BK0402", "name": "Bushwick (East)", "borough": "Brooklyn", "area_km2": 2.5952}}, {"type": "Feature", "id": 12, "geometry": {"type": "Polygon", "coordinates": [[[-73.86630263765373, 40.683186695104695], [-73.871561503842, 40.68168445695972], [-73.8711997492848, 40.680221463667266], [-73.87327560272674, 40.67992075299661], [-73.87358733252688, 40.68109418017899], [-73.88106271751917, 40.678982687435216], [-73.88050565394393, 40.67676734737556], [-73.88825585383285, 40.675624736452725], [-73.8890056966442, 40.67855704427393], [-73.88987439100245, 40.67830215095082], [-73.89621773578595, 40.67735818427185], [-73.89653676411663, 40.67859358116425], [-73.900046261425, 40.676893089537934], [-73.90404639720869, 40.67922059801862], [-73.90262262280305, 40.68066450392094], [-73.90024537639425, 40.67942279151362], [-73.89889928133357, 40.67956093540297], [-73.89749312007854, 40.68007377672698], [-73.89686937732215, 40.68088144953289], [-73.89652644148374, 40.682403299240974], [-73.89554859372504, 40.68379189298526], [-73.89417463179072, 40.685283248672555], [-73.89258303036219, 40.683491911389325], [-73.89015418672706, 40.685003990977364], [-73.88892468085486, 40.68312517001856], [-73.88819092525301, 40.682555946963035], [-73.87260336934224, 40.68992107396344], [-73.87094762223116, 40.69050204147015], [-73.86805885132004, 40.691183958237765], [-73.86659848195221, 40.685269559068296], [-73.86630263765373, 40.683186695104695]]]}, "properties": {"geo_id": "BK0501", "name": "Cypress Hills", "borough": "Brooklyn", "area_km2": 2.2649}}, {"type": "Feature", "id": 13, "geometry": {"type": "Polygon", "coordinates": [[[-73.87423134562981, 40.67086239758419], [-73.87887144433036, 40.67019411414166], [-73.87848947320573, 40.668654540638286], [-73.90085135540433, 40.665345895025176], [-73.90347422276412, 40.675506683779915], [-73.900046261425, 40.676893089537934], [-73.89653676411663, 40.67859358116425], [-73.89621773578595, 40.67735818427185], [-73.88987439100245, 40.67830215095082], [-73.8890056966442, 40.67855704427393], [-73.88825585383285, 40.675624736452725], [-73.88050565394393, 40.67676734737556], [-73.88106271751917, 40.678982687435216], [-73.87657495157076, 40.68016700182831], [-73.87423134562981, 40.67086239758419]]]}, "properties": {"geo_id": "BK0502", "name": "East New York (North)", "borough": "Brooklyn", "area_km2": 2.5926}}, {"type": "Feature", "id": 14, "geometry": {"type": "Polygon", "coordinates": [[[-73.86718069446954, 40.66045225204078], [-73.86915554907343, 40.66011821684555], [-73.89000589058524, 40.6511486976326], [-73.89175934324504, 40.652799107711594], [-73.89354677007856, 40.655202714083224], [-73.89761013176373, 40.6534538161202], [-73.89586154781907, 40.65188052733212], [-73.90398200421093, 40.6466285675762], [-73.9094484629128, 40.65152159979489], [-73.90740035662826, 40.652843990142486], [-73.90784346309921, 40.654591531248215], [-73.90317858259424, 40.6553116338363], [-73.90118559776651, 40.65651455160301], [-73.90048767160255, 40.657148680357004], [-73.89878859226317, 40.65741288789167], [-73.89965233213725, 40.66073541688037], [-73.9006611860288, 40.6605861585068], [-73.9014511454986, 40.66365836465708], [-73.90042827299183, 40.66380799826674], [-73.90085135540433, 40.665345895025176], [-73.87848947320573, 40.668654540638286], [-73.87887144433036, 40.67019411414166], [-73.87423134562981, 40.67086239758419], [-73.87387810524098, 40.66944726712268], [-73.86718069446954, 40.66045225204078]]]}, "properties": {"geo_id": "BK0503", "name": "East New York-New Lots", "borough": "Brooklyn", "area_km2": 4.316}}, {"type": "Feature", "id": 15, "geometry": {"type": "MultiPolygon", "coordinates": [[[[-73.88828531356056, 40.64672241327627], [-73.88864137641359, 40.647079553316225], [-73.88851637568511, 40.64736069152218], [-73.88820050726648, 40.64714086952931], [-73.88828531356056, 40.64672241327627]]], [[[-73.86054077728362, 40.65462399727893], [-73.87009699471778, 40.649295986211925], [-73.87212331899717, 40.64790420924614], [-73.87342508856524, 40.64678123051601], [-73.87921658230903, 40.65459108377317], [-73.87963865502219, 40.65449909230707], [-73.87971979034292, 40.65437592977654], [-73.87676193956312, 40.65056095449536], [-73.87672192491897, 40.650323221968065], [-73.87386033921213, 40.64631440559564], [-73.87569004844254, 40.64395294184533], [-73.87835076408712, 40.6388716137437], [-73.87856413320743, 40.639043557109915], [-73.87861705134131, 40.63936526540971], [-73.87930954529774, 40.640067074269176], [-73.87989404397553, 40.640363279660015], [-73.88025625666039, 40.64097010903616], [-73.88048386856643, 40.64097803454701], [-73.8807362354651, 40.64156595747082], [-73.88029248068563, 40.64140491573336], [-73.88002616426255, 40.641718113296164], [-73.88006714132516, 40.64200344612432], [-73.88139306230616, 40.64234733997931], [-73.88224108165646, 40.64345349240928], [-73.88214832562561, 40.64374372784077], [-73.8834199920301, 40.64452381564969], [-73.88480750411117, 40.64394630368048], [-73.88557762083002, 40.644040949789364], [-73.88743444708336, 40.645936682276556], [-73.88766589229469, 40.646504924554094], [-73.8877261123322, 40.64714302920005], [-73.88751623181268, 40.647415160693775], [-73.8876407216664, 40.64780239050999], [-73.88863638434091, 40.64802449261584], [-73.88924677936008, 40.648745653606966], [-73.89006780073055, 40.649323635640656], [-73.89033529141216, 40.64934776900215], [-73.89013701016964, 40.649170412116625], [-73.8903473469377, 40.64903360577825], [-73.89125147174484, 40.65002559738419], [-73.8900058905851, 40.65114869763263], [-73.88959044172069, 40.65133754696923], [-73.86915554907337, 40.66011821684559], [-73.86847176782014, 40.66029493770969], [-73.86718069446948, 40.66045225204078], [-73.86386133191459, 40.65606021526491], [-73.8624447024965, 40.65529380176551], [-73.86086853692812, 40.65507780674099], [-73.86054077728362, 40.65462399727893]]]]}, "properties": {"geo_id": "BK0504", "name": "Spring Creek-Starrett City", "borough": "Brooklyn", "area_km2": 2.5164}}, {"type": "Feature", "id": 16, "geometry": {"type": "Polygon", "coordinates": [[[-73.86410096591099, 40.68237285029176], [-73.86328296876182, 40.679079371676984], [-73.86234580380983, 40.6791647861452], [-73.86038519788714, 40.67125171098911], [-73.85763323108368, 40.6716561940382], [-73.85568461155025, 40.663867492874914], [-73.85842950725181, 40.66345336143299], [-73.85761537119573, 40.66011893315323], [-73.8603049456405, 40.65963465530415], [-73.86317083274403, 40.65827651294824], [-73.86269778233431, 40.65761830951434], [-73.86300202201295, 40.657488116627455], [-73.86327623068608, 40.65694121532838], [-73.86300171715261, 40.65665375737046], [-73.86299920940449, 40.656357333635924], [-73.8632019898887, 40.6563595534733], [-73.86305132211177, 40.65610609804453], [-73.86264117343056, 40.655667537510446], [-73.86086853692812, 40.65507780674099], [-73.8624447024965, 40.65529380176551], [-73.86404207114019, 40.65623784993393], [-73.87387810524088, 40.66944726712268], [-73.87657495157083, 40.68016700182831], [-73.87744804573771, 40.679930999958835], [-73.87740498564185, 40.680099946106075], [-73.87358733252688, 40.68109418017904], [-73.87327560272679, 40.67992075299661], [-73.87119974928474, 40.680221463667266], [-73.87156150384195, 40.68168445695976], [-73.86630263765373, 40.683186695104695], [-73.86601993132695, 40.6819195870272], [-73.86410096591099, 40.68237285029176]]]}, "properties": {"geo_id": "BK0505", "name": "East New York-City Line", "borough": "Brooklyn", "area_km2": 2.9291}}, {"type": "Feature", "id": 17, "geometry": {"type": "Polygon", "coordinates": [[[-73.9923636691119, 40.68969012377707], [-73.99392929483827, 40.68645287164917], [-73.98912840596947, 40.68458945307349], [-73.98828293641336, 40.685866785622224], [-73.97961680019212, 40.68249127021333], [-73.9839004868075, 40.67614865315689], [-73.99277080526319, 40.665507281433285], [-73.99470274029683, 40.66666521075333], [-73.9959787857856, 40.66799800665267], [-73.99855090521774, 40.671925941858525], [-73.9993110109892, 40.67077263954945], [-74.00030337808879, 40.66871689249724], [-74.0010566411318, 40.668945681214886], [-74.00141527037158, 40.66835941484979], [-74.00221506816538, 40.66857863744141], [-74.00289483876944, 40.66734846594961], [-74.00319075274841, 40.66726319981512], [-74.00369462000522, 40.667427611208595], [-74.00363026351539, 40.667567523859304], [-74.00510227346257, 40.66797564722585], [-74.0058636618068, 40.66799376258587], [-74.00683635643335, 40.66605609592466], [-74.00696398993624, 40.66605139979079], [-74.00475388692325, 40.670721358945194], [-74.00543926529352, 40.670921468238674], [-74.00754821618384, 40.66705174573376], [-74.00779653349619, 40.66715977077744], [-74.00708724287807, 40.66859135803337], [-74.00985411855622, 40.66852362833563], [-74.01154017543327, 40.66508591975687], [-74.01574872882642, 40.66456833578927], [-74.01690267361069, 40.66484660233906], [-74.01744446050978, 40.665267995849405], [-74.0178871914939, 40.66585046628554], [-74.01876336878675, 40.671075874494576], [-74.01933946871777, 40.671624948422796], [-74.01888283363327, 40.6716016662056], [-74.0175103708668, 40.67103453048172], [-74.01668768368857, 40.665437066264516], [-74.01648665554497, 40.664930508953994], [-74.01602551776006, 40.66486304878832], [-74.0159369853455, 40.66547079172169], [-74.012279678728, 40.66573241466164], [-74.01087664028975, 40.668601615763706], [-74.0103568366731, 40.66864283538869], [-74.01033845947936, 40.6690781954482], [-74.01091024340414, 40.66919049236966], [-74.01087343978188, 40.66971011555861], [-74.01154288031555, 40.669784342247965], [-74.01162527521356, 40.67058102827607], [-74.01424926931885, 40.669728605239904], [-74.01175350509682, 40.67065775657339], [-74.01207831723683, 40.67093361476172], [-74.01261963416788, 40.67084190944324], [-74.0135519860544, 40.671256934879956], [-74.01393626685778, 40.671179076970496], [-74.01427407257732, 40.67137929918199], [-74.01508006471072, 40.67068567329571], [-74.01519980570059, 40.67075402716193], [-74.01387273763245, 40.671880761760626], [-74.01423289386774, 40.67213000051333], [-74.01559644489554, 40.670970477517535], [-74.01568625497515, 40.671038834929035], [-74.01297587792189, 40.673327918721135], [-74.01336378218154, 40.67359153743714], [-74.01511918663974, 40.67215699647189], [-74.01632099856305, 40.6729082700666], [-74.01457946720949, 40.674414017071776], [-74.01496392184586, 40.674677630796985], [-74.01816839214773, 40.67193924060138], [-74.01880094776905, 40.672250764346316], [-74.01727138470127, 40.673608645805764], [-74.01775247096367, 40.67404772289269], [-74.01801077320536, 40.67391318105255], [-74.01780187203198, 40.67409544141262], [-74.01817618274653, 40.67446417703691], [-74.01783447572701, 40.67525822351707], [-74.01829802589337, 40.67545917968429], [-74.01841235821725, 40.67536544943177], [-74.01817070905504, 40.675290905663445], [-74.01838692796339, 40.67509684702365], [-74.01852163355461, 40.67526871309048], [-74.01888511760623, 40.67508776523673], [-74.0184103133308, 40.6755190609859], [-74.01850392093291, 40.67583738625346], [-74.01801753445869, 40.67588437806047], [-74.01791968777773, 40.676514765389854], [-74.01976925613235, 40.676613224917496], [-74.01995197798658, 40.67710301045033], [-74.01908257386326, 40.67713956404772], [-74.01917743946885, 40.67782694850462], [-74.01843040661592, 40.67790832085988], [-74.01841103183156, 40.67840712127861], [-74.01966200306923, 40.67838563845651], [-74.01827026139368, 40.67855421845979], [-74.01857882788785, 40.6789830794726], [-74.01954011560478, 40.67896820628963], [-74.01928128058009, 40.67964814059567], [-74.01772532572437, 40.6806619026738], [-74.01746928771095, 40.6806147317012], [-74.0152008227914, 40.68197941993083], [-74.01532059732718, 40.6821107287809], [-74.0128200026682, 40.683622416497656], [-74.01213481688782, 40.68290592752274], [-74.01410549647974, 40.6817125193757], [-74.0136086320426, 40.681221946728435], [-74.01387398777976, 40.68100981281652], [-74.01301835422089, 40.68041237351195], [-74.00967108558879, 40.6832687277152], [-74.01077312339376, 40.68435861554113], [-74.01178272201219, 40.68375999600209], [-74.01193259845039, 40.68388774915527], [-74.00798183999649, 40.68627582209612], [-74.00701988594629, 40.68652641769694], [-74.00588224095202, 40.68619576889382], [-74.00562986242365, 40.68678420604387], [-74.00459270367709, 40.68821522298688], [-74.00382038787677, 40.68892964469957], [-74.00297565282497, 40.69042657592095], [-74.00196321838801, 40.690136379460945], [-74.00185304458597, 40.690387987747215], [-74.00096156810918, 40.690128768350306], [-74.00069905775847, 40.69061185841928], [-74.00132562245747, 40.691463100332285], [-74.0019693846005, 40.69184320932286], [-74.00161727401692, 40.692549071104274], [-73.99991517234571, 40.69176723001051], [-73.9923636691119, 40.68969012377707]]]}, "properties": {"geo_id": "BK0601", "name": "Carroll Gardens-Cobble Hill-Gowanus-Red Hook", "borough": "Brooklyn", "area_km2": 5.6496}}, {"type": "Feature", "id": 18, "geometry": {"type": "Polygon", "coordinates": [[[-73.9737608483554, 40.683049408639775], [-73.97469118307237, 40.68026661680474], [-73.97618051198288, 40.67806432146616], [-73.9718859677279, 40.67639465347954], [-73.96949738784443, 40.67590638046702], [-73.96969317461117, 40.67536085543849], [-73.96920468461445, 40.67498826181986], [-73.96883890186278, 40.67440897750032], [-73.96877181598978, 40.67332834261815], [-73.9689420635121, 40.67288749244305], [-73.96966394014534, 40.67264236853741], [-73.97040734461665, 40.67264721993092], [-73.97181594566749, 40.670629475975275], [-73.97965353410314, 40.661243234233666], [-73.98017161015706, 40.66115465898049], [-73.99173365144995, 40.66673659594479], [-73.98390048680756, 40.67614865315686], [-73.97807729552638, 40.684914940390115], [-73.97745722009145, 40.68405228761326], [-73.97595023203937, 40.68351323204944], [-73.9737608483554, 40.683049408639775]]]}, "properties": {"geo_id": "BK0602", "name": "Park Slope", "borough": "Brooklyn", "area_km2": 2.3998}}, {"type": "Feature", "id": 19, "geometry": {"type": "Polygon", "coordinates": [[[-73.98017161015706, 40.66115465898049], [-73.98021005158438, 40.66092332310807], [-73.98000113824688, 40.66075756420999], [-73.97957869941625, 40.66085324282395], [-73.9751573801199, 40.65872279478508], [-73.97436701226454, 40.658187904684944], [-73.97232846200066, 40.65139792975296], [-73.9725915948618, 40.65127646191498], [-73.97268874765783, 40.65096712838433], [-73.97244202077178, 40.65069817631063], [-73.97208846041416, 40.65065690875382], [-73.97139631534189, 40.64825778611389], [-73.97326688939873, 40.6475830726284], [-73.97527213369506, 40.6478306045699], [-73.98029115411198, 40.647297162101445], [-73.98179568630415, 40.655246097660815], [-73.98843135164148, 40.659251212160505], [-73.98725068844568, 40.66037895632435], [-73.98871650971678, 40.662404938861954], [-73.98831729043945, 40.662786248718135], [-73.99277080526329, 40.66550728143325], [-73.99173365144995, 40.66673659594479], [-73.98017161015706, 40.66115465898049]]]}, "properties": {"geo_id": "BK0701", "name": "Windsor Terrace-South Slope", "borough": "Brooklyn", "area_km2": 1.4226}}, {"type": "Feature", "id": 20, "geometry": {"type": "Polygon", "coordinates": [[[-73.99470274029683, 40.66666521075333], [-73.98831729043945, 40.662786248718135], [-73.98871650971678, 40.662404938861954], [-73.98725068844568, 40.66037895632435], [-73.99018841435026, 40.65760081883135], [-73.99238339417467, 40.65889901642459], [-73.99296401909986, 40.658337410465236], [-73.9951689013215, 40.65966952271436], [-74.0161671138716, 40.63948244207226], [-74.01843070248944, 40.640837328059646], [-74.02108731109375, 40.63826358797882], [-74.02156036693118, 40.63898284372902], [-74.02168846052271, 40.63983077763843], [-74.02185196301879, 40.63981609883456], [-74.02165148953341, 40.64060369381961], [-74.02111456649827, 40.64151357922029], [-74.02321780147307, 40.639901514603906], [-74.02354939088755, 40.639320333692616], [-74.02475437516867, 40.638121418092], [-74.02695244579795, 40.63944606504528], [-74.02623698497376, 40.64012649118057], [-74.02889666687089, 40.641214022315275], [-74.02905539842813, 40.641725343057495], [-74.02983102766748, 40.64231935702312], [-74.03254173795621, 40.64382548384952], [-74.03226870865848, 40.644074379795335], [-74.03189708494338, 40.64388934936995], [-74.03051830863373, 40.64527442420405], [-74.02908090885776, 40.64440359693054], [-74.02899762468769, 40.644471961493096], [-74.02915418994552, 40.6445814459223], [-74.02886241061056, 40.64486602372336], [-74.0290865428924, 40.6445830017998], [-74.02850116250606, 40.64417756470283], [-74.02819053049322, 40.64441433020646], [-74.02845721095802, 40.644156059750934], [-74.02820569545007, 40.64401598289046], [-74.0260494840032, 40.64626135032635], [-74.02974078211051, 40.648486025708], [-74.02938990486598, 40.64880405461148], [-74.02571758804812, 40.64661549229113], [-74.0253814926528, 40.64691234572411], [-74.02507111364082, 40.646725615876186], [-74.02435496936721, 40.64739927815365], [-74.0241456605057, 40.64761510126002], [-74.0251291195524, 40.64832318145743], [-74.02496792051134, 40.64860596176524], [-74.02553864578064, 40.649782159850815], [-74.02484436363463, 40.650599638559754], [-74.02520581187575, 40.65081846789953], [-74.02541553929463, 40.6506186970827], [-74.02605133196799, 40.6509943007433], [-74.02552971543656, 40.65147855069301], [-74.02491122849001, 40.65110628478831], [-74.0251025719024, 40.65089330557706], [-74.02477160495674, 40.65068770743557], [-74.0242402134753, 40.65113351631357], [-74.02550139045745, 40.651839851034374], [-74.02541604028593, 40.65193380685525], [-74.02417752973396, 40.651191773212354], [-74.0235940029519, 40.65131566325391], [-74.0230599104703, 40.65097430413495], [-74.02285141795983, 40.65116919516191], [-74.02536890150519, 40.652721436927436], [-74.02522662972642, 40.65282985645723], [-74.02154138319224, 40.65067162291142], [-74.0212465237341, 40.650834972564496], [-74.0213918821069, 40.65096775849112], [-74.02112707783827, 40.65094321211562], [-74.021052303922, 40.65109828242533], [-74.02233734666851, 40.651910605884375], [-74.02225173199727, 40.65198160200956], [-74.02098261225878, 40.65115682316047], [-74.02089862870834, 40.65124727521847], [-74.02380703903108, 40.65304472800908], [-74.02359434497575, 40.653216369464516], [-74.02195900090581, 40.652222781468346], [-74.02162153367617, 40.6523199512907], [-74.0211867002789, 40.65283983689552], [-74.02320464661133, 40.654096116315586], [-74.0230621908923, 40.65423323629213], [-74.02210195162452, 40.653587953807815], [-74.02162946295482, 40.653645164713645], [-74.02114963484493, 40.65421075521175], [-74.02182479745483, 40.654656175282994], [-74.02164486415359, 40.65487898237747], [-74.02089469797596, 40.6544335754137], [-74.0206396915899, 40.65443933332968], [-74.02047461820185, 40.65421658922733], [-74.01919203025406, 40.65402259799171], [-74.01872686588685, 40.65347431052458], [-74.01811897810481, 40.653885271105544], [-74.02025589052927, 40.655118262881324], [-74.02005182454282, 40.65533594837208], [-74.01787407223816, 40.65406150233102], [-74.01715319581027, 40.65477510436229], [-74.01980081651999, 40.65648721058484], [-74.01970596410247, 40.656581164253794], [-74.01726715936587, 40.655194187986666], [-74.01691617851085, 40.655483275460526], [-74.01665047959762, 40.65533879657235], [-74.01639437533764, 40.65562064234835], [-74.01910843803122, 40.657368884303644], [-74.01860569460999, 40.65784587402304], [-74.01585370056803, 40.656213239550404], [-74.01543632269649, 40.656632396759846], [-74.01774232727507, 40.65809891722771], [-74.01766644409534, 40.658185639274265], [-74.01786573109679, 40.658308447298715], [-74.01768549175469, 40.6584529927614], [-74.01504738221857, 40.656950386693595], [-74.01442130484553, 40.65760802195157], [-74.01745803087904, 40.6594501973869], [-74.01554165388995, 40.66075835497372], [-74.01400428392415, 40.65981196344029], [-74.01366273992603, 40.66002878063704], [-74.01183861990557, 40.65891283727497], [-74.0111075041031, 40.659706274580806], [-74.01402247678024, 40.661529747440255], [-74.01315554938815, 40.661981597726125], [-74.01265358811494, 40.66198165403776], [-74.0085995696829, 40.65952092309843], [-74.00745858163896, 40.66055847621009], [-74.01037201297213, 40.66239887922756], [-74.01046331724486, 40.66264211928766], [-74.00955074142036, 40.66326769413055], [-74.00868371591301, 40.663372012840405], [-74.00616141136321, 40.66184506899067], [-74.00568594756896, 40.662274740863296], [-74.00428358250127, 40.661444894604045], [-74.00414624892214, 40.66156163568148], [-74.00622698247925, 40.662787827861145], [-74.00592360503035, 40.66310825073926], [-74.00380815470885, 40.66190794572834], [-74.0034880110065, 40.66224055612868], [-74.00455498488712, 40.66281637291291], [-74.00473298121777, 40.66249650399685], [-74.00535812864251, 40.6628691297319], [-74.00497157758612, 40.66306821324226], [-74.00519233775087, 40.66320155309677], [-74.00538014413922, 40.66288392645299], [-74.00599748682693, 40.66325861082871], [-74.0056134868175, 40.66345839025494], [-74.00772133506703, 40.66471863301997], [-74.00730516126835, 40.66459759075276], [-74.00712532646746, 40.66491521897707], [-74.00652469600112, 40.66454722665796], [-74.00688215307306, 40.66434037294312], [-74.0066293785957, 40.66418793012463], [-74.00644979914787, 40.66450620629669], [-74.0058415763249, 40.664138021177365], [-74.00620306585381, 40.66393016871327], [-74.0060460851898, 40.66384000563571], [-74.00575781045487, 40.6639227568018], [-74.00584924770611, 40.66450329861985], [-74.00564140754474, 40.66453149089081], [-74.00565025959585, 40.66390033784394], [-74.00362862442566, 40.662734847032176], [-74.00340348595631, 40.66298572659844], [-74.00459238636758, 40.6637352003356], [-74.00432294897378, 40.66405231997546], [-74.00528132177341, 40.664657003524155], [-74.00486193792659, 40.665064821938365], [-74.00113519509658, 40.662901723050105], [-74.00094424265612, 40.66307639248669], [-74.00083401108444, 40.66300644168673], [-73.99953152609916, 40.66439748543451], [-74.00292463516385, 40.666462311660986], [-74.00224030991377, 40.66679383514536], [-74.00161950021092, 40.66676627917465], [-74.00120611348311, 40.66701810770558], [-74.00146470932711, 40.66716956921032], [-74.00068774868765, 40.66754595189897], [-73.99998149339123, 40.66745027440626], [-73.9990260099839, 40.66844297212715], [-73.99902633264173, 40.66900788890345], [-73.99924049105036, 40.66830628656016], [-73.99907935327975, 40.669038271861766], [-73.99865580691613, 40.66951479504553], [-73.99891160167891, 40.66964857863971], [-73.99891684838761, 40.66980456321793], [-73.99855824468392, 40.67133550167012], [-73.99876940970913, 40.671602047105246], [-73.99855090521784, 40.67192594185849], [-73.99597878578565, 40.66799800665263], [-73.99470274029683, 40.66666521075333]]]}, "properties": {"geo_id": "BK0702", "name": "Sunset Park (West)", "borough": "Brooklyn", "area_km2": 4.6803}}, {"type": "Feature", "id": 21, "geometry": {"type": "Polygon", "coordinates": [[[-73.99604565308658, 40.64834065543173], [-74.00955708305906, 40.63549296413139], [-74.00556490260222, 40.63308317691705], [-74.00702302420386, 40.6321099954766], [-74.01074220024502, 40.634356548825785], [-74.01190823714875, 40.633234404781916], [-74.0162903593378, 40.635911128329674], [-74.01677396046787, 40.63543514343929], [-74.02005721647089, 40.63743723950147], [-74.02108731109375, 40.63826358797882], [-74.01843070248944, 40.640837328059646], [-74.0161671138716, 40.63948244207226], [-74.00216555904997, 40.65294931445429], [-73.99779466021471, 40.65028888997859], [-73.9983060225172, 40.6497400157821], [-73.99604565308658, 40.64834065543173]]]}, "properties": {"geo_id": "BK0703", "name": "Sunset Park (Central)", "borough": "Brooklyn", "area_km2": 1.7423}}, {"type": "Feature", "id": 22, "geometry": {"type": "Polygon", "coordinates": [[[-73.96007345824275, 40.674864284656856], [-73.96133695405295, 40.671356771472105], [-73.9671318182884, 40.67279697165685], [-73.9689420635121, 40.67288749244305], [-73.96874661560128, 40.67344700638468], [-73.96874143372979, 40.67408910734113], [-73.96912814947768, 40.67489999877515], [-73.96969317461117, 40.67536085543849], [-73.96949738784443, 40.67590638046702], [-73.9718859677279, 40.67639465347954], [-73.97618051198288, 40.67806432146616], [-73.97469118307237, 40.68026661680474], [-73.9737608483554, 40.683049408639775], [-73.96134655797736, 40.68046352480339], [-73.96318238724278, 40.67552950499114], [-73.96007345824275, 40.674864284656856]]]}, "properties": {"geo_id": "BK0801", "name": "Prospect Heights", "borough": "Brooklyn", "area_km2": 0.9577}}, {"type": "Feature", "id": 23, "geometry": {"type": "Polygon", "coordinates": [[[-73.95205238725696, 40.67867465727324], [-73.92181538965576, 40.67701839046155], [-73.92275257154432, 40.66709733296182], [-73.92424467142557, 40.666445000386], [-73.9247810960994, 40.667642044475606], [-73.92552759707489, 40.66849968981699], [-73.95526963588756, 40.670124904854006], [-73.96133695405295, 40.671356771472105], [-73.96007345824275, 40.674864284656856], [-73.96318238724278, 40.67552950499114], [-73.96134655797736, 40.68046352480339], [-73.95205238725696, 40.67867465727324]]]}, "properties": {"geo_id": "BK0802", "name": "Crown Heights (North)", "borough": "Brooklyn", "area_km2": 3.2903}}, {"type": "Feature", "id": 24, "geometry": {"type": "Polygon", "coordinates": [[[-73.96257122996718, 40.6716222448872], [-73.95526963588756, 40.670124904854006], [-73.92834967077835, 40.668647195192946], [-73.92872204440549, 40.664495570187086], [-73.93068465339032, 40.663620477274634], [-73.94282892158841, 40.66284748566903], [-73.94269628894011, 40.66405513024062], [-73.94546293588459, 40.664226104639035], [-73.95720935303154, 40.66351739727999], [-73.95729172603521, 40.66430263281961], [-73.95807953290287, 40.66425950621738], [-73.96033682784264, 40.664108698850846], [-73.96061544666398, 40.66330275016788], [-73.96095595387625, 40.663285054834205], [-73.96257122996718, 40.6716222448872]]]}, "properties": {"geo_id": "BK0901", "name": "Crown Heights (South)", "borough": "Brooklyn", "area_km2": 1.8631}}, {"type": "Feature", "id": 25, "geometry": {"type": "Polygon", "coordinates": [[[-73.93160743269029, 40.66355672329819], [-73.93132569626003, 40.66059330752637], [-73.93423037418957, 40.66041523394781], [-73.93399584733432, 40.65811864639278], [-73.93108323032916, 40.65829591603608], [-73.93090354800286, 40.656610355983545], [-73.95006664861296, 40.65542299720048], [-73.95015965960431, 40.656260231585044], [-73.95638851524795, 40.65587456589966], [-73.95630034968731, 40.65504828183075], [-73.95969665731047, 40.65483921522851], [-73.9598610304711, 40.65563478943926], [-73.9618808635178, 40.65488119255471], [-73.96308285464555, 40.6621311680137], [-73.96293049680706, 40.66256904355103], [-73.96224973769083, 40.66319867920011], [-73.96061544666398, 40.66330275016788], [-73.96033682784264, 40.664108698850846], [-73.95729172603521, 40.66430263281961], [-73.95720935303154, 40.66351739727999], [-73.94546293588459, 40.664226104639035], [-73.94269628894011, 40.66405513024062], [-73.94282892158841, 40.66284748566903], [-73.93160743269029, 40.66355672329819]]]}, "properties": {"geo_id": "BK0902", "name": "Prospect Lefferts Gardens-Wingate", "borough": "Brooklyn", "area_km2": 2.2333}}, {"type": "Feature", "id": 26, "geometry": {"type": "Polygon", "coordinates": [[[-74.03264128960326, 40.643787313444456], [-74.02983102766748, 40.64231935702312], [-74.02905539842813, 40.641725343057495], [-74.02889666687089, 40.641214022315275], [-74.02623698497376, 40.64012649118057], [-74.02695244579795, 40.63944606504528], [-74.02475437516867, 40.638121418092], [-74.02354939088755, 40.639320333692616], [-74.02321780147307, 40.639901514603906], [-74.02111456649827, 40.64151357922029], [-74.02165148953341, 40.64060369381961], [-74.02185196301879, 40.63981609883456], [-74.02168846052271, 40.63983077763843], [-74.0215981064073, 40.63908649587534], [-74.02128108466134, 40.63849010863557], [-74.02005721647089, 40.63743723950147], [-74.01677396046787, 40.63543514343929], [-74.01615414026897, 40.63467210386861], [-74.01586150793345, 40.63339132617635], [-74.01560204903264, 40.633516977941795], [-74.01514630614152, 40.63322193848755], [-74.019704914692, 40.622184965511], [-74.02008667136593, 40.62242095266232], [-74.02042409841773, 40.62216331036662], [-74.0228759867753, 40.61946614790912], [-74.02121548198697, 40.61847198527955], [-74.02477732180097, 40.60969599853231], [-74.02710660402954, 40.61024395699479], [-74.02637608903271, 40.61245060340258], [-74.02754297128648, 40.61293718370709], [-74.02574988994118, 40.61605822319581], [-74.02628975618764, 40.61632930025018], [-74.03144638476843, 40.611119815177794], [-74.03314563767931, 40.61022748904745], [-74.03603977712005, 40.60929563967238], [-74.03695540966929, 40.61125601092759], [-74.03902502118396, 40.61315897594866], [-74.0401309258418, 40.614791910665474], [-74.04047612021456, 40.61562526265908], [-74.04137522891622, 40.61999355346801], [-74.0415957882995, 40.6204638413612], [-74.04171015812501, 40.623305321114586], [-74.04189435983706, 40.624318219109085], [-74.04106467060313, 40.630191782656595], [-74.03680662048852, 40.638984221545684], [-74.03876297920756, 40.63958825898071], [-74.03868804690734, 40.639738256029766], [-74.0367248437491, 40.63914119070946], [-74.03571276150703, 40.640640153544076], [-74.03673986629596, 40.641476365961495], [-74.0367030786914, 40.64168561987419], [-74.03407329294261, 40.644313932964096], [-74.0328750723014, 40.64358331588979], [-74.03264128960326, 40.643787313444456]]]}, "properties": {"geo_id": "BK1001", "name": "Bay Ridge", "borough": "Brooklyn", "area_km2": 5.7262}}, {"type": "Feature", "id": 27, "geometry": {"type": "Polygon", "coordinates": [[[-74.01074220024502, 40.634356548825785], [-74.00193011287206, 40.62903276789157], [-74.00251454718344, 40.62847420956277], [-73.99724066973769, 40.6252886870282], [-73.99771358863637, 40.62368026991616], [-73.99932090153024, 40.62465524684672], [-74.01171201489785, 40.612735029187775], [-74.0228759867753, 40.61946614790912], [-74.02042409841773, 40.62216331036662], [-74.02008667136593, 40.62242095266232], [-74.019704914692, 40.622184965511], [-74.01542409736939, 40.63251313909762], [-74.01514630614152, 40.63322193848755], [-74.01560204903264, 40.633516977941795], [-74.01586150793345, 40.63339132617635], [-74.01615414026897, 40.63467210386861], [-74.01677396046787, 40.63543514343929], [-74.0162903593378, 40.635911128329674], [-74.01190823714875, 40.633234404781916], [-74.01074220024502, 40.634356548825785]]]}, "properties": {"geo_id": "BK1002", "name": "Dyker Heights", "borough": "Brooklyn", "area_km2": 2.7053}}, {"type": "Feature", "id": 28, "geometry": {"type": "Polygon", "coordinates": [[[-73.9943249734734, 40.625342908797556], [-73.98569357758215, 40.62013151495028], [-73.9862752464369, 40.61956661759498], [-73.97477657908547, 40.61263847593206], [-73.97403097703385, 40.608702310158854], [-73.9884226748809, 40.607119149009975], [-73.98913191394317, 40.606456137709884], [-73.98684762582319, 40.60509723713306], [-73.98869008641088, 40.6034253071562], [-73.99087326612246, 40.604769296996096], [-73.99559320696717, 40.600232221722436], [-74.0000226600874, 40.60290731622933], [-74.00032353754955, 40.602620292875265], [-74.00493448838223, 40.60507440640142], [-74.00264412248949, 40.60725717532054], [-74.00094408358503, 40.60863971017342], [-74.00790037048492, 40.612323434405084], [-74.01050403499481, 40.613896611995344], [-73.99932090153024, 40.62465524684672], [-73.99771358863637, 40.62368026991616], [-73.99678847465344, 40.6268260514129], [-73.99507814715935, 40.62580673783724], [-73.99464972820256, 40.62569717972424], [-73.99489280473428, 40.62546179419184], [-73.9943249734734, 40.625342908797556]]]}, "properties": {"geo_id": "BK1101", "name": "Bensonhurst", "borough": "Brooklyn", "area_km2": 4.5183}}, {"type": "Feature", "id": 29, "geometry": {"type": "Polygon", "coordinates": [[[-73.99559320696717, 40.600232221722436], [-74.00203772956765, 40.59405960603485], [-74.00334588365142, 40.59573278899811], [-74.00511838170759, 40.597224791051254], [-74.0104123888951, 40.60047518171269], [-74.01236981602699, 40.60134925711637], [-74.01472837011984, 40.602065911342756], [-74.01698625550205, 40.60245054292349], [-74.01832347216866, 40.602417651633225], [-74.0191356390289, 40.60261275450514], [-74.0194276082381, 40.60287157834826], [-74.01549854921711, 40.6068415242772], [-74.01701910022848, 40.607654416971506], [-74.01050403499481, 40.613896611995344], [-74.00790037048492, 40.612323434405084], [-74.00094408358503, 40.60863971017342], [-74.00264412248949, 40.60725717532054], [-74.00493448838223, 40.60507440640142], [-74.00032353754955, 40.602620292875265], [-74.0000226600874, 40.60290731622933], [-73.99559320696717, 40.600232221722436]]]}, "properties": {"geo_id": "BK1102", "name": "Bath Beach", "borough": "Brooklyn", "area_km2": 1.9098}}, {"type": "Feature", "id": 30, "geometry": {"type": "Polygon", "coordinates": [[[-73.97995443385788, 40.594073812106664], [-73.98463965370047, 40.59355217604266], [-73.98601936736364, 40.59444604996432], [-73.98962150032993, 40.59098199324504], [-73.99036425045065, 40.59143193167647], [-73.99153934356545, 40.590390903081456], [-73.99330854901022, 40.589583898580585], [-73.9937576176658, 40.59033184450585], [-73.99793382368436, 40.58839928315473], [-73.99867293375554, 40.58919554993989], [-73.99923690396953, 40.5889353282693], [-73.99946446811074, 40.58923326938093], [-73.998378348821, 40.589770445088746], [-73.99883618014573, 40.589625489542506], [-73.99844387079484, 40.58986039968033], [-73.99877800589593, 40.59031435534209], [-73.99844325936857, 40.590240104992034], [-73.99775972701352, 40.590952469613995], [-73.99711168571537, 40.59127797744395], [-73.99718982750889, 40.591606180520756], [-73.99806438267684, 40.59120946473171], [-73.99812869461262, 40.59128866425818], [-73.99728269703779, 40.59171481436566], [-73.99754850992464, 40.59191757817059], [-73.99946271248959, 40.59110320683963], [-73.99998734989012, 40.591172945730136], [-74.00023075220183, 40.591478489805], [-73.99903131441646, 40.59231280344775], [-73.99948304872363, 40.59296919989778], [-73.99838831083615, 40.59353139160652], [-73.99853410978702, 40.593592348403206], [-74.00109596784156, 40.59251870950174], [-74.00203772956759, 40.5940596060349], [-73.99087326612246, 40.60476929699614], [-73.98869008641084, 40.6034253071562], [-73.98684762582319, 40.60509723713306], [-73.98913191394301, 40.606456137709884], [-73.9884226748809, 40.60711914901003], [-73.97299433938902, 40.608814141802476], [-73.97217742734887, 40.60419471204003], [-73.97291116841214, 40.59931580420337], [-73.97191080411129, 40.59942305913219], [-73.97148350722848, 40.59717158495783], [-73.98035785385918, 40.596191542248995], [-73.97995443385788, 40.594073812106664]]]}, "properties": {"geo_id": "BK1103", "name": "Gravesend (West)", "borough": "Brooklyn", "area_km2": 3.1434}}, {"type": "Feature", "id": 31, "geometry": {"type": "Polygon", "coordinates": [[[-73.98905872393608, 40.64411924103938], [-74.00556490260222, 40.63308317691705], [-74.00955708305906, 40.63549296413139], [-73.99604565308658, 40.64834065543173], [-73.98905872393608, 40.64411924103938]]]}, "properties": {"geo_id": "BK1201", "name": "Sunset Park (East)-Borough Park (West)", "borough": "Brooklyn", "area_km2": 1.0915}}, {"type": "Feature", "id": 32, "geometry": {"type": "Polygon", "coordinates": [[[-73.97604935525445, 40.63127590564668], [-73.97716511840744, 40.63074665412923], [-73.97657775557224, 40.62757318681888], [-73.97678992396793, 40.62754058554477], [-73.97752403989979, 40.6279776190262], [-73.98214413282112, 40.623532670666755], [-73.98440060244378, 40.624892622266216], [-73.98610080540948, 40.62318311253611], [-73.98830220167261, 40.62451369556651], [-73.9900935596334, 40.622788953343154], [-73.9943249734734, 40.625342908797556], [-73.99489280473428, 40.62546179419184], [-73.99464972820256, 40.62569717972424], [-73.99507814715935, 40.62580673783724], [-73.99678847465344, 40.6268260514129], [-73.99724066973769, 40.6252886870282], [-74.00251454718344, 40.62847420956277], [-74.00193011287206, 40.62903276789157], [-74.00702302420386, 40.6321099954766], [-73.98834986671028, 40.64456224388744], [-73.98299419175463, 40.64132499684919], [-73.98042057821881, 40.64238522690591], [-73.97911188583784, 40.63544038744444], [-73.97688861080518, 40.63567486202829], [-73.97604935525445, 40.63127590564668]]]}, "properties": {"geo_id": "BK1202", "name": "Borough Park", "borough": "Brooklyn", "area_km2": 3.7608}}, {"type": "Feature", "id": 33, "geometry": {"type": "Polygon", "coordinates": [[[-73.97604935525445, 40.63127590564668], [-73.97688861080518, 40.63567486202829], [-73.97911188583784, 40.63544038744444], [-73.98042057821881, 40.64238522690591], [-73.98299419175463, 40.64132499684919], [-73.98834986671028, 40.64456224388744], [-73.98180533791209, 40.647127799764945], [-73.97527213369506, 40.6478306045699], [-73.97326688939873, 40.6475830726284], [-73.97139631534189, 40.64825778611389], [-73.9680386833386, 40.63665098543611], [-73.9702903616295, 40.6364063414182], [-73.96986869273601, 40.634194674598184], [-73.97604935525445, 40.63127590564668]]]}, "properties": {"geo_id": "BK1203", "name": "Kensington", "borough": "Brooklyn", "area_km2": 1.6231}}, {"type": "Feature", "id": 34, "geometry": {"type": "Polygon", "coordinates": [[[-73.96285973961456, 40.6125494864672], [-73.96478112677045, 40.612330922164034], [-73.96429649832035, 40.60977642617522], [-73.97403097703385, 40.608702310158854], [-73.97477657908547, 40.61263847593206], [-73.9862752464369, 40.61956661759498], [-73.98569357758215, 40.62013151495028], [-73.9900935596334, 40.622788953343154], [-73.98830220167261, 40.62451369556651], [-73.98610080540948, 40.62318311253611], [-73.98440060244378, 40.624892622266216], [-73.98214413282112, 40.623532670666755], [-73.97752403989979, 40.6279776190262], [-73.97678992396793, 40.62754058554477], [-73.97657775557224, 40.62757318681888], [-73.97623453528841, 40.6259763507301], [-73.97092126180826, 40.62656998550547], [-73.97136622003106, 40.628929162715664], [-73.96608191227934, 40.62954270682606], [-73.96285973961456, 40.6125494864672]]]}, "properties": {"geo_id": "BK1204", "name": "Mapleton-Midwood (West)", "borough": "Brooklyn", "area_km2": 2.9131}}, {"type": "Feature", "id": 35, "geometry": {"type": "Polygon", "coordinates": [[[-73.98071013128079, 40.59399722863562], [-73.97769565737501, 40.59218653785834], [-73.977514113195, 40.59113731268437], [-73.97557081872898, 40.58994799105394], [-73.96067984068368, 40.59159758262637], [-73.96025825770639, 40.58502930784135], [-73.96344300171394, 40.584664445891235], [-73.96785844066588, 40.58451404426149], [-73.9689998551974, 40.5840628951478], [-73.97468194311516, 40.58312411840268], [-73.97742525247784, 40.5829065931716], [-73.98482192835374, 40.58416852327684], [-73.98492730970302, 40.584595952702315], [-73.98627573546514, 40.584479981432615], [-73.98710120231547, 40.584644592265256], [-73.98654456976342, 40.583658591316556], [-73.98829948228992, 40.583466747328394], [-73.98881785564218, 40.584372995100026], [-73.99153848202585, 40.58647197029598], [-73.9925914163945, 40.58810632139262], [-73.9977663081468, 40.585678244022496], [-73.99808523688117, 40.58536472208426], [-73.99808899188395, 40.585470740763476], [-73.99970597099512, 40.585689819858736], [-73.99952567990363, 40.58575854466008], [-73.99963423823505, 40.586069747433534], [-73.99935665157747, 40.58638136941586], [-73.99814530449004, 40.58653169390733], [-73.99417305638377, 40.588382857820946], [-73.99559857410351, 40.587841707554325], [-73.9956605451227, 40.58793620734399], [-73.9940790462178, 40.58869344199073], [-73.99421554608301, 40.58886853098554], [-73.99795639739288, 40.58726950636582], [-73.99487677695369, 40.58877174667533], [-73.99534737661217, 40.58933138044016], [-74.00011449538404, 40.58695164040019], [-74.00010886019504, 40.586560729599505], [-74.0004327749314, 40.586544594921754], [-74.00038206983874, 40.587133057349654], [-73.99375761766575, 40.59033184450585], [-73.99330854901022, 40.589583898580585], [-73.99153934356545, 40.59039090308141], [-73.99036425045065, 40.59143193167647], [-73.98962150032993, 40.59098199324504], [-73.98601936736364, 40.59444604996432], [-73.98463965370047, 40.59355217604263], [-73.98071013128079, 40.59399722863562]]]}, "properties": {"geo_id": "BK1301", "name": "Gravesend (South)", "borough": "Brooklyn", "area_km2": 2.4002}}, {"type": "Feature", "id": 36, "geometry": {"type": "Polygon", "coordinates": [[[-73.9666153153741, 40.584570846455364], [-73.96868119477308, 40.57563088376793], [-73.96888995790064, 40.57526123899409], [-73.96825878751602, 40.57504548999601], [-73.96765743457571, 40.57504368249043], [-73.96756707203532, 40.574881526949056], [-73.9657492162041, 40.57479419709833], [-73.95941778134677, 40.57517798414406], [-73.95939182170525, 40.5739121092497], [-73.96720294103956, 40.57332631739762], [-73.96743567793125, 40.573208969671484], [-73.96742628408624, 40.57298510896927], [-73.96753149753727, 40.57319073188223], [-73.96839037762997, 40.57315444243755], [-73.96945126202378, 40.5728572803634], [-73.9692462121555, 40.5723040761573], [-73.9695589515173, 40.57280858046094], [-73.97085363074368, 40.57277051528003], [-73.97135044587525, 40.572599459040326], [-73.97118306355702, 40.57194189908436], [-73.97160706452378, 40.57262822392002], [-73.97249673747056, 40.57257625725017], [-73.9733450222981, 40.57232121400634], [-73.97324990115153, 40.57162668560661], [-73.97344805325683, 40.572272106969585], [-73.97373209971208, 40.57228692459157], [-73.9754708190279, 40.57196900381711], [-73.97540564094207, 40.57142104064073], [-73.97567918029272, 40.57195598449754], [-73.97592552091518, 40.57201865743774], [-73.97727057023398, 40.571863650676065], [-73.97766384588131, 40.571729387799316], [-73.97756820091203, 40.57124666665933], [-73.97767087523813, 40.5711710200793], [-73.97807599732305, 40.57122957012874], [-73.97771533072488, 40.57125191384243], [-73.97780796522686, 40.57175620084899], [-73.97845486511183, 40.571892204296624], [-73.97910001556893, 40.57184069801817], [-73.979846944694, 40.571539319610366], [-73.9794251615826, 40.57122102372418], [-73.97977198260836, 40.571240146333565], [-73.98000799187604, 40.571708806607695], [-73.98020883097026, 40.571726205491196], [-73.982040757866, 40.57148037052259], [-73.98157155423429, 40.571249988425], [-73.98194794042367, 40.571237002660304], [-73.98225580253013, 40.57156841828987], [-73.98367270153251, 40.57140705768757], [-73.98340440737672, 40.57016554451097], [-73.9830432888372, 40.57014586048555], [-73.98339168436635, 40.57009468501969], [-73.98336057973366, 40.56952999448685], [-73.9834852186614, 40.57008901506295], [-73.98383949489248, 40.570112467660714], [-73.98348842146686, 40.57015602954414], [-73.98375790448641, 40.57139622725116], [-73.9880371667854, 40.5709851082663], [-73.98862025481452, 40.57089605181696], [-73.98857772038853, 40.57069791000776], [-73.98872145848834, 40.570883692082816], [-73.99026267527424, 40.57070834011745], [-73.99077310323929, 40.57059942183803], [-73.99079264701024, 40.57024864875565], [-73.99086374684862, 40.570602016242596], [-73.99119337523611, 40.57061187496838], [-73.99272854897055, 40.57043378854018], [-73.99296923014857, 40.57036673204249], [-73.99298098072161, 40.57019677330934], [-73.99315741886727, 40.570379789439016], [-73.99493763229935, 40.57035467451256], [-73.99513854436793, 40.57031466120686], [-73.99518726019822, 40.57002187763327], [-73.99529301137348, 40.570321282714026], [-73.99719493759925, 40.57034864954655], [-73.99736944882595, 40.57013730754305], [-73.9976671213519, 40.57037475166892], [-73.99846777900147, 40.570497396973195], [-73.99965850686432, 40.57038260250299], [-73.9997485215654, 40.57049579695722], [-74.00077859539269, 40.57049099822144], [-74.002011670539, 40.5702087585243], [-74.00208547639728, 40.56958598398511], [-74.0024870773771, 40.571738388872625], [-74.00479941621687, 40.57287885485107], [-74.00668904970406, 40.573397220959414], [-74.01007410719518, 40.57383081002049], [-74.01115668729264, 40.57416676185904], [-74.01201540191126, 40.57488505247444], [-74.01232183520676, 40.57565268236527], [-74.0124574957794, 40.57661074691973], [-74.01302380064281, 40.577804369508755], [-74.01235035929216, 40.57922182065402], [-74.011479285405, 40.58007840687926], [-74.01054358463756, 40.580614483910274], [-74.00959266683937, 40.58086002089257], [-74.0084325341914, 40.58149456643016], [-74.00745366008165, 40.581803522848084], [-74.00604734235812, 40.58198365253342], [-74.00398023616431, 40.58172129566407], [-74.00294374157806, 40.5814328355212], [-74.00055986763827, 40.581297429180616], [-73.9996415228002, 40.58131655849627], [-73.99895997063543, 40.58163304642764], [-73.99818261219644, 40.58172536423953], [-73.99776464433626, 40.58145433077118], [-73.99771779429551, 40.580706776808746], [-73.9918291279026, 40.579247080928965], [-73.99036206466548, 40.579424580120715], [-73.98899093556328, 40.57883509996901], [-73.98842833769417, 40.57881584261966], [-73.98739064322473, 40.57908698306381], [-73.98669540062984, 40.579814908132875], [-73.9870213857769, 40.58002276537809], [-73.98588567394853, 40.581144424565004], [-73.98604509916241, 40.581720684649184], [-73.9868447899644, 40.58123210200535], [-73.98728070257492, 40.58071954369584], [-73.98763925793932, 40.57991759737431], [-73.98803566212689, 40.579633780413616], [-73.98995504921753, 40.58066167003421], [-73.98971762388271, 40.58083822724265], [-73.98928724928784, 40.581957583580405], [-73.98829948228986, 40.583466747328394], [-73.98654456976337, 40.583658591316556], [-73.98710120231532, 40.584644592265256], [-73.9862757354651, 40.584479981432615], [-73.98492730970302, 40.584595952702315], [-73.98482192835374, 40.58416852327684], [-73.97742525247779, 40.5829065931716], [-73.974681943115, 40.58312411840272], [-73.9689998551974, 40.58406289514784], [-73.96785844066576, 40.584514044261525], [-73.9666153153741, 40.584570846455364]]]}, "properties": {"geo_id": "BK1302", "name": "Coney Island-Sea Gate", "borough": "Brooklyn", "area_km2": 4.4212}}, {"type": "Feature", "id": 37, "geometry": {"type": "Polygon", "coordinates": [[[-73.95239782999693, 40.57424704924262], [-73.95374257958343, 40.574297232242095], [-73.95399423405074, 40.57426631704202], [-73.95408333385895, 40.57407327218349], [-73.95413360803454, 40.57433326749537], [-73.95569484044348, 40.574326996263416], [-73.95634506681625, 40.57420722198973], [-73.95634533454607, 40.57379757829204], [-73.9565675090591, 40.574170778493176], [-73.95843476359066, 40.574088814543884], [-73.9589663415273, 40.57394726876866], [-73.95898718972613, 40.57343065472694], [-73.95907248027609, 40.57384554749793], [-73.95939182093623, 40.57391210924943], [-73.95941778134677, 40.57517798414406], [-73.9657492162041, 40.57479419709833], [-73.96756707203532, 40.574881526949056], [-73.96765743457571, 40.57504368249043], [-73.96825878751602, 40.57504548999601], [-73.96888995790064, 40.57526123899409], [-73.96868119477308, 40.57563088376793], [-73.9666153153741, 40.584570846455364], [-73.96344300171384, 40.584664445891285], [-73.96025825770633, 40.58502930784141], [-73.96004798601562, 40.583269872406554], [-73.95910958808311, 40.582856675715334], [-73.95733608258104, 40.583025135382705], [-73.95722967971803, 40.58314556790874], [-73.95645728993851, 40.58265885105747], [-73.95414287795555, 40.583106140608365], [-73.95239782999693, 40.57424704924262]]]}, "properties": {"geo_id": "BK1303", "name": "Brighton Beach", "borough": "Brooklyn", "area_km2": 1.2602}}, {"type": "Feature", "id": 38, "geometry": {"type": "Polygon", "coordinates": [[[-73.95630034968731, 40.65504828183075], [-73.95582518307756, 40.65052980807852], [-73.95870789822969, 40.65038727378277], [-73.95826081923693, 40.648532745533515], [-73.958106721314, 40.64651800986065], [-73.95565196108853, 40.64663041064682], [-73.95473024704435, 40.64477257836159], [-73.9541264103894, 40.63916129928231], [-73.95360004631412, 40.63842234744985], [-73.94826499590872, 40.63860719020929], [-73.94777330328344, 40.63399815669721], [-73.94586773527199, 40.634117548159686], [-73.94561754645717, 40.631777430312106], [-73.94647961630966, 40.63170816218013], [-73.94415535167828, 40.62950828571032], [-73.95684697280595, 40.62811987905421], [-73.95937694894427, 40.64147155573624], [-73.96318588182669, 40.63967181829386], [-73.96408758267715, 40.64440641776777], [-73.96501177470171, 40.64430215155451], [-73.96546735540002, 40.646706158919905], [-73.96454098511755, 40.6467986304249], [-73.96490357050966, 40.648720969165105], [-73.96218573831077, 40.649788797885414], [-73.96302038094923, 40.65153206574601], [-73.96465438564746, 40.65088772845854], [-73.96621321893234, 40.65318940555172], [-73.9598610304711, 40.65563478943926], [-73.95969665731047, 40.65483921522851], [-73.95630034968731, 40.65504828183075]]]}, "properties": {"geo_id": "BK1401", "name": "Flatbush", "borough": "Brooklyn", "area_km2": 2.2319}}, {"type": "Feature", "id": 39, "geometry": {"type": "Polygon", "coordinates": [[[-73.95684697280595, 40.62811987905421], [-73.95995564989907, 40.62777867254032], [-73.96040734276028, 40.63016253158138], [-73.96232599298625, 40.62996871673755], [-73.97136622003106, 40.628929162715664], [-73.97092126180826, 40.62656998550547], [-73.97623453528841, 40.6259763507301], [-73.97716511840744, 40.63074665412923], [-73.96986869273601, 40.634194674598184], [-73.9702903616295, 40.6364063414182], [-73.9680386833386, 40.63665098543611], [-73.97139631534189, 40.64825778611389], [-73.96302038094923, 40.65153206574601], [-73.96218573831077, 40.649788797885414], [-73.96490357050966, 40.648720969165105], [-73.96454098511755, 40.6467986304249], [-73.96546735540002, 40.646706158919905], [-73.96501177470171, 40.64430215155451], [-73.96408758267715, 40.64440641776777], [-73.96318588182669, 40.63967181829386], [-73.95937694894427, 40.64147155573624], [-73.95684697280595, 40.62811987905421]]]}, "properties": {"geo_id": "BK1402", "name": "Flatbush (West)-Ditmas Park-Parkville", "borough": "Brooklyn", "area_km2": 2.1279}}, {"type": "Feature", "id": 40, "geometry": {"type": "Polygon", "coordinates": [[[-73.95995564989907, 40.62777867254032], [-73.94732672160579, 40.62916656720963], [-73.94642265932397, 40.624385567285984], [-73.94542442765486, 40.62449560959775], [-73.94451833238585, 40.619713647094606], [-73.94651373127832, 40.61949401965242], [-73.94573691912028, 40.615363406756806], [-73.94742608692873, 40.61422460055345], [-73.95026514816935, 40.61392435280245], [-73.94978380296796, 40.61137175047718], [-73.96238548294355, 40.609985993352424], [-73.96608191227934, 40.62954270682606], [-73.96040734276028, 40.63016253158138], [-73.95995564989907, 40.62777867254032]]]}, "properties": {"geo_id": "BK1403", "name": "Midwood", "borough": "Brooklyn", "area_km2": 2.9932}}, {"type": "Feature", "id": 41, "geometry": {"type": "Polygon", "coordinates": [[[-73.95859278363871, 40.61040303093475], [-73.95683001567204, 40.601087349580084], [-73.95775745922596, 40.60098588910529], [-73.95607720352429, 40.59210143244571], [-73.95700330269894, 40.59200225623484], [-73.95619424469258, 40.58776182693213], [-73.96034953431355, 40.58730628657616], [-73.96067984068368, 40.59159758262637], [-73.97557081872898, 40.58994799105394], [-73.977514113195, 40.59113731268437], [-73.97769565737501, 40.59218653785834], [-73.98071013128079, 40.59399722863562], [-73.97995443385788, 40.594073812106664], [-73.98035785385929, 40.596191542248995], [-73.97148350722854, 40.59717158495783], [-73.9719108041114, 40.59942305913219], [-73.97291116841225, 40.59931580420337], [-73.97217742734902, 40.604194712039984], [-73.97299433938896, 40.60881414180244], [-73.96429649832035, 40.60977642617522], [-73.96478112677045, 40.612330922164034], [-73.96285973961456, 40.6125494864672], [-73.96238548294355, 40.609985993352424], [-73.95859278363871, 40.61040303093475]]]}, "properties": {"geo_id": "BK1501", "name": "Gravesend (East)-Homecrest", "borough": "Brooklyn", "area_km2": 3.2404}}, {"type": "Feature", "id": 42, "geometry": {"type": "Polygon", "coordinates": [[[-73.93753749374042, 40.6085573902577], [-73.93972613778841, 40.60713291512225], [-73.93426266637961, 40.60223071136663], [-73.93503274500065, 40.60173379140355], [-73.93447158747561, 40.60123151189664], [-73.94288953907643, 40.6003186501982], [-73.94248473186849, 40.59820036611433], [-73.95692719559784, 40.59661207631091], [-73.95775745922596, 40.60098588910529], [-73.95683001567204, 40.601087349580084], [-73.95859278363871, 40.61040303093475], [-73.94978380296796, 40.61137175047718], [-73.95026514816935, 40.61392435280245], [-73.94742608692873, 40.61422460055345], [-73.94482770908357, 40.61604620910915], [-73.94354697934085, 40.60934655569804], [-73.94231175793385, 40.60826819732566], [-73.93934703315237, 40.61018714136856], [-73.93753749374042, 40.6085573902577]]]}, "properties": {"geo_id": "BK1502", "name": "Madison", "borough": "Brooklyn", "area_km2": 2.5436}}, {"type": "Feature", "id": 43, "geometry": {"type": "Polygon", "coordinates": [[[-73.929568582433, 40.59682026542218], [-73.91805568585306, 40.586436545676506], [-73.91917204255647, 40.585955087874495], [-73.91960004700427, 40.58616493347447], [-73.92017117347483, 40.58593990878521], [-73.92040498231091, 40.58608977964587], [-73.92081091615107, 40.58598413764182], [-73.9206698086596, 40.58577362651986], [-73.92089145806911, 40.58590306130067], [-73.92090603836381, 40.58559058153379], [-73.92101218266103, 40.58575359585845], [-73.92189955121951, 40.58569317617626], [-73.92184819107767, 40.5858384214366], [-73.92211851289852, 40.58581051415326], [-73.92235337377305, 40.58602393656258], [-73.92296409826415, 40.58589445656136], [-73.92353515890925, 40.58597772336974], [-73.92389501884077, 40.585800713812546], [-73.9240426214717, 40.58589971784237], [-73.92402182009441, 40.58577353583491], [-73.92462665352754, 40.5856330754526], [-73.92520361514241, 40.58580627115565], [-73.92543995429875, 40.58618236715278], [-73.92712785833075, 40.58754022531694], [-73.92696733834246, 40.58735379636852], [-73.92718761078223, 40.587559503277994], [-73.92720774188844, 40.58772275968957], [-73.92766228678121, 40.58747011271585], [-73.92724937699526, 40.58774969228393], [-73.9273568092889, 40.588022176276354], [-73.92794598351121, 40.58765882000524], [-73.92791625741158, 40.58754873538705], [-73.92807906817849, 40.58770246052338], [-73.92736935753528, 40.58804459880316], [-73.9274045224574, 40.58820644519791], [-73.9279017574099, 40.58795340928016], [-73.92802185276412, 40.58806875635107], [-73.9279231804831, 40.587996187276985], [-73.92745467790976, 40.58829956407424], [-73.92776143639102, 40.58866060975899], [-73.9239529485009, 40.591139850525295], [-73.9241996339265, 40.59136428018892], [-73.9246012993856, 40.59119932500336], [-73.92815905123096, 40.58882524959022], [-73.92836271266754, 40.58896901659462], [-73.92841885743049, 40.5889340356005], [-73.92821616994843, 40.58878391290409], [-73.92835866230406, 40.588865431329204], [-73.92863061415584, 40.588572636923466], [-73.9287576155367, 40.58867429700595], [-73.92837745971507, 40.588981323616274], [-73.92862026499188, 40.589120436296405], [-73.92895102993221, 40.58890964240977], [-73.92866593842896, 40.58914326406668], [-73.92921964005194, 40.588813345444166], [-73.92924314818033, 40.58895069162156], [-73.92875703499415, 40.589152966925184], [-73.93003427450557, 40.58942599650094], [-73.93057705718189, 40.58989064170594], [-73.93010325988766, 40.5896061050716], [-73.93037543247318, 40.589940459710604], [-73.93029788091665, 40.590035167630205], [-73.93058940381376, 40.5899525916349], [-73.93062849364412, 40.590252990337994], [-73.93046768917142, 40.59006137258821], [-73.93052888333264, 40.590307988677736], [-73.93065213846425, 40.59029097949247], [-73.93067434421323, 40.59059072181832], [-73.93052507228703, 40.59033311292744], [-73.93047151959664, 40.59085578447847], [-73.9306234424652, 40.59091869477899], [-73.93064749948628, 40.59061968316939], [-73.93064106700511, 40.59094456692215], [-73.9304601366192, 40.59100121851851], [-73.93069641658052, 40.59101854140038], [-73.93044960172921, 40.59107969192933], [-73.93072578729826, 40.59108986026531], [-73.93037197718962, 40.59121140137871], [-73.93060444306958, 40.591186176221164], [-73.93060066840293, 40.591484582041474], [-73.93057495301063, 40.59122973111154], [-73.93046536765867, 40.591273407093745], [-73.93040541662147, 40.59173094264573], [-73.93060580656645, 40.59154136200605], [-73.93045091922694, 40.59224503726202], [-73.93039905602124, 40.59175559642919], [-73.93036443603306, 40.592480093513785], [-73.93036221568056, 40.59231177060923], [-73.93017616634198, 40.59240622097059], [-73.93035364458565, 40.59255495029426], [-73.93026510927261, 40.59261940543573], [-73.9301897065827, 40.59245411828898], [-73.93002301026142, 40.592683046887615], [-73.93021251489309, 40.59267837079525], [-73.9299125015645, 40.59285339487323], [-73.9300989932412, 40.592872440452545], [-73.93005244539346, 40.59300024402351], [-73.92989066898437, 40.59287079136786], [-73.92971282036608, 40.593120048248274], [-73.93004238419583, 40.59306087931824], [-73.92995591909562, 40.5933085723268], [-73.92997593629227, 40.59317381591626], [-73.92974147322658, 40.59314392244574], [-73.92982317270908, 40.593372695598596], [-73.93003922396665, 40.59334843088403], [-73.92978081742058, 40.59343674147179], [-73.92996116581315, 40.59400571131949], [-73.93021519470311, 40.59397294418475], [-73.93008159453139, 40.59359546287146], [-73.93022756279994, 40.59393062139965], [-73.93052488661866, 40.59388024070105], [-73.93035968941524, 40.593975941324175], [-73.93054679070711, 40.59419930408576], [-73.93029934404385, 40.59393805451043], [-73.93004011947687, 40.59410488733067], [-73.93043246129608, 40.594402674950075], [-73.93076122839551, 40.594381900521014], [-73.930623056845, 40.59420449816266], [-73.93083446436536, 40.59441357130443], [-73.9306630351006, 40.59446395143564], [-73.93083206587438, 40.594430655669406], [-73.93093516114563, 40.59445995036377], [-73.93122055938903, 40.594183317262946], [-73.93132512146019, 40.59427625669281], [-73.9309546342639, 40.59446594520637], [-73.931366848268, 40.59452917209466], [-73.9317638740002, 40.594284098763005], [-73.93161313737266, 40.59450351791198], [-73.93136806343367, 40.594546450784875], [-73.93084626727232, 40.594451525800004], [-73.93078131379613, 40.594498955277004], [-73.93193364983969, 40.594692404302585], [-73.93230826395404, 40.59491634048729], [-73.93256343839334, 40.59476347229722], [-73.9324376290322, 40.594843636040025], [-73.93260420556844, 40.59492954452514], [-73.93282654852884, 40.59480374496932], [-73.93267653909824, 40.59423641796739], [-73.9317589074308, 40.59283010489938], [-73.9317109079429, 40.59305030052074], [-73.93153495293322, 40.5926928305191], [-73.93174087511966, 40.59279439369458], [-73.93143675613739, 40.59216713502089], [-73.93113956057566, 40.59200892874772], [-73.93139997986377, 40.59180489056233], [-73.93100989343107, 40.591931042983724], [-73.93099465973175, 40.591818199488856], [-73.93135300954727, 40.591791193962095], [-73.93142565373765, 40.5916041846498], [-73.93104847875684, 40.59172629086622], [-73.93107602225687, 40.591597593270926], [-73.93123057043015, 40.59164198313328], [-73.93130541636037, 40.591360358668496], [-73.93124592494814, 40.59163697699607], [-73.93142252650097, 40.59158857039074], [-73.93154334667128, 40.59135047168585], [-73.93146654894619, 40.59139890185916], [-73.93143272420807, 40.59123924130821], [-73.93155939441614, 40.59129296407095], [-73.93121294858955, 40.589531308119504], [-73.93068568059813, 40.58882195422702], [-73.93009138279221, 40.58898886237912], [-73.93065021927463, 40.58866987027354], [-73.9303996759751, 40.58846552041546], [-73.92972846380138, 40.58861391633256], [-73.93038545256262, 40.588441616079045], [-73.9297223258076, 40.58756008340617], [-73.93134917824065, 40.58732816722968], [-73.93125191267131, 40.58684982521449], [-73.92857393936512, 40.587061501869044], [-73.92808232971637, 40.58669769343521], [-73.92814969379575, 40.58617810726052], [-73.92791933785799, 40.5861358065489], [-73.92827672497562, 40.5861069440729], [-73.92815700695559, 40.585864523568844], [-73.92774311153144, 40.586050065209555], [-73.92736955785888, 40.58600658531652], [-73.92758641829884, 40.586254135332524], [-73.92751621995603, 40.58639826671562], [-73.92730433823876, 40.58586592842007], [-73.92638041881064, 40.585295756347925], [-73.92654820963277, 40.58557531589038], [-73.92552860874511, 40.58497837707544], [-73.92627529542231, 40.58535264744218], [-73.92634542074764, 40.585276154250735], [-73.92583335828934, 40.58495307772347], [-73.9272164914815, 40.584783431487516], [-73.93139947444456, 40.58607989549062], [-73.93126944934886, 40.5854363939212], [-73.93019077814942, 40.58508559303922], [-73.93009616234006, 40.58450207623227], [-73.93204244838584, 40.58423396007718], [-73.9319281118675, 40.58286976893548], [-73.93237695742769, 40.58291851048089], [-73.93201379961147, 40.58292598174507], [-73.93201839411469, 40.58311112512135], [-73.93259877057646, 40.582919267412116], [-73.93349145637723, 40.58305871726045], [-73.93420971487016, 40.58297979839108], [-73.93437970143313, 40.583139033673895], [-73.93455992902953, 40.583165413126544], [-73.93456057101938, 40.583020174335026], [-73.93569071639757, 40.583275093189314], [-73.93567353145987, 40.58301942441277], [-73.93582439275778, 40.58302111555223], [-73.93576657211078, 40.58327750984988], [-73.93613233580493, 40.5833144741334], [-73.93628723189404, 40.58300090355855], [-73.93609668691353, 40.582948745833065], [-73.93656607029142, 40.582957648786675], [-73.9363003120676, 40.58300295567571], [-73.93631716129542, 40.5831790512013], [-73.93657592374815, 40.58324050609238], [-73.93697427463799, 40.58323032590889], [-73.93698767831079, 40.5830162721714], [-73.93663307422491, 40.58297221190426], [-73.9370592167742, 40.582977982822946], [-73.93705290451025, 40.58308469947822], [-73.9376326974329, 40.583096268284294], [-73.93702675522793, 40.58312587259922], [-73.93700558408256, 40.5830160194716], [-73.93701481021185, 40.58323327236416], [-73.93712459798441, 40.58334673016444], [-73.93811917695129, 40.58334047849272], [-73.9380942056185, 40.58311681071679], [-73.93855276236457, 40.58333798549408], [-73.93847712885815, 40.583177897773965], [-73.93866846657704, 40.58316442867781], [-73.93862755765123, 40.5830670217977], [-73.93929640384748, 40.58316726873515], [-73.93930153084881, 40.58333321505465], [-73.93982538850558, 40.58333144625072], [-73.93982883984624, 40.58317053569241], [-73.93985851576763, 40.58333133459821], [-73.94057745828864, 40.58332822607628], [-73.9405660894776, 40.583087368308256], [-73.94010903682964, 40.58307506868189], [-73.94067657802263, 40.583065805567514], [-73.94058872809934, 40.58320694745662], [-73.9407001951476, 40.58332762473231], [-73.94091645490734, 40.583302406531494], [-73.94089710477455, 40.583087606577365], [-73.94073840538704, 40.58307561281743], [-73.94102517918674, 40.58307036190642], [-73.94093422085346, 40.58330230643689], [-73.94115699675433, 40.58329922797088], [-73.94109844565534, 40.583094776197406], [-73.94120155728876, 40.5830904652052], [-73.9412092982398, 40.583298504883224], [-73.94144050857247, 40.58334014697382], [-73.94157408083602, 40.583607555437005], [-73.94255133499362, 40.58351447617067], [-73.94202033352745, 40.58311042378267], [-73.94270167762933, 40.58350879811679], [-73.9430470964595, 40.58349212996706], [-73.94256316190935, 40.58312734801921], [-73.9431950615802, 40.58348966263348], [-73.94354467530928, 40.583471014361265], [-73.94309334781462, 40.583134545214584], [-73.94369153004567, 40.583467754266145], [-73.94406764167053, 40.58347200961319], [-73.94363589795726, 40.583145573909725], [-73.94423403587089, 40.5834799521493], [-73.94461828666189, 40.58349662659049], [-73.94417458523755, 40.58315829121842], [-73.94432059818025, 40.583159425380416], [-73.94477544081295, 40.58350780441004], [-73.94517477781615, 40.58352137824443], [-73.94471270964229, 40.583165044530475], [-73.9448451294092, 40.58316423434115], [-73.94534992503475, 40.58352905211058], [-73.94573014930472, 40.58354487455897], [-73.94526670124631, 40.58318251856744], [-73.94537605237828, 40.58318193215332], [-73.94589911888079, 40.5835526626104], [-73.94628634691942, 40.58356868470295], [-73.94579941193012, 40.58319463972759], [-73.94643429059336, 40.58356315259266], [-73.94678945068807, 40.58355046711174], [-73.94631603582822, 40.583206940210566], [-73.9469179627606, 40.583546033752526], [-73.94726832639385, 40.58353318156923], [-73.9468220294719, 40.58319119187127], [-73.94746867861319, 40.58352819536258], [-73.95349322048675, 40.58298819826116], [-73.95330135995637, 40.58200275013628], [-73.94969672499387, 40.58231940106685], [-73.94274062592515, 40.58099558955944], [-73.93381280663854, 40.58113292624486], [-73.9351340770494, 40.581183789055316], [-73.93510879115131, 40.581303817523796], [-73.93340042885238, 40.58121538886942], [-73.93375801356113, 40.581132041606025], [-73.93300348916367, 40.58114467591995], [-73.93297161890723, 40.58128362957239], [-73.93290958744812, 40.58114576736131], [-73.93287295022404, 40.581286000473405], [-73.93280636427473, 40.58114741868668], [-73.9325800656803, 40.58126474120362], [-73.93106028042047, 40.576265920599255], [-73.9315025674399, 40.575660505629614], [-73.93486092830419, 40.57552779666838], [-73.9348935645518, 40.57522164650044], [-73.93507861830436, 40.57550946601038], [-73.93647107586537, 40.57586049685914], [-73.93670752537317, 40.57541842720061], [-73.93683116238508, 40.575560016966804], [-73.9425090782839, 40.575373555034545], [-73.94255712254095, 40.57556433077126], [-73.94427911430863, 40.575800511386255], [-73.94463319129606, 40.575691196747314], [-73.94460054017128, 40.57523546894723], [-73.94474441594889, 40.57551372743723], [-73.94572352017441, 40.575559439486625], [-73.9461823758693, 40.57529883605625], [-73.94592390235844, 40.57511543230958], [-73.9523978292277, 40.57424704974485], [-73.95414287795555, 40.583106140608365], [-73.95645728993851, 40.58265885105747], [-73.95722967971803, 40.58314556790874], [-73.95733608258104, 40.583025135382705], [-73.95910958808311, 40.582856675715334], [-73.96010509454604, 40.58340835766191], [-73.96034953431355, 40.5873062865762], [-73.95619424469248, 40.58776182693213], [-73.95700330269884, 40.5920022562349], [-73.95607720352423, 40.59210143244571], [-73.95692719559784, 40.59661207631091], [-73.94248473186853, 40.59820036611436], [-73.94288953907648, 40.600318650198226], [-73.9344715874755, 40.601231511896685], [-73.93503274500071, 40.60173379140359], [-73.93355117087616, 40.60268728132731], [-73.92813139604965, 40.59777792864857], [-73.929568582433, 40.59682026542218]]]}, "properties": {"geo_id": "BK1503", "name": "Sheepshead Bay-Manhattan Beach-Gerritsen Beach", "borough": "Brooklyn", "area_km2": 5.8873}}, {"type": "Feature", "id": 44, "geometry": {"type": "Polygon", "coordinates": [[[-73.91804606826437, 40.68721324777017], [-73.900046261425, 40.676893089537934], [-73.90438792712321, 40.675206747108405], [-73.91923062877677, 40.66863136530563], [-73.91941763254081, 40.668397044075455], [-73.9199557729117, 40.66831932040192], [-73.92275257154432, 40.66709733296182], [-73.92164748043935, 40.67887054703222], [-73.91630119729398, 40.678577112935855], [-73.91804606826437, 40.68721324777017]]]}, "properties": {"geo_id": "BK1601", "name": "Ocean Hill", "borough": "Brooklyn", "area_km2": 1.8664}}, {"type": "Feature", "id": 45, "geometry": {"type": "Polygon", "coordinates": [[[-73.90347422276412, 40.675506683779915], [-73.90042827299183, 40.66380799826674], [-73.9014511454986, 40.66365836465708], [-73.9006611860288, 40.6605861585068], [-73.89965233213725, 40.66073541688037], [-73.89878859226317, 40.65741288789167], [-73.90048767160255, 40.657148680357004], [-73.90118559776651, 40.65651455160301], [-73.90317858259424, 40.6553116338363], [-73.90784346309921, 40.654591531248215], [-73.90740035662826, 40.652843990142486], [-73.90855790456779, 40.65209593779417], [-73.90933499313002, 40.652808592144346], [-73.91012255610413, 40.655851772056174], [-73.91236458830515, 40.65551356575163], [-73.9181849297238, 40.660726208914795], [-73.91909681470982, 40.664230484459814], [-73.92165571527732, 40.6638435756695], [-73.92439099296747, 40.666381423277436], [-73.9199557729117, 40.66831932040192], [-73.91941763254081, 40.668397044075455], [-73.91923062877677, 40.66863136530563], [-73.90347422276412, 40.675506683779915]]]}, "properties": {"geo_id": "BK1602", "name": "Brownsville", "borough": "Brooklyn", "area_km2": 2.8601}}, {"type": "Feature", "id": 46, "geometry": {"type": "Polygon", "coordinates": [[[-73.9424014784059, 40.655884811594845], [-73.94189204296681, 40.65116934638694], [-73.94282541722835, 40.65110998396282], [-73.94263113072203, 40.649339757731575], [-73.9431224483661, 40.649309184427615], [-73.94300384405591, 40.648594768923104], [-73.94352957960122, 40.648577244132206], [-73.94337384775304, 40.64711470321855], [-73.94434377333857, 40.64707820118376], [-73.94416921788462, 40.64542918722383], [-73.94607216692587, 40.64531181207457], [-73.94586879159807, 40.643423744606935], [-73.94778994529514, 40.64330573644883], [-73.94744296706789, 40.640047665746565], [-73.94841343299743, 40.63998746458364], [-73.94826499590872, 40.63860719020929], [-73.95360004631412, 40.63842234744985], [-73.9541264103894, 40.63916129928231], [-73.95473024704435, 40.64477257836159], [-73.95565196108853, 40.64663041064682], [-73.958106721314, 40.64651800986065], [-73.95826081923693, 40.648532745533515], [-73.95870789822969, 40.65038727378277], [-73.95582518307756, 40.65052980807852], [-73.95638851524795, 40.65587456589966], [-73.95015965960431, 40.656260231585044], [-73.95006664861296, 40.65542299720048], [-73.9424014784059, 40.655884811594845]]]}, "properties": {"geo_id": "BK1701", "name": "East Flatbush-Erasmus", "borough": "Brooklyn", "area_km2": 1.8368}}, {"type": "Feature", "id": 47, "geometry": {"type": "Polygon", "coordinates": [[[-73.93738309030023, 40.64490488763237], [-73.93728427160634, 40.643957722024766], [-73.92572164835737, 40.644673383912746], [-73.92550278304837, 40.642375154952795], [-73.92538232946819, 40.642384532666334], [-73.92612684910615, 40.63774352323184], [-73.92652490760382, 40.63649272379852], [-73.92744822162443, 40.63525840955707], [-73.93726700030824, 40.634650626176104], [-73.93701746157781, 40.63231097913595], [-73.94561754645717, 40.631777430312106], [-73.94586773527199, 40.634117548159686], [-73.94777330328344, 40.63399815669721], [-73.94841343299743, 40.63998746458364], [-73.94744296706789, 40.640047665746565], [-73.94778994529514, 40.64330573644883], [-73.94586879159807, 40.643423744606935], [-73.94607216692587, 40.64531181207457], [-73.94416921788462, 40.64542918722383], [-73.94434377333857, 40.64707820118376], [-73.94337384775304, 40.64711470321855], [-73.94330831781305, 40.64652673220832], [-73.9427996095848, 40.64654261731527], [-73.94260824580195, 40.64466186238323], [-73.93738309030023, 40.64490488763237]]]}, "properties": {"geo_id": "BK1702", "name": "East Flatbush-Farragut", "borough": "Brooklyn", "area_km2": 2.241}}, {"type": "Feature", "id": 48, "geometry": {"type": "Polygon", "coordinates": [[[-73.92089764601207, 40.65362510688705], [-73.91973736982146, 40.64277814834529], [-73.92329824381295, 40.63992322166816], [-73.92356525815107, 40.64249929828592], [-73.92550278304837, 40.642375154952795], [-73.92572164835737, 40.644673383912746], [-73.93728427160634, 40.643957722024766], [-73.93738309030023, 40.64490488763237], [-73.93261418205336, 40.6452454785955], [-73.93299946929406, 40.64878627550205], [-73.938706837173, 40.64851744360726], [-73.93886143773868, 40.64957194121643], [-73.94263113072203, 40.649339757731575], [-73.94282541722835, 40.65110998396282], [-73.94189204296681, 40.65116934638694], [-73.9424014784059, 40.655884811594845], [-73.93090354800286, 40.656610355983545], [-73.93108323032916, 40.65829591603608], [-73.93399584733432, 40.65811864639278], [-73.93423037418957, 40.66041523394781], [-73.93132569626003, 40.66059330752637], [-73.93160743269029, 40.66355672329819], [-73.93068465339032, 40.663620477274634], [-73.92464345482513, 40.65818315832013], [-73.925406998263, 40.65767996985988], [-73.92089764601207, 40.65362510688705]]]}, "properties": {"geo_id": "BK1703", "name": "East Flatbush-Rugby", "borough": "Brooklyn", "area_km2": 2.5274}}, {"type": "Feature", "id": 49, "geometry": {"type": "Polygon", "coordinates": [[[-73.90855790456779, 40.65209593779417], [-73.91995062900948, 40.64470763123676], [-73.92089764601207, 40.65362510688705], [-73.925406998263, 40.65767996985988], [-73.92464345482513, 40.65818315832013], [-73.93068465339032, 40.663620477274634], [-73.92439099296747, 40.666381423277436], [-73.92165571527732, 40.6638435756695], [-73.91909681470982, 40.664230484459814], [-73.9181849297238, 40.660726208914795], [-73.91236458830515, 40.65551356575163], [-73.91012255610413, 40.655851772056174], [-73.90933499313002, 40.652808592144346], [-73.90855790456779, 40.65209593779417]]]}, "properties": {"geo_id": "BK1704", "name": "East Flatbush-Remsen Village", "borough": "Brooklyn", "area_km2": 1.7086}}, {"type": "Feature", "id": 50, "geometry": {"type": "Polygon", "coordinates": [[[-73.91973736982146, 40.64277814834529], [-73.91690302605198, 40.61627422991029], [-73.92052694019563, 40.6139426950058], [-73.92062400176053, 40.61483868167421], [-73.92640044535042, 40.6144785355311], [-73.92629769848605, 40.61319215567536], [-73.93173179059826, 40.61792692139374], [-73.93320457514422, 40.61697044275365], [-73.93686699540746, 40.62025328173514], [-73.94078914021121, 40.6176967898908], [-73.94346961949489, 40.617385002372195], [-73.94467599432576, 40.61616511253547], [-73.94573691912028, 40.615363406756806], [-73.94651373127832, 40.61949401965242], [-73.94451833238585, 40.619713647094606], [-73.94542442765486, 40.62449560959775], [-73.94642265932397, 40.624385567285984], [-73.94732672160579, 40.62916656720963], [-73.94415535167828, 40.62950828571032], [-73.94647961630966, 40.63170816218013], [-73.93701746157781, 40.63231097913595], [-73.93726700030824, 40.634650626176104], [-73.92744822162443, 40.63525840955707], [-73.92652490760382, 40.63649272379852], [-73.92616377706318, 40.63757296117923], [-73.92538232946819, 40.642384532666334], [-73.92356525815107, 40.64249929828592], [-73.92329824381295, 40.63992322166816], [-73.91973736982146, 40.64277814834529]]]}, "properties": {"geo_id": "BK1801", "name": "Flatlands", "borough": "Brooklyn", "area_km2": 5.0481}}, {"type": "Feature", "id": 51, "geometry": {"type": "Polygon", "coordinates": [[[-73.9171951501055, 40.63173820625012], [-73.91746163073749, 40.63151660162953], [-73.91747234596072, 40.63119249000636], [-73.91668694187153, 40.63073738371554], [-73.91659169782919, 40.630451857973206], [-73.90396106711259, 40.62483361555432], [-73.90385540595587, 40.6249401981967], [-73.90546206137181, 40.62577482018623], [-73.90532958044659, 40.62586495608463], [-73.90539726701465, 40.62576726813142], [-73.90320897829208, 40.62466523738441], [-73.90312443792637, 40.624737953261416], [-73.90320848278458, 40.62464076938323], [-73.90307005655593, 40.62470549847208], [-73.90312436585704, 40.62461885378045], [-73.90262747107393, 40.62437012914591], [-73.90254656112614, 40.62444423916973], [-73.90263059517275, 40.62434936424857], [-73.90313231786563, 40.624602256699546], [-73.9032704594402, 40.62448418394116], [-73.90269333271974, 40.62421333487348], [-73.9028326222324, 40.62405099444965], [-73.90241543050294, 40.62446290725023], [-73.9022870793228, 40.6244098539305], [-73.9024038097296, 40.62444239705106], [-73.90271369573043, 40.62402332683616], [-73.90262364456619, 40.623976551768095], [-73.90274531019497, 40.623982567015446], [-73.90264355554693, 40.62392468930741], [-73.90291619574111, 40.62395453125661], [-73.9028329051439, 40.623603362298304], [-73.90221556048728, 40.623575140422595], [-73.90186730427492, 40.62296244409323], [-73.90134079008513, 40.62287276159713], [-73.90093701476499, 40.62259904059597], [-73.90060516062984, 40.62173794446203], [-73.90016300858034, 40.621677094243765], [-73.9019895070519, 40.620562190469464], [-73.89810073621506, 40.617043985744445], [-73.89853771030695, 40.6162651784475], [-73.89855614096581, 40.615148674172104], [-73.90213040256702, 40.612780001262294], [-73.90347276452162, 40.61398661316734], [-73.90418982324461, 40.6135645608517], [-73.90587105277362, 40.61506331397742], [-73.90573455901233, 40.61488297394399], [-73.90603328924865, 40.61495338921976], [-73.90587937620926, 40.61507746141158], [-73.90696283579106, 40.6161140175785], [-73.90717291149848, 40.61600987533857], [-73.90673848666331, 40.616295920492874], [-73.90725685565057, 40.616087581376945], [-73.90708346968337, 40.616221367023385], [-73.90722592437267, 40.61635152593253], [-73.9074425541213, 40.616258535198206], [-73.90702160678437, 40.61653360035698], [-73.9071059539902, 40.616609860214474], [-73.90752735132088, 40.616344433051715], [-73.90724169382693, 40.61655150188779], [-73.90747503705705, 40.61671274456863], [-73.90758977173546, 40.61662937645141], [-73.90761659104629, 40.61689646662551], [-73.90791591453498, 40.61690353460081], [-73.90799433303796, 40.617175217259124], [-73.90824570676433, 40.617185425183344], [-73.90838646239753, 40.61739102877563], [-73.90860351593497, 40.617265496551795], [-73.90879088017641, 40.61743639672161], [-73.90863333912958, 40.61716785490955], [-73.9088369111078, 40.61731164662783], [-73.90907145153955, 40.61716043833205], [-73.90835403214668, 40.61653099896171], [-73.9087942081916, 40.6168729573248], [-73.9091385318665, 40.61653162172922], [-73.90810560476267, 40.61566901693128], [-73.90797306390455, 40.61573684456395], [-73.9081566385159, 40.615601124051786], [-73.90917675105386, 40.61652194698045], [-73.90881456208578, 40.61689044188259], [-73.90895706128654, 40.61699148532209], [-73.90964406040283, 40.61657537200228], [-73.90900782730661, 40.61577278690749], [-73.9085350148089, 40.61545063057588], [-73.90777596193726, 40.615243145753965], [-73.90535845077167, 40.61304033926638], [-73.90421569492383, 40.612356572030954], [-73.9043548540769, 40.612226698783175], [-73.9042860043324, 40.61201678153768], [-73.90420814080393, 40.611955152852914], [-73.90410629795011, 40.61204241028643], [-73.90404332463318, 40.611998686933944], [-73.90414089057157, 40.61189613988576], [-73.90350980716217, 40.6114064908748], [-73.90331047012432, 40.611547164366435], [-73.90349407381757, 40.61138900924487], [-73.90313578707024, 40.6109675381573], [-73.90274504537491, 40.610931468731614], [-73.90225859966276, 40.61042277260011], [-73.90164211790079, 40.60576336073908], [-73.9052430092616, 40.604910090324076], [-73.9054243993728, 40.60554029758904], [-73.90597461177855, 40.60638402870451], [-73.90809821909194, 40.60627863560974], [-73.90863959535422, 40.60665872204806], [-73.90933804983145, 40.60647760302495], [-73.90984528326638, 40.606168305507296], [-73.9098515484547, 40.605999722177884], [-73.90885691315668, 40.60506007379733], [-73.90832536835099, 40.604073374421425], [-73.91092270021103, 40.6035054766035], [-73.91365119759595, 40.60398251383714], [-73.91673556486195, 40.60681456155035], [-73.9166044214794, 40.60708939344488], [-73.91672115759032, 40.60762484678032], [-73.91632230017449, 40.60867566317177], [-73.91678394366942, 40.6087738833868], [-73.91657073983414, 40.609423539546114], [-73.91683981052823, 40.60876001472024], [-73.91650924469977, 40.60862975408972], [-73.91688964587311, 40.608710013687094], [-73.91682803243748, 40.608906057366895], [-73.91708838503367, 40.60882085439612], [-73.91702822741907, 40.60897487741362], [-73.916819645297, 40.608931385880176], [-73.91665676533457, 40.60943674997094], [-73.91679953090745, 40.60949419172869], [-73.91656604065817, 40.60943782267791], [-73.91638585145203, 40.61008889290506], [-73.91606077132579, 40.61043050936313], [-73.9161647503772, 40.6105155750763], [-73.91449542205973, 40.61165322366508], [-73.9149341879036, 40.61395815555777], [-73.91386053060802, 40.6146422680659], [-73.91428072662931, 40.614938816187994], [-73.91642099003494, 40.613569354692906], [-73.9159145211068, 40.613845376312554], [-73.91572538303375, 40.61361803080392], [-73.91576807356562, 40.61354033333599], [-73.91597173175457, 40.61380783486427], [-73.91624768959649, 40.61362610028882], [-73.91588490852054, 40.613328587699705], [-73.91574585230389, 40.61338485969808], [-73.91596572434308, 40.61323639646865], [-73.91588941550151, 40.61330979960588], [-73.91626452766592, 40.613605613206886], [-73.91639586745879, 40.61344683403491], [-73.91599307131547, 40.61288193934452], [-73.91587086536354, 40.61291003739075], [-73.9160031884947, 40.61285973859151], [-73.9164991210398, 40.6135205420982], [-73.91662804371141, 40.613443589265685], [-73.91573181927129, 40.61183084451401], [-73.916746523893, 40.61117845546838], [-73.9165893648604, 40.61109075400452], [-73.91667311208072, 40.61100582325027], [-73.91682920812514, 40.61111807722054], [-73.91811036612988, 40.610208394560445], [-73.91773185483912, 40.609782538201834], [-73.9178663862696, 40.60932723380102], [-73.9176787075739, 40.609662863943925], [-73.91796270083073, 40.608785937120516], [-73.9178197277143, 40.60930430006607], [-73.91802964447828, 40.60884669704435], [-73.9185566612059, 40.60849830904359], [-73.91800500501185, 40.608149778514814], [-73.91818728590098, 40.60802458091096], [-73.91857357570886, 40.60848794679009], [-73.9190073708132, 40.60826725547346], [-73.91824893434108, 40.607588872927465], [-73.91813814889909, 40.60764538741045], [-73.91836246737573, 40.60750136992148], [-73.91830794532522, 40.60761050821122], [-73.91902310765302, 40.60825686819962], [-73.91935398418163, 40.60804292228745], [-73.91837826940082, 40.607174022438564], [-73.91825269092949, 40.607229350640786], [-73.9185030041386, 40.60707123652981], [-73.91840159359636, 40.6071548528983], [-73.91937100429908, 40.60803264124208], [-73.91950358918861, 40.607974904478006], [-73.91952209796015, 40.60773879743498], [-73.91924135011469, 40.607385414363456], [-73.91794980501203, 40.606209252342346], [-73.91852760745402, 40.606113367142626], [-73.91970928643104, 40.60730216328025], [-73.9206586164381, 40.60675454338088], [-73.9215842904519, 40.60763908589645], [-73.92444144261098, 40.60579356998425], [-73.92624884959909, 40.60741352225924], [-73.92986880113953, 40.605071342130266], [-73.93351310667413, 40.60834345631249], [-73.9342315749574, 40.607897715857106], [-73.93604627615379, 40.609514868917145], [-73.93753749374042, 40.6085573902577], [-73.93934703315237, 40.61018714136856], [-73.9423117579338, 40.60826819732571], [-73.94354697934085, 40.609346555698075], [-73.94482770908351, 40.61604620910915], [-73.94346961949482, 40.617385002372195], [-73.94078914021105, 40.617696789890836], [-73.9368669954074, 40.62025328173519], [-73.93320457514412, 40.61697044275365], [-73.93173179059826, 40.617926921393774], [-73.926297698486, 40.61319215567536], [-73.92640044535047, 40.61447853553114], [-73.92062400176049, 40.61483868167425], [-73.92052694019553, 40.613942695005846], [-73.91690302605194, 40.61627422991029], [-73.91860224674097, 40.63206832825301], [-73.9171951501055, 40.63173820625012]]]}, "properties": {"geo_id": "BK1802", "name": "Marine Park-Mill Basin-Bergen Beach", "borough": "Brooklyn", "area_km2": 5.4693}}, {"type": "Feature", "id": 52, "geometry": {"type": "MultiPolygon", "coordinates": [[[[-73.88833929256353, 40.64671022841523], [-73.88849720193863, 40.64675678600027], [-73.88853291212867, 40.64686188223087], [-73.8884678792323, 40.646899734553365], [-73.88833929256353, 40.64671022841523]]], [[[-73.8912185346906, 40.64998769862287], [-73.89056792841906, 40.64920863310135], [-73.89101577841615, 40.64934200789279], [-73.89120421309674, 40.64912689958019], [-73.891096114747, 40.64881249907927], [-73.88945074227742, 40.647173955094075], [-73.88935086599787, 40.647034699366955], [-73.88948152576064, 40.646912755068406], [-73.88879690848671, 40.64605025805656], [-73.8893760297505, 40.646974754423375], [-73.88886541712225, 40.647220035735195], [-73.88853549249235, 40.64696814919819], [-73.88859932552029, 40.646712468821114], [-73.8880813881791, 40.64662057063343], [-73.88809441935716, 40.646212786549505], [-73.8882898142075, 40.64604421554579], [-73.88800052027007, 40.64602770535484], [-73.88740960156417, 40.645329280626996], [-73.88805587182858, 40.645119787257485], [-73.88791252941961, 40.64500348154422], [-73.88730217444433, 40.64519592592971], [-73.88691203454515, 40.64447377760806], [-73.88654888955908, 40.644312490881205], [-73.88623646791807, 40.64381678772121], [-73.88469181436612, 40.643121146972575], [-73.88373578763793, 40.642450349188614], [-73.88078889725736, 40.63975743263574], [-73.88076685498288, 40.639581647653664], [-73.88594417690686, 40.63622681167439], [-73.88288850822047, 40.63343648718216], [-73.88544136129505, 40.631401632810935], [-73.88747609059246, 40.6301197781985], [-73.8889037414644, 40.62991585837532], [-73.89011158941267, 40.62897571437592], [-73.89209387061061, 40.628657734739036], [-73.89227223272182, 40.62910794675888], [-73.89081563470049, 40.63085391554503], [-73.89277185864478, 40.63180870450963], [-73.89955192927756, 40.62746672981325], [-73.90011761863691, 40.62701661680899], [-73.90146161102417, 40.62523141885306], [-73.91446070941083, 40.63099483080193], [-73.91606079988702, 40.63203404982172], [-73.91663611920494, 40.63203417027572], [-73.9171951501055, 40.63173820625012], [-73.91860224674097, 40.63206832825301], [-73.91995062900942, 40.644707631236805], [-73.91830152283252, 40.64581226325204], [-73.90944846291285, 40.65152159979489], [-73.90398200421099, 40.6466285675762], [-73.89586154781912, 40.65188052733215], [-73.89761013176373, 40.6534538161202], [-73.8935467700785, 40.655202714083224], [-73.89175934324504, 40.65279910771163], [-73.8900058905851, 40.65114869763263], [-73.8912185346906, 40.64998769862287]]]]}, "properties": {"geo_id": "BK1803", "name": "Canarsie", "borough": "Brooklyn", "area_km2": 6.5528}}, {"type": "Feature", "id": 53, "geometry": {"type": "Polygon", "coordinates": [[[-73.92662718123506, 40.8161189596765], [-73.9239995118876, 40.815438912951805], [-73.92309299772212, 40.816697728138315], [-73.92124519592693, 40.8162193972974], [-73.9215839208468, 40.81555063206619], [-73.92130383212299, 40.815477247776066], [-73.92048117283511, 40.81456368686958], [-73.91764502820385, 40.816065918016484], [-73.91495493517456, 40.81493646600991], [-73.91094778869054, 40.813620921742], [-73.90446551344374, 40.81228196041537], [-73.90341720307497, 40.811506882855255], [-73.9021918570049, 40.80482326114814], [-73.90229231926554, 40.804564776643865], [-73.90452954029595, 40.80317023565156], [-73.90552153174478, 40.802019955400745], [-73.90681401534472, 40.800890640275206], [-73.90670129956762, 40.80082002932323], [-73.90747030436765, 40.80000345791503], [-73.90817714421814, 40.79939009214877], [-73.90838080079352, 40.79948704542067], [-73.9085502661004, 40.799307426058725], [-73.90825579500273, 40.799092868683324], [-73.90830303542083, 40.798959135920335], [-73.91089222177101, 40.79701779553837], [-73.91168831108833, 40.796623770558085], [-73.91372255742067, 40.79678943900846], [-73.91903181906888, 40.79898494724852], [-73.92024068026599, 40.7996136878696], [-73.92132730712379, 40.80128459163114], [-73.92292709999569, 40.80237329531277], [-73.92422706775021, 40.80254501135789], [-73.92665794722352, 40.80240980391447], [-73.9276278850446, 40.802695665983364], [-73.92728271855411, 40.803508264416664], [-73.9276450026433, 40.803988633348276], [-73.92810959569337, 40.80401293433759], [-73.92834056119388, 40.80423989078373], [-73.9287260742369, 40.80410362522707], [-73.93051758773042, 40.80659056356663], [-73.93188709965438, 40.80789402439675], [-73.93252708719822, 40.80882328177514], [-73.93259434581051, 40.81005355787177], [-73.9328639701707, 40.81012443789091], [-73.9328741193582, 40.8104140434288], [-73.93256503213819, 40.81088597569196], [-73.9326322918905, 40.811904622263015], [-73.93242307595003, 40.8141517151758], [-73.93027812596966, 40.8132480256553], [-73.92885641986327, 40.8148798674807], [-73.92731653000297, 40.818559634826904], [-73.92518486375293, 40.81801266937714], [-73.92662718123506, 40.8161189596765]]]}, "properties": {"geo_id": "BX0101", "name": "Mott Haven-Port Morris", "borough": "Bronx", "area_km2": 3.8067}}, {"type": "Feature", "id": 54, "geometry": {"type": "Polygon", "coordinates": [[[-73.90129277472668, 40.82047544261303], [-73.9044655134437, 40.81228196041532], [-73.91094778869065, 40.81362092174195], [-73.91495493517462, 40.81493646600991], [-73.9176450282038, 40.816065918016484], [-73.92048117283505, 40.81456368686955], [-73.92130383212299, 40.815477247776066], [-73.92158392084691, 40.81555063206615], [-73.92124519592703, 40.8162193972974], [-73.92309299772212, 40.816697728138315], [-73.9239995118877, 40.815438912951805], [-73.92662718123518, 40.81611895967647], [-73.92518486375297, 40.818012669377104], [-73.92265261107394, 40.82049431528034], [-73.9167740045355, 40.824387087372905], [-73.91587735728943, 40.8241037325319], [-73.91621588472752, 40.823467930224936], [-73.91181615668526, 40.822035022411974], [-73.90990894049723, 40.82255110811688], [-73.90129277472668, 40.82047544261303]]]}, "properties": {"geo_id": "BX0102", "name": "Melrose", "borough": "Bronx", "area_km2": 1.6046}}, {"type": "Feature", "id": 55, "geometry": {"type": "Polygon", "coordinates": [[[-73.88244779486632, 40.81926832301364], [-73.8780628310778, 40.816182632442626], [-73.87663459963709, 40.81571150809938], [-73.87673185506915, 40.81538649598422], [-73.87250110885978, 40.813888128234254], [-73.872394379, 40.81397433610859], [-73.87243667235077, 40.813850934001785], [-73.87209716960896, 40.813738022023756], [-73.87212931147351, 40.813621168692784], [-73.87165777683393, 40.81325426197617], [-73.87095753684095, 40.812146180609645], [-73.87056806861774, 40.81208731762185], [-73.87055342191726, 40.811243380220574], [-73.8681121914008, 40.80675183283206], [-73.86846346959135, 40.80593654893927], [-73.87169881930807, 40.80180527192066], [-73.87160336192427, 40.801751811949245], [-73.87174509373908, 40.80154736611633], [-73.87355096572502, 40.800853302772026], [-73.87467716314143, 40.800979422361806], [-73.87473060452592, 40.801256638131406], [-73.87526517037327, 40.80139815254867], [-73.87585788515192, 40.80145598758589], [-73.87592998071696, 40.8010842225888], [-73.87814218819821, 40.80131929080922], [-73.87796880375461, 40.80171111462578], [-73.878234649218, 40.80264680576837], [-73.879213484076, 40.802795327337826], [-73.88369542422377, 40.80216212410564], [-73.88396462519694, 40.80196514835983], [-73.88369036996541, 40.80194525580535], [-73.88372326665917, 40.801862843941215], [-73.88505172336708, 40.80213090679824], [-73.88536544598874, 40.802260639744844], [-73.88515517060605, 40.80227245304084], [-73.88591424672614, 40.80279851699316], [-73.88616377056557, 40.803175684977], [-73.88727097347115, 40.8039470023369], [-73.88738095624211, 40.80411068128411], [-73.8872473845842, 40.80418614011439], [-73.88795897223945, 40.80499792592088], [-73.88859217706481, 40.80478927459541], [-73.88906442025977, 40.80502191290477], [-73.88936640376924, 40.8053807802984], [-73.88922416091077, 40.805845351694764], [-73.88999598170764, 40.80488628675296], [-73.89014756243947, 40.80496060928421], [-73.8893743925369, 40.80592527311549], [-73.89005932692513, 40.80570432417888], [-73.89149903730154, 40.80593123773811], [-73.89144104277274, 40.805661898565], [-73.89178618135598, 40.8056228920864], [-73.89197929534278, 40.806384708976395], [-73.89270681066506, 40.806343948093144], [-73.89253177073283, 40.80565655156792], [-73.89227315843527, 40.805702433124985], [-73.89216364547643, 40.80530259256561], [-73.89126710622972, 40.80501048892173], [-73.89173240995696, 40.80504936291794], [-73.89219739671567, 40.80528468791955], [-73.89230020327568, 40.80566060567038], [-73.89256667672196, 40.80562071050684], [-73.8927481403741, 40.80634026130218], [-73.8946325235109, 40.80623233192232], [-73.8945739391341, 40.80604577300738], [-73.8947260190962, 40.80602624658368], [-73.89485360535787, 40.806214908661495], [-73.89472970526754, 40.80574110095927], [-73.89484295983542, 40.805723997514924], [-73.89509836487397, 40.80686363917372], [-73.89550633968572, 40.806595305303816], [-73.8952796287393, 40.805766184570665], [-73.89559109091819, 40.8065813433477], [-73.89572273778765, 40.80655965730841], [-73.89567025138675, 40.80629013095972], [-73.89583838073169, 40.80654060706951], [-73.89597794687677, 40.80651761634239], [-73.89587481599303, 40.805808511582576], [-73.89610824517877, 40.80649615095144], [-73.89623040736934, 40.806210472404906], [-73.89726014999152, 40.80604095984748], [-73.89749681953896, 40.80621440020273], [-73.89741472698567, 40.80580005947825], [-73.89763818741136, 40.80620132083903], [-73.89776126648744, 40.80618993350169], [-73.89772827250982, 40.805967494640036], [-73.89801340830084, 40.80616660385882], [-73.89787127990651, 40.805534981759834], [-73.89816110752606, 40.80613807060269], [-73.89829494887864, 40.80609757120112], [-73.89812536179295, 40.805650760360145], [-73.89852656516594, 40.805434309098146], [-73.90097298881535, 40.80487609789133], [-73.90204952046372, 40.80478414110611], [-73.90222284699365, 40.804948113859815], [-73.90308946530321, 40.809856399702475], [-73.89759123691479, 40.813776873348374], [-73.89542858772428, 40.81584467293086], [-73.89704466589791, 40.81680185968569], [-73.89283653013439, 40.82097405411286], [-73.89161858677699, 40.8210128492298], [-73.89082377863907, 40.820306482436266], [-73.88756449921047, 40.82251386913188], [-73.88438503951718, 40.822951369497105], [-73.88244779486632, 40.81926832301364]]]}, "properties": {"geo_id": "BX0201", "name": "Hunts Point", "borough": "Bronx", "area_km2": 4.1841}}, {"type": "Feature", "id": 56, "geometry": {"type": "Polygon", "coordinates": [[[-73.8878874606846, 40.8223630137872], [-73.89082377863907, 40.82030648243621], [-73.89161858677713, 40.821012849229774], [-73.89283653013439, 40.82097405411286], [-73.89704466589791, 40.81680185968569], [-73.89542858772433, 40.81584467293086], [-73.89759123691474, 40.813776873348374], [-73.90308946530327, 40.80985639970244], [-73.90341720307501, 40.811506882855255], [-73.9044655134437, 40.81228196041532], [-73.90300983126015, 40.8163177929593], [-73.90061141014671, 40.82210880792915], [-73.90198758531274, 40.82244042310524], [-73.90050540337992, 40.82600762242905], [-73.90164895494351, 40.826256978346684], [-73.90093510612638, 40.82792810175661], [-73.89979756668548, 40.827684354293936], [-73.8954852261021, 40.8282485413837], [-73.89511020772522, 40.82803689945429], [-73.89483522835758, 40.826246841714166], [-73.89293225968738, 40.826787036531314], [-73.8878951083526, 40.82674318529608], [-73.88609624100911, 40.82765577786004], [-73.88645426053077, 40.82528631167759], [-73.88706660277637, 40.823190276968475], [-73.8878874606846, 40.8223630137872]]]}, "properties": {"geo_id": "BX0202", "name": "Longwood", "borough": "Bronx", "area_km2": 1.4299}}, {"type": "Feature", "id": 57, "geometry": {"type": "Polygon", "coordinates": [[[-73.89696588930462, 40.83434214589405], [-73.89630199811194, 40.83354321799611], [-73.89717220880983, 40.83036883289431], [-73.89669632384079, 40.83041450453961], [-73.89639572907834, 40.82876287952023], [-73.8954852261021, 40.8282485413837], [-73.89979756668548, 40.827684354293936], [-73.90093510612638, 40.82792810175661], [-73.90164895494351, 40.826256978346684], [-73.90050540337992, 40.82600762242905], [-73.90198758531274, 40.82244042310524], [-73.90061141014671, 40.82210880792915], [-73.90129277472668, 40.82047544261303], [-73.90990894049723, 40.82255110811688], [-73.91181615668526, 40.822035022411974], [-73.91621588472752, 40.823467930224936], [-73.91587735728943, 40.8241037325319], [-73.9167740045355, 40.824387087372905], [-73.91608782725582, 40.82483785183054], [-73.91661368376236, 40.8249923085071], [-73.91541108147266, 40.825773909122724], [-73.91475120998606, 40.8252004734334], [-73.9135119160979, 40.82480494542258], [-73.9131667434886, 40.82545645531184], [-73.91130974385186, 40.82484855889453], [-73.91179361884595, 40.826428155601164], [-73.911694301724, 40.82775871580908], [-73.91030770254517, 40.82877248624752], [-73.9089599022164, 40.8302262340487], [-73.90553116630635, 40.82910413258929], [-73.90122534899322, 40.835499911236795], [-73.89696588930462, 40.83434214589405]]]}, "properties": {"geo_id": "BX0301", "name": "Morrisania", "borough": "Bronx", "area_km2": 1.2831}}, {"type": "Feature", "id": 58, "geometry": {"type": "Polygon", "coordinates": [[[-73.90483249948313, 40.84484207145842], [-73.89479021957922, 40.84372032197091], [-73.89537836114475, 40.842938779458706], [-73.8966616166718, 40.84352460706751], [-73.90122534899322, 40.835499911236795], [-73.90553116630635, 40.82910413258929], [-73.91049010593304, 40.830737373534774], [-73.90597940375552, 40.83850519580221], [-73.90538357941077, 40.83976898447428], [-73.90570581045682, 40.83972280069595], [-73.90515960629514, 40.84101163780916], [-73.90483249948313, 40.84484207145842]]]}, "properties": {"geo_id": "BX0302", "name": "Claremont Village-Claremont (East)", "borough": "Bronx", "area_km2": 0.9289}}, {"type": "Feature", "id": 59, "geometry": {"type": "Polygon", "coordinates": [[[-73.88005188415067, 40.83470205920019], [-73.88390094722517, 40.82980281690994], [-73.88352018669733, 40.829260182491396], [-73.88438705287568, 40.82681728353236], [-73.88461335944156, 40.825276503821655], [-73.88464450546032, 40.823814274202775], [-73.88438503951731, 40.82295136949705], [-73.88718471122232, 40.8226449828696], [-73.8878874606846, 40.8223630137872], [-73.88706660277637, 40.823190276968475], [-73.88645426053077, 40.82528631167759], [-73.88609624100911, 40.82765577786004], [-73.8878951083526, 40.82674318529608], [-73.89293225968738, 40.826787036531314], [-73.89483522835758, 40.826246841714166], [-73.89511020772522, 40.82803689945429], [-73.89639572907834, 40.82876287952023], [-73.89669632384079, 40.83041450453961], [-73.89717220880983, 40.83036883289431], [-73.89630199811194, 40.83354321799611], [-73.89696588930462, 40.83434214589405], [-73.89583107702725, 40.83487855122048], [-73.89469434180205, 40.83591357452686], [-73.89385624167426, 40.83639510223077], [-73.89057363264938, 40.836901048030974], [-73.88874067782909, 40.83796845987613], [-73.88841187095251, 40.83855339156463], [-73.88729743923052, 40.83813538903685], [-73.8861843201219, 40.84010504497275], [-73.884648980423, 40.839174633102914], [-73.88418143086983, 40.839335307143855], [-73.8827100472669, 40.83862612271144], [-73.88285365009212, 40.83849533597433], [-73.8822915093229, 40.83807527065836], [-73.88200844634898, 40.83744382272155], [-73.88213932175294, 40.83688893941501], [-73.8820682158272, 40.83595027036826], [-73.882226986618, 40.83545245760783], [-73.88005188415067, 40.83470205920019]]]}, "properties": {"geo_id": "BX0303", "name": "Crotona Park East", "borough": "Bronx", "area_km2": 1.484}}, {"type": "Feature", "id": 60, "geometry": {"type": "Polygon", "coordinates": [[[-73.9086913114116, 40.83393834677405], [-73.910490105933, 40.830737373534774], [-73.9089599022163, 40.83022623404873], [-73.91030770254517, 40.82877248624752], [-73.911694301724, 40.82775871580911], [-73.91179361884583, 40.82642815560121], [-73.91130974385182, 40.82484855889453], [-73.91316674348849, 40.825456455311894], [-73.91351191609785, 40.82480494542258], [-73.91475120998601, 40.825200473433426], [-73.91541108147256, 40.82577390912276], [-73.91661368376236, 40.8249923085071], [-73.91608782725582, 40.82483785183057], [-73.92265261107394, 40.82049431528034], [-73.92518486375293, 40.81801266937714], [-73.92731653000297, 40.818559634826904], [-73.92885641986327, 40.8148798674807], [-73.93027812596966, 40.8132480256553], [-73.93242307595003, 40.8141517151758], [-73.9323998255849, 40.82114556743], [-73.93307251001943, 40.828156152538625], [-73.93095939214298, 40.82833708946133], [-73.930685614956, 40.82706059972692], [-73.92976069210278, 40.826582419483444], [-73.92715291285664, 40.825723914841376], [-73.92221736139518, 40.834162941071305], [-73.923177257326, 40.834540100037856], [-73.92237223037706, 40.83610874281376], [-73.92001799342097, 40.83765612916761], [-73.92047981018476, 40.83713953648362], [-73.91647433338241, 40.83577903089617], [-73.91587067444023, 40.836393594242686], [-73.9086913114116, 40.83393834677405]]]}, "properties": {"geo_id": "BX0401", "name": "Concourse-Concourse Village", "borough": "Bronx", "area_km2": 2.4622}}, {"type": "Feature", "id": 61, "geometry": {"type": "Polygon", "coordinates": [[[-73.9239258793672, 40.84478678133464], [-73.92272699268904, 40.84422795789612], [-73.9228187432955, 40.84275115602772], [-73.9213184884446, 40.83990334141433], [-73.92144747981733, 40.83924298948398], [-73.92224417426176, 40.83784956494393], [-73.92237223037706, 40.83610874281376], [-73.92403156985513, 40.8350608737246], [-73.92537539997394, 40.83262809617426], [-73.92825730103077, 40.829530515359885], [-73.92917196656373, 40.8289399597515], [-73.93033932985122, 40.82849555557042], [-73.93307251001943, 40.828156152538625], [-73.93360591970537, 40.83278953052058], [-73.93314306642985, 40.83519412862141], [-73.93265620287741, 40.836473477195824], [-73.93051572319851, 40.83993364318918], [-73.93048324388563, 40.84046006173913], [-73.9291940794094, 40.84281841640946], [-73.92918458606833, 40.84320375831752], [-73.9286157466785, 40.844676865699334], [-73.92827454640535, 40.84497576182685], [-73.92804748335654, 40.845464595954304], [-73.92564205543431, 40.8449009466976], [-73.9239258793672, 40.84478678133464]]]}, "properties": {"geo_id": "BX0402", "name": "Highbridge", "borough": "Bronx", "area_km2": 1.2123}}, {"type": "Feature", "id": 62, "geometry": {"type": "Polygon", "coordinates": [[[-73.90483494066312, 40.84475261849982], [-73.90501514891653, 40.8424046989893], [-73.90514893908845, 40.84254719624052], [-73.90596061757195, 40.84262870462196], [-73.90865715672258, 40.842719370807764], [-73.9086249457097, 40.84301716498451], [-73.90953427964574, 40.84306281697772], [-73.90962455423002, 40.842109625513494], [-73.90887759867266, 40.83890289312117], [-73.90910092087442, 40.83773351666882], [-73.90932083470922, 40.83732713441331], [-73.90963448943478, 40.837125318782576], [-73.90916255795499, 40.836964597025414], [-73.90792837610917, 40.83723964275678], [-73.9067234559649, 40.83834750721977], [-73.90570581045682, 40.83972280069595], [-73.90538357941077, 40.83976898447428], [-73.90597940375552, 40.83850519580221], [-73.9086913114116, 40.83393834677405], [-73.91587067444023, 40.83639359424264], [-73.91647433338245, 40.83577903089612], [-73.92047981018476, 40.83713953648362], [-73.92001799342114, 40.83765612916761], [-73.92237223037701, 40.83610874281372], [-73.92224417426182, 40.8378495649439], [-73.92144747981745, 40.83924298948398], [-73.92131475384191, 40.83981337003945], [-73.9228187432955, 40.84275115602772], [-73.92272699268904, 40.84422795789612], [-73.92285833383767, 40.84426606329549], [-73.92265185267908, 40.84474515981747], [-73.91337630796417, 40.84514339180627], [-73.90483494066312, 40.84475261849982]]]}, "properties": {"geo_id": "BX0403", "name": "Mount Eden-Claremont (West)", "borough": "Bronx", "area_km2": 1.2642}}, {"type": "Feature", "id": 63, "geometry": {"type": "Polygon", "coordinates": [[[-73.90486847127254, 40.85869322470828], [-73.90565953360878, 40.85739873466268], [-73.90468371278561, 40.85706030172391], [-73.90522169895988, 40.856203595304336], [-73.91058169796972, 40.85018159582225], [-73.91418502222615, 40.845134946988445], [-73.92265185267904, 40.84474515981751], [-73.92285833383762, 40.84426606329549], [-73.9239258793672, 40.84478678133464], [-73.92564205543431, 40.8449009466976], [-73.92804748335654, 40.845464595954304], [-73.92693545888284, 40.84692414475689], [-73.92683023128548, 40.84728976018816], [-73.92465379864088, 40.8497850440154], [-73.92384778879637, 40.851182608715725], [-73.92394789368974, 40.85122178578851], [-73.92256178946477, 40.853188912030106], [-73.92174035314744, 40.85422123784009], [-73.92154261803856, 40.854116883884494], [-73.92134207683857, 40.854317435657876], [-73.92151543705522, 40.85451006389157], [-73.92080070289325, 40.85538081439473], [-73.92030027213485, 40.85524637083907], [-73.92056655954352, 40.85551389831383], [-73.92052653132843, 40.855686668401994], [-73.91902368970769, 40.857396538412814], [-73.91752824331094, 40.856895855081575], [-73.91740656723226, 40.85705140959541], [-73.91745233991233, 40.856293587777536], [-73.91718821027804, 40.855918821827935], [-73.91720801051001, 40.85683830041612], [-73.91615941504116, 40.858784566887344], [-73.91508181719456, 40.85919179894057], [-73.91542544527437, 40.85872864146644], [-73.91328436985144, 40.85961860183284], [-73.91056799272857, 40.858620594238836], [-73.9096674776471, 40.85748494865283], [-73.90777484202549, 40.8596095201241], [-73.90486847127254, 40.85869322470828]]]}, "properties": {"geo_id": "BX0501", "name": "University Heights (South)-Morris Heights", "borough": "Bronx", "area_km2": 1.8244}}, {"type": "Feature", "id": 64, "geometry": {"type": "Polygon", "coordinates": [[[-73.89709926706911, 40.855172291947014], [-73.8956088319166, 40.85457037059923], [-73.9013172979867, 40.844473941534865], [-73.90483249948313, 40.84484207145842], [-73.91418502222626, 40.84513494698841], [-73.91058169796983, 40.85018159582225], [-73.90557007241134, 40.85578732339887], [-73.90396404557903, 40.854960102190105], [-73.90185995986776, 40.85458615026468], [-73.90077922681346, 40.856047109728614], [-73.89816577388366, 40.85514637639213], [-73.89863543655886, 40.853906975435514], [-73.89709926706911, 40.855172291947014]]]}, "properties": {"geo_id": "BX0502", "name": "Mount Hope", "borough": "Bronx", "area_km2": 1.1782}}, {"type": "Feature", "id": 65, "geometry": {"type": "Polygon", "coordinates": [[[-73.89177188666727, 40.861871717251596], [-73.8913802322572, 40.86170058876435], [-73.89321520691615, 40.85987420615524], [-73.89644052433917, 40.85490775915461], [-73.89709926706911, 40.855172291947014], [-73.89863543655886, 40.853906975435514], [-73.89816577388366, 40.85514637639213], [-73.90077922681346, 40.856047109728614], [-73.90185995986776, 40.85458615026468], [-73.90396404557903, 40.854960102190105], [-73.90557007241134, 40.85578732339887], [-73.90468371278571, 40.85706030172391], [-73.90565953360884, 40.857398734662645], [-73.90351390497871, 40.86091751065298], [-73.90254479260203, 40.86057825533532], [-73.9010796688533, 40.862756383422], [-73.8994367077421, 40.86211691206513], [-73.89693899596872, 40.86244292975043], [-73.89285169022902, 40.86183219349472], [-73.89177188666727, 40.861871717251596]]]}, "properties": {"geo_id": "BX0503", "name": "Fordham Heights", "borough": "Bronx", "area_km2": 0.6855}}, {"type": "Feature", "id": 66, "geometry": {"type": "Polygon", "coordinates": [[[-73.87283453773911, 40.839754863891976], [-73.87392818006091, 40.83599031261785], [-73.8767332333955, 40.83620561805411], [-73.87808501970446, 40.835479842514566], [-73.87925239343423, 40.83442478999393], [-73.882226986618, 40.83545245760783], [-73.8820682158272, 40.83595027036826], [-73.88213932175294, 40.83688893941501], [-73.88200844634898, 40.83744382272155], [-73.8822915093229, 40.83807527065836], [-73.88285365009212, 40.83849533597433], [-73.8827100472669, 40.83862612271144], [-73.88418143086983, 40.839335307143855], [-73.884648980423, 40.839174633102914], [-73.8861843201219, 40.84010504497275], [-73.8852028620828, 40.84498274060421], [-73.88351722276074, 40.84716825834888], [-73.88311982437547, 40.84822109237876], [-73.88284445508452, 40.847817227456275], [-73.87733907150002, 40.84399175505718], [-73.87817546826224, 40.84261769654637], [-73.87459175304606, 40.84152064753811], [-73.87401468985382, 40.842537677818164], [-73.87311149505652, 40.84325065171364], [-73.87211001648689, 40.84370009855644], [-73.87185298685056, 40.84450417016242], [-73.87116887383097, 40.84477811872059], [-73.87095552811611, 40.84597623321057], [-73.87053966302501, 40.84625757462035], [-73.87035538598148, 40.846623815688], [-73.86987431101255, 40.846617458088176], [-73.86942321371609, 40.84751234518302], [-73.86889243274508, 40.84811232262847], [-73.86956258947998, 40.84801871390805], [-73.86952362885509, 40.84868697758724], [-73.86920944569769, 40.84923837337521], [-73.86785992927581, 40.84886493189031], [-73.8683546583043, 40.84708023338578], [-73.86892652627044, 40.84688174060916], [-73.86866193753741, 40.84626015394136], [-73.86863721590373, 40.845309843266215], [-73.86804200325662, 40.84481383930633], [-73.87099518067323, 40.843111392043916], [-73.87359713479324, 40.83979855643703], [-73.87283453773911, 40.839754863891976]]]}, "properties": {"geo_id": "BX0601", "name": "West Farms", "borough": "Bronx", "area_km2": 1.0871}}, {"type": "Feature", "id": 67, "geometry": {"type": "Polygon", "coordinates": [[[-73.88311982437547, 40.84822109237876], [-73.88351722276074, 40.84716825834888], [-73.8852028620828, 40.84498274060421], [-73.8861843201219, 40.84010504497275], [-73.88659802256774, 40.8392790507779], [-73.88813752093051, 40.83986200305439], [-73.88869040742647, 40.83915802646732], [-73.8894172471471, 40.839422733881484], [-73.89537836114475, 40.842938779458706], [-73.89479021957922, 40.84372032197091], [-73.9013172979867, 40.844473941534865], [-73.8956088319166, 40.85457037059923], [-73.89544565200994, 40.85451829358081], [-73.89534405647633, 40.85469655008911], [-73.89400033417488, 40.854251934500546], [-73.89420545309554, 40.853854930046374], [-73.89216687314898, 40.85276946289262], [-73.89038953921249, 40.854689058587084], [-73.88960977945496, 40.85362188105023], [-73.88997028334323, 40.852103229953144], [-73.8882397396384, 40.851035366912924], [-73.88735661937177, 40.850873897617575], [-73.88311982437547, 40.84822109237876]]]}, "properties": {"geo_id": "BX0602", "name": "Tremont", "borough": "Bronx", "area_km2": 1.4706}}, {"type": "Feature", "id": 68, "geometry": {"type": "Polygon", "coordinates": [[[-73.88362518063289, 40.867257588509084], [-73.88267624666986, 40.866089142150656], [-73.88376749134457, 40.865314753168335], [-73.8839692220123, 40.86481774197266], [-73.88392395696238, 40.864417762372874], [-73.88200794072172, 40.86204685336177], [-73.88073995295805, 40.86112623030639], [-73.88050547956449, 40.86047756186843], [-73.88100678893053, 40.858268023159084], [-73.88073042731561, 40.85667660541284], [-73.88311982437547, 40.84822109237876], [-73.88735661937177, 40.850873897617575], [-73.8882397396384, 40.851035366912924], [-73.88997028334323, 40.852103229953144], [-73.88960977945496, 40.85362188105023], [-73.89038953921249, 40.854689058587084], [-73.89216687314898, 40.85276946289262], [-73.89420545309554, 40.853854930046374], [-73.89400033417488, 40.854251934500546], [-73.89534405647633, 40.85469655008911], [-73.89544565200994, 40.85451829358081], [-73.89644052433917, 40.85490775915461], [-73.89321520691615, 40.85987420615524], [-73.8913802322572, 40.86170058876435], [-73.89177188666727, 40.861871717251596], [-73.88889565944024, 40.86475415323609], [-73.88812278687759, 40.86425457107954], [-73.88683316977249, 40.8653899938601], [-73.88362518063289, 40.867257588509084]]]}, "properties": {"geo_id": "BX0603", "name": "Belmont", "borough": "Bronx", "area_km2": 1.523}}, {"type": "Feature", "id": 69, "geometry": {"type": "Polygon", "coordinates": [[[-73.90614668858372, 40.87326020472856], [-73.90452070384171, 40.87249521120439], [-73.90442003077385, 40.8703612760002], [-73.90318667333348, 40.86914899199276], [-73.90194154944133, 40.8685336307749], [-73.89942436099136, 40.8678808377156], [-73.89960300272367, 40.868728208255696], [-73.89891854209993, 40.86965857448607], [-73.89656060531188, 40.86856520058654], [-73.8974032314425, 40.86747418970997], [-73.89412284957133, 40.86594000603248], [-73.89386222548046, 40.86575366283763], [-73.8937159844328, 40.865293098999736], [-73.89323192173383, 40.86527287818061], [-73.89016163568581, 40.86347636282298], [-73.89177188666727, 40.861871717251596], [-73.89285169022902, 40.86183219349472], [-73.89693899596872, 40.86244292975043], [-73.8994367077421, 40.86211691206513], [-73.9010796688533, 40.862756383422], [-73.90254479260203, 40.86057825533532], [-73.90351390497871, 40.86091751065298], [-73.90486847127264, 40.85869322470828], [-73.90777484202555, 40.8596095201241], [-73.9096674776472, 40.85748494865283], [-73.91056799272862, 40.858620594238836], [-73.91328436985144, 40.85961860183284], [-73.91542544527444, 40.85872864146644], [-73.91508181719468, 40.859191798940536], [-73.91615941504122, 40.85878456688731], [-73.91720801051007, 40.85683830041612], [-73.91718821027804, 40.85591882182789], [-73.91745233991233, 40.856293587777536], [-73.91740656723236, 40.85705140959538], [-73.91752824331098, 40.85689585508154], [-73.91902368970769, 40.857396538412814], [-73.91776041251106, 40.85870809795846], [-73.9172066464705, 40.858928922734734], [-73.9158052800855, 40.86046973585627], [-73.91480934325418, 40.86171419014847], [-73.91481817339105, 40.8618990889826], [-73.91341462193655, 40.86336749370088], [-73.91276271995396, 40.86302917466031], [-73.91227278976977, 40.86363214899687], [-73.91279762128875, 40.8638988759356], [-73.91252604516872, 40.86379522333537], [-73.91267633954186, 40.86402111160211], [-73.9104428274712, 40.86652786804593], [-73.90949664312318, 40.86883115664054], [-73.90893714841624, 40.871019840308314], [-73.90864943111376, 40.871385783802936], [-73.9089323517538, 40.87215734797027], [-73.90846367780055, 40.87262079220625], [-73.90774270696284, 40.87284595211106], [-73.90746489661895, 40.87354735423551], [-73.90614668858372, 40.87326020472856]]]}, "properties": {"geo_id": "BX0701", "name": "University Heights (North)-Fordham", "borough": "Bronx", "area_km2": 1.7018}}, {"type": "Feature", "id": 70, "geometry": {"type": "Polygon", "coordinates": [[[-73.8871285059633, 40.88281542504534], [-73.8871650519898, 40.882576511897554], [-73.88595071664201, 40.880507412132715], [-73.88567517959456, 40.878872510807994], [-73.88527683053233, 40.87921766898976], [-73.88345579262908, 40.87605609563839], [-73.88340035198799, 40.873946627267735], [-73.88255391460218, 40.87245728771245], [-73.88146889596376, 40.868573646262234], [-73.88683316977249, 40.8653899938601], [-73.88812278687759, 40.86425457107954], [-73.88889565944024, 40.86475415323609], [-73.89016163568581, 40.86347636282298], [-73.89323192173383, 40.86527287818061], [-73.8937159844328, 40.865293098999736], [-73.89386222548046, 40.86575366283763], [-73.89412284957133, 40.86594000603248], [-73.8974032314425, 40.86747418970997], [-73.89656060531188, 40.86856520058654], [-73.89891854209993, 40.86965857448607], [-73.89778962182203, 40.87085664339794], [-73.8978207846741, 40.871960049675955], [-73.89811299430373, 40.873110358203924], [-73.89843500010623, 40.87375679699451], [-73.89873474504451, 40.87400605464475], [-73.90021706145235, 40.87438951268775], [-73.90041699327958, 40.87511767588837], [-73.89981108884004, 40.87639882558343], [-73.8990495705968, 40.87710698928514], [-73.89826917611045, 40.878282499703104], [-73.89702627460622, 40.879521219834956], [-73.89668962832503, 40.8801559071228], [-73.89637632140169, 40.88182132859696], [-73.89552941790907, 40.882456156416055], [-73.89419664196981, 40.8830206014522], [-73.89163185816034, 40.882339110847326], [-73.88796950580894, 40.88289675277772], [-73.8871285059633, 40.88281542504534]]]}, "properties": {"geo_id": "BX0702", "name": "Bedford Park", "borough": "Bronx", "area_km2": 2.2811}}, {"type": "Feature", "id": 71, "geometry": {"type": "Polygon", "coordinates": [[[-73.87083567707624, 40.880454115283015], [-73.87015318464638, 40.880350828061786], [-73.87160718562494, 40.87692157317876], [-73.87255250745748, 40.87517518382696], [-73.87518850030095, 40.871575757313394], [-73.87619257483897, 40.870476957203095], [-73.87694351958748, 40.86995468224167], [-73.88309382372141, 40.86660218502387], [-73.88362518063289, 40.867257588509084], [-73.88146889596376, 40.868573646262234], [-73.88255391460218, 40.87245728771245], [-73.88340035198799, 40.873946627267735], [-73.88345579262908, 40.87605609563839], [-73.88527683053233, 40.87921766898976], [-73.88567517959456, 40.878872510807994], [-73.88595071664201, 40.880507412132715], [-73.8871650519898, 40.882576511897554], [-73.8870514253612, 40.88434957584615], [-73.88421683272098, 40.88319769174163], [-73.8836833679019, 40.88315761600102], [-73.88274833294535, 40.88339738747129], [-73.88124422386927, 40.88270963367426], [-73.87803562271968, 40.88711832175471], [-73.87783125837879, 40.88677276068347], [-73.87760676546058, 40.88452304479258], [-73.8777281766139, 40.883454195754766], [-73.87812575139316, 40.88215368597884], [-73.87470255490281, 40.88155382355611], [-73.87479240577275, 40.88007512955896], [-73.87494589600867, 40.87994766996391], [-73.87083567707624, 40.880454115283015]]]}, "properties": {"geo_id": "BX0703", "name": "Norwood", "borough": "Bronx", "area_km2": 1.4605}}, {"type": "Feature", "id": 72, "geometry": {"type": "Polygon", "coordinates": [[[-73.8870514253612, 40.88434957584615], [-73.8871285059633, 40.88281542504534], [-73.88796950580894, 40.88289675277772], [-73.89163185816034, 40.882339110847326], [-73.89433200202281, 40.883008532996946], [-73.89552941790907, 40.882456156416055], [-73.89637632140169, 40.88182132859696], [-73.89689662278512, 40.879728126762366], [-73.89826917611045, 40.878282499703104], [-73.8990495705968, 40.87710698928514], [-73.89981108884004, 40.87639882558343], [-73.90041699327958, 40.87511767588837], [-73.90036053639862, 40.87459469548098], [-73.90011386035421, 40.874312484695956], [-73.8988646947124, 40.87406669845861], [-73.89843500010623, 40.87375679699451], [-73.8980111696878, 40.8728272809095], [-73.8978207846741, 40.871960049675955], [-73.89778962182203, 40.87085664339794], [-73.89921387606522, 40.869381386784234], [-73.89960300272367, 40.868728208255696], [-73.89942436099136, 40.8678808377156], [-73.90235804780234, 40.86869612095305], [-73.90374975805692, 40.86959562713954], [-73.90442003077385, 40.8703612760002], [-73.9044690132068, 40.87241552067772], [-73.90614668858372, 40.87326020472856], [-73.90452794019112, 40.877064178108505], [-73.9033943966936, 40.878994195373615], [-73.89860056351952, 40.88440476607341], [-73.89782212315404, 40.88507677041931], [-73.8966824301458, 40.88596459085393], [-73.88758612454241, 40.884255620164225], [-73.8870514253612, 40.88434957584615]]]}, "properties": {"geo_id": "BX0801", "name": "Kingsbridge Heights-Van Cortlandt Village", "borough": "Bronx", "area_km2": 1.0191}}, {"type": "Feature", "id": 73, "geometry": {"type": "Polygon", "coordinates": [[[-73.89791462599935, 40.89054669300346], [-73.89990425479826, 40.886559723755184], [-73.89668243014576, 40.88596459085393], [-73.89860056351952, 40.88440476607341], [-73.90376570190159, 40.8785286380556], [-73.90614668858372, 40.8732602047286], [-73.90746489661895, 40.87354735423551], [-73.90774270696268, 40.87284595211106], [-73.90846367780055, 40.87262079220629], [-73.9089323517537, 40.87215734797027], [-73.90971690006444, 40.87320461141724], [-73.9109211787715, 40.87414639654183], [-73.915785155056, 40.87571694573411], [-73.91484624090106, 40.87666671077878], [-73.91205829963945, 40.878119320550915], [-73.91148913102154, 40.879018858809026], [-73.91033193478138, 40.879038047306764], [-73.90967868322763, 40.87951458833859], [-73.91033976224087, 40.88005239800708], [-73.91049490364858, 40.880525278169095], [-73.9093820991898, 40.88136332717749], [-73.9080224019976, 40.8832013339574], [-73.90758532732627, 40.88438930151335], [-73.90680728512324, 40.88483852922889], [-73.90607414825278, 40.885632904917344], [-73.90588823277787, 40.88558752542492], [-73.90413642296213, 40.88708070903117], [-73.90337314384304, 40.88813234503306], [-73.90285948929848, 40.88916474400481], [-73.90080837732961, 40.88893608471669], [-73.89853911837258, 40.89038907404253], [-73.89845129533157, 40.89070896614849], [-73.89791462599935, 40.89054669300346]]]}, "properties": {"geo_id": "BX0802", "name": "Kingsbridge-Marble Hill", "borough": "Bronx", "area_km2": 1.1439}}, {"type": "Feature", "id": 74, "geometry": {"type": "Polygon", "coordinates": [[[-73.89663333796986, 40.91141737534843], [-73.89635785905134, 40.90320013225347], [-73.89715717099095, 40.899371827346904], [-73.89643170628695, 40.89365528042881], [-73.89675789986525, 40.892645444241225], [-73.89791462599935, 40.89054669300346], [-73.89845129533157, 40.89070896614849], [-73.89853911837258, 40.89038907404253], [-73.90086799217603, 40.888917553321974], [-73.90184769091792, 40.88914774595408], [-73.90285948929848, 40.88916474400481], [-73.90337314384304, 40.88813234503306], [-73.90413642296213, 40.88708070903117], [-73.90588823277787, 40.88558752542492], [-73.90607414825278, 40.885632904917344], [-73.90680728512324, 40.88483852922889], [-73.90758532732627, 40.88438930151335], [-73.9080224019976, 40.8832013339574], [-73.9093820991898, 40.88136332717749], [-73.91049490364858, 40.880525278169095], [-73.91033976224087, 40.88005239800708], [-73.90967868322763, 40.87951458833859], [-73.91033193478138, 40.879038047306764], [-73.91148913102154, 40.879018858809026], [-73.91205829963945, 40.878119320550915], [-73.91484624090106, 40.87666671077878], [-73.915785155056, 40.87571694573411], [-73.91726028337288, 40.87580900358077], [-73.91775669329705, 40.875663627860405], [-73.91908326224589, 40.876064881825535], [-73.92002897529989, 40.87659264779301], [-73.92206723585673, 40.878572414802704], [-73.92273788199171, 40.87890544609759], [-73.92451795851026, 40.879058659562084], [-73.92490327384792, 40.878888367852795], [-73.92380525605554, 40.88032490113368], [-73.9203928019909, 40.8876485002271], [-73.91781783723799, 40.89441642556764], [-73.91789963124585, 40.89466901003957], [-73.9176348820742, 40.89494190585492], [-73.91694161078398, 40.896644551702586], [-73.91518455871676, 40.90158428286234], [-73.91543172958416, 40.90181268368851], [-73.91501449586045, 40.90308129910659], [-73.9145903924332, 40.904119002196545], [-73.91418543529805, 40.90414039147146], [-73.91286857876598, 40.907535475893596], [-73.91311022222155, 40.90784583402188], [-73.91264932172878, 40.90807081195554], [-73.91149190703744, 40.91223376931219], [-73.91143213027841, 40.91282382621984], [-73.91165472402199, 40.913417851896895], [-73.91110790470486, 40.914364578139455], [-73.91071204477043, 40.91465916116145], [-73.91033256782728, 40.91553277650231], [-73.90245663938697, 40.91295893342558], [-73.90060385992209, 40.91260726640142], [-73.89663333796986, 40.91141737534843]]]}, "properties": {"geo_id": "BX0803", "name": "Riverdale-Spuyten Duyvil", "borough": "Bronx", "area_km2": 5.8513}}, {"type": "Feature", "id": 75, "geometry": {"type": "Polygon", "coordinates": [[[-73.86272273332911, 40.83292068300317], [-73.86366561191583, 40.83269532457095], [-73.86264225614394, 40.82817014526387], [-73.86067324050327, 40.82841898633674], [-73.85970333247572, 40.82627734853495], [-73.87356808464364, 40.82441984696754], [-73.8724683409405, 40.8201500915302], [-73.87981464231414, 40.819162449262805], [-73.88098029527114, 40.81823562312675], [-73.88244779486648, 40.81926832301358], [-73.88429488144965, 40.82271820577008], [-73.88464450546032, 40.823814274202775], [-73.88438705287568, 40.82681728353236], [-73.88352018669733, 40.829260182491396], [-73.88390094722517, 40.82980281690994], [-73.88005188415067, 40.83470205920019], [-73.87925239343423, 40.83442478999393], [-73.87808501970446, 40.835479842514566], [-73.8767332333955, 40.83620561805411], [-73.87392818006091, 40.83599031261785], [-73.87283453773911, 40.839754863891976], [-73.86920766815935, 40.839600047213814], [-73.86782258049, 40.84016649901553], [-73.8644801165161, 40.841087797386244], [-73.86393748015207, 40.840044565901785], [-73.86272273332911, 40.83292068300317]]]}, "properties": {"geo_id": "BX0901", "name": "Soundview-Bruckner-Bronx River", "borough": "Bronx", "area_km2": 2.9922}}, {"type": "Feature", "id": 76, "geometry": {"type": "Polygon", "coordinates": [[[-73.8457656170211, 40.81158227934471], [-73.8461730287217, 40.81067666392803], [-73.84719684509648, 40.810580487614345], [-73.84821486515594, 40.812462909498464], [-73.84938556147976, 40.81323686534521], [-73.85041066820116, 40.81358402388866], [-73.85060246203848, 40.81393020004222], [-73.85159325007994, 40.81430438675043], [-73.85243707672895, 40.81430267449521], [-73.85225832249284, 40.81449313256411], [-73.85280004243604, 40.81444029947168], [-73.85301328287127, 40.814584423623714], [-73.85284208707523, 40.81434333658112], [-73.85265496045065, 40.8143380795577], [-73.85261815190952, 40.81405869212329], [-73.85297962704897, 40.81387348399298], [-73.852913985456, 40.81368940370177], [-73.85336857802673, 40.813593903135626], [-73.85434655584861, 40.81386385841686], [-73.85531511723788, 40.81441214118403], [-73.85531965829601, 40.814161567149554], [-73.854710082108, 40.81384440191817], [-73.85346774058523, 40.81347771160878], [-73.85255739434929, 40.81373533465535], [-73.8511999765915, 40.813553143872895], [-73.84921243763631, 40.81238419953777], [-73.84904536052105, 40.81198632479398], [-73.84938420255824, 40.81128707476776], [-73.84917358424852, 40.810924340784176], [-73.84979804521906, 40.81003287838779], [-73.84990892306422, 40.80966012158701], [-73.84976705103755, 40.80966912000883], [-73.8497601156782, 40.80964521372235], [-73.84991938701836, 40.80962666592703], [-73.8500201232443, 40.80925404003278], [-73.84984662518079, 40.80925232875319], [-73.85004241612907, 40.80921540848781], [-73.8499673290538, 40.8088755124546], [-73.84972865358526, 40.808875112141564], [-73.8499511693801, 40.808714720172375], [-73.84955076934828, 40.80872086801365], [-73.84995355606381, 40.80869340607654], [-73.84996696802818, 40.80857801884382], [-73.84961166420273, 40.80812418555394], [-73.84876007745984, 40.80833745779323], [-73.84870962479349, 40.80824046991662], [-73.84952218256736, 40.80805527772038], [-73.8484164096165, 40.807368775795496], [-73.84828024018182, 40.80685240555047], [-73.84837953721414, 40.80636018633473], [-73.84753621909455, 40.80592640279447], [-73.8474882264191, 40.805448909149334], [-73.84790298652742, 40.80500217939745], [-73.84864784606214, 40.80469937148052], [-73.84874317212969, 40.804896259183714], [-73.84894604005882, 40.80476216949746], [-73.84933382307936, 40.80505121826194], [-73.84941036337602, 40.804667976778354], [-73.8494285272771, 40.805059828140756], [-73.84982107183734, 40.80509443134619], [-73.84997722709296, 40.80505959447945], [-73.85019839036417, 40.80451002497411], [-73.85204922599488, 40.804599116241185], [-73.85407120427061, 40.804457462419606], [-73.85585446335388, 40.80451464613971], [-73.85662613767603, 40.804830304220154], [-73.856397852059, 40.80494683571352], [-73.85569047098377, 40.80467656557571], [-73.85556358433932, 40.80478499582994], [-73.85572072708754, 40.80512210417985], [-73.85612542563311, 40.80528168125097], [-73.85724491988569, 40.80530723811626], [-73.8566757965828, 40.804995370823555], [-73.85683421024561, 40.804909270212924], [-73.85812705699665, 40.80546652055204], [-73.85891121201274, 40.8059127557351], [-73.85850560039155, 40.80581954279294], [-73.85831487707078, 40.80599859101236], [-73.85851704174387, 40.80663788425989], [-73.85888908854804, 40.80668849084083], [-73.85905039378453, 40.80656396774258], [-73.85885297567333, 40.80600843045386], [-73.85897232007956, 40.80596606723804], [-73.8593660233232, 40.80667568320798], [-73.85937656291263, 40.80756829567457], [-73.85925775276075, 40.80754267300794], [-73.8591586814882, 40.806878974649344], [-73.85866505169193, 40.806832751495776], [-73.85838996228814, 40.80825880914896], [-73.85877452654637, 40.80923397463314], [-73.85895141221778, 40.8102714175867], [-73.8590766256631, 40.809975558604854], [-73.86012695169545, 40.80960549938806], [-73.85954059862375, 40.80901970294907], [-73.85932919264776, 40.80899654096591], [-73.85940147924659, 40.80816510237676], [-73.8597027333697, 40.808951925503266], [-73.86023625449634, 40.809450277613294], [-73.86228604450467, 40.80994591122593], [-73.86111126635217, 40.811150154574584], [-73.86435846390738, 40.813008915112185], [-73.86462322724348, 40.81422251568705], [-73.86512837094394, 40.81415204692482], [-73.86521735646666, 40.814528563962284], [-73.86657742101656, 40.814373434763866], [-73.86890864849238, 40.815116617187044], [-73.8695448022987, 40.81609475381415], [-73.87145992743001, 40.82472020883828], [-73.85635677410309, 40.82675208646264], [-73.85619656467718, 40.82604099472381], [-73.85597162258206, 40.8260638777564], [-73.85362025249152, 40.816088386202004], [-73.85163543224938, 40.81635918918099], [-73.851144722607, 40.8143965488761], [-73.85092659315521, 40.814335960507314], [-73.84705382007239, 40.8148264696033], [-73.84663638784004, 40.81303308600101], [-73.8461066032555, 40.81309998920383], [-73.84646715886365, 40.812306040383945], [-73.84632411861651, 40.811687423568785], [-73.8457656170211, 40.81158227934471]]]}, "properties": {"geo_id": "BX0902", "name": "Soundview-Clason Point", "borough": "Bronx", "area_km2": 2.8172}}, {"type": "Feature", "id": 77, "geometry": {"type": "MultiPolygon", "coordinates": [[[[-73.83602895412021, 40.82388097056637], [-73.83604247482336, 40.81778261209739], [-73.83643674714041, 40.81781586885862], [-73.83639638570256, 40.81889136665132], [-73.83696692423608, 40.816366657719605], [-73.83974355899653, 40.816406071502385], [-73.84019020523155, 40.817188273056594], [-73.84007711212817, 40.817860895657], [-73.83921022101013, 40.81888835662444], [-73.83892733295411, 40.81900120960474], [-73.83868347700987, 40.81959138051441], [-73.83906398857697, 40.8198024323409], [-73.83901168067719, 40.82195017052982], [-73.83888231646733, 40.82214048985618], [-73.83907059472882, 40.82225284946034], [-73.83904904481072, 40.82268874864862], [-73.83952777714346, 40.823038158649496], [-73.83944934873239, 40.82326535508363], [-73.83961186638554, 40.823863426519246], [-73.83974013877227, 40.82411049303689], [-73.8401311352861, 40.82431708867506], [-73.84229237322884, 40.82869980753232], [-73.83701656738135, 40.82905341019239], [-73.8365594532758, 40.82722579048285], [-73.83602895412021, 40.82388097056637]]], [[[-73.84848615207768, 40.834524495833705], [-73.84727881581283, 40.829314745684094], [-73.84504569468517, 40.82879939869888], [-73.84543367962537, 40.82848148646672], [-73.84532022453944, 40.828426538815776], [-73.84398668258825, 40.8284341430646], [-73.84291548074067, 40.82862246917889], [-73.84175457615844, 40.82575542089945], [-73.84044970316177, 40.82334556699945], [-73.84046603526154, 40.823080023584], [-73.83982926241688, 40.821571501496216], [-73.8401006913585, 40.820322761727894], [-73.83999860407422, 40.81993494681325], [-73.84028911945022, 40.8198077040515], [-73.84036528525603, 40.819577750024415], [-73.84198684767891, 40.818774373907466], [-73.84209366311737, 40.81805954345434], [-73.84306379033725, 40.816558645026895], [-73.84316992763601, 40.816051055516134], [-73.84374053000356, 40.81532169954218], [-73.8452073688522, 40.81188702150716], [-73.84576561702106, 40.81158227934476], [-73.84632411861645, 40.811687423568785], [-73.84646715886365, 40.812306040383945], [-73.8461066032555, 40.81309998920383], [-73.84663638784004, 40.81303308600106], [-73.84705382007228, 40.8148264696033], [-73.85092659315511, 40.814335960507314], [-73.8511447226069, 40.8143965488761], [-73.85163543224938, 40.81635918918103], [-73.85362025249141, 40.816088386202004], [-73.85597162258212, 40.8260638777564], [-73.856196564677, 40.82604099472385], [-73.85635677410303, 40.82675208646264], [-73.85970333247572, 40.82627734853495], [-73.86067324050317, 40.82841898633674], [-73.86264225614394, 40.828170145263904], [-73.86366561191578, 40.83269532457095], [-73.86085019616507, 40.83361353809931], [-73.86033845779858, 40.83325316698803], [-73.84848615207768, 40.834524495833705]]]]}, "properties": {"geo_id": "BX0903", "name": "Castle Hill-Unionport", "borough": "Bronx", "area_km2": 3.0564}}, {"type": "Feature", "id": 78, "geometry": {"type": "Polygon", "coordinates": [[[-73.85168459659603, 40.83420105234935], [-73.86033845779872, 40.833253166987994], [-73.86085019616507, 40.83361353809926], [-73.86272273332911, 40.83292068300317], [-73.86393748015207, 40.840044565901785], [-73.8644801165161, 40.841087797386244], [-73.85333524942047, 40.84247015515494], [-73.85168459659603, 40.83420105234935]]]}, "properties": {"geo_id": "BX0904", "name": "Parkchester", "borough": "Bronx", "area_km2": 0.8533}}, {"type": "Feature", "id": 79, "geometry": {"type": "Polygon", "coordinates": [[[-73.84161375544262, 40.84057562579085], [-73.83936794250523, 40.84088297398455], [-73.83956700266877, 40.840547227886674], [-73.83972014449351, 40.839565405985425], [-73.8403028253707, 40.839524314447786], [-73.84010873870915, 40.83885211820906], [-73.84002808869033, 40.838947871008166], [-73.84013531533488, 40.83861417691765], [-73.83992026416507, 40.83782066325953], [-73.83984179580861, 40.83790493837945], [-73.83995029818121, 40.83758389658776], [-73.83984235556174, 40.83611624196665], [-73.8397594290159, 40.83629627837064], [-73.83965902852728, 40.83606711375902], [-73.83982556503256, 40.83605439956689], [-73.83971159080538, 40.83601739781201], [-73.83979992825567, 40.83581139835384], [-73.83965173481708, 40.83582911548933], [-73.83968001567382, 40.83606315937771], [-73.83960098545313, 40.83567071920134], [-73.83965573346724, 40.83580223593791], [-73.83979605087632, 40.83578848940358], [-73.83965849740657, 40.83574348923389], [-73.83979488429709, 40.835619207993766], [-73.83961487238449, 40.835610568868496], [-73.83959437568129, 40.83508890769466], [-73.83945783797469, 40.835006106194705], [-73.8396199311503, 40.834800981937626], [-73.83947693916859, 40.83481730507687], [-73.83960456408784, 40.83473015128633], [-73.83941220244711, 40.834600065106656], [-73.83959266754977, 40.83456047589705], [-73.8395910845217, 40.83404168859336], [-73.83992048390338, 40.83332079530102], [-73.84181725823889, 40.83172619365365], [-73.84221334664694, 40.83155050727739], [-73.84275884293768, 40.830818484142995], [-73.84309950959468, 40.8299600122979], [-73.84291548074067, 40.82862246917889], [-73.84398668258825, 40.8284341430646], [-73.84532022453944, 40.828426538815776], [-73.84543367962537, 40.82848148646672], [-73.84504569468517, 40.82879939869888], [-73.84727881581283, 40.829314745684094], [-73.84848615207768, 40.834524495833705], [-73.85168459659597, 40.83420105234935], [-73.85333524942047, 40.84247015515494], [-73.84806345327976, 40.84306799865136], [-73.84623479939151, 40.844490217803454], [-73.847884919531, 40.84598898052518], [-73.84657052841091, 40.84706748181212], [-73.84578350495238, 40.8479663578289], [-73.84537026876448, 40.84871262905766], [-73.84534656840583, 40.84944948845317], [-73.84488576358358, 40.850202725464236], [-73.84503845342304, 40.848701540346916], [-73.84460522111516, 40.84625369761904], [-73.84491034100746, 40.84542746141717], [-73.84327655771988, 40.84354180661416], [-73.84146101904946, 40.84095609612157], [-73.8420182788362, 40.84065827887775], [-73.84161375544262, 40.84057562579085]]]}, "properties": {"geo_id": "BX1001", "name": "Westchester Square", "borough": "Bronx", "area_km2": 1.429}}, {"type": "Feature", "id": 80, "geometry": {"type": "Polygon", "coordinates": [[[-73.82624132843662, 40.84299359414358], [-73.82584985894458, 40.83706086710225], [-73.82540482515091, 40.83565927473923], [-73.82560350295476, 40.83503014771618], [-73.8262208771651, 40.83435470829211], [-73.82601252570736, 40.834020778205506], [-73.82515883780721, 40.83461447159582], [-73.82463346336336, 40.833855808717615], [-73.8237938310232, 40.83430014695847], [-73.81606068234527, 40.83603019695964], [-73.81585050609723, 40.83590435510842], [-73.81552500922363, 40.835976307428766], [-73.81606339574208, 40.83577292747392], [-73.81600773070839, 40.83551259733627], [-73.81557396993925, 40.83552508183022], [-73.81608188313594, 40.83536118240042], [-73.81608401401107, 40.834590346265415], [-73.81566358139244, 40.83449084930709], [-73.816028295231, 40.834349781683756], [-73.8160119668146, 40.83398080521098], [-73.81569877221591, 40.833462281363914], [-73.81581632050714, 40.83330125935042], [-73.81573931591329, 40.83291756902344], [-73.81528686987531, 40.831875700533416], [-73.81503125253971, 40.831682117520664], [-73.8148793738859, 40.8310300864916], [-73.81447033687891, 40.83114145875475], [-73.81484313432419, 40.830986120513835], [-73.81476387691815, 40.830816800496265], [-73.8145200857769, 40.83062287579448], [-73.8139142538871, 40.83092425753829], [-73.81389783360487, 40.83090755415845], [-73.81451016521439, 40.83061404705133], [-73.81429416266316, 40.83050516943103], [-73.8143092068137, 40.83035927171022], [-73.81385671977277, 40.830561442922836], [-73.81429959295038, 40.83035010370283], [-73.8139038412147, 40.830068161662226], [-73.8138677501533, 40.829857368782875], [-73.81370296001816, 40.82993303312877], [-73.81366831284689, 40.82989128485404], [-73.81388971246425, 40.82977745270503], [-73.81356669955133, 40.8295895483912], [-73.8136888180453, 40.82953457962184], [-73.81361110494463, 40.829376757956176], [-73.81337687307196, 40.82939120271069], [-73.8135042034341, 40.82922093467533], [-73.8133876638913, 40.82902309447373], [-73.81290321918898, 40.82895313116361], [-73.81318011408784, 40.82880287173231], [-73.81283902767069, 40.82864666669478], [-73.81275469994516, 40.82824823625153], [-73.80992515916773, 40.82817971198707], [-73.81009578138098, 40.82781949359426], [-73.81029679194266, 40.827990852509664], [-73.81105446059489, 40.82798479533869], [-73.81104880187326, 40.82784080565729], [-73.81025357097289, 40.82783386391302], [-73.81003792061725, 40.82778156892595], [-73.81182440558011, 40.82782881413779], [-73.81107330717174, 40.82784157654804], [-73.81107326796136, 40.827984402314925], [-73.81159139308727, 40.82799915311647], [-73.81263975257947, 40.82783640610003], [-73.81265206400504, 40.82755877961498], [-73.81384974858679, 40.826803529132455], [-73.81372207686603, 40.82627159251522], [-73.81291776131222, 40.82635038912083], [-73.81372787850354, 40.826261218718166], [-73.81399111587857, 40.826069598458375], [-73.8139505407614, 40.825729151443774], [-73.81342102197054, 40.825925017271054], [-73.8139416195339, 40.82571703172866], [-73.81379523517661, 40.82529808600175], [-73.81333522606086, 40.82517094670781], [-73.81211350556435, 40.825552634659516], [-73.81327735515306, 40.82516132170772], [-73.81310416797407, 40.82503980750775], [-73.81314913018741, 40.82487178442547], [-73.81403745843352, 40.824483469494105], [-73.81388934710678, 40.82408736743081], [-73.81327417398889, 40.82396666632235], [-73.81281028683271, 40.824339113450115], [-73.81274834896419, 40.824777186958364], [-73.81232005539012, 40.8244113084201], [-73.81177284871205, 40.82433980617299], [-73.81164355619616, 40.824601662268854], [-73.81122136266126, 40.82458580068875], [-73.81119903005481, 40.82479111338092], [-73.81103147525586, 40.82470822704219], [-73.81084728678641, 40.824872490965], [-73.81087496294522, 40.825113947944146], [-73.81076192559331, 40.82490157021186], [-73.81029687321023, 40.8251649258072], [-73.80965481141884, 40.82527553511924], [-73.80909234633549, 40.8258733981643], [-73.80783421319278, 40.82576745480322], [-73.80766604765233, 40.82589699205927], [-73.80697771152347, 40.82538837039508], [-73.80673428399315, 40.8246845829846], [-73.80656361554976, 40.82460640543196], [-73.80677866215677, 40.82438253431545], [-73.80651819407534, 40.82419799191291], [-73.8067904943604, 40.823993362191935], [-73.80675058060025, 40.82382807065881], [-73.80646480610469, 40.82379926749933], [-73.80669197728993, 40.82367927106443], [-73.80659975771758, 40.823336869188815], [-73.80623630693555, 40.82330793515342], [-73.80651018604723, 40.82315261222204], [-73.80644539068587, 40.822996720660264], [-73.80629982379598, 40.82283597373472], [-73.80595169124446, 40.822882595349604], [-73.80622264764015, 40.822663539626035], [-73.80582465580834, 40.8217677897932], [-73.80599159848933, 40.82082355849026], [-73.80572802989728, 40.8201773386952], [-73.80451800415726, 40.818927687513074], [-73.8033684017511, 40.818251071676166], [-73.80267407634148, 40.81823857509168], [-73.8025216340191, 40.81852598780352], [-73.80204560721599, 40.81854554071055], [-73.80188493617563, 40.81835871604607], [-73.80070859721168, 40.818043276298724], [-73.80057465165834, 40.81769805186394], [-73.80032540130408, 40.817560445663965], [-73.79759032777474, 40.81650753156775], [-73.79738112573526, 40.81576350489581], [-73.79771465236787, 40.81551329274363], [-73.79811945293618, 40.81569878450088], [-73.798642206466, 40.81546401593534], [-73.79902816314, 40.81554113493885], [-73.7999467818626, 40.8144495656896], [-73.8001114686428, 40.81402452556079], [-73.80091593237641, 40.813761402506735], [-73.801458005173, 40.81294094720333], [-73.80174561215946, 40.8128650174159], [-73.80140380968845, 40.8123633086587], [-73.8017593218082, 40.81286139698747], [-73.80278328256769, 40.81246795950131], [-73.80361424976927, 40.81252311416324], [-73.80351997906492, 40.81292187125176], [-73.80377912019877, 40.812809906043235], [-73.80361429261175, 40.81304451442571], [-73.80423653201608, 40.81364652849603], [-73.80435810280545, 40.81360853867307], [-73.80415365301042, 40.81373067286529], [-73.80422899591787, 40.81366330521183], [-73.80355921193633, 40.813042712172475], [-73.80361455805945, 40.81297219119175], [-73.80351370643069, 40.812935243289566], [-73.80323543316763, 40.81329636687351], [-73.80345177160314, 40.81335213066672], [-73.80322449300479, 40.81335858052028], [-73.80345519299611, 40.81340269149332], [-73.80396704457125, 40.813966553255575], [-73.80409073408251, 40.81395152475985], [-73.80443465897424, 40.81429319648734], [-73.80453081609834, 40.81425461992452], [-73.80443367591207, 40.81431888559632], [-73.80395955345396, 40.81398808555844], [-73.8034304211, 40.81342211984301], [-73.80322176299285, 40.81337410994241], [-73.80351667337368, 40.8139519636488], [-73.80418033130341, 40.81458996281165], [-73.80439171940236, 40.8145378567033], [-73.80447282080506, 40.8148898316513], [-73.8051501797039, 40.8156679055044], [-73.80596026415867, 40.81604244974222], [-73.80658358725697, 40.8165945881658], [-73.80611761373768, 40.81595220882368], [-73.8053787878482, 40.815482620282864], [-73.80508103466828, 40.815197963510215], [-73.80455440519013, 40.814629841734714], [-73.80465942749018, 40.814544988618515], [-73.80458924572565, 40.81462151114415], [-73.80527878825221, 40.81537726427392], [-73.80610141798057, 40.815919716451454], [-73.80632932566311, 40.81613795831517], [-73.80671967987072, 40.81657517074711], [-73.80660603189658, 40.8166644940413], [-73.80692933177552, 40.81656837907689], [-73.80653572493792, 40.81589198688903], [-73.80694199535742, 40.816564614220944], [-73.80704600153508, 40.816533693875506], [-73.80662873423289, 40.81568383970528], [-73.80640177811446, 40.815702030649675], [-73.80663156323897, 40.81559499146097], [-73.80568442908414, 40.81503342491178], [-73.80563622499177, 40.814760737344066], [-73.80545612201098, 40.814686574062925], [-73.80557414932625, 40.81454024535899], [-73.80542559785732, 40.81440061323844], [-73.80544921116916, 40.81337665607651], [-73.80503226584314, 40.8126078745515], [-73.80496336521072, 40.812163958656555], [-73.80438958921822, 40.81201183661807], [-73.8039118606247, 40.81211049788137], [-73.80337276458212, 40.811539786699186], [-73.80293001868921, 40.810541861353], [-73.80235340278853, 40.81003705946174], [-73.80214816382782, 40.81002652173948], [-73.80135552746763, 40.81071084539768], [-73.80115707624903, 40.81058776561525], [-73.80101172843698, 40.81071339964633], [-73.80146670007328, 40.81014171796329], [-73.80010949916787, 40.80971095357593], [-73.7985376596495, 40.809587075529905], [-73.79228907337423, 40.80684900557966], [-73.79140059877884, 40.80699787797668], [-73.79130157564589, 40.80717252058432], [-73.79152359046667, 40.807489087407966], [-73.79086475738721, 40.80734113943563], [-73.79073479983785, 40.80658882885675], [-73.79012463293932, 40.80577156038848], [-73.79006256327877, 40.805408942337195], [-73.79028410874012, 40.80481710419159], [-73.79103717515419, 40.804263032204766], [-73.79224529218997, 40.80399636481764], [-73.7933898228672, 40.80420433003646], [-73.79577769393846, 40.806162949531966], [-73.79601037569107, 40.80592103186723], [-73.79620903473031, 40.805968590964554], [-73.79650268526339, 40.80610443599022], [-73.79636945999799, 40.806277202766786], [-73.79702945544376, 40.806345377216566], [-73.79791578987583, 40.80671223052465], [-73.80159393169578, 40.80898635372138], [-73.80278236265666, 40.80912012289744], [-73.80392673417204, 40.80852797081189], [-73.80467808369018, 40.80922579912282], [-73.8071398788404, 40.8106616769565], [-73.80857216380751, 40.81216102712836], [-73.810164771254, 40.812987973839306], [-73.8107847786833, 40.812770951355176], [-73.8113331862557, 40.81301467554197], [-73.81185065747296, 40.81293940054305], [-73.81313381796316, 40.81333105424325], [-73.81359806345634, 40.81332634208583], [-73.81400319066054, 40.81355146726609], [-73.8144306731256, 40.81351837521333], [-73.8143693843687, 40.81293640140616], [-73.81449994116008, 40.81290828760471], [-73.81461860845134, 40.81296689723888], [-73.81449745463847, 40.812964931467135], [-73.81447727191156, 40.813518541338745], [-73.81566326325769, 40.81351203974366], [-73.81587919093438, 40.81376705586658], [-73.81648015546806, 40.81385323187898], [-73.81737201626862, 40.8135743443072], [-73.81735988456768, 40.81337571953483], [-73.81738942091515, 40.81357073625084], [-73.81792084127706, 40.81354467959833], [-73.81793546303673, 40.81329796423302], [-73.81797608887013, 40.81329902414658], [-73.81804229161185, 40.81353296785646], [-73.81981638454947, 40.813179933156086], [-73.82010759340298, 40.81286406966558], [-73.82039207280249, 40.812844014007396], [-73.82055521517309, 40.813017655077104], [-73.82024436122057, 40.81243067757415], [-73.8210651207108, 40.81220359146245], [-73.8203235551588, 40.812439652195124], [-73.82042087950583, 40.812638072505415], [-73.82112969804922, 40.81244975686706], [-73.82044179624134, 40.81265757783644], [-73.82058709143999, 40.81301944660828], [-73.82141253439893, 40.81287295247819], [-73.82142259915253, 40.81270158730655], [-73.82151718570914, 40.81284732123563], [-73.82169530549909, 40.81266483427267], [-73.82175599067492, 40.812768536024436], [-73.82228290825742, 40.81266149978779], [-73.82217145218596, 40.812354005779234], [-73.82230863559998, 40.812658215581365], [-73.82339467954196, 40.812355885997235], [-73.82347433550338, 40.81219137377928], [-73.82425634238095, 40.812110434713645], [-73.82505782163025, 40.81182991738434], [-73.8248090535986, 40.81143928210276], [-73.82507659171799, 40.81182331338762], [-73.82524350467826, 40.81176134024024], [-73.82487938938073, 40.811272983828395], [-73.82526664318074, 40.81175234789871], [-73.82549075252282, 40.81165933092513], [-73.82523137433441, 40.81120978879389], [-73.82551303817354, 40.81164913340958], [-73.82565070298223, 40.81159229041371], [-73.82535766859549, 40.81102764392394], [-73.82567229084664, 40.81158474423311], [-73.82549979349373, 40.81102785912652], [-73.82581255718912, 40.81153370452054], [-73.82592714984648, 40.81148650139682], [-73.82576724152807, 40.811215910233415], [-73.82595641099927, 40.811474448435305], [-73.8263078460309, 40.8112841222068], [-73.82841397073399, 40.814875147706914], [-73.82317237375129, 40.81667961383229], [-73.82536829601092, 40.82021181456548], [-73.8267166142165, 40.82181857635124], [-73.82832921538726, 40.82104039191178], [-73.82945920735152, 40.82237711050037], [-73.82464427913193, 40.82476385129356], [-73.83110226702166, 40.82682445484047], [-73.83131652582671, 40.826718788145726], [-73.83533550530322, 40.82819244340195], [-73.83683220352492, 40.82844144222098], [-73.83701656738135, 40.82905341019239], [-73.84229237322884, 40.82869980753232], [-73.84233077410983, 40.829073962955555], [-73.84223013648109, 40.82983069124914], [-73.84188643774428, 40.83071317653467], [-73.83918095199299, 40.83315611875267], [-73.83888164699847, 40.83360115423376], [-73.83881438332628, 40.83395811930365], [-73.83926310253091, 40.837204885476886], [-73.83919255169405, 40.83871362855962], [-73.8395895367734, 40.83879848632725], [-73.83972014383056, 40.839565406487075], [-73.83956700266877, 40.840547227886674], [-73.83936794250523, 40.84088297398455], [-73.838390561589, 40.84067681413349], [-73.83762124147182, 40.84028356682357], [-73.83767001462611, 40.84112190832366], [-73.83682639764969, 40.84346244676611], [-73.83294076425469, 40.8435191604696], [-73.83043186269853, 40.84385798362894], [-73.82611300556735, 40.84533869376915], [-73.82624132843662, 40.84299359414358]]]}, "properties": {"geo_id": "BX1002", "name": "Throgs Neck-Schuylerville", "borough": "Bronx", "area_km2": 6.1759}}, {"type": "Feature", "id": 81, "geometry": {"type": "MultiPolygon", "coordinates": [[[[-73.78833349834372, 40.83466713026211], [-73.78931223606466, 40.834464887056185], [-73.78951019872315, 40.835364042525896], [-73.78845699948884, 40.83530991481694], [-73.78833349834372, 40.83466713026211]]], [[[-73.8156337811069, 40.848183122394374], [-73.8158666602996, 40.8480885185401], [-73.81589732510537, 40.84782360569306], [-73.8156045139199, 40.84765868316229], [-73.8159744992788, 40.847652422096886], [-73.81612862927301, 40.847388856118926], [-73.81602685115186, 40.846400457765036], [-73.81571903834562, 40.846293443498986], [-73.81545867549151, 40.84660302927321], [-73.8146272778874, 40.847142794761105], [-73.81464594697547, 40.84721961352912], [-73.81451106769596, 40.847106078026904], [-73.81570353189454, 40.84629134042393], [-73.81492265739449, 40.84648348818985], [-73.81368634738338, 40.84727432500665], [-73.81356372861671, 40.84715141127868], [-73.81490858203334, 40.84646876437664], [-73.81465695793435, 40.84620554530155], [-73.81442352579826, 40.846187825072626], [-73.81508593856046, 40.84559500241361], [-73.81502627604162, 40.84549999556117], [-73.81420573129107, 40.84601018088854], [-73.81399042132541, 40.8458269186914], [-73.81318865072643, 40.84622953597282], [-73.81403198219381, 40.84558929786809], [-73.81368589027332, 40.84565906225389], [-73.81394279129057, 40.84551158860884], [-73.81372892648909, 40.84548506766984], [-73.81384258803165, 40.84539939043825], [-73.81363258232705, 40.84528076903152], [-73.81335905584885, 40.845845499833786], [-73.81328932692877, 40.845951022731775], [-73.8132129524411, 40.84592294034459], [-73.8136185826719, 40.84527504188613], [-73.81325997724694, 40.84523399045836], [-73.81284939958523, 40.84631879949846], [-73.81272457676766, 40.84628661994728], [-73.81324326351064, 40.845235907850174], [-73.81310050630461, 40.84517241447135], [-73.81287703597569, 40.84513466794604], [-73.81315597044255, 40.84521210037648], [-73.81285536957496, 40.84518628596415], [-73.81241445328276, 40.84655938024637], [-73.81227790834322, 40.84654345827833], [-73.81284143551395, 40.84518017067758], [-73.81261378787293, 40.84510950786606], [-73.81285774337815, 40.845129545091844], [-73.81254457815471, 40.84497959851104], [-73.81203501629514, 40.8465326059042], [-73.81188458844791, 40.84659496706141], [-73.81243625060675, 40.84673771207574], [-73.81169971823518, 40.846681701316385], [-73.81266141349053, 40.84420764950098], [-73.81278395303993, 40.84422834819621], [-73.81271242301719, 40.844466536296615], [-73.81282121937787, 40.84425961604966], [-73.81276123529959, 40.84447330393567], [-73.81299120304948, 40.84452250755827], [-73.81270337280489, 40.84448531243257], [-73.8126488933667, 40.844659467667476], [-73.81311795023566, 40.84478760356984], [-73.81264095743703, 40.844681662259404], [-73.81254909054671, 40.84495227464261], [-73.81367848761444, 40.845056980413034], [-73.81416729043147, 40.84478090603216], [-73.81369979221634, 40.84484845686251], [-73.81418334592286, 40.844682199586174], [-73.8134659702823, 40.8442631889335], [-73.81336027086361, 40.84389382222889], [-73.81347956591408, 40.8436511193518], [-73.81499955039924, 40.84350445213947], [-73.81521540878163, 40.84407819967554], [-73.81567292547398, 40.84442877611073], [-73.8163057192373, 40.84439921093304], [-73.81626214805621, 40.84418484488199], [-73.81643583750184, 40.844064906999066], [-73.81699352071388, 40.84408902119416], [-73.81708851782106, 40.84426451235982], [-73.81750072974577, 40.8443674444079], [-73.81823722746202, 40.844355041712824], [-73.8181908905061, 40.84411314800019], [-73.81768994516761, 40.84426849517254], [-73.81718704179752, 40.843915963915165], [-73.81662677325095, 40.84394489856042], [-73.81620217852914, 40.84307332262832], [-73.81572300132142, 40.84253656548452], [-73.81517113664873, 40.84257716162403], [-73.81570207846413, 40.84251972168978], [-73.81541503896554, 40.84239132728102], [-73.81558492097017, 40.8418412651052], [-73.81526263397677, 40.84125983942319], [-73.8147334581754, 40.84137572831102], [-73.81522026179324, 40.841202676499854], [-73.81523404887383, 40.84100964099411], [-73.81505399109442, 40.84053808589673], [-73.81490477086113, 40.84055936014477], [-73.81504912628206, 40.84051761955146], [-73.81480646696288, 40.83980436638403], [-73.81436596502351, 40.83986536426771], [-73.81479697880746, 40.83978795740707], [-73.81472319684342, 40.83958888710279], [-73.81431578800085, 40.839649526509604], [-73.81430900133549, 40.839622416882], [-73.8147199908385, 40.839571878589624], [-73.81478277740136, 40.83907648846036], [-73.81591903276419, 40.83861221146235], [-73.81628378113194, 40.83823082908735], [-73.8164789029115, 40.837661159371045], [-73.81606068234538, 40.83603019695964], [-73.8237938310232, 40.83430014695847], [-73.82463346336336, 40.833855808717615], [-73.82515883780727, 40.83461447159582], [-73.82601252570736, 40.83402077820548], [-73.82622087716516, 40.83435470829211], [-73.82560350295476, 40.835030147716154], [-73.82540482515108, 40.83565927473923], [-73.82584985894458, 40.83706086710221], [-73.82598686829103, 40.840675752385785], [-73.8262413284368, 40.84299359414358], [-73.8251799893859, 40.84270005947733], [-73.82495697574903, 40.84610544480085], [-73.82048405462841, 40.84850102613052], [-73.82014043614465, 40.848020598550825], [-73.8163011915205, 40.84857217290626], [-73.81514191918522, 40.849080613237774], [-73.8156337811069, 40.848183122394374]]], [[[-73.83294076425469, 40.843519160469555], [-73.83682639764963, 40.84346244676608], [-73.83615362825832, 40.84613117623273], [-73.83555900132365, 40.851964014450914], [-73.83463970149687, 40.85381799426279], [-73.8339057394673, 40.85446778091111], [-73.83228148797645, 40.855177449608284], [-73.83129157639193, 40.85543410585364], [-73.8286019701075, 40.855717848095146], [-73.82720400243912, 40.853289984425956], [-73.82737835678005, 40.8528179596682], [-73.82713133237078, 40.85187108152582], [-73.82785535337469, 40.849738686471156], [-73.82799994448251, 40.84863235104752], [-73.82645014852619, 40.8462633958253], [-73.82611300556735, 40.84533869376915], [-73.83043186269853, 40.84385798362894], [-73.83294076425469, 40.843519160469555]]], [[[-73.78922202961881, 40.8587425155315], [-73.78876651996588, 40.85840216757863], [-73.7887840285474, 40.857420689834136], [-73.788043429758, 40.857559917687304], [-73.7880283070167, 40.85751468178645], [-73.78877898544022, 40.85740092519983], [-73.78871047688186, 40.85704703271122], [-73.7888965495719, 40.856573386709975], [-73.78853687735484, 40.85615850378558], [-73.78835943222205, 40.85562648965101], [-73.78841511184291, 40.855187637104635], [-73.78855365724971, 40.85514873561187], [-73.78829413646666, 40.85482265139027], [-73.78847732653362, 40.85440052053236], [-73.78834700683471, 40.85415351945254], [-73.78756282815057, 40.854375849396], [-73.78734753146585, 40.8543858849571], [-73.78834514784097, 40.8541320123503], [-73.78731450066243, 40.85421194272583], [-73.78690734702697, 40.85406397229935], [-73.78792821707314, 40.85373779738932], [-73.78800064949667, 40.8535246363282], [-73.78588186506653, 40.85178867244104], [-73.7852921065284, 40.85162064997246], [-73.78413189167985, 40.851832806157404], [-73.78431415166013, 40.85176754570707], [-73.78387115358147, 40.85155896167022], [-73.78396112488473, 40.85148693342059], [-73.78338158610394, 40.85158673391453], [-73.78360210541761, 40.85131951928028], [-73.78460077697608, 40.85109569219537], [-73.78445463288391, 40.850772874357226], [-73.78384119307995, 40.850692899498476], [-73.78406580837334, 40.850625233236585], [-73.78401288041842, 40.85047528985322], [-73.78425785826201, 40.8502531806425], [-73.78420047134387, 40.85006064424078], [-73.78353497808742, 40.84922096742046], [-73.7831794489844, 40.849222360447094], [-73.7830353553807, 40.849071907625465], [-73.78244952709214, 40.84934115401586], [-73.7822180640812, 40.84916680459505], [-73.78209456304339, 40.84924730051244], [-73.78215814152054, 40.849116173924045], [-73.7815749238, 40.849430631845514], [-73.78154449088599, 40.84940043464348], [-73.78214108697684, 40.849100663170425], [-73.78161594069073, 40.8488962046113], [-73.78161367535205, 40.84877238635009], [-73.78150620325313, 40.84884252817927], [-73.78157440440638, 40.84873180821256], [-73.78143249522125, 40.848800006316054], [-73.78149386587495, 40.84858047582596], [-73.78267467079046, 40.8481396719416], [-73.78097820938956, 40.84845834791372], [-73.78130627517385, 40.848347686472785], [-73.78110697775325, 40.84829475819671], [-73.78263740397894, 40.84807264924598], [-73.7825040863354, 40.84791327376341], [-73.78158418081713, 40.848037051537375], [-73.78148431950562, 40.84788219384882], [-73.78142920347751, 40.84745634585999], [-73.78207848449945, 40.8471308084081], [-73.78223364202954, 40.8468533721759], [-73.78216393435416, 40.846636338283574], [-73.78063668411163, 40.84692333475258], [-73.78067693704074, 40.847061485793674], [-73.78046241598466, 40.84710023328975], [-73.7804032695843, 40.84693113466882], [-73.78106043973015, 40.846802551854495], [-73.78115182578733, 40.846246304124705], [-73.78110675694619, 40.846746997140094], [-73.78168786937849, 40.846638875212065], [-73.78174288903256, 40.84641229011609], [-73.78171494622927, 40.8466574737123], [-73.78109301885023, 40.84679849209014], [-73.78215667396832, 40.84660757811384], [-73.78251345116695, 40.84640877205391], [-73.78235702810515, 40.845981588332826], [-73.78257932865692, 40.84593589302793], [-73.78249597258954, 40.845661561949214], [-73.78309442048653, 40.84551828556486], [-73.7831464422737, 40.8453099420262], [-73.78307455830661, 40.84550976429207], [-73.7824248715568, 40.845676336164615], [-73.78181646104312, 40.845764978051164], [-73.783050749408, 40.84549682317605], [-73.78306023126584, 40.8450857085672], [-73.78181535900454, 40.84548058288049], [-73.78188707672838, 40.84533388514698], [-73.78307457446685, 40.84505636873404], [-73.7831524550558, 40.84529598383054], [-73.78322207613928, 40.84506344465836], [-73.78297579244168, 40.84468094852312], [-73.78336536135346, 40.844444722981876], [-73.78306040951999, 40.844372063893026], [-73.78301129829549, 40.8441726903474], [-73.78326987072661, 40.84406939209054], [-73.78309494706286, 40.843866093899855], [-73.78348428748818, 40.84367854599862], [-73.78290650949765, 40.84393612584027], [-73.78052736048546, 40.84452514033834], [-73.77992703744272, 40.843883081858586], [-73.7805330271456, 40.84445302176281], [-73.78039623281843, 40.84396640868252], [-73.78058464728883, 40.8444345726984], [-73.78106261364299, 40.84432831787688], [-73.78087690198711, 40.843862220487964], [-73.78108977797854, 40.844320127077786], [-73.78154602523335, 40.84421588974787], [-73.78137674098204, 40.84370448704279], [-73.78157590302862, 40.84420770296805], [-73.78200770536675, 40.84410960066983], [-73.78183306599361, 40.84357551830506], [-73.78203757586101, 40.8441034754762], [-73.7824367989546, 40.844009431100055], [-73.78224871668732, 40.84343616841767], [-73.78246939706078, 40.843999188337804], [-73.7828224397139, 40.843919481199634], [-73.78257210724104, 40.843294581440894], [-73.7827849863566, 40.84375454548109], [-73.78309186112214, 40.84368505531395], [-73.7828738817701, 40.84312410236129], [-73.78313252568671, 40.84369749673193], [-73.7828066150656, 40.8437793161222], [-73.78284151617684, 40.843894787202096], [-73.78347481249254, 40.8436547381099], [-73.78319194518802, 40.84286786398404], [-73.78304539815447, 40.84289633206686], [-73.78321038850865, 40.84347933886666], [-73.78291098678903, 40.842922355005754], [-73.78313925968514, 40.84282231999279], [-73.78291747085119, 40.84280644567928], [-73.78312383020324, 40.84273620299385], [-73.78288778301486, 40.84249482884979], [-73.78273319376777, 40.84252170549867], [-73.78281584526057, 40.84276452259681], [-73.78270669982571, 40.8425324758105], [-73.78229941204741, 40.84260589641226], [-73.78244452404594, 40.84304203441689], [-73.78226682874738, 40.842612018228394], [-73.78180048362285, 40.84269614629641], [-73.78193306593508, 40.843228088579195], [-73.78177196927732, 40.84270227349214], [-73.78124656634499, 40.842797107289634], [-73.78142785188767, 40.843370873276584], [-73.78121601119454, 40.8428047768933], [-73.78067429925022, 40.84290730453787], [-73.78082903681138, 40.84350729764843], [-73.78064375993476, 40.842910337118454], [-73.7802955253207, 40.842973044894116], [-73.78022773872516, 40.843778181800474], [-73.78022662418412, 40.84288326793048], [-73.78286499304919, 40.84247810188288], [-73.78059735822595, 40.84278659994118], [-73.78236855953504, 40.84242849314983], [-73.78215166139556, 40.84235522811151], [-73.78231110910548, 40.84222417895734], [-73.78162055021923, 40.8423294948882], [-73.78230643317929, 40.84221111530761], [-73.78233257149715, 40.8419228441103], [-73.78144003107849, 40.842142133493596], [-73.7823235128595, 40.84189833045476], [-73.78203752533945, 40.8418419167152], [-73.78226345326243, 40.841778115982606], [-73.78201593435607, 40.841793189025346], [-73.78216624418963, 40.841689144110276], [-73.78129928115405, 40.841794442126336], [-73.78133868505381, 40.84199621848308], [-73.78124863436328, 40.841877807984254], [-73.78113290101267, 40.84191062605378], [-73.78119772238894, 40.84204202937318], [-73.78097935660914, 40.841952935335705], [-73.78102354425013, 40.84209299441174], [-73.78084643997113, 40.84198919812338], [-73.78088717448657, 40.84213446705879], [-73.78069632802134, 40.84203238300083], [-73.7807209883044, 40.84219153230595], [-73.78065508218242, 40.84204186836263], [-73.78056292707018, 40.84221470520382], [-73.78034805158225, 40.84210909822463], [-73.78042577181698, 40.84249439370444], [-73.78029863976325, 40.8425115399649], [-73.78019599955121, 40.8420462114789], [-73.78185048197783, 40.84165394639447], [-73.78166051213775, 40.84112417458322], [-73.78084223802145, 40.841276324530874], [-73.78089220543974, 40.841553084197194], [-73.78079752923459, 40.84125614604855], [-73.7816485529559, 40.84109776352898], [-73.78139143568951, 40.84103660961834], [-73.78161069651529, 40.84099624002586], [-73.78137488194953, 40.84097887100524], [-73.78159396937092, 40.84093979725079], [-73.78141805071888, 40.840714755716355], [-73.78154296060539, 40.840386661604626], [-73.78149172006935, 40.8402062245254], [-73.78125361834736, 40.84025549993644], [-73.78148878089088, 40.8401973244248], [-73.78136267245316, 40.83973018981648], [-73.78117947802237, 40.83974586275854], [-73.78135932010674, 40.83971170821595], [-73.78134125145768, 40.83947856344309], [-73.78113875725964, 40.839494278801894], [-73.78133988849417, 40.83946969983044], [-73.7815678098351, 40.838537405736496], [-73.78200420988878, 40.83801557280987], [-73.78188455720445, 40.83765027610237], [-73.7823814255608, 40.83732410616755], [-73.78272760738827, 40.83748795934645], [-73.78290629191042, 40.83732000557034], [-73.7827036458365, 40.836842801965716], [-73.78268131435591, 40.836483677153716], [-73.78282260139738, 40.83633815588806], [-73.78302921862898, 40.83634585184235], [-73.78338168059172, 40.836909272183405], [-73.78410164591475, 40.83672552885556], [-73.78448456140015, 40.83702422253872], [-73.78498060328258, 40.836746425578156], [-73.78508226642944, 40.83688190720812], [-73.78450333965199, 40.83705776567387], [-73.78485009222503, 40.837470489681245], [-73.78512582175483, 40.8374460415696], [-73.7856399784529, 40.83706443508809], [-73.78583067897951, 40.837209980003486], [-73.78565279572157, 40.837132105228726], [-73.78516584428664, 40.837471334061945], [-73.78527712948421, 40.837756718087114], [-73.78557796850949, 40.83792711322554], [-73.78553011445189, 40.83879827783989], [-73.7857350929869, 40.839234231776], [-73.78652598496427, 40.839723115607164], [-73.78740758746173, 40.83967762269453], [-73.78763931218849, 40.84053189573942], [-73.78735724244298, 40.840590772279384], [-73.78749166412595, 40.84084234167422], [-73.78818132144563, 40.84071108050155], [-73.78815921166516, 40.84049077856722], [-73.78825453283457, 40.84074586311868], [-73.78752379733696, 40.840879612185354], [-73.78778656794941, 40.8408922225155], [-73.78786404049858, 40.84108172533249], [-73.78761237716417, 40.84119800529479], [-73.78784487499479, 40.84147147933342], [-73.7883661747514, 40.841504610011576], [-73.78802003550362, 40.84178384145895], [-73.78829358843863, 40.84178537313683], [-73.7880559907063, 40.841867030680305], [-73.78838456613674, 40.842381978370796], [-73.78883864895148, 40.842350395961354], [-73.78852780801357, 40.84242557639117], [-73.78905825501366, 40.84323533177022], [-73.78961660328292, 40.843112654867745], [-73.7899242492442, 40.84322415424088], [-73.78993093388252, 40.84304226436384], [-73.78999975309038, 40.8433078172438], [-73.78986183858281, 40.84325095414687], [-73.78988953603839, 40.84338093446746], [-73.78973469326606, 40.843413247981445], [-73.78989919889746, 40.84341714716177], [-73.78980449502201, 40.84358665578], [-73.78933708725556, 40.843681498558276], [-73.78947182214253, 40.844292977849655], [-73.79066589001023, 40.84574155883457], [-73.79098858375896, 40.845652832062655], [-73.79069785364858, 40.845786012551024], [-73.79097333310678, 40.846357311525146], [-73.79149076513715, 40.84625100446286], [-73.79112759246651, 40.84635759094971], [-73.79118128785345, 40.84655567592994], [-73.79141379114441, 40.846547847033], [-73.79132451947298, 40.84660873199679], [-73.79148034725841, 40.846802052211316], [-73.79179343625613, 40.846731671826895], [-73.79136709858452, 40.846887642686], [-73.7914863741696, 40.84695880326042], [-73.79144049688328, 40.84730604348374], [-73.79177232700852, 40.847228253279255], [-73.79191997810089, 40.847258218030895], [-73.791429627565, 40.84735998917455], [-73.79154104882424, 40.84753801679582], [-73.79126708567364, 40.84760186735426], [-73.79132975970211, 40.848057922561864], [-73.79161765431293, 40.848052924910554], [-73.79133588063233, 40.848086238652606], [-73.79111195407883, 40.848808127034346], [-73.79091971727745, 40.848866873518546], [-73.7910136233899, 40.848985209716986], [-73.79088710141187, 40.84888656329551], [-73.78975711070451, 40.84953146979038], [-73.78985836952192, 40.849972559362044], [-73.79094776857634, 40.84973917964398], [-73.79098877124962, 40.84982834852718], [-73.7898663031397, 40.8499893896982], [-73.79001758789165, 40.85031633146012], [-73.79035766981572, 40.850142335118676], [-73.7904050605415, 40.850272763216736], [-73.78989186585673, 40.85046418129204], [-73.79007093170912, 40.85093201960438], [-73.79024764837361, 40.85090351102556], [-73.7900864002191, 40.850984473853664], [-73.79026824507268, 40.850961088073994], [-73.79009094385908, 40.85099476390048], [-73.79012439171673, 40.85118991269729], [-73.78951371516169, 40.85130077171331], [-73.78956272464042, 40.85148733732484], [-73.78978510702808, 40.851462293378326], [-73.78966571914013, 40.851338642825034], [-73.7900578136058, 40.85141453071263], [-73.79001796987356, 40.85125947095848], [-73.79008961569993, 40.85140716358996], [-73.79034518797948, 40.851366793055185], [-73.79033709517917, 40.8512201443538], [-73.79037943653306, 40.85135850372418], [-73.79082454198972, 40.851289706318575], [-73.79081765352956, 40.851148627155986], [-73.79098717984141, 40.8512640158018], [-73.79089018435826, 40.85140397743788], [-73.78966490344519, 40.85150038213228], [-73.78972573712082, 40.85169267056512], [-73.79089217930074, 40.85154690354906], [-73.79019588667127, 40.85175290506567], [-73.790463705281, 40.85176700615418], [-73.79008396904275, 40.8520345268798], [-73.7901550926101, 40.852251285235994], [-73.79016095150182, 40.85204023542596], [-73.79027404235785, 40.85222327109272], [-73.79053212420838, 40.85216341464534], [-73.79045200336101, 40.85198972095046], [-73.79057493410306, 40.85215328413453], [-73.7908061058761, 40.8520998764705], [-73.79074309499367, 40.85192621249454], [-73.79056092458299, 40.85194444338779], [-73.79079463354844, 40.85186134138593], [-73.79085380717564, 40.85208882547112], [-73.79111196084233, 40.85200576781262], [-73.79101097118456, 40.85186080525309], [-73.79117366731279, 40.85181655276705], [-73.79118770764549, 40.8520161125069], [-73.79146293339033, 40.85194514919429], [-73.79132045117352, 40.851779696596886], [-73.79151738677949, 40.85172993589106], [-73.79149596814061, 40.851934072924045], [-73.79176994883012, 40.85187053095148], [-73.7917275018874, 40.85176465395933], [-73.79249450978072, 40.85155072509289], [-73.79176780605792, 40.85177400820881], [-73.7920573145789, 40.851825573262545], [-73.79017007126143, 40.85228066165614], [-73.79113795170932, 40.85205585257384], [-73.79133456753257, 40.85216606767377], [-73.79122653385119, 40.852258010503384], [-73.79136187979897, 40.85222597753408], [-73.79123655971779, 40.85228028988671], [-73.79318284075856, 40.85180857187147], [-73.79311837183837, 40.851578295241], [-73.79323786787478, 40.85193117517721], [-73.79312894074076, 40.85184807217349], [-73.79124556783768, 40.85230468141089], [-73.79138052695524, 40.85260203830493], [-73.7934098763101, 40.85202188423312], [-73.79350762831913, 40.852264043925004], [-73.79342400669044, 40.852136302527754], [-73.79139106468674, 40.85262807498608], [-73.79144640027788, 40.85277157192435], [-73.79042053780171, 40.85302297821269], [-73.7904987936305, 40.85318872151363], [-73.79100586740218, 40.85311769126212], [-73.79145436303882, 40.85301084721116], [-73.79143702716799, 40.8528227274811], [-73.79150327251574, 40.85300474895982], [-73.79170223896091, 40.85295808594579], [-73.79165554436244, 40.85277733822669], [-73.79172995524623, 40.8529544234903], [-73.79196318311148, 40.85289544822891], [-73.79191649946218, 40.85271098813861], [-73.79198928164567, 40.85288807029819], [-73.79222413063734, 40.85283157209447], [-73.79217580837646, 40.85264958482435], [-73.79225186097561, 40.852822960382355], [-73.79248669881491, 40.852770173952386], [-73.79243675473354, 40.8525857082062], [-73.79250954048055, 40.85276155271456], [-73.79283083884894, 40.85268046076805], [-73.79281511966929, 40.85249481930906], [-73.79290086687219, 40.85269543547991], [-73.7908075866374, 40.85319906006325], [-73.79086201986684, 40.853319781606245], [-73.79111431429385, 40.85326445192485], [-73.79126573165878, 40.85370686423333], [-73.79252408728755, 40.85340992120764], [-73.79240931037087, 40.85305333561235], [-73.79255598392739, 40.8534011780384], [-73.79297928311203, 40.85330294440704], [-73.79287610048588, 40.85294418132863], [-73.7930399117011, 40.853371249787926], [-73.79127368128128, 40.85373220788182], [-73.79105721254831, 40.853918412426836], [-73.79245816778624, 40.8536007087539], [-73.79107002765953, 40.8539449566648], [-73.79253714605024, 40.85384932731049], [-73.7925675894479, 40.85401643444069], [-73.79179366809416, 40.85400482990055], [-73.79191811736386, 40.85422235474308], [-73.79133811791577, 40.854439011538496], [-73.79129282160805, 40.85458402547443], [-73.79207675667554, 40.85564516770727], [-73.79250306685451, 40.8557886661372], [-73.79248791157372, 40.85594699320995], [-73.79211616948507, 40.856012615291796], [-73.79201712228527, 40.85617694860646], [-73.79256814126143, 40.85625611826759], [-73.79201050009056, 40.85622512771859], [-73.79193700279906, 40.856405157419736], [-73.79208814753774, 40.85647764200837], [-73.79190183340098, 40.85654691187076], [-73.79309492152372, 40.856686441404285], [-73.7930307836123, 40.856813917951726], [-73.79189422958885, 40.85656888932979], [-73.7918284550688, 40.85666814339481], [-73.79196180591413, 40.856716856585344], [-73.7917926453544, 40.85671985231674], [-73.79192955714272, 40.85676900166861], [-73.7917850281768, 40.8567308579453], [-73.79170704257521, 40.85685184235265], [-73.79186032552957, 40.85679280353217], [-73.79173546476557, 40.85686642952841], [-73.79220265950254, 40.85714600041052], [-73.79242794130805, 40.85692854153181], [-73.79222189186386, 40.857152298424865], [-73.79282713237983, 40.85743578991807], [-73.79301264383001, 40.85700302604336], [-73.79288403888899, 40.85747920249383], [-73.79185978715215, 40.857004107259584], [-73.79268338575642, 40.85742039309031], [-73.79260923020475, 40.85750770500503], [-73.79211266783629, 40.85716693187052], [-73.79189451913092, 40.85743712186542], [-73.79246516065292, 40.85771533178423], [-73.79256970440441, 40.85763962586503], [-73.79239521723282, 40.85784554775234], [-73.79244336403715, 40.85773674146947], [-73.79174254016168, 40.85739395000313], [-73.79187281897752, 40.857427183075714], [-73.79209332503939, 40.857157990449906], [-73.79184303217399, 40.85702870201153], [-73.7916039346147, 40.85737531249006], [-73.7912937885231, 40.85726323819569], [-73.79094202260372, 40.857552748189], [-73.79163664587966, 40.85788281257107], [-73.79178529423412, 40.85777542535318], [-73.79143695907953, 40.85815468562582], [-73.7916186607567, 40.85790134255081], [-73.79093222800749, 40.85756778747071], [-73.79023592738763, 40.858154084811396], [-73.79006133563244, 40.85845954856141], [-73.79020122975747, 40.85860158971066], [-73.79004599837913, 40.85847540440971], [-73.78922202961881, 40.8587425155315]]], [[[-73.78457451654576, 40.86053199775851], [-73.78436960694069, 40.85985020347803], [-73.78471397657277, 40.85913607850752], [-73.78514017041906, 40.85879261197568], [-73.78607540488369, 40.8592746033861], [-73.78660807970745, 40.8590361420359], [-73.78654275286225, 40.85885732971386], [-73.78669393087262, 40.85868606505971], [-73.78727504379454, 40.858854636519446], [-73.78773372273308, 40.85877099208082], [-73.7871569098543, 40.85956570320526], [-73.78700130484454, 40.86022438891428], [-73.78457451654576, 40.86053199775851]]]]}, "properties": {"geo_id": "BX1003", "name": "Pelham Bay-Country Club-City Island", "borough": "Bronx", "area_km2": 3.2804}}, {"type": "Feature", "id": 82, "geometry": {"type": "Polygon", "coordinates": [[[-73.82023958327838, 40.88549105235241], [-73.82005445513154, 40.88211412906771], [-73.82329599275981, 40.873097418177096], [-73.82126543671284, 40.86907454348972], [-73.81578763977815, 40.86575806143744], [-73.81699760178167, 40.864459031141834], [-73.81684495841918, 40.86430679330122], [-73.81992161730682, 40.86177537338834], [-73.82185639282763, 40.860921949831884], [-73.82721769385084, 40.8592065770412], [-73.82749933534195, 40.85995122793733], [-73.82802069970285, 40.86064153970637], [-73.82955552272453, 40.862163211186704], [-73.83369344270922, 40.87045088808063], [-73.83445853962155, 40.87236150470712], [-73.83480217810629, 40.873724509592066], [-73.83489248330824, 40.87507093688319], [-73.83469378675207, 40.87654394898381], [-73.83376910749529, 40.878720128785915], [-73.83245983015962, 40.880207138608654], [-73.8314448677522, 40.88110660880208], [-73.82986103272992, 40.88217493771597], [-73.82606308664148, 40.88415283671794], [-73.82661159041322, 40.88464924486938], [-73.82205817252976, 40.88610821918946], [-73.82118563797009, 40.88594282815086], [-73.82081880223984, 40.88534331743969], [-73.82023958327838, 40.88549105235241]]]}, "properties": {"geo_id": "BX1004", "name": "Co-op City", "borough": "Bronx", "area_km2": 2.6992}}, {"type": "Feature", "id": 83, "geometry": {"type": "Polygon", "coordinates": [[[-73.86179069374845, 40.85798290436403], [-73.86211953830568, 40.85080617644738], [-73.86303938073125, 40.85061130723248], [-73.86250923687304, 40.8483622811716], [-73.86119240841126, 40.84860346811175], [-73.86038660402573, 40.848235571529656], [-73.85865367202398, 40.84528639061413], [-73.85738111355268, 40.84371626616853], [-73.85333524942047, 40.84247015515494], [-73.86347232312892, 40.84130593270664], [-73.86724818823271, 40.84034380436968], [-73.86920766815935, 40.839600047213814], [-73.87359713479324, 40.83979855643703], [-73.87099518067323, 40.843111392043916], [-73.86804200325662, 40.84481383930633], [-73.86863721590373, 40.845309843266215], [-73.86866193753741, 40.84626015394136], [-73.86892652627044, 40.84688174060916], [-73.8683546583043, 40.84708023338578], [-73.86785992927581, 40.84886493189031], [-73.86920944569769, 40.84923837337521], [-73.86825077674393, 40.85095958673138], [-73.86854755382033, 40.85178561155444], [-73.86846906730995, 40.851970655249666], [-73.86985960354824, 40.85557672814185], [-73.86988842220566, 40.85597106815491], [-73.86818830404283, 40.858063834309256], [-73.86802029148554, 40.857830595406014], [-73.86179069374845, 40.85798290436403]]]}, "properties": {"geo_id": "BX1101", "name": "Pelham Parkway-Van Nest", "borough": "Bronx", "area_km2": 1.4482}}, {"type": "Feature", "id": 84, "geometry": {"type": "Polygon", "coordinates": [[[-73.83681918460869, 40.85727680959649], [-73.83691212692939, 40.85700810813968], [-73.83667557198515, 40.85665266348028], [-73.83523962183261, 40.85649323538413], [-73.8384320683954, 40.85546886873778], [-73.84050192220052, 40.85418698691174], [-73.8414916322777, 40.85319428630851], [-73.84494053664359, 40.84821822152069], [-73.84504985879043, 40.84919158555122], [-73.84488576358358, 40.8502027254642], [-73.84534656840583, 40.84944948845313], [-73.84537026876443, 40.84871262905766], [-73.84578350495234, 40.847966357828874], [-73.84657052841101, 40.84706748181207], [-73.84788491953104, 40.84598898052514], [-73.84623479939157, 40.844490217803454], [-73.84806345327982, 40.84306799865136], [-73.85333524942047, 40.84247015515494], [-73.85738111355268, 40.84371626616853], [-73.85865367202398, 40.84528639061413], [-73.86038660402573, 40.848235571529656], [-73.86119240841126, 40.84860346811175], [-73.86250923687304, 40.8483622811716], [-73.86303938073125, 40.85061130723248], [-73.86211953830568, 40.85080617644738], [-73.86179069374845, 40.85798290436403], [-73.85663664014868, 40.85811529395551], [-73.84930893339586, 40.858717502857175], [-73.84739746975032, 40.85868254585616], [-73.84329553084406, 40.85829037562836], [-73.83681918460869, 40.85727680959649]]]}, "properties": {"geo_id": "BX1102", "name": "Morris Park", "borough": "Bronx", "area_km2": 2.5858}}, {"type": "Feature", "id": 85, "geometry": {"type": "Polygon", "coordinates": [[[-73.85651292255208, 40.87421779315791], [-73.84859676002684, 40.87167078513566], [-73.83578436657568, 40.8650160119998], [-73.83159619877482, 40.8626447044223], [-73.82955552272453, 40.862163211186704], [-73.82840758909647, 40.860948301200125], [-73.82987488517269, 40.85974042012536], [-73.83681918460869, 40.85727680959649], [-73.84329553084406, 40.85829037562836], [-73.84739746975032, 40.85868254585616], [-73.84930893339586, 40.858717502857175], [-73.85663664014868, 40.85811529395551], [-73.8573131056839, 40.859454500573186], [-73.85771028234441, 40.862278230995685], [-73.85890956658274, 40.864636926124476], [-73.85961281182996, 40.865512718615136], [-73.85867298096294, 40.865494958216686], [-73.85848731634543, 40.87128406011891], [-73.85661382450314, 40.87125016748486], [-73.85651292255208, 40.87421779315791]]]}, "properties": {"geo_id": "BX1103", "name": "Pelham Gardens", "borough": "Bronx", "area_km2": 2.793}}, {"type": "Feature", "id": 86, "geometry": {"type": "Polygon", "coordinates": [[[-73.85848731634543, 40.87128406011891], [-73.85867298096294, 40.865494958216686], [-73.85961281182996, 40.865512718615136], [-73.85890956658274, 40.864636926124476], [-73.85771028234441, 40.862278230995685], [-73.8573131056839, 40.859454500573186], [-73.85663664014868, 40.85811529395551], [-73.86758752380511, 40.85783008965106], [-73.86807772351278, 40.857846843348774], [-73.86818830404283, 40.858063834309256], [-73.86841539629643, 40.85778035864567], [-73.86954868016306, 40.8577260303491], [-73.87104944936009, 40.857304838162364], [-73.8704053158089, 40.86396695000492], [-73.87053738586062, 40.86967403208248], [-73.86432616493701, 40.86965632371706], [-73.86426604390132, 40.87138965023632], [-73.85848731634543, 40.87128406011891]]]}, "properties": {"geo_id": "BX1104", "name": "Allerton", "borough": "Bronx", "area_km2": 1.4636}}, {"type": "Feature", "id": 87, "geometry": {"type": "Polygon", "coordinates": [[[-73.84744396752198, 40.88697853116563], [-73.85248305745532, 40.87946370504011], [-73.85207011654009, 40.87929765708492], [-73.85091896017336, 40.87789344063441], [-73.85254854030978, 40.877091586763704], [-73.85172236070235, 40.87684337066242], [-73.85068955598965, 40.87548667888787], [-73.8536363872702, 40.87330059920912], [-73.85651292255208, 40.87421779315791], [-73.85661382450314, 40.87125016748486], [-73.86426604390132, 40.87138965023632], [-73.86432616493701, 40.86965632371706], [-73.87053738586062, 40.86967403208248], [-73.87031508267007, 40.87561752340171], [-73.869361486625, 40.87811174632339], [-73.87094414681728, 40.87850969608353], [-73.87015318464638, 40.880350828061786], [-73.87083567707624, 40.880454115283015], [-73.87001731653702, 40.88234447256421], [-73.86921104987294, 40.88332465258204], [-73.86876632494774, 40.88422386016842], [-73.86700465377983, 40.889073882152694], [-73.86368527749876, 40.89432459751947], [-73.86355915622757, 40.89537701770613], [-73.861359278643, 40.89466231935567], [-73.86273972099802, 40.8918388928246], [-73.84744396752198, 40.88697853116563]]]}, "properties": {"geo_id": "BX1201", "name": "Williamsbridge-Olinville", "borough": "Bronx", "area_km2": 3.367}}, {"type": "Feature", "id": 88, "geometry": {"type": "Polygon", "coordinates": [[[-73.79322870882001, 40.88282259590981], [-73.80520113603046, 40.885999956853716], [-73.80647324328525, 40.88577437235217], [-73.8079021707881, 40.8857804602845], [-73.81276886793779, 40.886683973781075], [-73.8144167023959, 40.88672206890657], [-73.81599692059432, 40.886557406473756], [-73.82081880223967, 40.885343317439734], [-73.82118563796999, 40.88594282815086], [-73.82205817252984, 40.88610821918949], [-73.82661159041312, 40.884649244869415], [-73.82606308664143, 40.88415283671794], [-73.82986103272988, 40.88217493771597], [-73.8314448677522, 40.881106608802114], [-73.83245983015956, 40.8802071386087], [-73.83376910749529, 40.878720128785915], [-73.83445170633568, 40.877274141717166], [-73.834840983582, 40.875792926458715], [-73.83480217810622, 40.8737245095921], [-73.83433720992757, 40.87202702303185], [-73.83264403297201, 40.86823695629476], [-73.82955552272446, 40.862163211186704], [-73.83159619877478, 40.862644704422344], [-73.83578436657562, 40.8650160119998], [-73.8485967600268, 40.87167078513566], [-73.85363638727009, 40.87330059920912], [-73.85068955598965, 40.87548667888787], [-73.85172236070231, 40.876843370662456], [-73.85254854030967, 40.87709158676373], [-73.8509189601733, 40.87789344063441], [-73.85207011653999, 40.87929765708492], [-73.85248305745532, 40.87946370504015], [-73.84744396752198, 40.88697853116563], [-73.84590568479918, 40.88974136988266], [-73.85069084014877, 40.89130277212739], [-73.83804277219701, 40.89414233138703], [-73.82366848120671, 40.889903740295516], [-73.82252377578457, 40.88942882441799], [-73.82240593096051, 40.88961243472186], [-73.82255290044698, 40.88980640514993], [-73.82313461177645, 40.889766397130536], [-73.8233744303617, 40.88992176243488], [-73.8232946529293, 40.89039231075643], [-73.82347778946331, 40.890635790022884], [-73.82337003841566, 40.89096729587616], [-73.82285334940228, 40.891206829094344], [-73.81827737967693, 40.88984713102911], [-73.79405517307794, 40.883699966779645], [-73.79300652560885, 40.883358737381556], [-73.79322870882001, 40.88282259590981]]]}, "properties": {"geo_id": "BX1202", "name": "Eastchester-Edenwald-Baychester", "borough": "Bronx", "area_km2": 5.2393}}, {"type": "Feature", "id": 89, "geometry": {"type": "Polygon", "coordinates": [[[-73.85107116095503, 40.91037152022097], [-73.85347522267351, 40.907530293525184], [-73.8509205929659, 40.90661649448888], [-73.85017317419612, 40.90750786564983], [-73.84708032914374, 40.906156732530505], [-73.84481886918655, 40.90552995017652], [-73.84489264842898, 40.90419086729802], [-73.84138689238422, 40.904172741533245], [-73.84077858813106, 40.90162785769584], [-73.83918285439722, 40.89924987722261], [-73.83924158109215, 40.89873644484584], [-73.83966433123406, 40.8978855156072], [-73.83964812680534, 40.897330535338995], [-73.83839199057287, 40.894067008047344], [-73.85069084014889, 40.89130277212733], [-73.84590568479933, 40.88974136988266], [-73.84744396752198, 40.88697853116563], [-73.86273972099802, 40.8918388928246], [-73.861359278643, 40.89466231935567], [-73.86401637607858, 40.89552304811614], [-73.87048672487636, 40.89664021168233], [-73.87480618048552, 40.89572568830844], [-73.8771197401737, 40.89546866431286], [-73.87643742976617, 40.89687059396146], [-73.87521979614155, 40.89814776521496], [-73.87392964268484, 40.898957367895875], [-73.87144352877161, 40.899994713328404], [-73.86996153525075, 40.90083373596169], [-73.86847685592332, 40.902072434761756], [-73.86789798496261, 40.90294017690395], [-73.85946778634425, 40.90051720976883], [-73.85907692208467, 40.90100799360179], [-73.85941984002902, 40.90139312551417], [-73.8593769645871, 40.901565218666256], [-73.8590270408588, 40.90144491025542], [-73.85886401228039, 40.901711695048654], [-73.85946389891883, 40.90193387763297], [-73.85957882881917, 40.902440843273325], [-73.85926432387326, 40.90266947989485], [-73.85872824700877, 40.90228897107134], [-73.8581599991654, 40.90230571020182], [-73.85816460144906, 40.90259586105979], [-73.85796932195889, 40.902850907686215], [-73.85755967591301, 40.90291779646053], [-73.85711090413734, 40.9036495326953], [-73.85717176236315, 40.90408206543563], [-73.85699157280402, 40.90458421006768], [-73.85743457529816, 40.904841544202085], [-73.85717765921405, 40.90528654165973], [-73.85665436756425, 40.905055000781694], [-73.8560102332303, 40.90530598362625], [-73.85601160773105, 40.90548208344005], [-73.85650251628125, 40.90556384879512], [-73.85692398113837, 40.9059741701104], [-73.85681013550217, 40.90615582832508], [-73.85580463707625, 40.906264364125605], [-73.85552697672837, 40.906380251458486], [-73.85513792016846, 40.906866889140346], [-73.85423776598559, 40.90703286825344], [-73.85374103564406, 40.90778791723747], [-73.85383360911264, 40.90797434981867], [-73.85471078184983, 40.90800631044377], [-73.85491109585308, 40.90835486983326], [-73.85458940455754, 40.90893949929683], [-73.85360061654038, 40.90960674145013], [-73.85295618355188, 40.91035304417856], [-73.85258474662083, 40.91031061706313], [-73.85266035825745, 40.91001519416266], [-73.8522745155013, 40.909854100145076], [-73.85149242370102, 40.910271640498124], [-73.85144753902692, 40.910449671704676], [-73.85107116095503, 40.91037152022097]]]}, "properties": {"geo_id": "BX1203", "name": "Wakefield-Woodlawn", "borough": "Bronx", "area_km2": 3.6833}}, {"type": "Feature", "id": 90, "geometry": {"type": "MultiPolygon", "coordinates": [[[[-74.00026872245725, 40.69496580308072], [-74.00095868350955, 40.6940690835824], [-74.00301393697016, 40.694777844479354], [-74.00239802583796, 40.69571165536724], [-74.00026872245725, 40.69496580308072]]], [[[-73.99837760531686, 40.698063296146245], [-73.99887117053628, 40.69715757704475], [-74.00104903057519, 40.69790823569245], [-74.00048768562517, 40.6987577781373], [-73.99837760531686, 40.698063296146245]]], [[[-73.99749898221943, 40.6996388693214], [-73.99802102681083, 40.69876173657396], [-74.00001840433615, 40.69946604807386], [-73.99947463838915, 40.70032277751597], [-73.99749898221943, 40.6996388693214]]], [[[-73.99513826774651, 40.70297411472304], [-73.99669768931422, 40.700876976917264], [-73.99813879899439, 40.7015187882486], [-73.9961922722873, 40.70337714136688], [-73.99513826774651, 40.70297411472304]]], [[[-73.99504592704292, 40.70313183979977], [-73.99544564312066, 40.70327530597453], [-73.99529346700928, 40.7035540658982], [-73.99480038186812, 40.7032919586447], [-73.99504592704292, 40.70313183979977]]], [[[-73.99476934125522, 40.703952894953716], [-73.99488239836394, 40.703788025837596], [-73.99502925916445, 40.703808200365636], [-73.99488204726403, 40.70400865389539], [-73.99476934125522, 40.703952894953716]]], [[[-74.01229165885206, 40.719038949203906], [-74.01372415026891, 40.71367830965943], [-74.00834760912973, 40.7113585455542], [-74.00796787713409, 40.71144733312347], [-74.00821614494366, 40.711522109956576], [-74.00807945606867, 40.711720889214796], [-74.00750661107317, 40.71166896363562], [-74.00527561892594, 40.71224944049555], [-74.00429113759452, 40.71290782569612], [-74.00448924609401, 40.71254672281624], [-74.00441668908871, 40.71219387327817], [-73.99913434786868, 40.707982396946136], [-74.0011868526283, 40.70685982526937], [-74.00098276691729, 40.706416713495734], [-74.00140666691954, 40.70617938802082], [-74.0005924020935, 40.70541007840852], [-74.0014543741884, 40.70487330292971], [-74.00206142563806, 40.70541700463581], [-74.00256965059467, 40.70552357952368], [-74.00268512702752, 40.70544924811889], [-74.00197070397945, 40.70473786748226], [-74.00217184941894, 40.70460659646387], [-74.00243071075859, 40.70467785800456], [-74.00238670740679, 40.70479566367467], [-74.00332307270787, 40.70562859522028], [-74.00383327532255, 40.70530324352915], [-74.00262896407828, 40.70422295278164], [-74.00286689781494, 40.7040752255118], [-74.0040566643926, 40.70514736343912], [-74.00602048555055, 40.703874900102086], [-74.00614106753558, 40.703980973938194], [-74.00659591913875, 40.70368590245202], [-74.00530412596079, 40.70255986563326], [-74.00549427805096, 40.70243138095063], [-74.00553546138167, 40.702645520604435], [-74.00567522249844, 40.702584071695206], [-74.00678502191037, 40.70356812690033], [-74.007519052838, 40.70312182023731], [-74.00769798694172, 40.70284927854697], [-74.00929072600606, 40.701930071822154], [-74.00869964313567, 40.701139867542445], [-74.00775549084597, 40.701548001672066], [-74.00759136204209, 40.70132808054572], [-74.00853611510774, 40.70091969574527], [-74.00834927559107, 40.70066934889101], [-74.00862036163858, 40.70055216321093], [-74.00958483017598, 40.70183738506087], [-74.0111808830355, 40.701451392756496], [-74.01110775373036, 40.70127576447388], [-74.01128983905515, 40.701249981741896], [-74.01079959311001, 40.700207213007204], [-74.01115033556847, 40.7008984006037], [-74.01135836291346, 40.700851958133974], [-74.01133409410411, 40.70056835317987], [-74.01150291143712, 40.700815058974406], [-74.01172926817485, 40.700770118562474], [-74.01163147918658, 40.700458218750924], [-74.01185378549584, 40.70073892145034], [-74.01208668148655, 40.700681308739476], [-74.01185672556994, 40.70010710340862], [-74.01196196116912, 40.700037545595684], [-74.0123916003227, 40.70062052759165], [-74.01259392327508, 40.70057083347261], [-74.01261382087355, 40.70010826530868], [-74.01290881793956, 40.70052361169369], [-74.01310747847366, 40.70050745218087], [-74.0130118926586, 40.69981825663142], [-74.0131130382629, 40.69977416488031], [-74.0132734948308, 40.70049687022799], [-74.01348560832749, 40.700478223411174], [-74.01353285018092, 40.70010816092084], [-74.01367479248763, 40.7001258219537], [-74.01353047708436, 40.70031110084938], [-74.01355826959482, 40.700939870830716], [-74.014339208975, 40.7011326811046], [-74.01370775408019, 40.70107027893073], [-74.0139791258922, 40.70153107161297], [-74.01401128818107, 40.70197612433082], [-74.01381169572892, 40.702120930132345], [-74.01383440917506, 40.70240570154095], [-74.01442983104556, 40.70315064778921], [-74.01428922860929, 40.7045490758554], [-74.01565756552223, 40.7048330880534], [-74.01662761095643, 40.704799431339794], [-74.01663729183826, 40.70463341171516], [-74.01684600635767, 40.70463488658983], [-74.01713123827543, 40.70428253640634], [-74.01779454388212, 40.7042348975992], [-74.01779139237412, 40.70395091308651], [-74.01795473916604, 40.70397578661407], [-74.01784441018671, 40.70424203993822], [-74.01844704604943, 40.704162354962186], [-74.01865886498037, 40.70442877929029], [-74.01748090483295, 40.70466726085802], [-74.01811302905885, 40.704553602333924], [-74.01888747947991, 40.704729142804425], [-74.01934254624453, 40.70609367202473], [-74.01912275963426, 40.70697581484019], [-74.01863058372699, 40.707139715269456], [-74.01884889814522, 40.70697031285298], [-74.01853513269678, 40.70691832251682], [-74.01819029259627, 40.70782162560752], [-74.01885500911968, 40.708047534447644], [-74.01777014254499, 40.71283457478935], [-74.01780037888389, 40.71234512415872], [-74.01662424425272, 40.71215731849296], [-74.01661840078312, 40.712756150532435], [-74.01632006627594, 40.71340798298106], [-74.01757952508993, 40.71359549038384], [-74.01772496219296, 40.71307018162294], [-74.01671018605823, 40.718624176058164], [-74.01321322719193, 40.718315719895976], [-74.0130306812643, 40.71913145581929], [-74.01229165885206, 40.719038949203906]]]]}, "properties": {"geo_id": "MN0101", "name": "Financial District-Battery Park City", "borough": "Manhattan", "area_km2": 1.7862}}, {"type": "Feature", "id": 91, "geometry": {"type": "Polygon", "coordinates": [[[-73.99931241612073, 40.71755024177758], [-74.00078955054066, 40.71529096840161], [-74.00052734788574, 40.715170059365484], [-74.00045462977894, 40.71436504759906], [-74.00074652283325, 40.714510353738596], [-74.00096840382477, 40.713905596114685], [-74.00156635547326, 40.71368306399954], [-74.00093174200283, 40.713263253045476], [-74.00086402815117, 40.71161954970954], [-74.0005098596514, 40.71098427045357], [-74.00141934562184, 40.709814795772104], [-74.00441668908871, 40.71219387327814], [-74.00448924609401, 40.71254672281624], [-74.00429113759458, 40.71290782569612], [-74.00527561892599, 40.71224944049555], [-74.00750661107321, 40.71166896363562], [-74.00807945606873, 40.71172088921477], [-74.00821614494373, 40.71152210995657], [-74.00796787713409, 40.71144733312347], [-74.00834760912973, 40.7113585455542], [-74.01372415026891, 40.71367830965943], [-74.01229165885212, 40.71903894920386], [-74.01303068126435, 40.71913145581929], [-74.01290892764018, 40.71973485170661], [-74.01345505633182, 40.719801707426384], [-74.0134137651288, 40.72001948251695], [-74.01637848291469, 40.72037660832847], [-74.0163057327678, 40.72072702003839], [-74.01299980679079, 40.720333090750216], [-74.01289730270861, 40.72086804547342], [-74.0156947190724, 40.72120642537813], [-74.01562245781948, 40.7215434536739], [-74.0131606660723, 40.72125396319485], [-74.01311663311986, 40.72147373402834], [-74.01363523640485, 40.721516560631976], [-74.01361558335005, 40.72158618255959], [-74.01253875807262, 40.72150317657655], [-74.01196432049132, 40.724329864742494], [-74.01123470847256, 40.72426563295224], [-74.0109227719211, 40.725794151348516], [-74.01081238106582, 40.7257898025561], [-73.99931241612073, 40.71755024177758]]]}, "properties": {"geo_id": "MN0102", "name": "Tribeca-Civic Center", "borough": "Manhattan", "area_km2": 1.2615}}, {"type": "Feature", "id": 92, "geometry": {"type": "Polygon", "coordinates": [[[-74.00281726484997, 40.72836312980689], [-73.99677175711443, 40.725431943502805], [-73.99260322198438, 40.72413644968358], [-73.99480778889196, 40.71845742685302], [-73.99605872612268, 40.71623164071364], [-73.9985892550198, 40.71709951153728], [-73.99931241612073, 40.71755024177758], [-74.01081238106582, 40.7257898025561], [-74.0109227719211, 40.725794151348516], [-74.01123470847256, 40.72426563295224], [-74.01196432049132, 40.724329864742494], [-74.01165326569942, 40.725871761851536], [-74.01520426531143, 40.726361949379765], [-74.01512356549462, 40.726793942564726], [-74.01154201897604, 40.72644734692726], [-74.01138323516679, 40.728229272870024], [-74.01064289761028, 40.728172108377805], [-74.01054872124601, 40.72910068335097], [-74.00281726484997, 40.72836312980689]]]}, "properties": {"geo_id": "MN0201", "name": "SoHo-Little Italy-Hudson Square", "borough": "Manhattan", "area_km2": 1.2}}, {"type": "Feature", "id": 93, "geometry": {"type": "Polygon", "coordinates": [[[-73.9899029597005, 40.73443479013707], [-73.98986852051472, 40.733527114554995], [-73.9905055844942, 40.730564957742956], [-73.99114315146113, 40.72858815765818], [-73.9912343947096, 40.72772680526246], [-73.99260322198438, 40.72413644968358], [-73.99677175711443, 40.725431943502805], [-74.00281726484997, 40.72836312980689], [-74.00141242386637, 40.73106525649165], [-73.99683993860414, 40.73736088990093], [-73.9899029597005, 40.73443479013707]]]}, "properties": {"geo_id": "MN0202", "name": "Greenwich Village", "borough": "Manhattan", "area_km2": 0.985}}, {"type": "Feature", "id": 94, "geometry": {"type": "Polygon", "coordinates": [[[-74.00915345103353, 40.742496188058894], [-73.99683993860414, 40.73736088990093], [-74.00141242386637, 40.73106525649165], [-74.00281726484997, 40.72836312980689], [-74.01054872124601, 40.72910068335097], [-74.01064289761028, 40.728172108377805], [-74.01439069866335, 40.72846304802296], [-74.01408693559907, 40.730663172537895], [-74.01116195696476, 40.730450676349214], [-74.01099350879163, 40.73232041844335], [-74.0109411822674, 40.733007762766924], [-74.01400220214607, 40.73306800179563], [-74.01399957240966, 40.73333227751791], [-74.01090389883285, 40.73329761713975], [-74.01072972383811, 40.73346340265207], [-74.01086654686934, 40.733602738017005], [-74.01083284563205, 40.73400709350859], [-74.01201791944403, 40.73406374445656], [-74.01200124222385, 40.734338400663795], [-74.01081359479102, 40.73428344314517], [-74.0104765981442, 40.73806394059523], [-74.0110870663594, 40.738092749578875], [-74.0111391560257, 40.73838986331581], [-74.01045432864593, 40.73836450522317], [-74.0103930306848, 40.73917429605941], [-74.01158045436232, 40.73926453560968], [-74.01146073955348, 40.74058421525526], [-74.01215741913097, 40.740605998634024], [-74.0126592820849, 40.7407476384976], [-74.00963145571748, 40.74064536687183], [-74.00941140266131, 40.74115409331305], [-74.0096192344045, 40.74136361101753], [-74.01020818993538, 40.74160753792842], [-74.0103835807221, 40.741397854029344], [-74.01139609242074, 40.741822813235274], [-74.01083987411933, 40.742596734022634], [-74.01029100591911, 40.74235852514237], [-74.01012563710833, 40.742575831777195], [-74.00932113973238, 40.74224424271675], [-74.00915345103353, 40.742496188058894]], [[-74.00923779939568, 40.74207162766066], [-74.0100880336451, 40.74248815567386], [-74.01019827672162, 40.74233375374003], [-74.0098223415751, 40.74216605205829], [-74.01016559689424, 40.7416723485763], [-74.00936174828301, 40.7414236242446], [-74.00923779939568, 40.74207162766066]]]}, "properties": {"geo_id": "MN0203", "name": "West Village", "borough": "Manhattan", "area_km2": 1.3394}}, {"type": "Feature", "id": 95, "geometry": {"type": "Polygon", "coordinates": [[[-73.98449647010706, 40.7095096644421], [-73.98839064023267, 40.70912694916282], [-73.98863658005804, 40.7099120615164], [-73.98879717785803, 40.70996660747239], [-73.99728287195578, 40.708731619843086], [-73.99913434786863, 40.70798239694609], [-74.00141934562184, 40.709814795772104], [-74.0005098596514, 40.71098427045357], [-74.00086402815117, 40.71161954970954], [-74.00093174200283, 40.713263253045476], [-74.00156635547326, 40.71368306399954], [-74.00096840382477, 40.713905596114685], [-74.00074652283325, 40.714510353738596], [-74.00045462977894, 40.71436504759906], [-74.00052734788574, 40.715170059365484], [-74.00078955054066, 40.71529096840161], [-73.99931241612073, 40.71755024177758], [-73.9985892550198, 40.71709951153728], [-73.99605872612268, 40.71623164071364], [-73.99480778889196, 40.71845742685302], [-73.98915463750744, 40.716708646771785], [-73.99022012603876, 40.71440493989813], [-73.98933656444504, 40.71413337601421], [-73.98534404351345, 40.714461578232836], [-73.98522844623366, 40.71379292643618], [-73.98506509275862, 40.71380691898869], [-73.98511380650824, 40.713351257026694], [-73.98449647010706, 40.7095096644421]]]}, "properties": {"geo_id": "MN0301", "name": "Chinatown-Two Bridges", "borough": "Manhattan", "area_km2": 1.0722}}, {"type": "Feature", "id": 96, "geometry": {"type": "MultiPolygon", "coordinates": [[[[-73.98245898564491, 40.70554241497245], [-73.9824228717988, 40.70582205494961], [-73.98102390618274, 40.70589891389373], [-73.9810173390096, 40.70579750596535], [-73.98230205183854, 40.705736979902404], [-73.98245898564491, 40.70554241497245]]], [[[-73.97506051050303, 40.718785451244116], [-73.97357185653394, 40.71859722992405], [-73.97512899530261, 40.71462115669945], [-73.97612368838762, 40.71246032590113], [-73.97681883474013, 40.71141956702121], [-73.97807974906617, 40.7105322505774], [-73.98128647552548, 40.71021834788182], [-73.98124579569932, 40.709826215104044], [-73.98449647010712, 40.7095096644421], [-73.9851138065082, 40.713351257026694], [-73.98506509275857, 40.71380691898869], [-73.98522844623366, 40.71379292643618], [-73.9853440435134, 40.714461578232864], [-73.98933656444504, 40.714133376014246], [-73.99022012603865, 40.71440493989818], [-73.9891546375074, 40.71670864677182], [-73.99480778889186, 40.71845742685302], [-73.99260322198428, 40.72413644968361], [-73.97875234830163, 40.71993370711215], [-73.97722379174816, 40.719309775859564], [-73.97506051050303, 40.718785451244116]]]]}, "properties": {"geo_id": "MN0302", "name": "Lower East Side", "borough": "Manhattan", "area_km2": 1.5306}}, {"type": "Feature", "id": 97, "geometry": {"type": "MultiPolygon", "coordinates": [[[[-73.96715101106554, 40.71831612593243], [-73.96656241831437, 40.71801586680629], [-73.96730741474404, 40.71831306668176], [-73.96718243631273, 40.718483055799176], [-73.96706867689147, 40.71843903579146], [-73.96715101106554, 40.71831612593243]]], [[[-73.96651453667191, 40.71943097474466], [-73.9663636385141, 40.719050456048485], [-73.96574267076741, 40.71870687777715], [-73.96663600829616, 40.71913014321545], [-73.96646745714561, 40.71924344072401], [-73.96651453667191, 40.71943097474466]]], [[[-73.96503278262037, 40.72037706947495], [-73.96511736757607, 40.720316339861505], [-73.96567655698846, 40.7206789605406], [-73.96559823311401, 40.720744458402685], [-73.96503278262037, 40.72037706947495]]], [[[-73.96483433609403, 40.720795547440936], [-73.96436107868253, 40.72047723987711], [-73.96503100130573, 40.720790841371304], [-73.96485304211566, 40.72095280435724], [-73.96483433609403, 40.720795547440936]]], [[[-73.96430846303322, 40.7210556694886], [-73.9640659124426, 40.72079991096256], [-73.96437504301146, 40.72099255076879], [-73.96430846303322, 40.7210556694886]]], [[[-73.96484284863446, 40.721464176094834], [-73.96427462409184, 40.720575767593864], [-73.96495059736658, 40.72142418210708], [-73.96484284863446, 40.721464176094834]]], [[[-73.97162697271706, 40.726628453499636], [-73.97357185653394, 40.71859722992405], [-73.97506051050303, 40.718785451244116], [-73.97722379174816, 40.719309775859564], [-73.97875234830163, 40.71993370711215], [-73.99260322198428, 40.72413644968361], [-73.99123439470965, 40.7277268052625], [-73.99114315146102, 40.72858815765818], [-73.9905055844942, 40.730564957743006], [-73.9898685205146, 40.733527114554995], [-73.98990295970046, 40.73443479013707], [-73.97205015281106, 40.72688094679736], [-73.97162697271706, 40.726628453499636]]]]}, "properties": {"geo_id": "MN0303", "name": "East Village", "borough": "Manhattan", "area_km2": 1.7633}}, {"type": "Feature", "id": 98, "geometry": {"type": "Polygon", "coordinates": [[[-74.00178824022314, 40.76229452014182], [-73.99547450167069, 40.759626857017714], [-73.99729876461934, 40.75710704073607], [-73.99163271156428, 40.75470680500966], [-73.99709902854308, 40.747205102042415], [-73.99141858494612, 40.74480268299892], [-73.99683993860414, 40.73736088990093], [-74.00915345103353, 40.742496188058894], [-74.00909156846187, 40.74288614856998], [-74.00962015348905, 40.74295124788734], [-74.00956843411774, 40.74325778522915], [-74.01214813183593, 40.74355930154771], [-74.01202085006399, 40.743939770208996], [-74.0095120176736, 40.74367609325786], [-74.00943800870859, 40.743971254970646], [-74.00890032962842, 40.7439179270962], [-74.00872986359421, 40.74488153782985], [-74.00961227858333, 40.744997903150754], [-74.00955832929749, 40.74528882529887], [-74.00991660813463, 40.74532725550981], [-74.00999822601715, 40.74495505930228], [-74.00987211085473, 40.74491650162336], [-74.01016790535392, 40.744942329709765], [-74.01003848384619, 40.74496345858092], [-74.0099739502192, 40.745323135109416], [-74.01046920011868, 40.74538676602916], [-74.01055044755881, 40.74501305670504], [-74.01041937209379, 40.74497682366864], [-74.01076419780692, 40.745005032020956], [-74.01058579200931, 40.74502044656174], [-74.01053106537704, 40.745382050389644], [-74.01110359804885, 40.745447670244126], [-74.01117183119833, 40.74507825878611], [-74.01104459150831, 40.74504621240219], [-74.0113876997419, 40.745073113185356], [-74.01123037991141, 40.74507583016035], [-74.01115419110828, 40.745446378084175], [-74.01173958552825, 40.74551991869295], [-74.01179527645735, 40.74515466698517], [-74.01167067583789, 40.74511397683741], [-74.01183642872417, 40.74512596367891], [-74.0117827582809, 40.74560157225559], [-74.01167885439514, 40.7459794618162], [-74.00946389855972, 40.74575014365962], [-74.00936362734237, 40.74633560247998], [-74.01159123434022, 40.74660150547614], [-74.01148373087554, 40.74699058876545], [-74.00924314658668, 40.746762790251324], [-74.00913736259926, 40.74735976280317], [-74.0114067393551, 40.74763054956565], [-74.0113035299375, 40.748014571909074], [-74.00905847901343, 40.74778564533301], [-74.00894606502322, 40.74841189316889], [-74.01121561813423, 40.7486779927463], [-74.01110891116892, 40.749049875417256], [-74.00994817938037, 40.748931988508446], [-74.0095617474735, 40.749969974696896], [-74.00925340917924, 40.749985206224686], [-74.00910453215725, 40.750371069730505], [-74.01067737532622, 40.75102267497965], [-74.01056463476449, 40.751321462604054], [-74.00900098259461, 40.750648184285346], [-74.00853256925016, 40.75188360880192], [-74.00914082120002, 40.75209759409922], [-74.00865115936804, 40.75193951211322], [-74.00910757975159, 40.75213971211202], [-74.00905774009662, 40.75221435124337], [-74.00892887650475, 40.75214400187035], [-74.00858095760466, 40.75204388241179], [-74.00934089245285, 40.752355610048305], [-74.00847895572794, 40.75201857141748], [-74.00842636447226, 40.75215785023945], [-74.0099905581975, 40.75281618714928], [-74.00997058797022, 40.75293356415334], [-74.0087921009084, 40.75235213787711], [-74.00868792219579, 40.75249399913116], [-74.0083535283885, 40.75235073984506], [-74.00761949611847, 40.75428184127169], [-74.0077440483022, 40.75433680243448], [-74.00759618989152, 40.75453055123691], [-74.00747157990915, 40.75447701941887], [-74.00728499944323, 40.75473556820334], [-74.00741362036906, 40.754789302669614], [-74.00727181174773, 40.75498559503798], [-74.00714468360972, 40.754932481173604], [-74.00541885841011, 40.75732314085194], [-74.00521187705777, 40.757231999042666], [-74.00480392560185, 40.75780984316488], [-74.00527894797891, 40.75802855492844], [-74.00503105070543, 40.75835701597075], [-74.0070035890402, 40.759231870843806], [-74.00650687640183, 40.75989203231737], [-74.00450483093915, 40.75908499705544], [-74.00420629125391, 40.759501707688564], [-74.00390742032769, 40.75937569218368], [-74.00380657835007, 40.759510731466186], [-74.00424697128066, 40.75969921467416], [-74.00414863814689, 40.759835914170964], [-74.00431889425079, 40.75991068626618], [-74.00366891387445, 40.75970596957677], [-74.00357251040079, 40.759846559475896], [-74.00392854933564, 40.76000301972061], [-74.00313338991401, 40.76107834509648], [-74.00278691552613, 40.76092896970349], [-74.0023352806396, 40.761543727001815], [-74.00454520983429, 40.76249280144242], [-74.00444951527277, 40.76266456720016], [-74.00220082073271, 40.76172843272924], [-74.00178824022314, 40.76229452014182]]]}, "properties": {"geo_id": "MN0401", "name": "Chelsea-Hudson Yards", "borough": "Manhattan", "area_km2": 2.7566}}, {"type": "Feature", "id": 99, "geometry": {"type": "Polygon", "coordinates": [[[-73.99612087994674, 40.773275391093215], [-73.99416328456314, 40.772487190518916], [-73.99383108136979, 40.77293178835342], [-73.99359086248553, 40.77279008029667], [-73.99341045387395, 40.77287889534579], [-73.99378189746184, 40.772199091447774], [-73.98236353955835, 40.7673880741734], [-73.99163271156424, 40.75470680500966], [-73.99729876461925, 40.75710704073607], [-73.99547450167074, 40.759626857017714], [-74.00178824022314, 40.76229452014182], [-74.00153309066982, 40.7626445986304], [-74.00375735037694, 40.76358224164074], [-74.00361214794175, 40.7637770439099], [-74.00138603698596, 40.762850095002065], [-74.0009730802201, 40.763420271725884], [-74.00314976988986, 40.76433288818485], [-74.00294809515715, 40.76461683542896], [-74.00322275585363, 40.764638037670395], [-74.00310088157151, 40.76474574851435], [-73.99992712367724, 40.76340652847956], [-73.99962263458175, 40.76355908121067], [-73.99915098087908, 40.76420525958292], [-74.0022880237148, 40.76556154329282], [-74.00202454330329, 40.765893266570565], [-73.99888473174973, 40.76456937755128], [-73.99857638530527, 40.764998607270996], [-73.99868870694563, 40.76520856994748], [-73.99828160709531, 40.76556777443239], [-74.00157335319162, 40.76697719271351], [-74.00131469636003, 40.76725111954758], [-73.99806675905349, 40.765871881638446], [-73.99737808447956, 40.76682338537458], [-74.00064950530414, 40.76824523610579], [-74.00038586489072, 40.7685041954295], [-73.99715588949206, 40.76712869617297], [-73.9964571540504, 40.76809881579582], [-73.99973590247859, 40.76950617783428], [-73.99947253734007, 40.76976421496932], [-73.99707176039315, 40.76873264357708], [-73.99715035477142, 40.76884738771358], [-73.9965712643956, 40.769424568274005], [-73.99902682832892, 40.770463272982276], [-73.99876206848202, 40.77082505670939], [-73.99631327022085, 40.769798836336626], [-73.99588004351683, 40.77040057901244], [-73.99601693130079, 40.770454849388926], [-73.99590077425023, 40.770613123501164], [-73.99576733283621, 40.770554595451486], [-73.99542474436292, 40.771031615168134], [-73.99600175749052, 40.77130746533075], [-73.99589990100934, 40.77145029908485], [-73.99530566365347, 40.771196004909726], [-73.99492582120627, 40.77151604240567], [-73.99497688494722, 40.77165877542609], [-73.99707328103203, 40.772542868399555], [-73.99687291449135, 40.77281748122877], [-73.99477407930827, 40.77192954753038], [-73.99444501293378, 40.77237712658852], [-73.99622972001933, 40.77312897454292], [-73.99612087994674, 40.773275391093215]]]}, "properties": {"geo_id": "MN0402", "name": "Hell's Kitchen", "borough": "Manhattan", "area_km2": 1.7078}}, {"type": "Feature", "id": 100, "geometry": {"type": "Polygon", "coordinates": [[[-73.98085054350298, 40.74775037037825], [-73.98987421282683, 40.73540825891736], [-73.9899029597005, 40.73443479013707], [-73.99683993860414, 40.73736088990093], [-73.99141858494612, 40.74480268299892], [-73.99709902854308, 40.747205102042415], [-73.99346417670151, 40.75219005526781], [-73.98776905879744, 40.74978702944447], [-73.98729376963958, 40.750451609326205], [-73.98085054350298, 40.74775037037825]]]}, "properties": {"geo_id": "MN0501", "name": "Midtown South-Flatiron-Union Square", "borough": "Manhattan", "area_km2": 1.3823}}, {"type": "Feature", "id": 101, "geometry": {"type": "Polygon", "coordinates": [[[-73.98149121360566, 40.767881199603515], [-73.96980028759536, 40.762913512630256], [-73.97580739271987, 40.75467727461167], [-73.97651569358025, 40.754974263345105], [-73.97697378975926, 40.75434867554563], [-73.97834876909162, 40.752410130141755], [-73.97767660455384, 40.752118937380985], [-73.98085054350298, 40.74775037037825], [-73.98729376963958, 40.750451609326205], [-73.98776905879744, 40.74978702944447], [-73.99346417670151, 40.75219005526781], [-73.98211061400892, 40.767744476546305], [-73.98149121360566, 40.767881199603515]]]}, "properties": {"geo_id": "MN0502", "name": "Midtown-Times Square", "borough": "Manhattan", "area_km2": 2.281}}, {"type": "Feature", "id": 102, "geometry": {"type": "MultiPolygon", "coordinates": [[[[-73.96236596889399, 40.72420906211704], [-73.96200744732944, 40.72399190160773], [-73.96207271877786, 40.72388030090552], [-73.96246789944986, 40.72413157960128], [-73.96236596889399, 40.72420906211704]]], [[[-73.9750736174147, 40.73536962854286], [-73.97444064950444, 40.73531677190043], [-73.97395905029705, 40.73342116553866], [-73.97385729970425, 40.73321630363859], [-73.97367627576054, 40.73320593388827], [-73.97386810776189, 40.7330656876984], [-73.97341321730873, 40.73128241592624], [-73.97196340301227, 40.73000037772024], [-73.97151882628022, 40.72935136174036], [-73.9714061790853, 40.728718763748645], [-73.97168514866578, 40.72740588663671], [-73.97149039092838, 40.72735009811009], [-73.97162697271706, 40.726628453499636], [-73.98255629231726, 40.7313501345547], [-73.97946317254214, 40.73539192717354], [-73.97854094493694, 40.736887659360356], [-73.9750736174147, 40.73536962854286]]]]}, "properties": {"geo_id": "MN0601", "name": "Stuyvesant Town-Peter Cooper Village", "borough": "Manhattan", "area_km2": 0.518}}, {"type": "Feature", "id": 103, "geometry": {"type": "Polygon", "coordinates": [[[-73.97805226409517, 40.7375539536562], [-73.97946317254231, 40.7353919271735], [-73.98255629231735, 40.73135013455466], [-73.9899029597005, 40.73443479013707], [-73.98987421282683, 40.73540825891736], [-73.98407485194073, 40.743324718416666], [-73.98085965324304, 40.74196976808196], [-73.9826675979102, 40.739498439778224], [-73.97805226409517, 40.7375539536562]]]}, "properties": {"geo_id": "MN0602", "name": "Gramercy", "borough": "Manhattan", "area_km2": 0.6992}}, {"type": "Feature", "id": 104, "geometry": {"type": "MultiPolygon", "coordinates": [[[[-73.96128450656235, 40.73015906220393], [-73.96128261876044, 40.730061025512626], [-73.9616867065903, 40.7300818693039], [-73.96195920452803, 40.72985966844824], [-73.96221474459296, 40.72991693527432], [-73.96254933952301, 40.72974406834934], [-73.96225228876595, 40.72998556647954], [-73.96128450656235, 40.73015906220393]]], [[[-73.96197039369794, 40.731577111685645], [-73.96167446706346, 40.73148125455785], [-73.96320076537533, 40.73141740112747], [-73.96365939232885, 40.73124981148223], [-73.96369938139036, 40.73143662006002], [-73.96197039369794, 40.731577111685645]]], [[[-73.96064863700711, 40.74413031761426], [-73.96056856726295, 40.744029666585185], [-73.96067204645479, 40.7440512158564], [-73.96064863700711, 40.74413031761426]]], [[[-73.97767660455372, 40.75211893738103], [-73.97444451493509, 40.75076469299489], [-73.9735025572896, 40.75206493265777], [-73.97126234383126, 40.75112224129957], [-73.96890797166554, 40.75011244375033], [-73.96954460583608, 40.74920504593271], [-73.96998692011056, 40.74886871410219], [-73.96791272906268, 40.74797093564212], [-73.96894301109302, 40.746518335696685], [-73.9698756140306, 40.7454447891378], [-73.96997377026268, 40.74549574743079], [-73.97078834776615, 40.74440621819312], [-73.97094062960392, 40.744471444528195], [-73.97111438057892, 40.744204360932514], [-73.97070317531659, 40.743990495411545], [-73.97118193576082, 40.74410323270803], [-73.97135752941857, 40.74383845535967], [-73.97120546301963, 40.74377151030149], [-73.97188888913038, 40.74272482035568], [-73.97174059715836, 40.7426635795091], [-73.97195955856255, 40.74233792154389], [-73.97228992099203, 40.740721039534534], [-73.97216477368673, 40.74067572162674], [-73.97221685422322, 40.740307625061696], [-73.97265743803044, 40.73922275427715], [-73.97248994174741, 40.735803280107795], [-73.97286939178447, 40.735770861788325], [-73.97441385816532, 40.736414393859185], [-73.97445975070453, 40.73629401971853], [-73.97402692104305, 40.73612576724569], [-73.97446647047282, 40.73627845683008], [-73.97450376013232, 40.73606458844425], [-73.97414062018385, 40.73595565666497], [-73.97450488219891, 40.73604228053673], [-73.9745079393817, 40.73579694526997], [-73.97448854079066, 40.73587567974396], [-73.97424630658287, 40.73578011045604], [-73.97447040507865, 40.735797872255304], [-73.97446537767351, 40.735666886566456], [-73.97414616457407, 40.73567162100784], [-73.97305698712073, 40.73517745291314], [-73.97280661710455, 40.735523918521324], [-73.97293031926421, 40.73560761489947], [-73.97276308380349, 40.73550508747374], [-73.97294520758656, 40.735065170573876], [-73.97329895046123, 40.73524235507728], [-73.97329627296868, 40.73504085714519], [-73.97354472795836, 40.73494432660406], [-73.97474900502543, 40.73542518850009], [-73.97522019107778, 40.735413262789024], [-73.97833820564574, 40.73672147104454], [-73.97854094493694, 40.736887659360356], [-73.97805226409511, 40.73755395365624], [-73.98266759791014, 40.739498439778224], [-73.98085965324293, 40.74196976808199], [-73.98407485194069, 40.7433247184167], [-73.97767660455372, 40.75211893738103]]]]}, "properties": {"geo_id": "MN0603", "name": "Murray Hill-Kips Bay", "borough": "Manhattan", "area_km2": 1.4652}}, {"type": "Feature", "id": 105, "geometry": {"type": "Polygon", "coordinates": [[[-73.96980028759536, 40.762913512630256], [-73.95893448513704, 40.75833515544863], [-73.95871908094715, 40.758640233115855], [-73.95849119453524, 40.75854590383034], [-73.96065638180474, 40.75592314955037], [-73.96162927534917, 40.7551523842593], [-73.96470952774996, 40.75171941559831], [-73.96486224877107, 40.75201110205952], [-73.96521537047964, 40.75180846081004], [-73.96515081557104, 40.75192385134851], [-73.96722654996013, 40.75268822384287], [-73.96769834585133, 40.752040803227715], [-73.96777705473687, 40.75162597108275], [-73.96890797166566, 40.7501124437503], [-73.97350255728973, 40.75206493265777], [-73.9744445149352, 40.75076469299489], [-73.97834876909162, 40.752410130141755], [-73.97651569358025, 40.754974263345105], [-73.97580739271987, 40.75467727461167], [-73.96980028759536, 40.762913512630256]]]}, "properties": {"geo_id": "MN0604", "name": "East Midtown-Turtle Bay", "borough": "Manhattan", "area_km2": 1.2206}}, {"type": "Feature", "id": 106, "geometry": {"type": "Polygon", "coordinates": [[[-73.9750011183182, 40.77752777991658], [-73.98167943551228, 40.768390131606346], [-73.98144254367755, 40.768163970188205], [-73.98149121360557, 40.767881199603515], [-73.98211061400887, 40.76774447654634], [-73.98236353955835, 40.7673880741734], [-73.99378189746184, 40.772199091447774], [-73.99332519689008, 40.77283148004022], [-73.99413665258845, 40.77290187017448], [-73.99437655186944, 40.77303955160413], [-73.99429402894232, 40.77315624449453], [-73.9950232758608, 40.77348119657636], [-73.99505028469918, 40.773297153190036], [-73.99624065101737, 40.77378979190044], [-73.99606316808172, 40.77388688661024], [-73.9960952439039, 40.77408618694039], [-73.993936941822, 40.773179510967104], [-73.9926226638654, 40.77497405653968], [-73.99226708903534, 40.77511603385877], [-73.99205908493721, 40.77549759819248], [-73.99238604296035, 40.77555717941971], [-73.99092717414973, 40.77756687876315], [-73.99039616003645, 40.77758506567927], [-73.98886861739992, 40.77969292291159], [-73.99155105922753, 40.77957482043242], [-73.99141982585954, 40.779755280287276], [-73.98888614411685, 40.77987889853295], [-73.98891926146824, 40.78022609484644], [-73.98812746069495, 40.78140179694496], [-73.9856793602949, 40.780312633335036], [-73.98507184256836, 40.781779681471896], [-73.9750011183182, 40.77752777991658]]]}, "properties": {"geo_id": "MN0701", "name": "Upper West Side-Lincoln Square", "borough": "Manhattan", "area_km2": 1.4676}}, {"type": "Feature", "id": 107, "geometry": {"type": "Polygon", "coordinates": [[[-73.96417598455193, 40.792362045027716], [-73.9750011183183, 40.77752777991658], [-73.98507184256847, 40.78177968147185], [-73.9856793602949, 40.780312633334994], [-73.98812746036442, 40.7814017974475], [-73.98546581197026, 40.78536070057562], [-73.98617270496534, 40.78606845276145], [-73.98711901394275, 40.78521031799912], [-73.98612842248589, 40.78623900133132], [-73.98542932126942, 40.78541394218482], [-73.98508113773205, 40.78592193511063], [-73.98576566029752, 40.78619627485881], [-73.98568287192252, 40.78630978621333], [-73.98501696406495, 40.78601423719582], [-73.98465507883012, 40.78653474231073], [-73.9859495615568, 40.78648711296155], [-73.98581237352651, 40.786616865357274], [-73.98461942858398, 40.786586016852596], [-73.9763995193054, 40.79827321119528], [-73.96941543722124, 40.79536077907437], [-73.96987063171011, 40.79473520505714], [-73.96417598455193, 40.792362045027716]]]}, "properties": {"geo_id": "MN0702", "name": "Upper West Side (Central)", "borough": "Manhattan", "area_km2": 2.3607}}, {"type": "Feature", "id": 108, "geometry": {"type": "Polygon", "coordinates": [[[-73.96670106824132, 40.80416847743972], [-73.95817296971535, 40.80058254195962], [-73.96417598455193, 40.792362045027716], [-73.96987063171011, 40.79473520505714], [-73.96941543722113, 40.79536077907441], [-73.97639951930529, 40.79827321119533], [-73.97110765808215, 40.80579013942548], [-73.96670106824132, 40.80416847743972]]]}, "properties": {"geo_id": "MN0703", "name": "Upper West Side-Manhattan Valley", "borough": "Manhattan", "area_km2": 1.2264}}, {"type": "Feature", "id": 109, "geometry": {"type": "MultiPolygon", "coordinates": [[[[-73.95768831843425, 40.748535026871835], [-73.957493440047, 40.74833646476311], [-73.95783953942082, 40.74833800287286], [-73.95768831843425, 40.748535026871835]]], [[[-73.9355679704974, 40.77191877803632], [-73.93556621751351, 40.77162911639181], [-73.93585195294797, 40.77171600149025], [-73.935698338885, 40.77176690312417], [-73.9355679704974, 40.77191877803632]]], [[[-73.9411177871802, 40.76941440857483], [-73.94285528620647, 40.76830349491207], [-73.94943175563233, 40.760548616859104], [-73.95177822026001, 40.75840254987715], [-73.9525407933683, 40.75709531504002], [-73.95322009963193, 40.75642684131528], [-73.95519503117477, 40.75477452347613], [-73.95791452493181, 40.75210985452551], [-73.95903248609443, 40.75138642277143], [-73.96090586294001, 40.74980198161017], [-73.9613284548104, 40.74960095762467], [-73.96153855464473, 40.749723119840674], [-73.96068557870034, 40.75120193747044], [-73.96001132329779, 40.75183151783759], [-73.95950079929003, 40.75295638219569], [-73.95901616627437, 40.753595060460135], [-73.9584583680566, 40.75394923650511], [-73.95339140733908, 40.75979676286049], [-73.95312451504951, 40.76005275842971], [-73.95297788216074, 40.759962107877065], [-73.95208632266538, 40.76086215440504], [-73.95093734928082, 40.762570495237995], [-73.9499719168419, 40.76364602981438], [-73.94908628791565, 40.76426402727516], [-73.9458445142377, 40.76832122875417], [-73.94570357268704, 40.76832793380908], [-73.94548114289283, 40.76862477943799], [-73.9456272109344, 40.7686929531791], [-73.9455630204878, 40.76880177552471], [-73.94524510341354, 40.768773268310575], [-73.94472478343205, 40.769786271534315], [-73.94212674580714, 40.77203470050927], [-73.94088707123443, 40.77237251678093], [-73.94027460921212, 40.772947437395764], [-73.94007665619392, 40.77292618686003], [-73.94028207924185, 40.7723014069914], [-73.94020021779653, 40.77112830566291], [-73.94035533477506, 40.770496574371286], [-73.9411177871802, 40.76941440857483]]], [[[-73.954418260786, 40.762184104951274], [-73.9584911945351, 40.75854590383034], [-73.95871908094715, 40.758640233115855], [-73.95893448513704, 40.75833515544863], [-73.96658338334092, 40.7615509360791], [-73.95729409955628, 40.77428355557777], [-73.9474897536819, 40.77011515452139], [-73.954418260786, 40.762184104951274]]]]}, "properties": {"geo_id": "MN0801", "name": "Upper East Side-Lenox Hill-Roosevelt Island", "borough": "Manhattan", "area_km2": 1.9975}}, {"type": "Feature", "id": 110, "geometry": {"type": "Polygon", "coordinates": [[[-73.94933170560955, 40.785193126557786], [-73.96658338334103, 40.76155093607907], [-73.97301487176121, 40.76427887944539], [-73.95577735758036, 40.78791392447064], [-73.94933170560955, 40.785193126557786]]]}, "properties": {"geo_id": "MN0802", "name": "Upper East Side-Carnegie Hill", "borough": "Manhattan", "area_km2": 1.8641}}, {"type": "Feature", "id": 111, "geometry": {"type": "MultiPolygon", "coordinates": [[[[-73.93804640603422, 40.78082954427574], [-73.937794486603, 40.78078125875526], [-73.93779944179558, 40.78103133979683], [-73.93764631755363, 40.78100121589267], [-73.93759894622616, 40.78046784086168], [-73.9382377350939, 40.780259079465516], [-73.93861200821945, 40.78033895586917], [-73.9395837897242, 40.77957647450991], [-73.93949329752046, 40.77987369131564], [-73.93872802926543, 40.78051074420736], [-73.93883951845037, 40.78059924980004], [-73.93874423089268, 40.78104387604246], [-73.93808213268757, 40.78141843727485], [-73.93796757721594, 40.78128933456301], [-73.93804640603422, 40.78082954427574]]], [[[-73.94387075922585, 40.78127302657144], [-73.94343876735945, 40.779763242468604], [-73.94240220198301, 40.78002633450526], [-73.94211585205258, 40.77946438178308], [-73.94272973395677, 40.779257248158274], [-73.94276703480749, 40.779016454598874], [-73.94300246547277, 40.77885287951766], [-73.94245741056957, 40.77740747334814], [-73.94228050044822, 40.77734743772626], [-73.94245545698132, 40.77774786433384], [-73.94233541821139, 40.77776881687684], [-73.94225579604536, 40.777316459774944], [-73.94211982454031, 40.77725556641191], [-73.9421853701388, 40.777163809265055], [-73.94229368333247, 40.77724293574539], [-73.94243403895554, 40.77730046148639], [-73.94207418737722, 40.7769178474795], [-73.94208160457381, 40.77595701631722], [-73.94240100949001, 40.77572692802888], [-73.94293043715292, 40.7746762680357], [-73.9436643174873, 40.77384076367413], [-73.9474897536819, 40.77011515452139], [-73.95729409955628, 40.77428355557777], [-73.9493317056096, 40.785193126557786], [-73.94376005208356, 40.782828932219545], [-73.94364823450802, 40.78265616183563], [-73.94387075922585, 40.78127302657144]]]]}, "properties": {"geo_id": "MN0803", "name": "Upper East Side-Yorkville", "borough": "Manhattan", "area_km2": 1.2677}}, {"type": "Feature", "id": 112, "geometry": {"type": "Polygon", "coordinates": [[[-73.95210125149217, 40.811442853501475], [-73.95357577722126, 40.809476698162094], [-73.95496657106287, 40.81006455520624], [-73.95822724911433, 40.805537497295774], [-73.9582487817548, 40.80310648647079], [-73.95964685334928, 40.80115642375894], [-73.96670106824132, 40.80416847743972], [-73.97110765764116, 40.80579013967667], [-73.96855747771212, 40.809072893821174], [-73.96740185312343, 40.8110221558999], [-73.96414082888293, 40.81577165745409], [-73.96203105751877, 40.81808633097919], [-73.95949328737717, 40.817007473778844], [-73.95625889682282, 40.81338943442838], [-73.95570689991116, 40.81414396054259], [-73.95408058341555, 40.812280112895714], [-73.95210125149217, 40.811442853501475]]]}, "properties": {"geo_id": "MN0901", "name": "Morningside Heights", "borough": "Manhattan", "area_km2": 1.4793}}, {"type": "Feature", "id": 113, "geometry": {"type": "Polygon", "coordinates": [[[-73.94607828608069, 40.8212632160618], [-73.94921410372903, 40.814699770984774], [-73.95035019209078, 40.813159389290014], [-73.95210125149221, 40.81144285350143], [-73.95408058341565, 40.812280112895714], [-73.95570689991122, 40.814143960542545], [-73.95625889682282, 40.81338943442833], [-73.95949328737711, 40.817007473778816], [-73.96203105707758, 40.81808633148163], [-73.95999892229345, 40.82038294480247], [-73.95981462674587, 40.82029787419898], [-73.95913061580599, 40.8211689542775], [-73.95942624349648, 40.821252381738134], [-73.95914685715192, 40.82157132855115], [-73.95903294155774, 40.82151374622867], [-73.95923467194027, 40.82127782476804], [-73.9590896024009, 40.821206247056104], [-73.95881892233997, 40.82151852484693], [-73.9589417294171, 40.821569364009754], [-73.958745236605, 40.82180551197381], [-73.95900018289892, 40.822409728374524], [-73.95922976213465, 40.8222869101325], [-73.95990999378239, 40.82257111982193], [-73.9596033246028, 40.8229946867835], [-73.95892614718271, 40.82271175594409], [-73.95904953331679, 40.822541335870994], [-73.95852731524258, 40.82184375665232], [-73.95793904909091, 40.82277435405003], [-73.95822838183035, 40.822887867101066], [-73.95814312769234, 40.823020721769026], [-73.95953101411841, 40.82361918218078], [-73.95914038137627, 40.82431759020488], [-73.95741069280895, 40.823273474634696], [-73.95573074894818, 40.82289125825016], [-73.9508287990319, 40.82082793759966], [-73.94992194321388, 40.82207231473013], [-73.94854029702124, 40.82148762331544], [-73.94808289749476, 40.82210802201343], [-73.94607828608069, 40.8212632160618]]]}, "properties": {"geo_id": "MN0902", "name": "Manhattanville-West Harlem", "borough": "Manhattan", "area_km2": 0.9973}}, {"type": "Feature", "id": 114, "geometry": {"type": "Polygon", "coordinates": [[[-73.94827676702778, 40.83386545609754], [-73.93864026605648, 40.82973887442024], [-73.93924885616293, 40.82829635121206], [-73.94292366846379, 40.82326058775286], [-73.94516004829619, 40.82087904397875], [-73.94808289749476, 40.82210802201343], [-73.94854029702124, 40.82148762331544], [-73.94992194321388, 40.82207231473013], [-73.9508287990319, 40.82082793759966], [-73.95573074894818, 40.82289125825016], [-73.95741069280895, 40.823273474634696], [-73.95914038137627, 40.82431759020488], [-73.95725896977147, 40.82711730987327], [-73.95694866354306, 40.82700055393494], [-73.9563178451031, 40.827944215388754], [-73.95503912978361, 40.82741343241461], [-73.954697366195, 40.82791838551438], [-73.95454188062094, 40.827861476868264], [-73.95119183012169, 40.83263915178259], [-73.95086512705237, 40.83343412012521], [-73.95021218560015, 40.83430311995851], [-73.9493412262308, 40.83398211496196], [-73.94890543220046, 40.83406529937924], [-73.94827676702778, 40.83386545609754]]]}, "properties": {"geo_id": "MN0903", "name": "Hamilton Heights-Sugar Hill", "borough": "Manhattan", "area_km2": 1.4849}}, {"type": "Feature", "id": 115, "geometry": {"type": "Polygon", "coordinates": [[[-73.94177140103845, 40.8070890008521], [-73.94275367162054, 40.80574401279446], [-73.9443558695654, 40.806413587911365], [-73.94620045768923, 40.80390652243222], [-73.94459915208044, 40.803225048342576], [-73.94923327016367, 40.7968719999053], [-73.9596468533494, 40.801156423758904], [-73.95824878175492, 40.80310648647076], [-73.95822724911444, 40.805537497295774], [-73.95496657106287, 40.81006455520624], [-73.95357577722136, 40.809476698162065], [-73.95210125149221, 40.81144285350143], [-73.94177140103845, 40.8070890008521]]]}, "properties": {"geo_id": "MN1001", "name": "Harlem (South)", "borough": "Manhattan", "area_km2": 1.3403}}, {"type": "Feature", "id": 116, "geometry": {"type": "Polygon", "coordinates": [[[-73.93515659173437, 40.8326824057349], [-73.93442396339046, 40.82704289397231], [-73.93397241531093, 40.819729574765844], [-73.9338300916373, 40.81971974292724], [-73.93383000629757, 40.81949109558749], [-73.93447523610446, 40.81969749639639], [-73.93407463845418, 40.81782651394801], [-73.93487343768776, 40.816527848019994], [-73.94177140103841, 40.8070890008521], [-73.95210125149217, 40.811442853501475], [-73.95035019209067, 40.813159389290014], [-73.94921410372893, 40.814699770984774], [-73.94607828608069, 40.821263216061844], [-73.94516004829607, 40.82087904397875], [-73.94292366846379, 40.82326058775289], [-73.93924885616283, 40.82829635121206], [-73.93864026605654, 40.82973887442024], [-73.94014131121864, 40.83037198888044], [-73.93894859700762, 40.832417336328064], [-73.93818807523276, 40.83326993002771], [-73.93467393002148, 40.83606490323896], [-73.93444877564322, 40.83591143450398], [-73.9349153357865, 40.83523082193901], [-73.93515659173437, 40.8326824057349]]]}, "properties": {"geo_id": "MN1002", "name": "Harlem (North)", "borough": "Manhattan", "area_km2": 2.2104}}, {"type": "Feature", "id": 117, "geometry": {"type": "Polygon", "coordinates": [[[-73.94327251058219, 40.793488103940284], [-73.93864883146107, 40.79155775480549], [-73.93773611991232, 40.79281580410147], [-73.93555312751045, 40.79184222557399], [-73.93539920746304, 40.79197068945409], [-73.93505405969788, 40.79168623135817], [-73.93583106788897, 40.79109470487044], [-73.93708104382291, 40.78936639571018], [-73.9361407331407, 40.788949073913244], [-73.93621859869943, 40.788800497574485], [-73.93714965461052, 40.78916844956227], [-73.93811570089716, 40.78718476275656], [-73.93982619696507, 40.78525655191311], [-73.94246970378653, 40.78389646094691], [-73.94320565536934, 40.783369842987895], [-73.94364823450802, 40.78265616183563], [-73.94405439380174, 40.7829643585487], [-73.95577735758026, 40.78791392447064], [-73.9483112532211, 40.79812921756641], [-73.9418760457263, 40.79540586955281], [-73.94327251058219, 40.793488103940284]]]}, "properties": {"geo_id": "MN1101", "name": "East Harlem (South)", "borough": "Manhattan", "area_km2": 1.5472}}, {"type": "Feature", "id": 118, "geometry": {"type": "MultiPolygon", "coordinates": [[[[-73.9271851473424, 40.79734989711528], [-73.92767122620857, 40.79721701426642], [-73.92770694127172, 40.79729866287719], [-73.92738263624605, 40.79737706257546], [-73.9271851473424, 40.79734989711528]]], [[[-73.92672091168967, 40.800414210943785], [-73.92653846389969, 40.80033389881066], [-73.92674263892941, 40.80040349947553], [-73.92672091168967, 40.800414210943785]]], [[[-73.92716933022416, 40.8004058541989], [-73.92669572541307, 40.80014697765469], [-73.9272477078927, 40.80039295736917], [-73.92711464230625, 40.80056375622975], [-73.92716933022416, 40.8004058541989]]], [[[-73.92688606021946, 40.800840648871706], [-73.9265095486725, 40.800657032027345], [-73.92686908679453, 40.80078367679947], [-73.92704640297914, 40.80065174303151], [-73.92688606021946, 40.800840648871706]]], [[[-73.93383000629757, 40.81949109558749], [-73.93382900884613, 40.8155853601877], [-73.93394608825335, 40.81558762473934], [-73.93401476726973, 40.814483752624966], [-73.93385652572606, 40.814481474921614], [-73.93386510261887, 40.8141531579558], [-73.9343386458468, 40.80956221433414], [-73.93412073484292, 40.808656451977626], [-73.93356119245327, 40.80760067738646], [-73.93115949987322, 40.804966940262624], [-73.93030876458822, 40.803786014865715], [-73.92920817595964, 40.80114752061144], [-73.92903490240303, 40.801080903852046], [-73.92890152344229, 40.79985521416033], [-73.92903640113434, 40.79676259460364], [-73.92927936741167, 40.79585313952083], [-73.93006881035544, 40.794700828605635], [-73.93348489644694, 40.792774170830164], [-73.93505405969788, 40.79168623135817], [-73.93539920746304, 40.79197068945409], [-73.93555312751045, 40.79184222557399], [-73.93773611991232, 40.79281580410147], [-73.93864883146107, 40.79155775480549], [-73.94327251058219, 40.793488103940284], [-73.9418760457263, 40.79540586955281], [-73.9483112532211, 40.79812921756641], [-73.9445991520805, 40.80322504834261], [-73.94620045768927, 40.80390652243227], [-73.9443558695654, 40.8064135879114], [-73.94275367162054, 40.80574401279446], [-73.93412816606748, 40.81773396351836], [-73.93447523610446, 40.81969749639639], [-73.93383000629757, 40.81949109558749]]]]}, "properties": {"geo_id": "MN1102", "name": "East Harlem (North)", "borough": "Manhattan", "area_km2": 2.4266}}, {"type": "Feature", "id": 119, "geometry": {"type": "Polygon", "coordinates": [[[-73.93139355315752, 40.84742823140969], [-73.93556697174414, 40.84171252755808], [-73.93562826648522, 40.84127936282252], [-73.93500575273647, 40.839851911451724], [-73.93505508758803, 40.839333236833134], [-73.9353306131628, 40.83887491299703], [-73.93638316770861, 40.83785012505289], [-73.93803791450115, 40.83428659124487], [-73.93947917698746, 40.83301401291141], [-73.94021914473171, 40.8318838346847], [-73.94036875609723, 40.83155613019526], [-73.94034643247466, 40.830457843352235], [-73.94827676702766, 40.83386545609754], [-73.9489054322004, 40.83406529937929], [-73.94934122623076, 40.83398211496196], [-73.95021218560021, 40.83430311995857], [-73.94954600729329, 40.83660437200455], [-73.9492828508898, 40.836740787066], [-73.94954210438263, 40.83687963242816], [-73.94856054520555, 40.83956488465931], [-73.94738322154296, 40.841940825299524], [-73.94612416421772, 40.843892496557295], [-73.94617174983877, 40.84539289158086], [-73.94651730200566, 40.845995184403925], [-73.94635078049971, 40.846240330786884], [-73.94682445342679, 40.847134261567405], [-73.94663550012669, 40.84891242505988], [-73.94702782428541, 40.85004183181232], [-73.94696441693404, 40.850465525818066], [-73.94318719330808, 40.84975484263654], [-73.94389000191137, 40.848202911438925], [-73.94205395049835, 40.84831673359212], [-73.93803616045412, 40.8475577549185], [-73.93767236845285, 40.848392728976485], [-73.93639683069712, 40.849541195841915], [-73.93139355315752, 40.84742823140969]]]}, "properties": {"geo_id": "MN1201", "name": "Washington Heights (South)", "borough": "Manhattan", "area_km2": 1.9535}}, {"type": "Feature", "id": 120, "geometry": {"type": "Polygon", "coordinates": [[[-73.93150384484605, 40.8690352215693], [-73.9272691502576, 40.86553455981874], [-73.92474153319307, 40.861593638251634], [-73.92528690101587, 40.860124899778626], [-73.92698091134234, 40.858605481672704], [-73.92712221983454, 40.858109611880515], [-73.92691117424916, 40.85750876152573], [-73.92627265305715, 40.858128431803124], [-73.92548340491632, 40.85818853171614], [-73.92500175450839, 40.85787746520017], [-73.9246344129766, 40.856885035141445], [-73.9249624127902, 40.85621985168217], [-73.92769565671857, 40.85248778277556], [-73.92703315604321, 40.852200775102126], [-73.92707982277773, 40.85143234338436], [-73.92747680397204, 40.850694370799026], [-73.92898242633322, 40.84925612249162], [-73.92977312775169, 40.84811546118508], [-73.93062107886001, 40.84848097743913], [-73.93139355315762, 40.84742823140965], [-73.93639683069723, 40.849541195841915], [-73.93767236845285, 40.848392728976485], [-73.93803616045417, 40.847557754918455], [-73.94205395049835, 40.84831673359212], [-73.94389000191148, 40.84820291143888], [-73.94318719330808, 40.84975484263654], [-73.94696441627184, 40.85046552632033], [-73.94650229461891, 40.85097566527329], [-73.94627501496706, 40.85084097717317], [-73.94620078322082, 40.85103148810554], [-73.94608190501027, 40.850980715383784], [-73.94611744105192, 40.851172582517314], [-73.94565283626454, 40.851211097838814], [-73.94466721178145, 40.85192122600692], [-73.94432518416289, 40.85182257643848], [-73.94419660715161, 40.85201534181571], [-73.94347978545711, 40.85228188194213], [-73.94186996360527, 40.853867738940075], [-73.94029347497165, 40.85664177015522], [-73.93911094164396, 40.858040911225906], [-73.93830957434339, 40.85938052310572], [-73.93752944172513, 40.86009664178477], [-73.93647561664896, 40.86192659117092], [-73.93401664426648, 40.865035548794346], [-73.93395001711579, 40.86534674621003], [-73.93266332721514, 40.8672370659346], [-73.93290171891769, 40.86729304389986], [-73.93283958205113, 40.86741527640902], [-73.93259794852806, 40.86731134967057], [-73.9325188840444, 40.86741050336603], [-73.93226769826204, 40.86856231947512], [-73.93249214298685, 40.86867751865729], [-73.93265083512807, 40.86846503348205], [-73.93252354560038, 40.8687220783591], [-73.93225031755051, 40.868639508367686], [-73.9323138544823, 40.86892372034389], [-73.9325689548279, 40.86897940321413], [-73.93218903826028, 40.869366976891826], [-73.93246883069857, 40.869476099889724], [-73.93235370807277, 40.86975525529677], [-73.93235934465952, 40.86950736372213], [-73.93213336602999, 40.86941597594374], [-73.93205002169798, 40.86964174628033], [-73.93219855048865, 40.869844871413314], [-73.93156536939784, 40.86958215843725], [-73.93150384484605, 40.8690352215693]]]}, "properties": {"geo_id": "MN1202", "name": "Washington Heights (North)", "borough": "Manhattan", "area_km2": 2.3013}}, {"type": "Feature", "id": 121, "geometry": {"type": "MultiPolygon", "coordinates": [[[[-73.92229610926113, 40.855663836401455], [-73.92169841904696, 40.85667230185513], [-73.92151894059094, 40.85660117062342], [-73.92229610926113, 40.855663836401455]]], [[[-73.92234459241664, 40.85568233648424], [-73.9228792161941, 40.85587725939027], [-73.9227683734476, 40.856587481635295], [-73.92288794949759, 40.85885694124603], [-73.92726915025756, 40.86553455981874], [-73.92872643114075, 40.86674142822075], [-73.92619847735759, 40.86851350036838], [-73.92234360638932, 40.86945904067072], [-73.92214152520687, 40.86914779664342], [-73.921626226182, 40.86939218466785], [-73.91925481601531, 40.87100784280284], [-73.91969887531994, 40.872063531039], [-73.91842924397557, 40.873009778733596], [-73.91400985416992, 40.871160593864666], [-73.91176296391379, 40.87305252463931], [-73.91142596184356, 40.87318176715518], [-73.91064877277806, 40.87229624846081], [-73.91043363570444, 40.87138081638449], [-73.91072355879952, 40.87094883563964], [-73.91092491224157, 40.86943659185691], [-73.91147448899049, 40.869454758141075], [-73.91103057950191, 40.86915540349872], [-73.91112890881821, 40.868920043161644], [-73.9113281775882, 40.86880243953597], [-73.91184774580607, 40.867672520472155], [-73.91273173919579, 40.866605212208924], [-73.91254775064014, 40.866514943506566], [-73.9139186313323, 40.86474558440381], [-73.91492387927858, 40.864580378919314], [-73.91454037626015, 40.86441235162355], [-73.91441113392746, 40.86417362637064], [-73.91508583854264, 40.86444814392011], [-73.91589911645785, 40.864308038085234], [-73.91587148065646, 40.86412909103578], [-73.91519574800094, 40.86394522473609], [-73.91517556429645, 40.863680434253666], [-73.91547682444252, 40.86334610729697], [-73.91538673051069, 40.863084384703484], [-73.91729467741739, 40.861679417728254], [-73.9184343925178, 40.860221533395496], [-73.9183931121764, 40.86008046942209], [-73.91877796600149, 40.85954675031154], [-73.91950213660932, 40.85879113379065], [-73.92047868273168, 40.85910409209902], [-73.92127091296308, 40.86018804281688], [-73.92159014848224, 40.860072800027055], [-73.9218663378377, 40.85918133914485], [-73.92130672674394, 40.858899312866065], [-73.92107155243161, 40.85855344402579], [-73.92108767646545, 40.8582998412482], [-73.92091459857778, 40.85821896663791], [-73.92114396588988, 40.85755122456042], [-73.92155550463555, 40.85732175009385], [-73.92155857155751, 40.85708883062931], [-73.92237695742358, 40.856583569625016], [-73.92234459241664, 40.85568233648424]]]]}, "properties": {"geo_id": "MN1203", "name": "Inwood", "borough": "Manhattan", "area_km2": 1.3412}}, {"type": "Feature", "id": 122, "geometry": {"type": "Polygon", "coordinates": [[[-73.90647314610091, 40.7901811752083], [-73.90206327886824, 40.789494405495454], [-73.90032629743816, 40.78900766282588], [-73.8969399356256, 40.786624668969914], [-73.89651204913604, 40.786068659026206], [-73.89635251322403, 40.786179309700906], [-73.8965025483397, 40.78605746784428], [-73.89637855916176, 40.78590898059149], [-73.89621803456787, 40.7860160228709], [-73.89604376668126, 40.78579998748064], [-73.89624259793256, 40.78574043299211], [-73.89614015089728, 40.78560716779105], [-73.89598001322706, 40.78571167627171], [-73.8959296297551, 40.78564894431402], [-73.89612632632654, 40.785593168306505], [-73.8958291437706, 40.78522152738371], [-73.89683173824393, 40.78442766370363], [-73.89675564813854, 40.784322339878514], [-73.89685938814264, 40.78440412048233], [-73.89715534459026, 40.78419496285712], [-73.89706087137576, 40.78407329982127], [-73.89719273550543, 40.78416853742997], [-73.897421989645, 40.783996315223874], [-73.89731570793737, 40.783871959800834], [-73.89745426052157, 40.783970873888535], [-73.897613965943, 40.783844968287525], [-73.89772226528254, 40.783743464333156], [-73.89759878526134, 40.783650155452776], [-73.89781043874567, 40.783684461545285], [-73.89767518069621, 40.78358427275554], [-73.89876162661416, 40.78274894638468], [-73.90114577552033, 40.78271110659338], [-73.90217815315991, 40.78178056186365], [-73.90267723582103, 40.78059413174262], [-73.90257929672418, 40.78028912033323], [-73.90234303882599, 40.78018724530735], [-73.90218303706733, 40.780359366147096], [-73.90203565790105, 40.78120310196316], [-73.9012912761892, 40.78185841927053], [-73.90034960780264, 40.78216441053015], [-73.89865437844033, 40.78199542032102], [-73.89437777934127, 40.784243203484415], [-73.89429482356759, 40.784117567827174], [-73.89606377738343, 40.78315720230798], [-73.89477429053531, 40.78225359249442], [-73.89542197971655, 40.78171777101649], [-73.8953575056752, 40.781657657133636], [-73.89460091774579, 40.78225315898151], [-73.89534447842289, 40.781585566311456], [-73.89416469090781, 40.78247204670663], [-73.89306090692054, 40.78184828970733], [-73.89230750203565, 40.78246604207649], [-73.89274917876409, 40.78296570668492], [-73.89165459123632, 40.78219478203344], [-73.8922419109745, 40.782410799061324], [-73.89300986180193, 40.78179802356241], [-73.89227864597669, 40.78130032168041], [-73.89211148854682, 40.78139517920925], [-73.89221792778646, 40.78120532387674], [-73.89167103754534, 40.780854854131476], [-73.8915916410725, 40.78058112053533], [-73.89253484564897, 40.779770519588666], [-73.89254018145542, 40.77955183427164], [-73.89166859702924, 40.77949253890751], [-73.89119589704309, 40.77856328838987], [-73.8925225986081, 40.77740462949181], [-73.8914160577009, 40.77633895673577], [-73.89183244772168, 40.774880200557824], [-73.89144361875265, 40.77562269470986], [-73.89135801250262, 40.77604940893405], [-73.89136766185132, 40.776342998913016], [-73.89145185712407, 40.77651276977363], [-73.89112044207172, 40.77712470023755], [-73.89056250595347, 40.777403920964474], [-73.89035193016329, 40.77780032127958], [-73.8900872941696, 40.7777841926019], [-73.88947105399582, 40.77553555197257], [-73.88978900623829, 40.774236861168774], [-73.89019171520577, 40.77364687672779], [-73.88985169893456, 40.77375329803358], [-73.88945486771429, 40.773532951628674], [-73.8887444391677, 40.76891817992269], [-73.88822093545016, 40.768621415668065], [-73.88772988070615, 40.76691443487077], [-73.88836546335685, 40.76676959313515], [-73.88834201745365, 40.766596800355174], [-73.88918520463123, 40.76629769192876], [-73.89089043605875, 40.76585819861232], [-73.8910902771304, 40.766336635602826], [-73.893859875953, 40.766421445750474], [-73.89432371955363, 40.766146471735006], [-73.90226637075733, 40.767456944444014], [-73.90413637714005, 40.76752031781202], [-73.9057735290384, 40.768028588758405], [-73.9172571472928, 40.76985353036546], [-73.91807875178455, 40.7700619958955], [-73.91770217216161, 40.770393111588085], [-73.92216697391133, 40.77354687802797], [-73.92398142850007, 40.77461511268854], [-73.92302571392955, 40.7753843098885], [-73.92375761264192, 40.77654701252131], [-73.91796581369779, 40.781256291967296], [-73.91996458704803, 40.78263506903863], [-73.91818862872982, 40.78393296678346], [-73.91717118646426, 40.7841934843716], [-73.91718200591444, 40.7845520636815], [-73.91683276950292, 40.785191392487086], [-73.9157517280639, 40.786107578577635], [-73.91526013935966, 40.78619221764684], [-73.91558710139692, 40.78642963166858], [-73.91259985845355, 40.78937632963354], [-73.91240810867995, 40.78927430344477], [-73.91266748228412, 40.78900397554607], [-73.91195110817397, 40.78940179722049], [-73.9120797495829, 40.78952181498922], [-73.91183777669977, 40.789680884458], [-73.91169342283841, 40.789572638609364], [-73.91094297412123, 40.789755043755875], [-73.91090486966488, 40.79004068496204], [-73.91022215695882, 40.790465207781814], [-73.90985862925706, 40.79094549428462], [-73.90677991420837, 40.790375108150826], [-73.90647314610091, 40.7901811752083]]]}, "properties": {"geo_id": "QN0101", "name": "Astoria (North)-Ditmars-Steinway", "borough": "Queens", "area_km2": 5.4165}}, {"type": "Feature", "id": 123, "geometry": {"type": "Polygon", "coordinates": [[[-73.92827730766551, 40.776898975826754], [-73.92398142850024, 40.77461511268849], [-73.92780678506122, 40.769889038658164], [-73.92647341110653, 40.769271396247966], [-73.93036545982827, 40.7644907508823], [-73.93618379675429, 40.76769180216499], [-73.93593176970903, 40.76778370276497], [-73.93577133991252, 40.76905001004526], [-73.934717183839, 40.770029858717464], [-73.9342460961504, 40.77102927567435], [-73.93452730021298, 40.77117677510306], [-73.93443525743177, 40.771462362333594], [-73.93482622695544, 40.77157695857565], [-73.93480681344211, 40.7717341383875], [-73.93746638537077, 40.772531495125364], [-73.93785811756666, 40.77408756897285], [-73.93765483024703, 40.77508568538347], [-73.93638022751426, 40.77692145656245], [-73.93474352945171, 40.7780763353768], [-73.93178834239043, 40.777870607104624], [-73.93104964232832, 40.77744189731182], [-73.93107377058605, 40.77726059439778], [-73.93062856466015, 40.77659090274922], [-73.92988058500086, 40.776221631902025], [-73.92860514935201, 40.7765926751006], [-73.92827730766551, 40.776898975826754]]]}, "properties": {"geo_id": "QN0102", "name": "Old Astoria-Hallets Point", "borough": "Queens", "area_km2": 1.0304}}, {"type": "Feature", "id": 124, "geometry": {"type": "Polygon", "coordinates": [[[-73.91194025916087, 40.76901015311978], [-73.9144990235603, 40.76585640001886], [-73.91370071321843, 40.76548023943927], [-73.91499211485011, 40.76389230453765], [-73.91579117314488, 40.76426777112949], [-73.92415699977637, 40.75396114233148], [-73.93215200209738, 40.75771038532681], [-73.92965061901405, 40.760797762089204], [-73.93054963851196, 40.76122060130232], [-73.92943440756808, 40.762380093350565], [-73.93133626072911, 40.76327644170063], [-73.92647341110653, 40.769271396247966], [-73.92780678506122, 40.769889038658164], [-73.92398142850024, 40.77461511268849], [-73.92216697391144, 40.77354687802797], [-73.91770217216155, 40.77039311158805], [-73.91807875178459, 40.77006199589546], [-73.91194025916087, 40.76901015311978]]]}, "properties": {"geo_id": "QN0103", "name": "Astoria (Central)", "borough": "Queens", "area_km2": 1.9588}}, {"type": "Feature", "id": 125, "geometry": {"type": "Polygon", "coordinates": [[[-73.90202516499477, 40.76741678384683], [-73.90351227686666, 40.7658494601136], [-73.9020729578399, 40.76238097012592], [-73.90152851497294, 40.759627895683224], [-73.89855492905029, 40.7599241041633], [-73.89945019324345, 40.758597726633354], [-73.89974199154351, 40.75751157950044], [-73.89959167121798, 40.756555608131734], [-73.89854223045789, 40.75417011243211], [-73.9102312460241, 40.752976523975086], [-73.91446450712553, 40.75367641223835], [-73.91763192835664, 40.75385784877941], [-73.92562743725453, 40.752137244755154], [-73.91579117314488, 40.76426777112949], [-73.91499211485011, 40.76389230453765], [-73.91370071321843, 40.76548023943927], [-73.9144990235603, 40.76585640001886], [-73.91194025916087, 40.76901015311978], [-73.90577352903836, 40.76802858875836], [-73.90413637714005, 40.767520317811986], [-73.90202516499477, 40.76741678384683]]]}, "properties": {"geo_id": "QN0104", "name": "Astoria (East)-Woodside (North)", "borough": "Queens", "area_km2": 2.4194}}, {"type": "Feature", "id": 126, "geometry": {"type": "Polygon", "coordinates": [[[-73.93490481282649, 40.771270641186845], [-73.9342460961504, 40.77102927567435], [-73.93447448991427, 40.77041159718816], [-73.93486925338505, 40.769850878443535], [-73.93577133991252, 40.76905001004526], [-73.93593176970903, 40.76778370276497], [-73.93618379675429, 40.76769180216499], [-73.93036545982827, 40.7644907508823], [-73.93133626072911, 40.76327644170063], [-73.92943440756808, 40.762380093350565], [-73.93054963851196, 40.76122060130232], [-73.92965061901405, 40.760797762089204], [-73.93215200209738, 40.75771038532681], [-73.92415699977637, 40.75396114233148], [-73.92562743725453, 40.752137244755154], [-73.93227623247458, 40.75195388670734], [-73.93383269252406, 40.7516047019395], [-73.93609498888914, 40.74973153087829], [-73.93538685189334, 40.74941193365533], [-73.93686355580832, 40.7484212636472], [-73.93804586445255, 40.74945326478057], [-73.93811714651464, 40.749832708626116], [-73.95083917075976, 40.75521808361636], [-73.94570525552606, 40.76148815705637], [-73.94350281966635, 40.764499040743665], [-73.94131174875348, 40.76691800476947], [-73.93983559216916, 40.7679880059388], [-73.9393658722389, 40.768159701377186], [-73.93895502453354, 40.76795818621723], [-73.93819730754757, 40.76869974435682], [-73.937887684264, 40.7685575534323], [-73.93777816678435, 40.76861905232534], [-73.93795822895181, 40.76878493351541], [-73.93747109116914, 40.76895155808664], [-73.93681460588624, 40.76890394747822], [-73.93670737989143, 40.769252609576895], [-73.93640381736164, 40.76947488451707], [-73.93574021432576, 40.7693672303693], [-73.93524016831186, 40.76967932546315], [-73.9346949906708, 40.770425337520145], [-73.93514715336494, 40.77054195605819], [-73.93500813872274, 40.771162394364154], [-73.93490481282649, 40.771270641186845]]]}, "properties": {"geo_id": "QN0105", "name": "Queensbridge-Ravenswood-Dutch Kills", "borough": "Queens", "area_km2": 2.5754}}, {"type": "Feature", "id": 127, "geometry": {"type": "Polygon", "coordinates": [[[-73.93804586445255, 40.74945326478063], [-73.93663681803018, 40.74820409438761], [-73.94032695991926, 40.74541314372137], [-73.94342742773829, 40.74423117299754], [-73.94401030271291, 40.7436394546211], [-73.94419561612075, 40.74288214660561], [-73.94031559689029, 40.7444044985513], [-73.93769681500208, 40.745238575264274], [-73.93726110650226, 40.745176490733606], [-73.9386796880221, 40.73820830246165], [-73.94146173397083, 40.739248583627024], [-73.94050888805725, 40.740113941753286], [-73.94036159218972, 40.74033534565808], [-73.9405614496907, 40.74041832293436], [-73.93910874138139, 40.742617035176856], [-73.93866991753184, 40.742534082025145], [-73.9385878697674, 40.74293088319027], [-73.9400192297566, 40.743208272210936], [-73.9401485852122, 40.74283244146026], [-73.93965301521378, 40.74273108709586], [-73.94159470030033, 40.73986412616913], [-73.94259666844921, 40.739395147300485], [-73.94290141828805, 40.73900380200718], [-73.94382272278712, 40.738871538033166], [-73.9454823659007, 40.73820703179651], [-73.94715087181176, 40.73790012334491], [-73.95138071451841, 40.73933647729526], [-73.95380883920839, 40.739820292978116], [-73.9574147069991, 40.739556582011495], [-73.96006757901837, 40.7384837496239], [-73.96072580373679, 40.73808017017932], [-73.96216505619317, 40.73827253825914], [-73.96213146112977, 40.73845107014833], [-73.96260819684821, 40.73879553796766], [-73.9624307900523, 40.739671481088116], [-73.96220916425703, 40.74000617549806], [-73.96179048263058, 40.740013130919586], [-73.96124697945442, 40.74042359711535], [-73.96193749932249, 40.740794878815585], [-73.96180397423018, 40.7410976734722], [-73.96121862785935, 40.74110786013018], [-73.96107392501922, 40.74169450475212], [-73.96136486577288, 40.741837198153306], [-73.96110814501462, 40.74182802490296], [-73.96155253168952, 40.741993261407345], [-73.96119029722934, 40.74264485525967], [-73.96097168385474, 40.742754054263905], [-73.96054252046825, 40.74346639409337], [-73.95977470797789, 40.74350468420323], [-73.95970598360807, 40.74385865006141], [-73.96001568862124, 40.74392011030365], [-73.95994685233346, 40.743784575895276], [-73.9601237537593, 40.74393920840526], [-73.96005765843066, 40.7438036750126], [-73.96056856726295, 40.744029666585185], [-73.95963225023921, 40.74393463241688], [-73.9593910660958, 40.74428332424144], [-73.95972855228639, 40.74427211561957], [-73.96015525451605, 40.74436878260551], [-73.96012600962418, 40.74444393648907], [-73.95923368945668, 40.74431004302671], [-73.95877537004449, 40.74455560036616], [-73.95944240940884, 40.74460422010981], [-73.95938938708144, 40.74470995488402], [-73.95887919943338, 40.74462433145487], [-73.95875854768678, 40.74494500575542], [-73.95966590521529, 40.74517030007996], [-73.95849389303115, 40.74498786491641], [-73.95845252269677, 40.74511901131977], [-73.95925084238476, 40.745315529632585], [-73.95933786844711, 40.74550760689611], [-73.95905935607935, 40.74575336834659], [-73.95850227459358, 40.745764973715396], [-73.95914371692966, 40.7460006031761], [-73.95704097276808, 40.7489203513766], [-73.95485394268042, 40.748040794641135], [-73.95415161163967, 40.74801441094232], [-73.95436474783496, 40.74795117203132], [-73.95318382492817, 40.74773481246369], [-73.95305375571401, 40.74808748722947], [-73.95478387803723, 40.74842768777317], [-73.95632162509689, 40.74908155342994], [-73.95601160302678, 40.749373994729524], [-73.95622199020642, 40.74951730353316], [-73.95600065094655, 40.74938370270678], [-73.95576039140944, 40.749596659530376], [-73.95620136735029, 40.749685633323665], [-73.95546436936395, 40.74967421308284], [-73.95534928514437, 40.75001385690411], [-73.95513239086358, 40.74992642483484], [-73.95520274974783, 40.74967653740942], [-73.9550665256012, 40.74963273087819], [-73.95451584573348, 40.75058669947954], [-73.95465000413118, 40.75083104095966], [-73.95449858097594, 40.75122583574061], [-73.95292970939114, 40.752763649906754], [-73.95083917075965, 40.755218083616406], [-73.93811714651454, 40.749832708626116], [-73.93804586445255, 40.74945326478063]]]}, "properties": {"geo_id": "QN0201", "name": "Long Island City-Hunters Point", "borough": "Queens", "area_km2": 2.5637}}, {"type": "Feature", "id": 128, "geometry": {"type": "Polygon", "coordinates": [[[-73.90971148153095, 40.74975470947739], [-73.9101499308649, 40.748521572909254], [-73.91164202633128, 40.74868457627928], [-73.9119097896876, 40.74810539493411], [-73.91244853783171, 40.7459204027123], [-73.91124722195144, 40.74578399353917], [-73.9119870407896, 40.74218897978199], [-73.91382781904143, 40.742413689124284], [-73.91443483151015, 40.74053105397926], [-73.91573535607311, 40.74079155985525], [-73.91717737969705, 40.73689787074112], [-73.91651522687403, 40.736757346510196], [-73.91689741755664, 40.73544470881869], [-73.91749307542328, 40.73542134601308], [-73.91835109071796, 40.73315255900704], [-73.91881437666355, 40.73320765485049], [-73.91902180336837, 40.73208783911261], [-73.91731464144377, 40.731441749355795], [-73.91760690937173, 40.730571982029325], [-73.91836395128227, 40.72593088310013], [-73.92216877702315, 40.72648741164368], [-73.92645216867697, 40.728124281874365], [-73.92652759438836, 40.727955307335485], [-73.9279089274922, 40.72825331631524], [-73.9284859115421, 40.72775858067109], [-73.92923485876166, 40.72826016576123], [-73.93043971043068, 40.728563137284674], [-73.93453176375739, 40.729104806032566], [-73.93648138613977, 40.72968652034431], [-73.93804478507167, 40.73050996784624], [-73.93911054508747, 40.731379806525375], [-73.9399104982974, 40.73327632785935], [-73.94003200991102, 40.733245044305896], [-73.94016538640956, 40.73348637434488], [-73.94001807012909, 40.73354044127544], [-73.94006709327039, 40.73376215298028], [-73.94086498592704, 40.735070409091236], [-73.94162472636474, 40.73584144233838], [-73.94264171501608, 40.736349516517116], [-73.94594410333048, 40.73751251570067], [-73.94463860064847, 40.73813835203971], [-73.94257885812154, 40.73881602077128], [-73.94280384267661, 40.7388615464564], [-73.94255612673099, 40.73902086624873], [-73.94146173397093, 40.73924858362698], [-73.9386796880222, 40.73820830246161], [-73.93726110650238, 40.745176490733535], [-73.93769681500213, 40.745238575264224], [-73.92677093824727, 40.747592428305616], [-73.92079784667062, 40.74689069172745], [-73.92034233070606, 40.74915896087421], [-73.91540599852912, 40.75011107614551], [-73.9134843501198, 40.750199312179916], [-73.90971148153095, 40.74975470947739]]]}, "properties": {"geo_id": "QN0202", "name": "Sunnyside", "borough": "Queens", "area_km2": 4.4316}}, {"type": "Feature", "id": 129, "geometry": {"type": "Polygon", "coordinates": [[[-73.89564469726287, 40.74847370607988], [-73.89088670228641, 40.74068724516353], [-73.89469075852743, 40.740232139182204], [-73.88725300716398, 40.73883597461871], [-73.88753539950608, 40.73676254300579], [-73.89136855506156, 40.73606133167993], [-73.89137858997476, 40.735918312996155], [-73.88936177643157, 40.73583833771049], [-73.88852285901477, 40.734531160015514], [-73.89255554589387, 40.73447812681237], [-73.89492421708293, 40.73500772218356], [-73.89854772669649, 40.735191910683234], [-73.90026348547984, 40.734741947795364], [-73.90107970834157, 40.733914635281465], [-73.90516948771564, 40.73585964312785], [-73.90601830248995, 40.73401073974847], [-73.90568645850745, 40.73391582530949], [-73.90628903408064, 40.73240075153316], [-73.91068876335082, 40.73347108174243], [-73.9085550145402, 40.737930425251506], [-73.90755490341012, 40.7416645644079], [-73.9119870407896, 40.74218897978199], [-73.91124722195144, 40.74578399353917], [-73.91244853783171, 40.7459204027123], [-73.9119097896876, 40.74810539493411], [-73.91164202633128, 40.74868457627928], [-73.9101499308649, 40.748521572909254], [-73.90945182619186, 40.750655506888926], [-73.9103411180095, 40.75267681551927], [-73.9102312460241, 40.752976523975086], [-73.89873816340153, 40.75415367093812], [-73.89768266902828, 40.75239988277305], [-73.89739654391622, 40.75080358138859], [-73.89707488590454, 40.74994481255301], [-73.8963586964246, 40.74877029023691], [-73.89564469726287, 40.74847370607988]]]}, "properties": {"geo_id": "QN0203", "name": "Woodside", "borough": "Queens", "area_km2": 3.0612}}, {"type": "Feature", "id": 130, "geometry": {"type": "Polygon", "coordinates": [[[-73.8736572171208, 40.756803485602184], [-73.8694245844896, 40.74915685151845], [-73.89175048638339, 40.74681172763542], [-73.8963586964246, 40.74877029023691], [-73.89726536609948, 40.75034094840249], [-73.89767756325354, 40.75238527280447], [-73.89873816340153, 40.75415367093812], [-73.89854223045789, 40.75417011243211], [-73.89959167121798, 40.756555608131734], [-73.89974199154351, 40.75751157950044], [-73.89945019324345, 40.758597726633354], [-73.89855492905029, 40.7599241041633], [-73.8987725072315, 40.75991557716743], [-73.89645648006261, 40.76320483810342], [-73.89509659568759, 40.764356578155805], [-73.89432371955363, 40.76614647173497], [-73.89385987595305, 40.766421445750474], [-73.89109027713035, 40.766336635602826], [-73.89089043605885, 40.76585819861232], [-73.88918520463135, 40.76629769192876], [-73.88834201745371, 40.766596800355174], [-73.8883654633568, 40.76676959313512], [-73.88772988070632, 40.76691443487074], [-73.88708963943286, 40.76501345524443], [-73.88639712234833, 40.76121645324452], [-73.87895382666481, 40.761983981983406], [-73.87601371794547, 40.761443732138886], [-73.87513874233443, 40.75663381606016], [-73.8736572171208, 40.756803485602184]]]}, "properties": {"geo_id": "QN0301", "name": "Jackson Heights", "borough": "Queens", "area_km2": 3.6526}}, {"type": "Feature", "id": 131, "geometry": {"type": "Polygon", "coordinates": [[[-73.86312333627419, 40.766302293701756], [-73.85956252243186, 40.76197196766705], [-73.859756288603, 40.761835800163446], [-73.85912375729214, 40.76127549915759], [-73.85810853898091, 40.76063718244453], [-73.85603980807308, 40.759725788082655], [-73.85463995663274, 40.758466157765206], [-73.85856138902115, 40.75791243685632], [-73.86567436887039, 40.75762958285565], [-73.87513874233443, 40.75663381606016], [-73.87601371794547, 40.761443732138886], [-73.87895382666481, 40.761983981983406], [-73.88639712234833, 40.76121645324452], [-73.88708963943286, 40.76501345524443], [-73.88772988070632, 40.76691443487074], [-73.88431910348122, 40.767981661495526], [-73.87876439572224, 40.77079292540998], [-73.87699426181423, 40.77142266038266], [-73.87441000315363, 40.77184760599085], [-73.8718464614572, 40.77174207993593], [-73.87026142648355, 40.77135696228379], [-73.8688306699114, 40.770733202081985], [-73.86598349192941, 40.76886012712934], [-73.86312333627419, 40.766302293701756]]]}, "properties": {"geo_id": "QN0302", "name": "East Elmhurst", "borough": "Queens", "area_km2": 2.6723}}, {"type": "Feature", "id": 132, "geometry": {"type": "Polygon", "coordinates": [[[-73.85220450477739, 40.752660682361785], [-73.86111707530164, 40.75002422886752], [-73.8694245844896, 40.74915685151845], [-73.8736572171208, 40.756803485602184], [-73.86567436887039, 40.75762958285565], [-73.85856138902115, 40.75791243685632], [-73.85463995663274, 40.758466157765206], [-73.8535947748382, 40.75669624865124], [-73.85261725264013, 40.75340506602956], [-73.85220450477739, 40.752660682361785]]]}, "properties": {"geo_id": "QN0303", "name": "North Corona", "borough": "Queens", "area_km2": 1.2971}}, {"type": "Feature", "id": 133, "geometry": {"type": "Polygon", "coordinates": [[[-73.86582955951802, 40.73664322351373], [-73.86457248510011, 40.73418839751414], [-73.87664005821294, 40.73029916800203], [-73.88005274315167, 40.72899068625354], [-73.88140288134223, 40.728732306040776], [-73.88527716913296, 40.728407080361016], [-73.8872048245606, 40.72786882893659], [-73.88723573007663, 40.728932964661], [-73.88755962006357, 40.7301970557394], [-73.88805975152022, 40.730087231202994], [-73.88852285901477, 40.734531160015514], [-73.88936177643157, 40.73583833771049], [-73.89137858997476, 40.735918312996155], [-73.89136855506156, 40.73606133167993], [-73.88753539950608, 40.73676254300579], [-73.88725300716398, 40.73883597461871], [-73.89469075852743, 40.740232139182204], [-73.89088670228641, 40.74068724516353], [-73.89564469726287, 40.74847370607988], [-73.89175048638339, 40.74681172763542], [-73.8694245844896, 40.74915685151845], [-73.86852925170723, 40.74758830224446], [-73.8674913490406, 40.74330204795835], [-73.86756253362448, 40.740941889595774], [-73.86582955951802, 40.73664322351373]]]}, "properties": {"geo_id": "QN0401", "name": "Elmhurst", "borough": "Queens", "area_km2": 3.9114}}, {"type": "Feature", "id": 134, "geometry": {"type": "Polygon", "coordinates": [[[-73.84755579631894, 40.739063915743635], [-73.8496085818006, 40.73818321552236], [-73.85191248724905, 40.73742340697297], [-73.85632260554273, 40.73650613449278], [-73.85877141151009, 40.735785289538065], [-73.8588655562166, 40.73593913930966], [-73.86462193356107, 40.73428169011493], [-73.86582955951802, 40.73664322351373], [-73.86756253362448, 40.740941889595774], [-73.8674913490406, 40.74330204795835], [-73.86852925170723, 40.74758830224446], [-73.8694245844896, 40.74915685151845], [-73.86111707530164, 40.75002422886752], [-73.85220450477739, 40.752660682361785], [-73.85086439577863, 40.74999564187307], [-73.85442575165439, 40.74885172738613], [-73.85011556548316, 40.74072356279743], [-73.84779173467615, 40.73983078601063], [-73.84777844151239, 40.73934483574819], [-73.84755579631894, 40.739063915743635]]]}, "properties": {"geo_id": "QN0402", "name": "Corona", "borough": "Queens", "area_km2": 2.2321}}, {"type": "Feature", "id": 135, "geometry": {"type": "Polygon", "coordinates": [[[-73.88852285901477, 40.734531160015514], [-73.88805975152022, 40.730087231202994], [-73.88755962006357, 40.7301970557394], [-73.88723573007663, 40.728932964661], [-73.88707712051257, 40.724637701845], [-73.88618322343763, 40.724610059782194], [-73.88258786884484, 40.725082765284796], [-73.88163408963928, 40.723880454012686], [-73.89423532406491, 40.71792437978085], [-73.8945750270531, 40.71837744972756], [-73.8928625677604, 40.71921070577881], [-73.89473892399079, 40.72157729339405], [-73.89427879600704, 40.72177400270325], [-73.89497218993841, 40.72282359575468], [-73.89426494144978, 40.72314318891679], [-73.8956974326074, 40.723412586214], [-73.89582380640651, 40.72389882212871], [-73.898352850163, 40.72311229087276], [-73.89903191817592, 40.72385696031509], [-73.90011223589211, 40.72330816565856], [-73.8998161002817, 40.721236901284854], [-73.8973970477915, 40.72155120995722], [-73.89736598317032, 40.72046438387832], [-73.90009286293615, 40.72017685333899], [-73.90062644361817, 40.71976405404416], [-73.90033454380907, 40.71866914057504], [-73.90033904209324, 40.71801994856641], [-73.90005937978121, 40.71804637961166], [-73.89985149268672, 40.718375397965], [-73.89834760053333, 40.71919767856984], [-73.89726757777942, 40.71814715656215], [-73.89901820945803, 40.71738212746651], [-73.89758653537898, 40.71649471524495], [-73.89553825056457, 40.713803633708196], [-73.89506469374547, 40.71247956272748], [-73.90607768457534, 40.71290296470982], [-73.92404011245955, 40.71400831262851], [-73.92405909582877, 40.71411156014666], [-73.92368352152467, 40.71408284191096], [-73.92412241575497, 40.71513804844535], [-73.92366895697221, 40.71553556743527], [-73.92232970167701, 40.7160765451726], [-73.92064258940599, 40.71577319202898], [-73.9205690553611, 40.716003708340814], [-73.9222376112428, 40.71638244099685], [-73.92279414745396, 40.71753457614416], [-73.92346602654162, 40.71813033432244], [-73.92393867329353, 40.71904275678717], [-73.92383575405708, 40.72014816357578], [-73.92422716247574, 40.720887344592064], [-73.92424364921007, 40.72142949875874], [-73.92491241131376, 40.72196013830903], [-73.92519872182672, 40.72244542357399], [-73.92442298754985, 40.7235899749812], [-73.92214330961285, 40.723707557018905], [-73.92073356094131, 40.72330981277065], [-73.9203706423579, 40.72368111281607], [-73.92228620280949, 40.724181285932445], [-73.92428434470955, 40.72429101259572], [-73.92528222312207, 40.72472087389924], [-73.92655663912454, 40.72566906478483], [-73.9284859115421, 40.72775858067109], [-73.9279089274922, 40.72825331631524], [-73.92652759438836, 40.727955307335485], [-73.92645216867697, 40.728124281874365], [-73.92216877702315, 40.72648741164368], [-73.91836395128227, 40.72593088310013], [-73.91796696574369, 40.728500770628514], [-73.91507233746363, 40.727970820738676], [-73.91505217941192, 40.728601181002006], [-73.91204824987389, 40.728541407777], [-73.91200974532912, 40.729228864817145], [-73.91173061792142, 40.729964124082905], [-73.910125169557, 40.72932347579918], [-73.90706867229271, 40.72746652344227], [-73.90518057853612, 40.72895657764349], [-73.90060814855137, 40.7344838550728], [-73.89982513040265, 40.73493139501915], [-73.89830799616651, 40.73519418432527], [-73.89492421708293, 40.73500772218356], [-73.89255554589387, 40.73447812681237], [-73.88852285901477, 40.734531160015514]]]}, "properties": {"geo_id": "QN0501", "name": "Maspeth", "borough": "Queens", "area_km2": 5.4176}}, {"type": "Feature", "id": 136, "geometry": {"type": "Polygon", "coordinates": [[[-73.90607768457534, 40.71290296470982], [-73.88842000644362, 40.71226995777938], [-73.88731119081702, 40.71055891587812], [-73.88813121677582, 40.71034214248916], [-73.88785210167515, 40.709891030193624], [-73.88862202372279, 40.709667927734934], [-73.88821599071345, 40.70889868644866], [-73.88938120545319, 40.708547171701], [-73.88929924389514, 40.707899569803494], [-73.88553214158814, 40.7064456832489], [-73.88554946851846, 40.70615461853382], [-73.88652826726778, 40.70622520637669], [-73.88911917685428, 40.70559887789942], [-73.8898433014183, 40.70497240219519], [-73.89279748948294, 40.70197195397857], [-73.89271678327681, 40.7018622071857], [-73.89500322618817, 40.69971237796606], [-73.89484994897542, 40.69858962332291], [-73.89578005001509, 40.698510962643475], [-73.89558457583472, 40.69712764200624], [-73.89838185109375, 40.696135997501685], [-73.90074962200802, 40.69248266359243], [-73.90058403257873, 40.692397786759315], [-73.90139840574003, 40.69158999203721], [-73.90579597009139, 40.69412715601634], [-73.90426018345657, 40.695700371442825], [-73.9118068203699, 40.69994688252277], [-73.91067882671317, 40.701045969566344], [-73.91290404033842, 40.70236189179874], [-73.91180709937288, 40.703434952528376], [-73.92189184632589, 40.70939609721312], [-73.92074853049758, 40.71053364895845], [-73.92154601629636, 40.711043283534565], [-73.92223466389498, 40.712855954865084], [-73.92404011245955, 40.71400831262851], [-73.90607768457534, 40.71290296470982]]]}, "properties": {"geo_id": "QN0502", "name": "Ridgewood", "borough": "Queens", "area_km2": 3.9529}}, {"type": "Feature", "id": 137, "geometry": {"type": "Polygon", "coordinates": [[[-73.85729287192218, 40.71146767719115], [-73.85667714278766, 40.70769187446505], [-73.85593793979514, 40.70639628822719], [-73.85471652431808, 40.7067694968294], [-73.85470823889172, 40.705210974814655], [-73.85252018988406, 40.70229172361688], [-73.85529275816589, 40.70259550178674], [-73.85529571355171, 40.70199100960875], [-73.85722762629649, 40.70165172035626], [-73.857279339531, 40.7012125138238], [-73.85827405761421, 40.70122365990838], [-73.85893224244882, 40.701320345427305], [-73.85823494833606, 40.70283289066995], [-73.8580845148311, 40.70289677765264], [-73.86280855583294, 40.70341091580511], [-73.87639785062429, 40.70229404227518], [-73.87621714111846, 40.701595005488045], [-73.88174317583888, 40.69953389506322], [-73.88280948430287, 40.70068345565604], [-73.88431619385398, 40.70020119700814], [-73.88771297954062, 40.69967807635778], [-73.88818025719999, 40.69885791191108], [-73.88783456925324, 40.6976579484022], [-73.887392721047, 40.697021285935904], [-73.88648530276926, 40.6964399152595], [-73.88865416765059, 40.69582954889939], [-73.88818204912515, 40.69505776803751], [-73.89190386108368, 40.69431533708753], [-73.89245207558912, 40.69522572929158], [-73.89507694293881, 40.694591389701756], [-73.8955862536911, 40.69397916251387], [-73.89398113147993, 40.693075966044525], [-73.89357934937728, 40.693085329231764], [-73.8932620980334, 40.692200947458545], [-73.89474270809995, 40.69263695345887], [-73.89695653441352, 40.69194920811647], [-73.89768631776539, 40.69336525898252], [-73.89742730091562, 40.69328898065161], [-73.89691021266253, 40.6938422705381], [-73.89736265666656, 40.6941108479019], [-73.90003039084218, 40.69343745124335], [-73.89838185109375, 40.696135997501685], [-73.89558457583472, 40.69712764200624], [-73.89578005001509, 40.698510962643475], [-73.89484994897542, 40.69858962332291], [-73.89500322618817, 40.69971237796606], [-73.89271678327681, 40.7018622071857], [-73.89279748948294, 40.70197195397857], [-73.89105316884583, 40.70381641430696], [-73.88911917685428, 40.70559887789942], [-73.88652826726778, 40.70622520637669], [-73.88554946851846, 40.70615461853382], [-73.88553214158814, 40.7064456832489], [-73.88377296851912, 40.70629420232434], [-73.86911007026978, 40.707089336763666], [-73.87017879970772, 40.70923187162264], [-73.86661823125355, 40.71040164922821], [-73.86500981935464, 40.7107769094354], [-73.8596541674942, 40.71337996208153], [-73.85975932730761, 40.711845059783215], [-73.85729287192218, 40.71146767719115]]]}, "properties": {"geo_id": "QN0503", "name": "Glendale", "borough": "Queens", "area_km2": 2.7877}}, {"type": "Feature", "id": 138, "geometry": {"type": "Polygon", "coordinates": [[[-73.86547610782141, 40.72028093825461], [-73.8705305548885, 40.71816075207411], [-73.8723917118283, 40.71783057869373], [-73.87169362586245, 40.71425986947695], [-73.87154693230556, 40.7125969478758], [-73.87032063308534, 40.709898999726924], [-73.87017879970772, 40.70923187162264], [-73.86911007026978, 40.707089336763666], [-73.88088332654698, 40.706453978273], [-73.88086188417752, 40.706584729365254], [-73.87761134046428, 40.70716770625018], [-73.87872783141286, 40.71002753514139], [-73.87926181116097, 40.70990534793724], [-73.87943495437466, 40.71028441943501], [-73.87907685128268, 40.71035938983904], [-73.8800626757471, 40.712652573688274], [-73.88507555594765, 40.71216105627767], [-73.88687942908237, 40.71222318607758], [-73.88684873492177, 40.71253457071928], [-73.88773734792672, 40.713636134929565], [-73.88712171630216, 40.71375965073658], [-73.88725557877292, 40.71497413044565], [-73.89063515929506, 40.71881274644736], [-73.89065043499122, 40.71855932298649], [-73.89164437196251, 40.71774612889537], [-73.89301489203416, 40.71615028449025], [-73.89423532406491, 40.71792437978085], [-73.88163408963928, 40.723880454012686], [-73.88258786884484, 40.725082765284796], [-73.88618322343763, 40.724610059782194], [-73.88707712051257, 40.724637701845], [-73.8872048245606, 40.72786882893659], [-73.88527716913296, 40.728407080361016], [-73.88039010699585, 40.72890521959473], [-73.87523717426548, 40.73072395864231], [-73.87146074117443, 40.72932637413712], [-73.87084539292056, 40.72748459343925], [-73.86929270423025, 40.72443592947432], [-73.86547610782141, 40.72028093825461]]]}, "properties": {"geo_id": "QN0504", "name": "Middle Village", "borough": "Queens", "area_km2": 3.2463}}, {"type": "Feature", "id": 139, "geometry": {"type": "Polygon", "coordinates": [[[-73.8588655562166, 40.73593913930966], [-73.85625664948243, 40.73095912309851], [-73.85851097754131, 40.73028680330544], [-73.85762923515857, 40.728606921813835], [-73.85798089544537, 40.728735445245995], [-73.85941987945064, 40.72646483756206], [-73.85727107984803, 40.725681298088084], [-73.85805416739869, 40.72444540610082], [-73.86203833783489, 40.725956785406034], [-73.85990796356725, 40.72434623516033], [-73.85868097494433, 40.72261244048231], [-73.85777174464216, 40.716456269156396], [-73.85729287192218, 40.71146767719115], [-73.85975932730761, 40.711845059783215], [-73.85963616848426, 40.713978132040445], [-73.86003789787706, 40.714932235723076], [-73.8652387052367, 40.71997671002584], [-73.86929270423025, 40.72443592947432], [-73.87084539292056, 40.72748459343925], [-73.87146074117443, 40.72932637413712], [-73.87523717426548, 40.73072395864231], [-73.86878781474637, 40.73293214138409], [-73.86457248510011, 40.73418839751414], [-73.86462193356107, 40.73428169011493], [-73.8588655562166, 40.73593913930966]]]}, "properties": {"geo_id": "QN0601", "name": "Rego Park", "borough": "Queens", "area_km2": 1.876}}, {"type": "Feature", "id": 140, "geometry": {"type": "Polygon", "coordinates": [[[-73.83097820817336, 40.714313605287636], [-73.83597706956753, 40.711705956974846], [-73.83611476516761, 40.7118251468735], [-73.83770894067275, 40.711036484269606], [-73.84133936543044, 40.709946234362405], [-73.84453738714153, 40.70866105563943], [-73.84665724023397, 40.708318643009974], [-73.8493315614799, 40.708388333680105], [-73.85593793979514, 40.70639628822719], [-73.85667714278766, 40.70769187446505], [-73.85729287192218, 40.71146767719115], [-73.85777174464216, 40.716456269156396], [-73.85868097494433, 40.72261244048231], [-73.85990796356725, 40.72434623516033], [-73.86203833783489, 40.725956785406034], [-73.85805416739869, 40.72444540610082], [-73.85727107984803, 40.725681298088084], [-73.85941987945064, 40.72646483756206], [-73.85798089544537, 40.728735445245995], [-73.85762923515857, 40.728606921813835], [-73.85851097754131, 40.73028680330544], [-73.85625664948243, 40.73095912309851], [-73.85877141151009, 40.735785289538065], [-73.85632260554273, 40.73650613449278], [-73.85134604533705, 40.73758845234141], [-73.84755579631894, 40.739063915743635], [-73.84721361521655, 40.73864398735329], [-73.84689366105576, 40.738671217393154], [-73.84605541770422, 40.73709918897149], [-73.84542613027915, 40.73494980377872], [-73.84418886465552, 40.732642019579956], [-73.84285558354436, 40.73114091183742], [-73.84146810773275, 40.729998093473796], [-73.83985434224356, 40.7281775697852], [-73.8373145942717, 40.72357150922379], [-73.83538045081515, 40.72072218104147], [-73.83488359346718, 40.71930327241618], [-73.82983328300575, 40.7155677836586], [-73.83050460940986, 40.714856945301364], [-73.8314586691967, 40.71455445043996], [-73.83097820817336, 40.714313605287636]]]}, "properties": {"geo_id": "QN0602", "name": "Forest Hills", "borough": "Queens", "area_km2": 5.3842}}, {"type": "Feature", "id": 141, "geometry": {"type": "MultiPolygon", "coordinates": [[[[-73.83923558994489, 40.76563158757176], [-73.8394581331383, 40.76544576895956], [-73.83905334881253, 40.765958678098045], [-73.83923558994489, 40.76563158757176]]], [[[-73.86788407470766, 40.78736103669476], [-73.86813031999918, 40.7872327783469], [-73.86923491611483, 40.78596991541737], [-73.86809912257888, 40.787458661818576], [-73.86788407470766, 40.78736103669476]]], [[[-73.83839013354552, 40.798304872076145], [-73.83919004727309, 40.797777265945236], [-73.84025860809137, 40.797588858432334], [-73.83997099590049, 40.79690564189244], [-73.83903676812523, 40.79705247607581], [-73.83840083077962, 40.79675525830704], [-73.83706498880147, 40.79385109892895], [-73.8365907861629, 40.79208255055193], [-73.83661598944191, 40.79176276700107], [-73.83732085415384, 40.79139278568124], [-73.83751566673905, 40.79101213010184], [-73.8375035888359, 40.79046166072565], [-73.83681814957045, 40.79046990635997], [-73.8374819140324, 40.79043449792194], [-73.83717544535045, 40.78942731331658], [-73.83728017293755, 40.78900947510495], [-73.837134329894, 40.789564033517], [-73.83637809572267, 40.7894601781872], [-73.83565808161079, 40.78957267098123], [-73.83533150242211, 40.78921274221445], [-73.83414953337684, 40.7890733604373], [-73.83390129515625, 40.78858379635456], [-73.83347264458895, 40.78845709831367], [-73.83251063648018, 40.788624476626985], [-73.83209671987397, 40.788787667503925], [-73.83175433638607, 40.789228593367454], [-73.83144187749333, 40.78917318814092], [-73.83195118463604, 40.78941477263493], [-73.83214872000922, 40.79003324485338], [-73.83169117583219, 40.79106984794307], [-73.83099216040134, 40.79156786522654], [-73.83000741522429, 40.79155655028986], [-73.82910913605086, 40.79189852848425], [-73.82851893011993, 40.79249423667804], [-73.8292317458574, 40.79300228767831], [-73.82839743076788, 40.79255229704336], [-73.82791413746047, 40.79289359289096], [-73.82779277842657, 40.793295389199514], [-73.82800645038526, 40.794913099673565], [-73.82838528126493, 40.79557781095921], [-73.82878010953813, 40.795917923947606], [-73.82880962943086, 40.796183767898675], [-73.82945157754541, 40.796658960557735], [-73.82994060847732, 40.79608347178978], [-73.83003294365191, 40.796135491726744], [-73.82947072470185, 40.796667939592695], [-73.82976585679138, 40.796832562475714], [-73.83028847001641, 40.796242260677225], [-73.83052227564221, 40.79639496990469], [-73.83026292803197, 40.79643070941116], [-73.83028495256248, 40.79660478046793], [-73.8301485933837, 40.79653365076672], [-73.83019225768815, 40.796693960868666], [-73.83004204087307, 40.79663397568169], [-73.82995971154074, 40.796724485917], [-73.83007965633173, 40.796794277575046], [-73.82984973873315, 40.79681101392362], [-73.8299566400482, 40.79691231118515], [-73.8297847695734, 40.79687133882597], [-73.82905966768777, 40.796462507152775], [-73.82742422822851, 40.796748674971404], [-73.82698776992511, 40.7970814394786], [-73.82719785505498, 40.7975391211275], [-73.82703055823802, 40.7977184574158], [-73.82403946055099, 40.793045919687856], [-73.82286529575353, 40.791484351956626], [-73.82250401910781, 40.790339699383246], [-73.82248565604507, 40.78949025409429], [-73.82383397610032, 40.786756199456526], [-73.82498992933844, 40.78170146368238], [-73.82528484048761, 40.7816972923255], [-73.82823904732787, 40.776459945838425], [-73.83015693041679, 40.77382474231787], [-73.83183305675988, 40.772387961593466], [-73.83626891661395, 40.769609971650674], [-73.83820473755638, 40.76764804641113], [-73.83925621702691, 40.766034209638896], [-73.83969772482985, 40.76639267704465], [-73.83973386806863, 40.76673441465338], [-73.83949805795814, 40.76701701698489], [-73.83975387982275, 40.767120444435925], [-73.83993922177349, 40.767064277650114], [-73.83990190913454, 40.76682415841421], [-73.84031170315286, 40.76629479789859], [-73.84252261658963, 40.765775004882116], [-73.84295915637374, 40.76585472242508], [-73.84394748335801, 40.765494881485914], [-73.84491332846123, 40.765528387676135], [-73.84620024037952, 40.76619634316657], [-73.84723067910053, 40.76631315809502], [-73.84780575104429, 40.76677294817186], [-73.84821324018463, 40.76763459784819], [-73.84862313819268, 40.76811397427409], [-73.84827134088803, 40.7682021811484], [-73.84819270803452, 40.76848035983155], [-73.84874543600243, 40.76871174752752], [-73.84899656302136, 40.76914831350337], [-73.84846616773545, 40.769726441506144], [-73.84867152868738, 40.77076157340527], [-73.84949402711867, 40.77132861681563], [-73.84994241882978, 40.771927193260055], [-73.85030397450356, 40.77193820009226], [-73.85033808818412, 40.77174366904152], [-73.85130108374364, 40.771806361300385], [-73.85127037620711, 40.771985534743756], [-73.85036146530206, 40.77183074564802], [-73.85033410569379, 40.77201760525575], [-73.84995162517421, 40.771958298374656], [-73.84986902411806, 40.77218306251098], [-73.85004065546363, 40.77222460055511], [-73.84983958377792, 40.77223100236504], [-73.84957160955904, 40.77256110383093], [-73.848976198672, 40.77356166795714], [-73.84921529927196, 40.774654860766795], [-73.8489298861563, 40.77555708063135], [-73.84919240411048, 40.775790469530484], [-73.84895559325422, 40.777961673731504], [-73.8495358659634, 40.778425885557276], [-73.84974741420471, 40.77841405400625], [-73.84953664690558, 40.778457620290034], [-73.84945995577804, 40.778656567563644], [-73.84993353296062, 40.778769123883734], [-73.84980088112196, 40.77879328482786], [-73.84978114316236, 40.77911193054553], [-73.84957155453587, 40.779192837209834], [-73.84963631633597, 40.77948192035175], [-73.85094705724252, 40.77906915543044], [-73.85148755480544, 40.778992977612575], [-73.85101339619419, 40.77912195667452], [-73.85107946016743, 40.779297757683345], [-73.85014017315834, 40.77939098692588], [-73.84979304347515, 40.77949768519767], [-73.84981720066122, 40.77963034755178], [-73.85235267881522, 40.77948067182839], [-73.85232086242218, 40.77916928470395], [-73.85238832778408, 40.77952890238712], [-73.84982102259755, 40.779651339304095], [-73.84955245478294, 40.77995661902605], [-73.85031473957852, 40.78004153550168], [-73.85045656031701, 40.77988827991392], [-73.85169028085545, 40.77986750797579], [-73.8516709916224, 40.780035228878305], [-73.84949381208203, 40.780065828616955], [-73.84988932081794, 40.7810891347986], [-73.8509364639654, 40.781119575156204], [-73.84988728063753, 40.78112151131705], [-73.84983660014282, 40.78159962491646], [-73.8491870941858, 40.78164181104712], [-73.84954774265883, 40.781841078845474], [-73.84925258182844, 40.78226477501422], [-73.85028089657791, 40.78245956200978], [-73.85314993069177, 40.782323936276356], [-73.85331933850036, 40.78203460406867], [-73.85528242786702, 40.78197538384753], [-73.85545062835031, 40.78314307863596], [-73.85645378741438, 40.783350925658794], [-73.85643993663155, 40.783157516967194], [-73.8566769089344, 40.783150087659685], [-73.85660286912328, 40.78289226124898], [-73.85664951090608, 40.78289231927661], [-73.85684129014672, 40.78337136348536], [-73.85734052316838, 40.78337127058638], [-73.85765932415335, 40.783644430295304], [-73.85808318103429, 40.783724078339276], [-73.85812542205795, 40.78418349224513], [-73.85789221034877, 40.78428163064462], [-73.85797958218285, 40.78466877980185], [-73.8585252017042, 40.78521351878021], [-73.85900171407565, 40.78518675422873], [-73.85905644532376, 40.7854318130606], [-73.85909500008366, 40.78543874885168], [-73.85907476152012, 40.78523738131116], [-73.8591073214184, 40.785462117799014], [-73.85925204354476, 40.78547791604777], [-73.85923610583716, 40.78530658875588], [-73.85946328082923, 40.785494852498516], [-73.85934860120071, 40.7850272494402], [-73.85950833484766, 40.7855349344499], [-73.85899048937476, 40.7854915984313], [-73.85912461223825, 40.78585015916088], [-73.85858840508558, 40.78614814015403], [-73.85868283349971, 40.78653116697802], [-73.85812817158505, 40.78705156105845], [-73.85681133765593, 40.78667261319477], [-73.85620020315078, 40.78715009995915], [-73.85617275786657, 40.78749321987587], [-73.85593893894001, 40.787688734280515], [-73.85345184461451, 40.78782611179647], [-73.85284230133762, 40.788211372242685], [-73.852889902613, 40.7883466695523], [-73.85438364788583, 40.78832012876321], [-73.85480194733205, 40.7886191547261], [-73.8544719407123, 40.79025897531977], [-73.8526583069305, 40.791106420610525], [-73.85285879649223, 40.79153378501185], [-73.85377854910706, 40.79242127400726], [-73.85363080166007, 40.793098182710814], [-73.85373351593947, 40.79393537408612], [-73.85276627198616, 40.79438924682435], [-73.85263098256245, 40.79494485424489], [-73.85242651222978, 40.7946097588212], [-73.85159077157464, 40.79408653057549], [-73.84906160768959, 40.793362610297805], [-73.84884894723227, 40.79350168515592], [-73.84907814795613, 40.79414538498356], [-73.84878370153676, 40.79454210272804], [-73.84887654563344, 40.79513404169143], [-73.84870999361341, 40.79541648129005], [-73.84624420656033, 40.79616309543732], [-73.84557802709027, 40.79602089569074], [-73.84560469078744, 40.79585478326092], [-73.84527885159012, 40.79544938579958], [-73.84459915044435, 40.79491154987536], [-73.84354668938991, 40.79491394401068], [-73.84333760876125, 40.795021386960485], [-73.8433063238692, 40.79550093348906], [-73.84304363919281, 40.79521473901192], [-73.84284865256261, 40.795213401671006], [-73.84328497194205, 40.79617439268523], [-73.84280875175094, 40.79541822241238], [-73.84225959368347, 40.79558496893752], [-73.8428667525937, 40.79692222907211], [-73.84216747341138, 40.79561294016378], [-73.84190480251942, 40.79562179424094], [-73.84142122729111, 40.79514695145779], [-73.84129943545976, 40.79621966933019], [-73.8405998229462, 40.796806803210735], [-73.8401393036446, 40.79687918783629], [-73.84041517909824, 40.79767843675542], [-73.83920948324106, 40.79784431435416], [-73.83842915829165, 40.79837567115353], [-73.83787044050948, 40.79844190861341], [-73.83839013354552, 40.798304872076145]]]]}, "properties": {"geo_id": "QN0701", "name": "College Point", "borough": "Queens", "area_km2": 6.1975}}, {"type": "Feature", "id": 142, "geometry": {"type": "Polygon", "coordinates": [[[-73.79186139966966, 40.789299916453565], [-73.7905830092439, 40.78813068393343], [-73.79494008922235, 40.786275007036245], [-73.79783171697144, 40.78584566904739], [-73.80242243472784, 40.78601897987739], [-73.80299781866992, 40.78141047563661], [-73.80324974651853, 40.781275479894674], [-73.80303318468549, 40.78094087010306], [-73.80379022821839, 40.7756101127967], [-73.81485850501342, 40.7764859231172], [-73.81452997736083, 40.77888817487941], [-73.82331286855239, 40.77957865983422], [-73.82224127572, 40.7816938794787], [-73.82498992933844, 40.78170146368238], [-73.82383397610032, 40.786756199456526], [-73.82349564763787, 40.78763545476921], [-73.82259118671583, 40.78910818010241], [-73.82247344373356, 40.790173256477665], [-73.82286529575353, 40.791484351956626], [-73.82403946055099, 40.793045919687856], [-73.82703055823802, 40.7977184574158], [-73.82661605440374, 40.79778068963285], [-73.8261182190996, 40.79727143446589], [-73.82504612538257, 40.79738480723437], [-73.8239935653746, 40.79800962877643], [-73.82408466024866, 40.79824812758474], [-73.82394787857773, 40.79822736357914], [-73.82423318744837, 40.798695237893305], [-73.82385948384704, 40.79815413510484], [-73.82343323450806, 40.79840651440802], [-73.82372348219178, 40.798899241360544], [-73.82340872309753, 40.79841781479871], [-73.8232537105997, 40.7984695366711], [-73.82309602750455, 40.79868329836303], [-73.82330552497714, 40.79896286561817], [-73.82300262970564, 40.79864228972415], [-73.8226110157905, 40.79889318981721], [-73.82279270559495, 40.79933978372746], [-73.82251916455884, 40.79898773568942], [-73.82241227004744, 40.7990889137538], [-73.82267787896853, 40.799486135236585], [-73.82238754736761, 40.7991128910712], [-73.82161789179177, 40.79999198769293], [-73.82098071933156, 40.800478109269875], [-73.82043245966778, 40.800627863918685], [-73.82049919995312, 40.80101146781918], [-73.82040454927237, 40.800639500292625], [-73.81980523634638, 40.800801504342196], [-73.81921618006282, 40.80059391140861], [-73.81720813882521, 40.79920728065819], [-73.81683930839897, 40.79910594099455], [-73.81657109077604, 40.799413014079235], [-73.81681915722326, 40.79910040359161], [-73.81645932359682, 40.79934597886535], [-73.81668071668096, 40.79906236602621], [-73.81611363334581, 40.79860807129583], [-73.81577416779662, 40.79902316306005], [-73.81607935134174, 40.798571558752556], [-73.81367907633053, 40.79754578841369], [-73.81369963725258, 40.79707941566529], [-73.81335317201021, 40.79766895646071], [-73.81363525454101, 40.79704721742738], [-73.81350297416049, 40.796944258705935], [-73.81324649695347, 40.79721182110095], [-73.81299031078595, 40.79729202695937], [-73.81287448914716, 40.797177142464314], [-73.81254798974676, 40.798047064459645], [-73.81225365567325, 40.79812694629929], [-73.81179002769257, 40.79802633175477], [-73.81182161861155, 40.79745867632896], [-73.81160781379997, 40.797372406880555], [-73.80636331452577, 40.796393605437856], [-73.80623135012517, 40.79681747708042], [-73.80633076714521, 40.796392740938735], [-73.80588581379813, 40.79647488953628], [-73.80539573274982, 40.79617082151353], [-73.805317116594, 40.79650607685073], [-73.80533944487574, 40.796163928288955], [-73.80467173768784, 40.79616746916419], [-73.80462782077669, 40.79636500362048], [-73.80462441010646, 40.7961426870042], [-73.80434825935406, 40.796214090992926], [-73.80427353615048, 40.79664126082601], [-73.80431138699934, 40.79621287616021], [-73.80416535642868, 40.79622900877698], [-73.8041149774975, 40.796680821298224], [-73.80413644766976, 40.79623423117796], [-73.80400524331151, 40.79626735843288], [-73.80395475397938, 40.796649389018086], [-73.80397418925084, 40.79627825591984], [-73.80387400337644, 40.79631431268577], [-73.80381328868062, 40.79653525722275], [-73.80382294195863, 40.796335013343715], [-73.80364301509012, 40.79640608601034], [-73.80360589996643, 40.79663231149914], [-73.80361288546563, 40.7964208568207], [-73.80348346265083, 40.79647111246648], [-73.8033995735722, 40.79691494023076], [-73.80346376409076, 40.79647441481299], [-73.80323841161633, 40.797078467159004], [-73.80326066918465, 40.796706492008674], [-73.80298007023815, 40.796708725637885], [-73.80295830316697, 40.79640959084292], [-73.80257934475047, 40.79629544313626], [-73.80201128805254, 40.796275423172744], [-73.80177947698411, 40.79631614185276], [-73.80174543088819, 40.796512405600566], [-73.80175550251634, 40.79632129642079], [-73.80101126230595, 40.79652237458978], [-73.80087826048957, 40.796337893640064], [-73.8006218474009, 40.79642676236064], [-73.8002938164526, 40.79625497250357], [-73.80020438000453, 40.796270053945584], [-73.80016302405897, 40.79644886383362], [-73.80012861512657, 40.79644681983536], [-73.80018235388124, 40.79626691369701], [-73.79968067900407, 40.7961745027066], [-73.79960548226381, 40.79633222060471], [-73.79932384219163, 40.796094485028], [-73.79789832687219, 40.79555922091686], [-73.79766994008872, 40.79599382238191], [-73.79787014914716, 40.79555201214152], [-73.7967356766009, 40.79520894342078], [-73.79651175709589, 40.7956533850829], [-73.79670587562211, 40.79519762595199], [-73.79655875115115, 40.79513737417691], [-73.79565299152418, 40.79497830102856], [-73.7950848108672, 40.79506575035893], [-73.79500857651713, 40.79492438244065], [-73.79439061537387, 40.79481220360178], [-73.79456001584941, 40.79474622336375], [-73.7943219795705, 40.79434565900811], [-73.7943184655084, 40.793566448140645], [-73.79464168117262, 40.7931057566402], [-73.79457565397946, 40.79271934079035], [-73.7948381079321, 40.79254447926274], [-73.7949607968868, 40.7918733001012], [-73.79402867745135, 40.78962408274594], [-73.79372761531064, 40.789035344407345], [-73.79338033504995, 40.78957839262078], [-73.79323941781153, 40.789530249704015], [-73.79362007276177, 40.78899663724746], [-73.79286156729891, 40.78878964671413], [-73.79235291154153, 40.78890684181012], [-73.79186139966966, 40.789299916453565]]]}, "properties": {"geo_id": "QN0702", "name": "Whitestone-Beechhurst", "borough": "Queens", "area_km2": 4.8902}}, {"type": "Feature", "id": 143, "geometry": {"type": "Polygon", "coordinates": [[[-73.78171460726156, 40.79053031998581], [-73.78120521665697, 40.789587914389735], [-73.77796124413697, 40.788364323038124], [-73.7740960982874, 40.78629656597283], [-73.77407638297778, 40.78591728401942], [-73.77160731979487, 40.7829962651857], [-73.76930405710117, 40.780781957981546], [-73.76833795607779, 40.77963487219958], [-73.76815915444398, 40.779635958695074], [-73.76820055460033, 40.779444179191145], [-73.76716193687588, 40.77978287566088], [-73.76702392346498, 40.78008623415853], [-73.76688994703657, 40.77977943444616], [-73.7667757037411, 40.77981245819599], [-73.76816173051576, 40.779396821242194], [-73.76760454567845, 40.77829903415702], [-73.76815640868458, 40.77812526976861], [-73.76861267825937, 40.77909521106401], [-73.7755373218135, 40.77702559797934], [-73.7758395817773, 40.7786123731144], [-73.79163526066453, 40.77423865558605], [-73.79365230270004, 40.77336043864155], [-73.79565701988966, 40.77303608721581], [-73.79741530928378, 40.77401038228474], [-73.7985300933913, 40.77519072888207], [-73.80379022821845, 40.7756101127967], [-73.80303318468556, 40.780940870103095], [-73.80324974651842, 40.781275479894724], [-73.80299781866992, 40.781410475636655], [-73.80242243472773, 40.78601897987739], [-73.79783171697133, 40.78584566904739], [-73.79494008922224, 40.786275007036245], [-73.79058300924375, 40.78813068393346], [-73.79186139966954, 40.789299916453594], [-73.79028202353355, 40.79031696289745], [-73.78568101301406, 40.790340671660175], [-73.78383842448224, 40.79064095467055], [-73.78253080663518, 40.79127678943212], [-73.78434152993464, 40.791749353793804], [-73.78227330183385, 40.791373715718215], [-73.7817470869697, 40.79113340664349], [-73.78171460726156, 40.79053031998581]]]}, "properties": {"geo_id": "QN0703", "name": "Bay Terrace-Clearview", "borough": "Queens", "area_km2": 3.6529}}, {"type": "Feature", "id": 144, "geometry": {"type": "Polygon", "coordinates": [[[-73.81485850501342, 40.7764859231172], [-73.7985300933913, 40.77519072888204], [-73.79741530928378, 40.77401038228474], [-73.79521550584715, 40.772674907206415], [-73.79317944423835, 40.770403177725676], [-73.7939591452068, 40.76469531992347], [-73.79302551299664, 40.764621192187676], [-73.79343991080363, 40.760764127960265], [-73.79076004554386, 40.76098576942364], [-73.79031516842448, 40.757823450587665], [-73.79493246101809, 40.75779803007236], [-73.8003003897138, 40.75970229914358], [-73.80951372555968, 40.761299911024054], [-73.8110496301882, 40.76141702158745], [-73.82063593185151, 40.758872267845774], [-73.82080684792837, 40.7589417833156], [-73.82348245124568, 40.76465179236624], [-73.82466908878068, 40.770407607806455], [-73.82655841905539, 40.770137083592495], [-73.82656578804828, 40.77064147673239], [-73.82957144973903, 40.7707111120933], [-73.83054572477742, 40.7702236831603], [-73.83058462325141, 40.7716388752165], [-73.83151692468128, 40.77165764985647], [-73.83159305635508, 40.772560020472646], [-73.83015693041679, 40.77382474231787], [-73.8288829967806, 40.77542700714356], [-73.82528484048761, 40.7816972923255], [-73.82224127572, 40.7816938794787], [-73.82331286855239, 40.77957865983422], [-73.81452997736083, 40.77888817487941], [-73.81485850501342, 40.7764859231172]]]}, "properties": {"geo_id": "QN0704", "name": "Murray Hill-Broadway Flushing", "borough": "Queens", "area_km2": 5.2446}}, {"type": "Feature", "id": 145, "geometry": {"type": "Polygon", "coordinates": [[[-73.79493246101809, 40.75779803007236], [-73.7945772690188, 40.75356301133769], [-73.79472141191256, 40.75062131979514], [-73.79729524633105, 40.74943505288953], [-73.79472264877985, 40.74759933020805], [-73.79457976040996, 40.746402683486714], [-73.79538713322698, 40.7466641293441], [-73.79736294098707, 40.74646724611632], [-73.79826235368711, 40.746965656177046], [-73.80335214064682, 40.74643196519029], [-73.80276629121889, 40.74812214525458], [-73.80287666422223, 40.74976515017333], [-73.80750599258123, 40.75013658725931], [-73.81416171989086, 40.74613858082959], [-73.815373172896, 40.74721833785883], [-73.81575069483411, 40.746979480114966], [-73.81782025822297, 40.74738541614714], [-73.82108427436813, 40.74855844694599], [-73.82426493808411, 40.75183288858868], [-73.82191828734253, 40.75317308071225], [-73.82084928748625, 40.752241544924296], [-73.81840782792052, 40.75383042207662], [-73.82030067670415, 40.755514980724726], [-73.8178924559545, 40.75708633898605], [-73.82063593185151, 40.758872267845774], [-73.8110496301882, 40.76141702158745], [-73.80951372555968, 40.761299911024054], [-73.8003003897138, 40.75970229914358], [-73.79493246101809, 40.75779803007236]]]}, "properties": {"geo_id": "QN0705", "name": "East Flushing", "borough": "Queens", "area_km2": 2.9413}}, {"type": "Feature", "id": 146, "geometry": {"type": "Polygon", "coordinates": [[[-73.815373172896, 40.74721833785883], [-73.81375799420205, 40.74574593645353], [-73.81368426706229, 40.74530466743436], [-73.81430884781608, 40.742973773568416], [-73.80823789494119, 40.74201115861197], [-73.7994707171161, 40.74222428880841], [-73.79695065232302, 40.74193303565002], [-73.79723084906004, 40.74169550663387], [-73.79725670792827, 40.74021304379798], [-73.79629297225534, 40.738552306430535], [-73.7967249785876, 40.73841664312471], [-73.796439400485, 40.738438947644816], [-73.79641178366118, 40.73832532618916], [-73.79822184145243, 40.73822231538018], [-73.81322219658679, 40.738760352946], [-73.8150571454396, 40.73898684741522], [-73.81497208191401, 40.73856071556801], [-73.81607676712662, 40.738857933588704], [-73.81633109279821, 40.73844640177466], [-73.8167795953239, 40.73837979389538], [-73.82006431353759, 40.738828140377926], [-73.82485496149478, 40.739829363929275], [-73.8249743992586, 40.739440426755365], [-73.82556079168602, 40.73945436007155], [-73.82633788138665, 40.738828428813555], [-73.82701222392282, 40.73856900905002], [-73.82796455084349, 40.73850320445289], [-73.8280915257704, 40.73708317627821], [-73.82946751842844, 40.7370244827513], [-73.83053551231437, 40.73752019476341], [-73.83113451649305, 40.73856190697565], [-73.83099423001246, 40.73856549499752], [-73.83090596456923, 40.739132763891774], [-73.83133868363664, 40.7391706310632], [-73.83115549354883, 40.74234091794378], [-73.83586131783862, 40.74322798520755], [-73.83592530403332, 40.74350057071973], [-73.83543777103765, 40.745523974078274], [-73.83462522085614, 40.746880950882606], [-73.83411432962475, 40.747357310326564], [-73.833085823199, 40.747989125404764], [-73.83300301897044, 40.747833989797286], [-73.83125479839798, 40.74810635962931], [-73.83126591537106, 40.748618046266614], [-73.83096329142796, 40.74893634692274], [-73.8292251197182, 40.749256081184136], [-73.82786693834733, 40.74981128558682], [-73.82723921405703, 40.749859603088304], [-73.82584440827102, 40.749348392102114], [-73.82576557247215, 40.75096902425292], [-73.82426493808411, 40.75183288858868], [-73.82108427436813, 40.74855844694599], [-73.81782025822297, 40.74738541614714], [-73.81575069483411, 40.746979480114966], [-73.815373172896, 40.74721833785883]]]}, "properties": {"geo_id": "QN0706", "name": "Queensboro Hill", "borough": "Queens", "area_km2": 2.4552}}, {"type": "Feature", "id": 147, "geometry": {"type": "Polygon", "coordinates": [[[-73.82080684792837, 40.7589417833156], [-73.8178924559545, 40.75708633898605], [-73.82030067670415, 40.755514980724726], [-73.81840782792052, 40.75383042207662], [-73.82084928748625, 40.752241544924296], [-73.82191828734253, 40.75317308071225], [-73.82576557247215, 40.75096902425292], [-73.82584440827102, 40.749348392102114], [-73.82723921405703, 40.749859603088304], [-73.8276564180309, 40.74986083084326], [-73.8292251197182, 40.749256081184136], [-73.83096329142796, 40.74893634692274], [-73.83126591537106, 40.748618046266614], [-73.83125479839798, 40.74810635962931], [-73.83300301897044, 40.747833989797286], [-73.833085823199, 40.747989125404764], [-73.83222331272125, 40.75141988748444], [-73.83229535672847, 40.75194179113857], [-73.83559153783257, 40.751377132770244], [-73.83684227245506, 40.75333813307133], [-73.83791732703234, 40.754541435301064], [-73.83861858898014, 40.75704484639162], [-73.843243813566, 40.7553368037672], [-73.84596638423373, 40.76069999140458], [-73.84670933597923, 40.76134526913537], [-73.84474507206623, 40.762755631206005], [-73.843593613163, 40.76337054278857], [-73.84368787664125, 40.76361272608388], [-73.84343628780472, 40.76343256619378], [-73.84306961203558, 40.76359256915301], [-73.84304240810833, 40.76432131992045], [-73.84272819396486, 40.76462854893189], [-73.84052635479509, 40.7653879891977], [-73.83957826853546, 40.7652523229732], [-73.83935912159866, 40.765409871852285], [-73.83905334881253, 40.765958678098045], [-73.83925621702691, 40.766034209638896], [-73.83872288535957, 40.766902564986616], [-73.83721938162334, 40.76874306939172], [-73.83521611654476, 40.77037653919408], [-73.83159305635508, 40.772560020472646], [-73.83151692468128, 40.77165764985647], [-73.83058462325141, 40.7716388752165], [-73.83054572477742, 40.7702236831603], [-73.82957144973903, 40.7707111120933], [-73.82656578804828, 40.77064147673239], [-73.82655841905539, 40.770137083592495], [-73.82466908878068, 40.770407607806455], [-73.82348245124568, 40.76465179236624], [-73.82080684792837, 40.7589417833156]]]}, "properties": {"geo_id": "QN0707", "name": "Flushing-Willets Point", "borough": "Queens", "area_km2": 3.58}}, {"type": "Feature", "id": 148, "geometry": {"type": "Polygon", "coordinates": [[[-73.81497208191401, 40.73856071556801], [-73.81469391916038, 40.737140480485486], [-73.81469162972874, 40.73594999352062], [-73.81523144757128, 40.728793913060386], [-73.81474579184822, 40.728230070027195], [-73.81069693652204, 40.726190331378], [-73.81062583717728, 40.724419843138044], [-73.80934251944636, 40.72095724015096], [-73.80782231744779, 40.715911466481614], [-73.81152398130986, 40.71597802044493], [-73.81730551782393, 40.715785580359224], [-73.8201156566577, 40.71651419398225], [-73.81930469431614, 40.71713608156473], [-73.81952343803869, 40.71733973320205], [-73.82331051335473, 40.71749068015459], [-73.82531220451494, 40.71734501287273], [-73.82556765595902, 40.71972101533119], [-73.82730900361362, 40.72464607749657], [-73.82805145201368, 40.7253248503233], [-73.82979910980455, 40.72589725400036], [-73.83057961302387, 40.72639635153888], [-73.83307087957822, 40.72991903138302], [-73.83386267065022, 40.7305531890079], [-73.82566535329194, 40.732279578377415], [-73.82485496149478, 40.739829363929275], [-73.82006431353759, 40.738828140377926], [-73.81693283631239, 40.73838951139741], [-73.81633109279821, 40.73844640177466], [-73.81607676712662, 40.738857933588704], [-73.81497208191401, 40.73856071556801]]]}, "properties": {"geo_id": "QN0801", "name": "Kew Gardens Hills", "borough": "Queens", "area_km2": 3.187}}, {"type": "Feature", "id": 149, "geometry": {"type": "Polygon", "coordinates": [[[-73.80466748100518, 40.73844509381072], [-73.80465494743628, 40.738112423132236], [-73.80273054853018, 40.73808407326076], [-73.80294306869453, 40.734861781597985], [-73.80384625885888, 40.73489694086976], [-73.80406666021152, 40.731641987799556], [-73.7986576123479, 40.731428367240525], [-73.79856392872225, 40.732857567272234], [-73.7942776733323, 40.73269614631348], [-73.79397708648688, 40.73229685316553], [-73.79378938585714, 40.73070118166288], [-73.79157252912356, 40.72532961192656], [-73.79045149257216, 40.72355453232487], [-73.79030267341503, 40.7208914654583], [-73.79037191520054, 40.72013207015193], [-73.79070834383194, 40.7192686520274], [-73.79278969973645, 40.719077581757176], [-73.79804792344984, 40.71740839762371], [-73.79809522666656, 40.71754225181322], [-73.80192181075604, 40.716549519517436], [-73.80474282360336, 40.71616896450202], [-73.80784387489497, 40.715999734066], [-73.80934251944636, 40.72095724015096], [-73.81062583717728, 40.724419843138044], [-73.81069693652204, 40.726190331378], [-73.81474579184822, 40.728230070027195], [-73.81523144757128, 40.728793913060386], [-73.81469162972874, 40.73594999352062], [-73.81469391916038, 40.737140480485486], [-73.8150571454396, 40.73898684741522], [-73.81322219658679, 40.738760352946], [-73.80466748100518, 40.73844509381072]]]}, "properties": {"geo_id": "QN0802", "name": "Pomonok-Electchester-Hillcrest", "borough": "Queens", "area_km2": 3.435}}, {"type": "Feature", "id": 150, "geometry": {"type": "Polygon", "coordinates": [[[-73.77491335182782, 40.73091286026854], [-73.78116054967619, 40.729212758599125], [-73.79174472581707, 40.725788850394274], [-73.79378938585714, 40.73070118166288], [-73.79381937076182, 40.731657388231234], [-73.79397708648688, 40.73229685316553], [-73.7942776733323, 40.73269614631348], [-73.79856392872225, 40.732857567272234], [-73.7986576123479, 40.731428367240525], [-73.80406666021152, 40.731641987799556], [-73.80384625885888, 40.73489694086976], [-73.80294306869453, 40.734861781597985], [-73.80273054853018, 40.73808407326076], [-73.80465494743628, 40.738112423132236], [-73.80466748100518, 40.73844509381072], [-73.79822184145243, 40.73822231538018], [-73.79641178366118, 40.73832532618916], [-73.78040848457842, 40.742629800149665], [-73.77575892512752, 40.74336722747142], [-73.77455066783988, 40.74081510267834], [-73.77315793471287, 40.73699289815642], [-73.77229585368883, 40.73510969673588], [-73.77010830568058, 40.73177950841342], [-73.77491335182782, 40.73091286026854]]]}, "properties": {"geo_id": "QN0803", "name": "Fresh Meadows-Utopia", "borough": "Queens", "area_km2": 3.084}}, {"type": "Feature", "id": 151, "geometry": {"type": "Polygon", "coordinates": [[[-73.77738048864606, 40.72244906356447], [-73.77548473506467, 40.7237206153734], [-73.77286784074273, 40.72486798562724], [-73.76924074729871, 40.725902701756674], [-73.76544843498029, 40.72647468101892], [-73.75985964511524, 40.72587438795593], [-73.75848259175697, 40.7259481044055], [-73.75688011226855, 40.72627860534325], [-73.75548073622103, 40.725119807262736], [-73.75496919396734, 40.72415964730778], [-73.7595009406196, 40.72102737277774], [-73.76446951657488, 40.718890392877945], [-73.76733228086881, 40.717289796810775], [-73.7735713516841, 40.71512009536888], [-73.78657528627528, 40.71197249327694], [-73.78784678347726, 40.71181083366794], [-73.78872545574953, 40.712066781133274], [-73.78928913781583, 40.71203312368855], [-73.79303799920264, 40.71071107542323], [-73.79302654137983, 40.71198136463999], [-73.79360704336277, 40.713508470008854], [-73.7935857023335, 40.71412867817347], [-73.79240413283499, 40.71619304097273], [-73.79224175567441, 40.717427179492205], [-73.79201376485528, 40.71796768743558], [-73.79162842582066, 40.7184179653091], [-73.79089960447452, 40.718875807788145], [-73.79073248776176, 40.7192087573289], [-73.79037191520048, 40.72013207015193], [-73.79030267341497, 40.7208914654583], [-73.790451492572, 40.723554532324904], [-73.79174472581701, 40.725788850394274], [-73.78116054967607, 40.729212758599125], [-73.77757506815995, 40.73019327580595], [-73.77523387094588, 40.72523753382763], [-73.77634188888551, 40.724465647596865], [-73.77700327859172, 40.72372000918506], [-73.7780376580273, 40.72328426871321], [-73.77738048864606, 40.72244906356447]]]}, "properties": {"geo_id": "QN0804", "name": "Jamaica Estates-Holliswood", "borough": "Queens", "area_km2": 3.6614}}, {"type": "Feature", "id": 152, "geometry": {"type": "Polygon", "coordinates": [[[-73.7930379992026, 40.71071107542323], [-73.7947305219882, 40.710012461963444], [-73.79776810067948, 40.70914318884339], [-73.79870150613023, 40.71066337711313], [-73.80141416240689, 40.709686873022314], [-73.80193296990011, 40.708911595851745], [-73.80302414674632, 40.708139657093334], [-73.80366830057753, 40.70874604689922], [-73.8050124749829, 40.70947333518665], [-73.80548241255212, 40.71008885593892], [-73.80804630743958, 40.70935682763351], [-73.80694856263321, 40.70736710041278], [-73.81201248430207, 40.70594494480607], [-73.8115285676521, 40.70227287487812], [-73.8135647045585, 40.702528497999424], [-73.81647531193624, 40.702450427418526], [-73.81952770334794, 40.70857912816951], [-73.81953776740568, 40.70827941076668], [-73.8203651368857, 40.70952341274407], [-73.82131391780284, 40.710548220305306], [-73.82395020594441, 40.71286336357874], [-73.82415919272498, 40.713132559773946], [-73.82394405895185, 40.71323329984583], [-73.82428940517953, 40.71387006610603], [-73.82557862791455, 40.71576260917696], [-73.82517896603255, 40.716014997394524], [-73.8238216253527, 40.71621137044001], [-73.82340468849675, 40.71655002870017], [-73.8218792717015, 40.71664717158986], [-73.82050714709823, 40.716596632691385], [-73.81814437207166, 40.71591539319776], [-73.81710417013943, 40.7157768127617], [-73.81152398130986, 40.71597802044493], [-73.80782231744779, 40.715911466481614], [-73.80474282360336, 40.71616896450202], [-73.80192181075604, 40.716549519517436], [-73.79809522666656, 40.71754225181322], [-73.79804792344984, 40.71740839762371], [-73.79278969973645, 40.719077581757176], [-73.79070834383194, 40.7192686520274], [-73.79089960447452, 40.718875807788145], [-73.79162842582066, 40.7184179653091], [-73.79201376485534, 40.71796768743553], [-73.79224175567445, 40.717427179492205], [-73.79240413283505, 40.71619304097273], [-73.7935857023335, 40.71412867817344], [-73.79360704336271, 40.713508470008826], [-73.79302654137983, 40.71198136463999], [-73.7930379992026, 40.71071107542323]]]}, "properties": {"geo_id": "QN0805", "name": "Jamaica Hills-Briarwood", "borough": "Queens", "area_km2": 2.5683}}, {"type": "Feature", "id": 153, "geometry": {"type": "Polygon", "coordinates": [[[-73.81647531193624, 40.702450427418526], [-73.81686030359168, 40.70244433182033], [-73.81733335748996, 40.70295778651397], [-73.81754376127216, 40.70265734931918], [-73.8224589027805, 40.70365553128271], [-73.83152109540606, 40.70138962879795], [-73.83213204085828, 40.70279408079253], [-73.83391709620503, 40.702347368472154], [-73.8346024485002, 40.70392746712467], [-73.83597534615981, 40.703432158453595], [-73.83661882066103, 40.703420017871096], [-73.83813635209631, 40.70618202949811], [-73.83808137808256, 40.70656204347332], [-73.83714702922727, 40.70795704676518], [-73.83828428770079, 40.70840935912769], [-73.84314625235133, 40.709223456920625], [-73.84133936543044, 40.709946234362405], [-73.83770894067275, 40.711036484269606], [-73.83611476516761, 40.7118251468735], [-73.83597706956753, 40.711705956974846], [-73.83109589255764, 40.71428061247586], [-73.82557862791455, 40.71576260917696], [-73.82428940517953, 40.71387006610603], [-73.82394405895185, 40.71323329984583], [-73.82415919272498, 40.713132559773946], [-73.82395020594441, 40.71286336357874], [-73.82131391780284, 40.710548220305306], [-73.8203651368857, 40.70952341274407], [-73.81953776740568, 40.70827941076668], [-73.81952770334794, 40.70857912816951], [-73.81647531193624, 40.702450427418526]]]}, "properties": {"geo_id": "QN0901", "name": "Kew Gardens", "borough": "Queens", "area_km2": 1.8845}}, {"type": "Feature", "id": 154, "geometry": {"type": "Polygon", "coordinates": [[[-73.81647531193624, 40.702450427418526], [-73.81372585751059, 40.69713209523397], [-73.81439240235476, 40.69707421541617], [-73.8208618976337, 40.695353559557475], [-73.82108096399644, 40.69577899764424], [-73.82967597568506, 40.69352697578607], [-73.84496027980167, 40.689162625082666], [-73.84773325373096, 40.69477527996503], [-73.84894128916666, 40.69755684757066], [-73.8494776340949, 40.69819580839783], [-73.84502472810954, 40.69935937751805], [-73.84275664180579, 40.70065769530599], [-73.84156377940216, 40.70110059921825], [-73.83947815087203, 40.70269019499975], [-73.83696237744874, 40.704212452834966], [-73.83661882066103, 40.703420017871096], [-73.83597534615981, 40.703432158453595], [-73.8346024485002, 40.70392746712467], [-73.83391709620503, 40.702347368472154], [-73.83213204085828, 40.70279408079253], [-73.83152109540606, 40.70138962879795], [-73.8224589027805, 40.70365553128271], [-73.81754376127216, 40.70265734931918], [-73.81733335748996, 40.70295778651397], [-73.81686030359168, 40.70244433182033], [-73.81647531193624, 40.702450427418526]]]}, "properties": {"geo_id": "QN0902", "name": "Richmond Hill", "borough": "Queens", "area_km2": 2.8122}}, {"type": "Feature", "id": 155, "geometry": {"type": "Polygon", "coordinates": [[[-73.81072587432989, 40.69192242230212], [-73.82501128872681, 40.687952318427946], [-73.82599347300521, 40.689953662256855], [-73.82851136605123, 40.689239056293786], [-73.82753021325706, 40.68723948273573], [-73.83595082774886, 40.68484354738765], [-73.83693600775929, 40.686843325190296], [-73.83727810061005, 40.68674734592033], [-73.83810579953929, 40.68843310715161], [-73.83634617789266, 40.68892763055784], [-73.83750506103344, 40.69129397943807], [-73.82108096399644, 40.69577899764424], [-73.8208618976337, 40.695353559557475], [-73.81415998928425, 40.69711791154359], [-73.81372585751059, 40.69713209523397], [-73.81072587432989, 40.69192242230212]]]}, "properties": {"geo_id": "QN0903", "name": "South Richmond Hill", "borough": "Queens", "area_km2": 1.4724}}, {"type": "Feature", "id": 156, "geometry": {"type": "Polygon", "coordinates": [[[-73.83595082774886, 40.68484354738765], [-73.83807768937295, 40.684238909701364], [-73.83697486217649, 40.68198801776318], [-73.83865065697351, 40.68143823714945], [-73.8401285597314, 40.681146650581766], [-73.8411960550906, 40.683351367344564], [-73.847868174779, 40.681486832121], [-73.85197864468334, 40.6825642112843], [-73.85099089216749, 40.68056836816236], [-73.85398014701971, 40.67968303546529], [-73.8581983594644, 40.67943084957028], [-73.85878576836865, 40.68063046414625], [-73.86334943460909, 40.67935164139093], [-73.86410096591109, 40.68237285029176], [-73.86601993132706, 40.68191958702714], [-73.86630263765373, 40.683186695104695], [-73.83750506103344, 40.69129397943807], [-73.83634617789266, 40.68892763055784], [-73.83810579953929, 40.68843310715161], [-73.83727810061005, 40.68674734592033], [-73.83693600775929, 40.686843325190296], [-73.83595082774886, 40.68484354738765]]]}, "properties": {"geo_id": "QN0904", "name": "Ozone Park (North)", "borough": "Queens", "area_km2": 1.6804}}, {"type": "Feature", "id": 157, "geometry": {"type": "Polygon", "coordinates": [[[-73.84913837176869, 40.6982827412012], [-73.8494776340949, 40.69819580839783], [-73.84894128916666, 40.69755684757066], [-73.84773325373096, 40.69477527996503], [-73.84496027980167, 40.689162625082666], [-73.86630263765373, 40.683186695104695], [-73.86659848195221, 40.685269559068296], [-73.86745694011425, 40.68840044216117], [-73.86868454304549, 40.694034691905046], [-73.86840518883152, 40.69473118624327], [-73.85744447651432, 40.696912985386], [-73.85274511619896, 40.69756075076841], [-73.85283262124726, 40.69840776658144], [-73.85456630463464, 40.70059405158943], [-73.85424156293122, 40.70074429958443], [-73.85412473993176, 40.70076508480878], [-73.85410116315052, 40.700513749327584], [-73.8507084219023, 40.7002031251037], [-73.84913837176869, 40.6982827412012]]]}, "properties": {"geo_id": "QN0905", "name": "Woodhaven", "borough": "Queens", "area_km2": 2.2044}}, {"type": "Feature", "id": 158, "geometry": {"type": "Polygon", "coordinates": [[[-73.8073645482768, 40.685962123013425], [-73.80179295375413, 40.67439399109003], [-73.8013177132462, 40.67278422497768], [-73.80124404076315, 40.66984300880514], [-73.8014170894731, 40.667778095938836], [-73.80214866414657, 40.66524995396516], [-73.80614395818654, 40.66491273087771], [-73.80845016114498, 40.66446130126395], [-73.81168861099222, 40.66313287201105], [-73.81326843327555, 40.662812918202974], [-73.81410520318883, 40.66279518295443], [-73.82296101186121, 40.66386013874918], [-73.82305210478327, 40.66355387863719], [-73.82687353836342, 40.66370410799334], [-73.83270533815954, 40.665405773282465], [-73.83811946603159, 40.67662988905782], [-73.8379425096916, 40.67679420975563], [-73.8401285597314, 40.681146650581766], [-73.83697486217649, 40.68198801776318], [-73.83807768937295, 40.684238909701364], [-73.82753021325706, 40.68723948273573], [-73.82851136605123, 40.689239056293786], [-73.82599347300521, 40.689953662256855], [-73.82501128872681, 40.687952318427946], [-73.81072587432989, 40.69192242230212], [-73.8073645482768, 40.685962123013425]]]}, "properties": {"geo_id": "QN1001", "name": "South Ozone Park", "borough": "Queens", "area_km2": 7.6029}}, {"type": "Feature", "id": 159, "geometry": {"type": "Polygon", "coordinates": [[[-73.8411960550906, 40.683351367344564], [-73.8379425096916, 40.67679420975563], [-73.83811946603159, 40.67662988905782], [-73.83334819137352, 40.66677318701368], [-73.834876542347, 40.6672116647173], [-73.83790595489889, 40.667511405580505], [-73.83845354525158, 40.66766201071393], [-73.83834358107259, 40.667989026573515], [-73.8400816987889, 40.66845921881277], [-73.8404678388253, 40.66871850822], [-73.8401362362476, 40.66826802501346], [-73.84242633989129, 40.66878034706103], [-73.84258049032691, 40.66928053313842], [-73.84322150022409, 40.669340410882924], [-73.84847765214472, 40.670916738651755], [-73.86131863516547, 40.67502126881478], [-73.86234580380987, 40.6791647861452], [-73.86328296876194, 40.67907937167695], [-73.86334943460909, 40.67935164139093], [-73.85878576836865, 40.68063046414625], [-73.8581983594644, 40.67943084957028], [-73.85398014701971, 40.67968303546529], [-73.85099089216749, 40.68056836816236], [-73.85197864468334, 40.6825642112843], [-73.847868174779, 40.681486832121], [-73.8411960550906, 40.683351367344564]]]}, "properties": {"geo_id": "QN1002", "name": "Ozone Park", "borough": "Queens", "area_km2": 2.3326}}, {"type": "Feature", "id": 160, "geometry": {"type": "MultiPolygon", "coordinates": [[[[-73.86021221902361, 40.65484005213166], [-73.86054077728362, 40.6546239972789], [-73.86098917265818, 40.65520976760688], [-73.86072015717228, 40.655197183945674], [-73.86021221902361, 40.65484005213166]]], [[[-73.83032725271073, 40.655132805802516], [-73.83026601785501, 40.65542864678396], [-73.82988919855889, 40.65552282308677], [-73.8299455643571, 40.65542449485568], [-73.83032725271073, 40.655132805802516]]], [[[-73.8571134913068, 40.67357505459433], [-73.84322150022409, 40.669340410882924], [-73.84258049032691, 40.66928053313842], [-73.84242633989129, 40.66878034706103], [-73.84215802031912, 40.66870144772638], [-73.8401362362476, 40.66826802501346], [-73.8404678388253, 40.66871850822], [-73.8400816987889, 40.66845921881277], [-73.83834358107259, 40.667989026573515], [-73.83845354525158, 40.66766201071393], [-73.83790595489889, 40.667511405580505], [-73.834876542347, 40.6672116647173], [-73.83334819137352, 40.66677318701368], [-73.83029375054035, 40.66040199153004], [-73.82931420086834, 40.65889865674471], [-73.82859942338702, 40.6571969730152], [-73.82639242756336, 40.648324349284565], [-73.82701502572714, 40.648759713234995], [-73.8284604110572, 40.649118677724985], [-73.82959697362601, 40.64982765808605], [-73.83001039752298, 40.650328375159354], [-73.82986948766651, 40.650429629639355], [-73.8300076744927, 40.650903475057646], [-73.83093651287493, 40.65162612925503], [-73.83132175015915, 40.652726532368014], [-73.83128774471834, 40.65347883742423], [-73.83156039342549, 40.653603277647996], [-73.83158322059785, 40.65381378583128], [-73.82901417557974, 40.656107884452624], [-73.82966677652017, 40.6555990405191], [-73.8301503268674, 40.65566460284457], [-73.83044328071922, 40.65551947244465], [-73.83060245974772, 40.65480688977772], [-73.83170814411545, 40.65393117429707], [-73.83205445130542, 40.654046418067786], [-73.8320005287062, 40.65444081946784], [-73.83221698518581, 40.65446038629317], [-73.8314933010301, 40.65497982053992], [-73.8311610074389, 40.655919232731215], [-73.83021213161007, 40.65633719250569], [-73.83003301456682, 40.65656716783368], [-73.82937603410717, 40.65650633521608], [-73.82923653798922, 40.65666452802178], [-73.82930974695338, 40.656932457535355], [-73.82896778740296, 40.65720524792025], [-73.8291791973458, 40.657799778544465], [-73.83013028740645, 40.65840264271618], [-73.82970706839046, 40.65850251336213], [-73.82959986903286, 40.65865680591038], [-73.83014950104759, 40.6598086849575], [-73.83001214184989, 40.65916316387899], [-73.82969520083267, 40.65865592919425], [-73.83019910654805, 40.658508969566896], [-73.83024426973397, 40.65834996934735], [-73.82922393902868, 40.6577065123841], [-73.82909434825073, 40.65733421916605], [-73.82949826173954, 40.65690590795557], [-73.82950265119976, 40.656647431480884], [-73.8300917256968, 40.65673635744882], [-73.83050532057378, 40.656342367316356], [-73.83127112569362, 40.65600327150185], [-73.83155309177302, 40.655242971869775], [-73.83185238479282, 40.654885038267146], [-73.83218186068025, 40.654894751954956], [-73.83290309524597, 40.65748377162325], [-73.83278194361348, 40.657548460886275], [-73.83208497100733, 40.65613102901409], [-73.83194394578129, 40.656171427756185], [-73.83260036370731, 40.65782659112489], [-73.83112664421708, 40.6583187869438], [-73.83338439472544, 40.658051859208165], [-73.83156681412638, 40.65116771441594], [-73.83118719179556, 40.650751711171075], [-73.83079877896031, 40.64897655870406], [-73.83148723517212, 40.64788727851643], [-73.83453497304731, 40.64802513078843], [-73.8356080045445, 40.648469073611984], [-73.83597223496493, 40.64934876341621], [-73.8384530672263, 40.659361619198485], [-73.8388069039877, 40.66094183548032], [-73.83862724293785, 40.661081643287744], [-73.83883705709185, 40.661121523378334], [-73.83892925173912, 40.66127003335001], [-73.8388923948905, 40.661403524253394], [-73.83807555639744, 40.66158795982317], [-73.83814081447404, 40.662069507090926], [-73.8384389733089, 40.66234384741237], [-73.83969596515671, 40.66223830360273], [-73.83962395726115, 40.66199612869192], [-73.8399794997562, 40.66190427386242], [-73.83681334575157, 40.64924941500217], [-73.8373877871349, 40.649118150638536], [-73.84679162086779, 40.64779632984532], [-73.84839790968526, 40.65449742691441], [-73.85320516062498, 40.65380788611483], [-73.85437346122309, 40.658605261577705], [-73.85354690139397, 40.65931610646886], [-73.85361678093031, 40.659733864756525], [-73.85735269409841, 40.656795747115346], [-73.8596701793761, 40.65518789566355], [-73.8608403069981, 40.65617157528192], [-73.8613519324424, 40.65639462169396], [-73.86140130930177, 40.65656773931667], [-73.86067414520065, 40.65658459166498], [-73.86061669329688, 40.65646465720711], [-73.86061557040892, 40.65664054217473], [-73.8602083950106, 40.65701037444666], [-73.8600677781954, 40.65677986104971], [-73.86005569574453, 40.656972255155544], [-73.85983363521383, 40.65697706372323], [-73.86007499798225, 40.657048611080185], [-73.85981027609571, 40.657322411996454], [-73.85993897279435, 40.65772017765314], [-73.85959244827323, 40.657988453503705], [-73.85958200860448, 40.65833100359444], [-73.85977993090684, 40.6585493831648], [-73.86025847889977, 40.65862971224182], [-73.86022679496337, 40.65889743324265], [-73.86045182957596, 40.65879671920704], [-73.86051208604323, 40.65849767154185], [-73.86098077505929, 40.658381303449886], [-73.86085773050955, 40.65871992718897], [-73.86049000489093, 40.658994143501396], [-73.86061207311117, 40.65932653510791], [-73.86132276468818, 40.65851493216602], [-73.86124850937952, 40.65822408602463], [-73.86093499368775, 40.65805606752885], [-73.86011221673257, 40.65832681549769], [-73.85976839588906, 40.658281936345944], [-73.86021363811535, 40.657913469551765], [-73.8605764621807, 40.65783458980614], [-73.8604071420188, 40.65776134156833], [-73.86035030672483, 40.657226067167805], [-73.86062372337481, 40.65720545608306], [-73.86087003527047, 40.65690897573442], [-73.86161371163514, 40.656996510755555], [-73.86172714514386, 40.65803365399336], [-73.86269778233435, 40.65761830951434], [-73.86317083274409, 40.65827651294824], [-73.86030494564054, 40.65963465530412], [-73.85761537119583, 40.660118933153164], [-73.85842950725197, 40.66345336143299], [-73.85568461155036, 40.66386749287488], [-73.85763323108364, 40.6716561940382], [-73.8603851978872, 40.671251710989075], [-73.86131863516547, 40.67502126881478], [-73.8582515355994, 40.674135611691305], [-73.8571134913068, 40.67357505459433]]]]}, "properties": {"geo_id": "QN1003", "name": "Howard Beach-Lindenwood", "borough": "Queens", "area_km2": 4.8872}}, {"type": "Feature", "id": 161, "geometry": {"type": "Polygon", "coordinates": [[[-73.77163811373067, 40.744196939369765], [-73.77343298771699, 40.743718683276285], [-73.78040848457842, 40.742629800149665], [-73.7953564779763, 40.738537301095725], [-73.79641178366118, 40.73832532618916], [-73.796439400485, 40.738438947644816], [-73.7967249785876, 40.73841664312471], [-73.79629297225534, 40.738552306430535], [-73.79722373002814, 40.7400980347207], [-73.79723084906004, 40.74169550663387], [-73.79521257709722, 40.74349556879119], [-73.79460535126421, 40.744332916943485], [-73.79446368332795, 40.74497002220893], [-73.79472264877985, 40.74759933020805], [-73.79729524633105, 40.74943505288953], [-73.79472141191256, 40.75062131979514], [-73.7945772690188, 40.75356301133769], [-73.79493246101809, 40.75779803007236], [-73.79031516842448, 40.757823450587665], [-73.79076004554386, 40.76098576942364], [-73.79343991080363, 40.760764127960265], [-73.79302551299664, 40.764621192187676], [-73.7939591452068, 40.76469531992347], [-73.79317944423835, 40.770403177725676], [-73.7956570198897, 40.77303608721581], [-73.7936523027001, 40.77336043864151], [-73.7916352606646, 40.77423865558605], [-73.78459339349048, 40.77614122569327], [-73.78448104111969, 40.77395095048988], [-73.78400901818792, 40.77200397486297], [-73.77838149519921, 40.76122605637027], [-73.77564503502515, 40.752629013496474], [-73.77174097746494, 40.74484399726687], [-73.77192604258494, 40.744790738393284], [-73.77163811373067, 40.744196939369765]]]}, "properties": {"geo_id": "QN1101", "name": "Auburndale", "borough": "Queens", "area_km2": 5.1528}}, {"type": "Feature", "id": 162, "geometry": {"type": "Polygon", "coordinates": [[[-73.76760454567857, 40.77829903415697], [-73.76761894075494, 40.777994693916064], [-73.76709113484735, 40.77684484110936], [-73.76510436820394, 40.77379903822068], [-73.76417633114522, 40.772829990442865], [-73.76126301259842, 40.770395965074435], [-73.75960078092824, 40.7687232567132], [-73.75893512093695, 40.768334328516055], [-73.75864264358079, 40.767357170035645], [-73.7578703056741, 40.76694642744715], [-73.75739020737589, 40.76716667285977], [-73.75641084289568, 40.76651422327036], [-73.75650071937827, 40.76634450501819], [-73.75602210333291, 40.76646442121036], [-73.75547310439607, 40.76636558091926], [-73.75493674341264, 40.76609325213905], [-73.75410065488627, 40.76534935346214], [-73.75377036464347, 40.765304631985686], [-73.75567226855465, 40.764691149129995], [-73.7591977039697, 40.764326745504064], [-73.75886431310758, 40.76327454175998], [-73.7583629650641, 40.763497383000384], [-73.75784858628565, 40.762566799538575], [-73.75802377729293, 40.76211102530208], [-73.75848074978504, 40.761994737147305], [-73.75800131634726, 40.76037986814802], [-73.75682062041994, 40.7597348068314], [-73.75583713256925, 40.7577420624534], [-73.75557343584234, 40.75828095183798], [-73.75511648290063, 40.75847949880217], [-73.75404744825111, 40.75851238651271], [-73.75320997118119, 40.75824487350981], [-73.75230259322663, 40.7594551998344], [-73.7511558281731, 40.75906976875012], [-73.75057710625028, 40.758014895656224], [-73.75004764465876, 40.75840465879311], [-73.74809587786969, 40.7558995497207], [-73.74711113768001, 40.75417328675966], [-73.74774116439379, 40.75384994514821], [-73.74709885341628, 40.75234682917815], [-73.74680794553375, 40.75202841850012], [-73.74902502805362, 40.75098001554669], [-73.75033322748254, 40.750661106945515], [-73.75036779504451, 40.75077706833941], [-73.75231188670637, 40.75045926989664], [-73.75758836019223, 40.74915475261831], [-73.76140163165645, 40.74756730972532], [-73.76862599805305, 40.74558274613076], [-73.77163811373067, 40.744196939369765], [-73.77192604258494, 40.744790738393284], [-73.77174097746494, 40.74484399726687], [-73.77564503502515, 40.752629013496474], [-73.77838149519921, 40.76122605637027], [-73.78400901818792, 40.77200397486297], [-73.78448104111969, 40.77395095048988], [-73.78459339349048, 40.77614122569327], [-73.77583958177736, 40.778612373114356], [-73.77553732181362, 40.777025597979296], [-73.76861267825942, 40.77909521106401], [-73.76815640868458, 40.77812526976861], [-73.76760454567857, 40.77829903415697]]]}, "properties": {"geo_id": "QN1102", "name": "Bayside", "borough": "Queens", "area_km2": 6.5413}}, {"type": "Feature", "id": 163, "geometry": {"type": "MultiPolygon", "coordinates": [[[[-73.74506031149814, 40.77914294294139], [-73.7442928971143, 40.778747261922156], [-73.74454629709695, 40.77885465064734], [-73.74481235604424, 40.77855689759709], [-73.74506031149814, 40.77914294294139]]], [[[-73.7467245708424, 40.78030652579841], [-73.74559224274115, 40.77958067926981], [-73.74581872949014, 40.77966671687365], [-73.74682065555056, 40.77937431015796], [-73.74724480713074, 40.78007634470967], [-73.7467245708424, 40.78030652579841]]], [[[-73.74873108637988, 40.78095643940151], [-73.74824911019064, 40.780764779210074], [-73.7480276333625, 40.78048315011244], [-73.74814452405515, 40.780240380301315], [-73.74735791062731, 40.77938330756189], [-73.74777892911669, 40.7791149970059], [-73.74739673412975, 40.7790641251624], [-73.74716558229078, 40.77885633284477], [-73.74679375137325, 40.77903485208637], [-73.746866256832, 40.778877504024734], [-73.74564129623971, 40.77782884819787], [-73.74534800304866, 40.77715344956252], [-73.74568769910017, 40.778152983483686], [-73.74611030250026, 40.77845507553995], [-73.74600996424336, 40.778876573399394], [-73.74540776901326, 40.778982460382416], [-73.74529068415669, 40.778864263774864], [-73.74507677183948, 40.77824908135139], [-73.74461729498398, 40.77791926631311], [-73.74523985922653, 40.77740242977608], [-73.74524624200906, 40.77696285546433], [-73.74501727403884, 40.776597812966095], [-73.74507512050204, 40.77745210014203], [-73.74466521379169, 40.77768349588282], [-73.74471768193898, 40.777487047521426], [-73.74443101629156, 40.77745615402501], [-73.74441591813944, 40.77812324694171], [-73.74408443034726, 40.77825545912614], [-73.74433449820759, 40.77843137351766], [-73.74404091391105, 40.77859010478109], [-73.74007973839655, 40.77620879539356], [-73.73937598887058, 40.776013669167504], [-73.73912361871307, 40.77570414357251], [-73.73770283534154, 40.77479358573051], [-73.72153324613568, 40.76482318958477], [-73.72097588301872, 40.76476015978839], [-73.7133254207879, 40.75973018956998], [-73.71698648425608, 40.759428053213405], [-73.7187574403707, 40.75878899982664], [-73.72014524222521, 40.75791135989186], [-73.72113420829712, 40.756944422476856], [-73.72211498810681, 40.75520795367802], [-73.72294009389309, 40.7541289148246], [-73.72376629274856, 40.75341626353398], [-73.72625938442026, 40.75186982719902], [-73.72736103652076, 40.75083798695294], [-73.72797406044945, 40.749978963709765], [-73.72904412327965, 40.74723238891339], [-73.73095767797076, 40.744859004235494], [-73.73232546685414, 40.743645412601104], [-73.73253297552068, 40.74376601374835], [-73.73374471226855, 40.7428516324762], [-73.73487307072136, 40.744461268282116], [-73.73503921554509, 40.746184076099475], [-73.73543000252701, 40.74716066862081], [-73.73708378273264, 40.74813177452957], [-73.73830468529079, 40.74924682956986], [-73.73985375976419, 40.75129852994999], [-73.74087361640728, 40.75196838552151], [-73.74172419912766, 40.7532820867395], [-73.74178079694214, 40.75348221644304], [-73.74127837716362, 40.75457638642893], [-73.73979348041422, 40.755398882345254], [-73.73929461373265, 40.75587624853542], [-73.73914373065024, 40.75639361823353], [-73.73926325481749, 40.756917049369356], [-73.73970566078025, 40.75662293520495], [-73.73964315657634, 40.75673838284161], [-73.74041677540464, 40.756676318141096], [-73.74120820579846, 40.75620461768438], [-73.7412594544038, 40.75671049768921], [-73.74250213836363, 40.758588149545055], [-73.7431062574269, 40.75849426529467], [-73.74346609205045, 40.75933829943289], [-73.74473826410453, 40.76075997554887], [-73.74597810474897, 40.763976285903595], [-73.74936995528702, 40.762933643854446], [-73.75021253132955, 40.76374938265559], [-73.74687521678469, 40.76451862992244], [-73.74940846440919, 40.767551979611774], [-73.75338852940367, 40.765333946086145], [-73.75507210849031, 40.76753310678754], [-73.75485915829324, 40.7684042529586], [-73.7543938826934, 40.76875346274883], [-73.75471391688033, 40.76879514339516], [-73.75470593716685, 40.769741522946916], [-73.75533279459178, 40.7709981546535], [-73.75553498728895, 40.77098552649457], [-73.75534216256267, 40.771022152241414], [-73.7555733264932, 40.77152912592288], [-73.75508267647729, 40.771713228490974], [-73.75511523562321, 40.77183490648716], [-73.75505920385858, 40.77171917519614], [-73.7543807475735, 40.77204127214496], [-73.75357000906135, 40.77269461612953], [-73.75336691999665, 40.77320784675843], [-73.75395573939898, 40.77430620907533], [-73.75424149999385, 40.775266830365396], [-73.75518575394132, 40.77649807133296], [-73.75485800665813, 40.77689639971655], [-73.75498193747218, 40.777043803363], [-73.75481322893425, 40.77761903230577], [-73.75551781604716, 40.777584144020125], [-73.75551737581792, 40.777704048364356], [-73.75470837226607, 40.777717812200876], [-73.75430183540871, 40.77840611149005], [-73.75402624009541, 40.77960387939488], [-73.75300812549895, 40.78086607468612], [-73.75299839296423, 40.781289489522294], [-73.75183976284254, 40.7823382791334], [-73.75062090581845, 40.78260312130218], [-73.7502077036601, 40.78239927487963], [-73.7499180642091, 40.78193613794304], [-73.74953514672036, 40.78178059423794], [-73.74873108637988, 40.78095643940151]]]]}, "properties": {"geo_id": "QN1103", "name": "Douglaston-Little Neck", "borough": "Queens", "area_km2": 6.3313}}, {"type": "Feature", "id": 164, "geometry": {"type": "Polygon", "coordinates": [[[-73.74029081563614, 40.73851667064148], [-73.74159714743162, 40.736908169453066], [-73.7430615151169, 40.73547914642898], [-73.74673750176666, 40.732583220726575], [-73.75067290041116, 40.729183001336374], [-73.75374796624284, 40.72742596537848], [-73.75678272715538, 40.72630578486276], [-73.75845885582537, 40.72754269993835], [-73.76066099911607, 40.72861599902417], [-73.7622632483045, 40.72960467710912], [-73.76453514765902, 40.73146927979642], [-73.76555085921686, 40.73254428394148], [-73.76369979169927, 40.732864117518105], [-73.76511018279888, 40.734557739047546], [-73.76273303379644, 40.73526216317316], [-73.76248609189, 40.73673098245316], [-73.76556849678256, 40.74325815552728], [-73.7668785346446, 40.74409357970635], [-73.76776278215725, 40.74584353402106], [-73.76140163165645, 40.74756730972532], [-73.75722993782128, 40.74926464279356], [-73.75231188670637, 40.75045926989664], [-73.75036779504451, 40.75077706833941], [-73.75033322748254, 40.750661106945515], [-73.74902502805362, 40.75098001554669], [-73.74680794553375, 40.75202841850012], [-73.74570758687425, 40.751585516774945], [-73.74382205515954, 40.747428195806684], [-73.74625984267293, 40.74671147631525], [-73.7447758704066, 40.743281098040576], [-73.74567621027117, 40.74302729928928], [-73.7485716104524, 40.74333928978112], [-73.75347299961011, 40.742404845206174], [-73.7513896746137, 40.74019416017787], [-73.75098230033595, 40.740021462846386], [-73.74996804245224, 40.73974575348811], [-73.7439619346671, 40.74078912695425], [-73.74360280188525, 40.739012609483964], [-73.7430682075505, 40.738440818430654], [-73.74106699936125, 40.73897800003901], [-73.7401947838015, 40.73903094083983], [-73.74029081563614, 40.73851667064148]]]}, "properties": {"geo_id": "QN1104", "name": "Oakland Gardens-Hollis Hills", "borough": "Queens", "area_km2": 3.6822}}, {"type": "Feature", "id": 165, "geometry": {"type": "Polygon", "coordinates": [[[-73.76844546384753, 40.70963702715734], [-73.77430843582812, 40.70739366845726], [-73.77505158032558, 40.706924035560114], [-73.77549258201965, 40.706254672349075], [-73.7755921863789, 40.705329308720735], [-73.77507462164377, 40.70523998379942], [-73.77230768532989, 40.7005715083238], [-73.77395659399906, 40.6998057815885], [-73.7758689274083, 40.70165517071643], [-73.78034491041925, 40.70541241670608], [-73.78202436091975, 40.7054817276133], [-73.78279775401121, 40.705361137704884], [-73.78966391480166, 40.703039488521135], [-73.79115569594595, 40.702294075799045], [-73.7923917022655, 40.70216652965151], [-73.79186916402625, 40.70136613718601], [-73.79260506651944, 40.70043210047545], [-73.79357708668842, 40.699756471694826], [-73.79572173639531, 40.699014735111035], [-73.79786193380428, 40.69799340427645], [-73.8064247931684, 40.690873858412445], [-73.80890216768682, 40.692564348953226], [-73.81072587432989, 40.69192242230212], [-73.81416657394823, 40.69787986416318], [-73.81647531193624, 40.702450427418526], [-73.8135647045585, 40.702528497999424], [-73.8115285676521, 40.70227287487812], [-73.81201248430207, 40.70594494480607], [-73.80694856263321, 40.70736710041278], [-73.80804630743958, 40.70935682763351], [-73.80548241255212, 40.71008885593892], [-73.8050124749829, 40.70947333518665], [-73.80366830057753, 40.70874604689922], [-73.80302414674632, 40.708139657093334], [-73.80193296990011, 40.708911595851745], [-73.80141416240689, 40.709686873022314], [-73.79870150613023, 40.71066337711313], [-73.79776810067948, 40.70914318884339], [-73.7947305219882, 40.710012461963444], [-73.78928913781589, 40.71203312368852], [-73.78872545574953, 40.712066781133245], [-73.78784678347726, 40.711810833667904], [-73.78657528627528, 40.711972493276896], [-73.77712346840055, 40.71426199408275], [-73.77537421155921, 40.71167750626222], [-73.77450050216959, 40.71194578095765], [-73.77314372244636, 40.70992119236891], [-73.77172444612691, 40.71031681885429], [-73.76844546384753, 40.70963702715734]]]}, "properties": {"geo_id": "QN1201", "name": "Jamaica", "borough": "Queens", "area_km2": 4.3505}}, {"type": "Feature", "id": 166, "geometry": {"type": "Polygon", "coordinates": [[[-73.77395659399906, 40.6998057815885], [-73.78277079714988, 40.69599514162298], [-73.77789337217679, 40.68991769002978], [-73.77977294915996, 40.68928116998517], [-73.78078155432273, 40.69102994294767], [-73.78580380735715, 40.688996220428], [-73.79038468230088, 40.68775361379837], [-73.79390841612106, 40.68630469089356], [-73.79561486720836, 40.68865689126205], [-73.79995042755543, 40.68682771995492], [-73.79898209074386, 40.68485873832637], [-73.80585668515104, 40.68290731788954], [-73.8073645482768, 40.685962123013425], [-73.81072587432989, 40.69192242230212], [-73.80890216768682, 40.692564348953226], [-73.8064247931684, 40.690873858412445], [-73.79786193380428, 40.69799340427645], [-73.79572173639531, 40.699014735111035], [-73.79357708668842, 40.699756471694826], [-73.79260506651944, 40.70043210047545], [-73.79186916402625, 40.70136613718601], [-73.7923917022655, 40.70216652965151], [-73.79115569594595, 40.702294075799045], [-73.78966391480166, 40.703039488521135], [-73.7825658249591, 40.70542486386626], [-73.78034491041925, 40.70541241670608], [-73.7758689274083, 40.70165517071643], [-73.77395659399906, 40.6998057815885]]]}, "properties": {"geo_id": "QN1202", "name": "South Jamaica", "borough": "Queens", "area_km2": 3.5179}}, {"type": "Feature", "id": 167, "geometry": {"type": "Polygon", "coordinates": [[[-73.77789337217679, 40.68991769002978], [-73.7766191183116, 40.688363723547795], [-73.77570479888122, 40.68761238206102], [-73.77240015728715, 40.68527961596876], [-73.76974091260281, 40.68378627635674], [-73.77014324667269, 40.68311109705301], [-73.77232211204058, 40.681490968262686], [-73.7746973004981, 40.680486047411584], [-73.77722923561177, 40.67965272195093], [-73.78025859328653, 40.6778409243873], [-73.78397383987034, 40.67511760920013], [-73.78574700027029, 40.67237942959321], [-73.7865752779455, 40.67276671056379], [-73.7880864722486, 40.67300962649797], [-73.78940999355977, 40.666841158686104], [-73.79306694280847, 40.6670672943209], [-73.79711068874407, 40.66694966921819], [-73.79919649443521, 40.66651752683564], [-73.80163473932281, 40.666757554359364], [-73.80124404076315, 40.66984300880514], [-73.80125415824183, 40.67188912770642], [-73.80149003302263, 40.67354484746204], [-73.80585668515104, 40.68290731788954], [-73.79898209074386, 40.68485873832637], [-73.79995042755543, 40.68682771995492], [-73.79561486720836, 40.68865689126205], [-73.79390841612106, 40.68630469089356], [-73.79038468230088, 40.68775361379837], [-73.78580380735715, 40.688996220428], [-73.78078155432273, 40.69102994294767], [-73.77977294915996, 40.68928116998517], [-73.77789337217679, 40.68991769002978]]]}, "properties": {"geo_id": "QN1203", "name": "Baisley Park", "borough": "Queens", "area_km2": 4.4546}}, {"type": "Feature", "id": 168, "geometry": {"type": "Polygon", "coordinates": [[[-73.76031463846735, 40.67510997187887], [-73.75880484963699, 40.673005654862365], [-73.75861795554917, 40.673040833039664], [-73.75849761429988, 40.672648444991296], [-73.75636239193665, 40.67242923710904], [-73.75643734225946, 40.66966637874086], [-73.75699533207414, 40.66774126856131], [-73.75763129530147, 40.66645115660537], [-73.77154460630646, 40.66796326909854], [-73.77342462680873, 40.66802762009213], [-73.78940999355977, 40.666841158686104], [-73.7880864722486, 40.67300962649797], [-73.7865752779455, 40.67276671056379], [-73.78574700027029, 40.67237942959321], [-73.78397383987034, 40.67511760920013], [-73.78095126154084, 40.67735350752009], [-73.77722923561177, 40.67965272195093], [-73.7746973004981, 40.680486047411584], [-73.77232211204058, 40.681490968262686], [-73.77014324667269, 40.68311109705301], [-73.76974091260281, 40.68378627635674], [-73.76715533235279, 40.68237709337146], [-73.76161350153542, 40.67972794215419], [-73.76191764338085, 40.678881831944416], [-73.7632492074976, 40.67678980375271], [-73.76367677490218, 40.6747455262276], [-73.76248600364025, 40.674194981764856], [-73.76031463846735, 40.67510997187887]]]}, "properties": {"geo_id": "QN1204", "name": "Springfield Gardens (North)-Rochdale Village", "borough": "Queens", "area_km2": 3.2018}}, {"type": "Feature", "id": 169, "geometry": {"type": "Polygon", "coordinates": [[[-73.7504705809467, 40.70563993103331], [-73.7461815781834, 40.696121925980215], [-73.74507479956513, 40.696390949409384], [-73.74359285933764, 40.69621532530715], [-73.74467955472021, 40.69341226447404], [-73.74850340999754, 40.6877818361272], [-73.75001704218833, 40.68589131900592], [-73.75103020556551, 40.684222867366906], [-73.75225828553378, 40.68149141147138], [-73.75484909582539, 40.6779288383857], [-73.75576169139454, 40.675885909418795], [-73.75648885703784, 40.67602276208586], [-73.75691881631015, 40.67652887087326], [-73.76248600364025, 40.674194981764856], [-73.76367677490218, 40.6747455262276], [-73.7632492074976, 40.67678980375271], [-73.76191764338085, 40.678881831944416], [-73.76161350153542, 40.67972794215419], [-73.76715533235279, 40.68237709337146], [-73.76974091260281, 40.68378627635674], [-73.77240015728715, 40.68527961596876], [-73.77570479888122, 40.68761238206102], [-73.77725784039025, 40.689071920668766], [-73.78092104514711, 40.693839700324844], [-73.78277079714988, 40.69599514162298], [-73.77230768532989, 40.7005715083238], [-73.77507462164377, 40.70523998379942], [-73.7755921863789, 40.705329308720735], [-73.77549258201965, 40.706254672349075], [-73.77505158032558, 40.706924035560114], [-73.77430843582812, 40.70739366845726], [-73.76844546384753, 40.70963702715734], [-73.76825968986248, 40.70952636837836], [-73.76734431811802, 40.706636346494484], [-73.76229996208549, 40.7079494182572], [-73.76176016893066, 40.70660580652072], [-73.76196728739158, 40.70660617302171], [-73.76195016200712, 40.70592086542447], [-73.76213041346215, 40.70550109242422], [-73.76095546462618, 40.70290957793642], [-73.7504705809467, 40.70563993103331]]]}, "properties": {"geo_id": "QN1205", "name": "St. Albans", "borough": "Queens", "area_km2": 6.9005}}, {"type": "Feature", "id": 170, "geometry": {"type": "Polygon", "coordinates": [[[-73.7504705809467, 40.70563993103331], [-73.76095546462618, 40.70290957793642], [-73.76213041346215, 40.70550109242422], [-73.76195016200712, 40.70592086542447], [-73.76196728739158, 40.70660617302171], [-73.76176016893066, 40.70660580652072], [-73.76229996208549, 40.7079494182572], [-73.76734431811802, 40.706636346494484], [-73.76825968986248, 40.70952636837836], [-73.7688121725218, 40.70980812455569], [-73.77172444612691, 40.71031681885429], [-73.77314372244636, 40.70992119236891], [-73.77450050216959, 40.71194578095765], [-73.77537421155921, 40.71167750626222], [-73.77712346840055, 40.71426199408275], [-73.77357135168404, 40.71512009536888], [-73.76733228086881, 40.717289796810775], [-73.76446951657488, 40.718890392877896], [-73.7594414294101, 40.72106344375331], [-73.75370834556638, 40.713324637241065], [-73.7504705809467, 40.70563993103331]]]}, "properties": {"geo_id": "QN1206", "name": "Hollis", "borough": "Queens", "area_km2": 2.2733}}, {"type": "Feature", "id": 171, "geometry": {"type": "Polygon", "coordinates": [[[-73.7133254207879, 40.75973018956998], [-73.70163345759967, 40.752493329689685], [-73.70000906254971, 40.739323413160086], [-73.70147072950022, 40.737511560961984], [-73.70766217173856, 40.72783093450627], [-73.71049995273978, 40.72722708741124], [-73.71075217164208, 40.73052537505698], [-73.71147804721952, 40.73250140137267], [-73.71544946747396, 40.739216804571804], [-73.7201010143544, 40.74977532930348], [-73.72258571843531, 40.7488504517089], [-73.72339596217732, 40.7503890759246], [-73.72627213222928, 40.74930649076082], [-73.7276803255188, 40.74963924557689], [-73.72829055896214, 40.74745866499545], [-73.72864941160132, 40.74806788027158], [-73.72812201875084, 40.749661972001306], [-73.72736103652076, 40.75083798695294], [-73.72625938442026, 40.75186982719902], [-73.72376629274856, 40.75341626353398], [-73.72294009389309, 40.7541289148246], [-73.72211498810681, 40.75520795367802], [-73.72113420829712, 40.756944422476856], [-73.72014524222521, 40.75791135989186], [-73.7187574403707, 40.75878899982664], [-73.71698648425608, 40.759428053213405], [-73.7133254207879, 40.75973018956998]]]}, "properties": {"geo_id": "QN1301", "name": "Glen Oaks-Floral Park-New Hyde Park", "borough": "Queens", "area_km2": 4.2198}}, {"type": "Feature", "id": 172, "geometry": {"type": "Polygon", "coordinates": [[[-73.7104999527399, 40.7272270874112], [-73.71693287990968, 40.72638641555398], [-73.72567196871361, 40.72403765899124], [-73.7281623385495, 40.72308414078654], [-73.7283641527184, 40.7236143523798], [-73.72990780990708, 40.72327301286179], [-73.73147215054848, 40.72741179527284], [-73.74555591343949, 40.73063747398293], [-73.74649162170499, 40.73141458954924], [-73.74673750176666, 40.732583220726575], [-73.7430615151169, 40.73547914642898], [-73.74159714743162, 40.736908169453066], [-73.73900696095887, 40.73985598031468], [-73.73804299254961, 40.74052800396534], [-73.73432002260203, 40.742491937411216], [-73.73253297552078, 40.74376601374829], [-73.73232546685418, 40.74364541260106], [-73.73095767797076, 40.74485900423545], [-73.72921940814844, 40.746953516077404], [-73.72864941160132, 40.74806788027154], [-73.72829055896214, 40.74745866499545], [-73.72768032551885, 40.74963924557686], [-73.72627213222938, 40.74930649076079], [-73.72339596217738, 40.75038907592456], [-73.72258571843531, 40.7488504517089], [-73.72010101435451, 40.749775329303425], [-73.71544946747396, 40.739216804571804], [-73.71147804721959, 40.73250140137267], [-73.7107521716422, 40.73052537505694], [-73.7104999527399, 40.7272270874112]]]}, "properties": {"geo_id": "QN1302", "name": "Bellerose", "borough": "Queens", "area_km2": 5.1396}}, {"type": "Feature", "id": 173, "geometry": {"type": "Polygon", "coordinates": [[[-73.72990780990698, 40.72327301286179], [-73.72836415271846, 40.72361435237984], [-73.72816233854954, 40.723084140786575], [-73.73032628902034, 40.72215729678346], [-73.72917629515445, 40.719167214561935], [-73.72697146650967, 40.71071450403049], [-73.72689487349234, 40.709978573616446], [-73.72704696486667, 40.7094987533117], [-73.7267775946746, 40.703059292402685], [-73.73426455293747, 40.70321954338109], [-73.73430403593768, 40.702478132196354], [-73.74077675795905, 40.70267983786259], [-73.7405033639837, 40.70343355745073], [-73.74148805155744, 40.70343161263624], [-73.74590870931375, 40.70228727366261], [-73.74500118994638, 40.700262213048546], [-73.74773012049566, 40.699553136831646], [-73.75121246881852, 40.707306580076384], [-73.75370834556634, 40.713324637241065], [-73.75944142940995, 40.72106344375331], [-73.75496919396734, 40.72415964730778], [-73.75548073622103, 40.725119807262736], [-73.75688011226855, 40.72627860534325], [-73.75454891771649, 40.727076773529795], [-73.75188545444676, 40.72841759955691], [-73.74962106484757, 40.7300053270935], [-73.74673750176666, 40.732583220726575], [-73.74649162170499, 40.73141458954924], [-73.74555591343943, 40.730637473982995], [-73.73147215054838, 40.72741179527284], [-73.72990780990698, 40.72327301286179]]]}, "properties": {"geo_id": "QN1303", "name": "Queens Village", "borough": "Queens", "area_km2": 6.4712}}, {"type": "Feature", "id": 174, "geometry": {"type": "Polygon", "coordinates": [[[-73.7407767579591, 40.70267983786256], [-73.73430403593768, 40.702478132196305], [-73.73426455293747, 40.70321954338105], [-73.72677759467466, 40.703059292402656], [-73.72620259610711, 40.688984340807714], [-73.72579787942314, 40.68435384982523], [-73.72586264116339, 40.683241080946495], [-73.73744163705501, 40.68670076788831], [-73.73759993991222, 40.68636201219985], [-73.74746788784424, 40.689322181235326], [-73.74467955472021, 40.69341226447404], [-73.74359285933764, 40.69621532530715], [-73.74507479956513, 40.696390949409384], [-73.7461815781834, 40.696121925980215], [-73.7477301204956, 40.69955313683161], [-73.74500118994632, 40.700262213048546], [-73.74590870931385, 40.70228727366261], [-73.7410929388842, 40.70348106267971], [-73.74050336398376, 40.70343355745067], [-73.7407767579591, 40.70267983786256]]]}, "properties": {"geo_id": "QN1304", "name": "Cambria Heights", "borough": "Queens", "area_km2": 3.0726}}, {"type": "Feature", "id": 175, "geometry": {"type": "Polygon", "coordinates": [[[-73.73452695897964, 40.685774004538445], [-73.72718272361968, 40.68359733001581], [-73.72851656730766, 40.68121047255854], [-73.72950555707213, 40.680055725641985], [-73.73047301194771, 40.6793479372618], [-73.73106142318657, 40.67830662071909], [-73.7330322325731, 40.67649502613767], [-73.73512559306988, 40.67393842058427], [-73.73592171572834, 40.67265118359078], [-73.73552296460723, 40.67255707215126], [-73.736777278462, 40.670765124537795], [-73.73718424300924, 40.67090981324585], [-73.73798805938823, 40.669789636932194], [-73.74117817210484, 40.66640295437147], [-73.75763129530147, 40.66645115660537], [-73.75699533207414, 40.66774126856131], [-73.75643734225946, 40.66966637874086], [-73.75636239193665, 40.67242923710904], [-73.75849761429988, 40.672648444991296], [-73.75861795554917, 40.673040833039664], [-73.75880484963699, 40.673005654862365], [-73.76031463846735, 40.67510997187887], [-73.75691881631015, 40.67652887087326], [-73.75648885703784, 40.67602276208586], [-73.75576169139454, 40.675885909418795], [-73.75484909582539, 40.6779288383857], [-73.75225828553378, 40.68149141147138], [-73.75103020556551, 40.684222867366906], [-73.75001704218833, 40.68589131900592], [-73.74095291321797, 40.68329121620817], [-73.74046387943207, 40.6841938387136], [-73.73950237393002, 40.68389668302], [-73.73964722632623, 40.68359845192383], [-73.73581149101246, 40.682452446195214], [-73.73423734775236, 40.68534277988416], [-73.73395424170572, 40.685262349204145], [-73.73452695897964, 40.685774004538445]]]}, "properties": {"geo_id": "QN1305", "name": "Laurelton", "borough": "Queens", "area_km2": 3.7013}}, {"type": "Feature", "id": 176, "geometry": {"type": "Polygon", "coordinates": [[[-73.75763129530147, 40.66645115660537], [-73.73849170515227, 40.666415406130746], [-73.74001752037609, 40.66474795382481], [-73.74244279681466, 40.660868528748054], [-73.74495610010571, 40.65816982120883], [-73.74507382719305, 40.657560727964324], [-73.74487420171579, 40.65614455817023], [-73.74328713961904, 40.65613473208411], [-73.7433254679629, 40.652537805010205], [-73.7465499711253, 40.652563755434834], [-73.74645065091426, 40.651544652231884], [-73.7458732837803, 40.65043625247895], [-73.74615357839076, 40.65047151294185], [-73.74624887205297, 40.64859462300209], [-73.74644061774204, 40.648053553357165], [-73.74608166311918, 40.64557039365891], [-73.74616512930311, 40.64486228002022], [-73.74711666190726, 40.6443718457884], [-73.7485717876437, 40.64555028490701], [-73.76976145189289, 40.657482236191946], [-73.77382964657818, 40.65965115877155], [-73.77690452925368, 40.6606721569316], [-73.77932933052475, 40.66183952084514], [-73.77919377487594, 40.661690359829755], [-73.78341610658288, 40.66308247648418], [-73.78751177862071, 40.66382524414059], [-73.79641492563313, 40.66502093051703], [-73.79981954330347, 40.665259262643865], [-73.80214866414657, 40.66524995396516], [-73.80163473932281, 40.666757554359364], [-73.79919649443521, 40.66651752683564], [-73.79711068874407, 40.66694966921819], [-73.79306694280847, 40.6670672943209], [-73.78940999355977, 40.666841158686104], [-73.77342462680873, 40.66802762009213], [-73.77154460630646, 40.66796326909854], [-73.75763129530147, 40.66645115660537]]]}, "properties": {"geo_id": "QN1306", "name": "Springfield Gardens (South)-Brookville", "borough": "Queens", "area_km2": 5.3361}}, {"type": "Feature", "id": 177, "geometry": {"type": "Polygon", "coordinates": [[[-73.72586264116329, 40.683241080946495], [-73.7256300511989, 40.67958795078154], [-73.72629437118809, 40.67705811280228], [-73.72755616290443, 40.67416158819021], [-73.72824131145188, 40.66802409800284], [-73.72827272254973, 40.66642959208385], [-73.72811351330414, 40.665345314938094], [-73.72785787219328, 40.66506797018431], [-73.72781750883685, 40.66311678398312], [-73.72833071831944, 40.66304394373028], [-73.72793124345296, 40.661748835606105], [-73.7264443860825, 40.65916161542237], [-73.72556769770608, 40.65672514257895], [-73.72550259072499, 40.65551651557244], [-73.72498470779016, 40.65425343490316], [-73.72522608019015, 40.652001000145574], [-73.7305145716906, 40.65031031200358], [-73.7351350134013, 40.64973204096658], [-73.73904482043439, 40.64820118034259], [-73.74143705965366, 40.646889178319896], [-73.74166141251544, 40.642198062181116], [-73.74205084886786, 40.641474204524386], [-73.74142279226983, 40.64050339075156], [-73.74227387159938, 40.640123381450174], [-73.74125900067378, 40.63889749993777], [-73.73947121560623, 40.635706432330686], [-73.73995957504, 40.63514381087979], [-73.74000390414142, 40.635308864792975], [-73.7409699360815, 40.63503440617857], [-73.74103068627753, 40.63511759397368], [-73.74078781200114, 40.63516103486998], [-73.74170620982711, 40.63503754676973], [-73.74168473420008, 40.634949817062065], [-73.74148887105935, 40.635010134048954], [-73.74146473663757, 40.63494288983092], [-73.74177038312298, 40.63488103211837], [-73.74178775322268, 40.635021719479205], [-73.74195564830633, 40.63489181240133], [-73.74249628431717, 40.635135314764256], [-73.74239123952427, 40.63563030062958], [-73.74258539843598, 40.63545335666135], [-73.74229683341744, 40.635738911057324], [-73.74242065314748, 40.635749566594974], [-73.74124959182289, 40.63693970127265], [-73.74102309003337, 40.63727201246065], [-73.7411179417444, 40.63746814979451], [-73.74096487686366, 40.637304775030245], [-73.74130372491103, 40.63789881291866], [-73.74189040305806, 40.63812221303788], [-73.74272966303167, 40.63827015648448], [-73.74397128496219, 40.63788001261504], [-73.74403815450607, 40.63798607662278], [-73.74352226237993, 40.63888948687755], [-73.74373421504437, 40.63902211816677], [-73.74479558148495, 40.63707502907636], [-73.74471275511688, 40.6373070468944], [-73.74563429196256, 40.636952665561424], [-73.7462638571202, 40.63644221911167], [-73.7464308689638, 40.6364810660686], [-73.74676973566719, 40.63689418553562], [-73.74645394301926, 40.6372598208814], [-73.74515886774877, 40.63807741275485], [-73.74529639409818, 40.6383301395409], [-73.74567316004243, 40.638124657428115], [-73.74551058251747, 40.63794388103354], [-73.74704225998681, 40.63693236584875], [-73.74677389687761, 40.637853235471454], [-73.7468710936973, 40.63803190343125], [-73.74659953478961, 40.63835421143802], [-73.74632533017461, 40.63932603547982], [-73.74635492680504, 40.63982232631375], [-73.74617105197643, 40.640389402984844], [-73.74635558424485, 40.6406821812708], [-73.7463146777996, 40.64139431317984], [-73.7467501346986, 40.64230276088487], [-73.74789708500418, 40.643849417461205], [-73.74875121173446, 40.64447110385122], [-73.74878103332233, 40.64511888099758], [-73.74900248712252, 40.64516821018629], [-73.74945274225492, 40.64493123469476], [-73.75204902476068, 40.64665193747837], [-73.75157384059202, 40.6472593017056], [-73.74831832549894, 40.64539905605009], [-73.74711666190726, 40.6443718457884], [-73.74616512930301, 40.64486228002025], [-73.74608166311924, 40.64557039365891], [-73.74644061774198, 40.648053553357215], [-73.74624887205292, 40.64859462300209], [-73.7461535783907, 40.65047151294185], [-73.74587328378013, 40.65043625247895], [-73.74645065091433, 40.651544652231934], [-73.7465499711252, 40.652563755434876], [-73.74332546796286, 40.652537805010205], [-73.74328713961904, 40.65613473208411], [-73.74487420171579, 40.65614455817026], [-73.74501080169804, 40.65802165402709], [-73.7424427968145, 40.660868528748054], [-73.74001752037601, 40.66474795382481], [-73.73849170515221, 40.66641540613078], [-73.74117817210478, 40.66640295437147], [-73.73798805938817, 40.66978963693224], [-73.73718424300924, 40.670909813245885], [-73.73677727846184, 40.67076512453782], [-73.73552296460711, 40.67255707215126], [-73.73592171572828, 40.67265118359078], [-73.73512559306978, 40.6739384205843], [-73.7330322325731, 40.67649502613771], [-73.7310614231864, 40.67830662071913], [-73.73047301194761, 40.6793479372618], [-73.72950555707206, 40.68005572564203], [-73.72851656730772, 40.68121047255856], [-73.72718272361956, 40.68359733001581], [-73.72586264116329, 40.683241080946495]]]}, "properties": {"geo_id": "QN1307", "name": "Rosedale", "borough": "Queens", "area_km2": 4.3883}}, {"type": "Feature", "id": 178, "geometry": {"type": "Polygon", "coordinates": [[[-73.76964468972831, 40.59076871274092], [-73.77023141364488, 40.593974904105245], [-73.77133161716, 40.593444500328104], [-73.77270068320797, 40.59312330568649], [-73.77280826886312, 40.59407391602836], [-73.77367461840043, 40.59389311562729], [-73.77388252067105, 40.59576940794695], [-73.7706615717626, 40.59600199888131], [-73.77109666193122, 40.59830114375], [-73.77037277061251, 40.59809009273249], [-73.76945836526612, 40.598256138356895], [-73.76815495736324, 40.597819886033314], [-73.76793669062477, 40.5981227510728], [-73.7682916830248, 40.59834035055537], [-73.76970071987036, 40.59864013052389], [-73.77033634750538, 40.59898422333163], [-73.77090026970188, 40.59884297578292], [-73.77115807271932, 40.599393242406464], [-73.77111103445863, 40.60054602854758], [-73.77073733384834, 40.60153550225501], [-73.77083917528664, 40.60181091609641], [-73.7707438331868, 40.60194531862125], [-73.77061758814914, 40.601868730479204], [-73.77018588274095, 40.602748823325264], [-73.77042036813747, 40.60294198341897], [-73.77016122156405, 40.60308652403362], [-73.77037750437741, 40.60357862357139], [-73.77056521407833, 40.604840409251054], [-73.77000408185238, 40.60535479108797], [-73.77006342333692, 40.60565634562672], [-73.76983622747744, 40.60627800842786], [-73.77001920486494, 40.60718689245104], [-73.76977758274539, 40.607535272461895], [-73.76982675224257, 40.60784205973366], [-73.76923701834592, 40.60842217607779], [-73.76893512448518, 40.6091820212884], [-73.76915128441289, 40.609674745942996], [-73.76971531021158, 40.61003699686018], [-73.7712912175345, 40.61041752596315], [-73.77184662279289, 40.61082424420976], [-73.77221438055132, 40.611497664584206], [-73.77340389078988, 40.61109044877924], [-73.77296895866229, 40.61015697211637], [-73.77376767753127, 40.61125622247565], [-73.77393827753912, 40.61212015175388], [-73.77417180166559, 40.61182871477219], [-73.77383738062403, 40.61290764039523], [-73.7734185876134, 40.61366231317473], [-73.77296761798289, 40.61355936102731], [-73.77174156702766, 40.613961049954995], [-73.76933085131225, 40.61397452507607], [-73.76835465017783, 40.61422714847367], [-73.76691496740875, 40.614291006501745], [-73.76530079785114, 40.61382283108843], [-73.76501724522741, 40.61349135570116], [-73.76515429479123, 40.61308589521371], [-73.76511737315968, 40.61248297248424], [-73.76497772419988, 40.61233164257718], [-73.76505961679173, 40.612035230610616], [-73.76229944090608, 40.61135920554352], [-73.76172413788703, 40.61184724326046], [-73.76023635756977, 40.61082086495047], [-73.76178242960425, 40.60915167055724], [-73.76155051905893, 40.60903136580099], [-73.75998446975024, 40.61087937734433], [-73.75949119833386, 40.61081579591104], [-73.75972099041094, 40.61015159762002], [-73.75919672934278, 40.61037038611158], [-73.75656053403377, 40.61013942462741], [-73.75587091219843, 40.61030679714679], [-73.7556068472615, 40.61007736522709], [-73.75587412912142, 40.61038518505498], [-73.75556369084156, 40.610118427946475], [-73.75499501085291, 40.61013220851767], [-73.75473219484641, 40.61040524167673], [-73.75345836130873, 40.6105198629075], [-73.75008770988859, 40.61164055382545], [-73.74821585794741, 40.612011077587724], [-73.74799307229321, 40.612310157966064], [-73.74761418797289, 40.61199801088216], [-73.74721567818867, 40.61217883965458], [-73.74685538892268, 40.61157410055949], [-73.7457615004659, 40.61199165524858], [-73.7431089444169, 40.607715997003616], [-73.7433973152214, 40.60747217106679], [-73.7402913897634, 40.60459823177859], [-73.73920739671239, 40.60404014329836], [-73.73840394453826, 40.60312113528227], [-73.7382259772783, 40.60256602821522], [-73.73835617570401, 40.59760047830432], [-73.73865280277278, 40.597319360065946], [-73.73848900400809, 40.597358894240394], [-73.73871968076703, 40.59694881782919], [-73.73858466737633, 40.59725319461581], [-73.73878797479655, 40.59697535583936], [-73.73938023660179, 40.59723907294673], [-73.73992747208422, 40.59705494984816], [-73.740117735932, 40.59672774730235], [-73.739798757236, 40.59642860378937], [-73.74009714262671, 40.59620864729191], [-73.74039153834975, 40.59618219567334], [-73.74036012749333, 40.596774996042875], [-73.74064384244886, 40.59700119865698], [-73.74108315342647, 40.596823067072464], [-73.74157380265645, 40.59690394615641], [-73.74183083519186, 40.59669555137059], [-73.74151239168923, 40.59652861301722], [-73.74052059823872, 40.59657185597832], [-73.74054701362398, 40.596119685718136], [-73.73992792985001, 40.59606158731352], [-73.73957904997502, 40.596376337848874], [-73.73960988055157, 40.596763437540496], [-73.73946370303062, 40.59687842009224], [-73.73949660873866, 40.59702037075924], [-73.73988305941371, 40.59677097418824], [-73.73964853372274, 40.59656715206096], [-73.73974724022663, 40.59654260533786], [-73.7399099469019, 40.596772744520486], [-73.7397963402914, 40.59688267512553], [-73.73950885867283, 40.59704004409176], [-73.73939810824889, 40.59704632565642], [-73.73892850726101, 40.59687548996927], [-73.73939796363845, 40.597029543018124], [-73.73943957058802, 40.59689740230615], [-73.73894690694297, 40.59676316592452], [-73.73838360335252, 40.597117408562426], [-73.7384123103415, 40.59592350494696], [-73.73798981780982, 40.594556043243685], [-73.73848743971777, 40.594352263491025], [-73.73877153080115, 40.59452520702802], [-73.7387775351491, 40.59435500821544], [-73.73881662516675, 40.59435976395103], [-73.73878644978727, 40.5945295655604], [-73.73900196778486, 40.59458623174203], [-73.73929430628122, 40.59445300556086], [-73.7395646533139, 40.59456157857763], [-73.73958763297952, 40.59442652460612], [-73.73961965222253, 40.5945800423816], [-73.73995801592365, 40.59450076878725], [-73.73998678749129, 40.59463286040242], [-73.74013580364576, 40.594511572739066], [-73.74062832064124, 40.59472165227226], [-73.7409017059638, 40.59448824875081], [-73.74089520274937, 40.59461157919209], [-73.74131820625325, 40.594792592881326], [-73.74162091692338, 40.59478649313536], [-73.74169766300281, 40.59464174405298], [-73.74222603097073, 40.594905883324444], [-73.74242926334576, 40.594868517304086], [-73.74238742584683, 40.594729256562935], [-73.74334951603028, 40.594795148779056], [-73.74348442282044, 40.59459051699076], [-73.74462499793184, 40.594661774798055], [-73.74665511464555, 40.5942956954049], [-73.7474520466475, 40.59402591977816], [-73.7481792909645, 40.593515861265814], [-73.7491252475753, 40.593216367270564], [-73.75049936103336, 40.592346904002156], [-73.75169369495848, 40.59131225082341], [-73.75344780177821, 40.59096412991324], [-73.7559546362325, 40.59087419754739], [-73.75789189861872, 40.591356988277866], [-73.76134311678145, 40.59172663435317], [-73.76295275572137, 40.591611177431226], [-73.76796973006678, 40.59072948246195], [-73.7685869548803, 40.59086859720214], [-73.76964468972831, 40.59076871274092]]]}, "properties": {"geo_id": "QN1401", "name": "Far Rockaway-Bayswater", "borough": "Queens", "area_km2": 5.6183}}, {"type": "Feature", "id": 179, "geometry": {"type": "Polygon", "coordinates": [[[-73.78663897319865, 40.603255516162974], [-73.78616854992917, 40.603047449749695], [-73.78646693190787, 40.60272304151625], [-73.78717833739195, 40.60230605293457], [-73.78807155049748, 40.60085446915854], [-73.78953462130524, 40.59997181542943], [-73.79029942714882, 40.59926511806832], [-73.79124071005656, 40.59678734940846], [-73.79093142251077, 40.59596118340673], [-73.79101795420627, 40.59544763934051], [-73.7906508004326, 40.594782702082256], [-73.79042048230902, 40.59475269500848], [-73.79057004195879, 40.59495180080256], [-73.7908062614152, 40.59609339638703], [-73.79059442974024, 40.596108384773], [-73.79053857666516, 40.59498078405622], [-73.79031932408793, 40.59486165540276], [-73.79037896334765, 40.594751965913304], [-73.79014961159086, 40.594819578443776], [-73.79031625476067, 40.59604819944223], [-73.79042481472435, 40.596053931651504], [-73.79017830001158, 40.5960713202072], [-73.79028151177205, 40.59605141660897], [-73.79013119491621, 40.594822874798695], [-73.7898665049066, 40.59471554399471], [-73.789895889111, 40.59482073601466], [-73.7898456956027, 40.59471959735113], [-73.78967352950468, 40.594843524405306], [-73.78971317197907, 40.594842611545815], [-73.78987360648384, 40.596204443784735], [-73.78999909439095, 40.59620894350346], [-73.78969872360817, 40.59622803991152], [-73.78984110232885, 40.59620694688005], [-73.78967389675819, 40.59486047590034], [-73.78940242709815, 40.59494978602648], [-73.78935311513324, 40.59519376497559], [-73.78917255962645, 40.59519231727818], [-73.78916261774094, 40.5960772999383], [-73.78823818787714, 40.59610983670438], [-73.78837305307928, 40.59750563785208], [-73.7820914949214, 40.59785601861651], [-73.78195240544221, 40.5964564914369], [-73.77980134346261, 40.59661096984858], [-73.77968425616282, 40.59668797838994], [-73.77967070245816, 40.59737216738248], [-73.77904364339143, 40.59764939982508], [-73.77742174678883, 40.59881240435897], [-73.77719850475233, 40.599576959920334], [-73.77600163762877, 40.60139432440588], [-73.77560049632613, 40.60164845431594], [-73.77497207265853, 40.60174448709038], [-73.77472992994242, 40.60071525707809], [-73.77411553807886, 40.59986693708535], [-73.77422338457492, 40.599005218743244], [-73.77374432839068, 40.59867015398173], [-73.77371486032152, 40.598234836658484], [-73.7730010122701, 40.597879593976884], [-73.77171463825245, 40.597973592877416], [-73.77109666193122, 40.59830114375], [-73.7706615717626, 40.596001998881356], [-73.77388252067105, 40.59576940794695], [-73.77367461840043, 40.59389311562729], [-73.77280826886306, 40.59407391602836], [-73.77270068320782, 40.59312330568654], [-73.77133161715982, 40.59344450032816], [-73.77023141364488, 40.593974904105245], [-73.76964469049737, 40.5907687127425], [-73.77082611071366, 40.59055302741453], [-73.77593042822028, 40.59018140782558], [-73.77583688595092, 40.59032459926048], [-73.7766624348081, 40.59006633216674], [-73.77761352076865, 40.590053471208876], [-73.77918495356101, 40.5895931088955], [-73.78043036102055, 40.58959662092669], [-73.7845331104848, 40.58847805521806], [-73.78768370649826, 40.587922937711], [-73.78878406873122, 40.58745028886744], [-73.78941470793565, 40.58762814730426], [-73.7920076246458, 40.587217464439426], [-73.79608980798676, 40.58632639732682], [-73.79671527829126, 40.586365199505224], [-73.8006127394614, 40.585481513906394], [-73.80182907323011, 40.58535182671263], [-73.80325771243427, 40.58489321240449], [-73.80372119405995, 40.58501793745038], [-73.8058428734145, 40.58445751674702], [-73.80679193346701, 40.58441989920581], [-73.80799182829064, 40.58400441000561], [-73.81352448727559, 40.58347314904693], [-73.82134164958036, 40.58126212745433], [-73.82404310590208, 40.58562985769879], [-73.82465623347768, 40.58545264225019], [-73.82490101879716, 40.5859538615065], [-73.82524882618856, 40.58690086942223], [-73.82476427875102, 40.58703921577244], [-73.82481333907114, 40.58715132203617], [-73.82474352289884, 40.58704514197381], [-73.82293688631506, 40.58749164972767], [-73.82145971925844, 40.586769924920404], [-73.81741586147426, 40.58891701410987], [-73.8176380045051, 40.58928579948538], [-73.81674197582348, 40.58931916984608], [-73.81524832375213, 40.589989055790475], [-73.81470067395786, 40.59061058988729], [-73.81363221410687, 40.59079363240052], [-73.81325671566422, 40.591046302491165], [-73.81358856612626, 40.59169768582372], [-73.81323474432585, 40.591070740017855], [-73.81312991669729, 40.59124662634191], [-73.81214360015541, 40.591358700888534], [-73.81151303116782, 40.59178349031597], [-73.81149423586001, 40.59290132619445], [-73.8113346362302, 40.59174462368268], [-73.81100766584967, 40.59176829776252], [-73.81081791874632, 40.59209026869623], [-73.8109501895272, 40.592503059144754], [-73.81138593152033, 40.59244231845475], [-73.811407512273, 40.59287125673631], [-73.81107287021051, 40.59302233057227], [-73.81137383935662, 40.592861102110376], [-73.8113733128964, 40.592703054284385], [-73.8107497491319, 40.59279211405538], [-73.81137347255543, 40.592684499633314], [-73.81135829315778, 40.59246258404517], [-73.81093965894601, 40.59254684780684], [-73.81080537904415, 40.59209209573534], [-73.80989929847284, 40.592270954388226], [-73.81003920584664, 40.59307790953922], [-73.80990340300143, 40.59308077605193], [-73.80977831849377, 40.592399028288966], [-73.80973138393709, 40.5924041860535], [-73.8098074971652, 40.592710409504946], [-73.80970982436533, 40.59243960783704], [-73.80948665744756, 40.59276603563935], [-73.80961679374374, 40.59357572691475], [-73.80687456746523, 40.59226495336986], [-73.80602807459842, 40.59200930900474], [-73.80577902839032, 40.59075949966878], [-73.80582389773117, 40.5918893251901], [-73.80430333508215, 40.591318878804834], [-73.80416569103024, 40.59185470983296], [-73.80782611143374, 40.59336993482564], [-73.80804688683963, 40.59365031287636], [-73.80781142831067, 40.59390737987563], [-73.80797757099475, 40.594157868161986], [-73.80711253952029, 40.59528407542448], [-73.8060414980724, 40.59555455571632], [-73.80485298477406, 40.595056335540924], [-73.80411459954799, 40.59431916995098], [-73.80400883285992, 40.59376772491013], [-73.8041256801512, 40.593513805606], [-73.80380902231202, 40.59289116392555], [-73.80361739455284, 40.59294133824661], [-73.80303153999503, 40.59257718898762], [-73.8024384629031, 40.59264006383529], [-73.80250965087272, 40.59394812804169], [-73.80313503440571, 40.59375794357399], [-73.80318082190749, 40.59394537863372], [-73.80251304282976, 40.59396685179259], [-73.8025683760107, 40.5942722669944], [-73.80324253171146, 40.59408723936306], [-73.80328793893025, 40.59428211589189], [-73.80324024295622, 40.59420405537992], [-73.80260442851124, 40.59428775104002], [-73.80270983859073, 40.5943064330323], [-73.80234513845657, 40.59449597525708], [-73.8031857440441, 40.59466300284184], [-73.803440170413, 40.594434209679605], [-73.80319675364944, 40.59467819988342], [-73.80337754237742, 40.59486904116066], [-73.80365519313493, 40.594730642030235], [-73.80372454267375, 40.59481711198008], [-73.80365167014645, 40.59475314328324], [-73.8033846803619, 40.59488526035886], [-73.80320010623193, 40.5948728464243], [-73.8033847234946, 40.59494957958527], [-73.80320704407384, 40.595009683114704], [-73.80339097327904, 40.59500651249434], [-73.80321494251405, 40.59514564794825], [-73.8039084226487, 40.59500481333239], [-73.8033145372936, 40.59517956093453], [-73.8036846869558, 40.5951977906866], [-73.80464045411601, 40.59630984424345], [-73.80511185479762, 40.59715104850087], [-73.80470214571487, 40.59768311116875], [-73.80393338922408, 40.5979434985841], [-73.80297943325748, 40.59884430455319], [-73.80167092680178, 40.59889630926962], [-73.80094867862815, 40.59915166462005], [-73.80091500623965, 40.599390761135986], [-73.80077654707762, 40.59916235997594], [-73.80049526371978, 40.599204368068776], [-73.8005098546783, 40.59932910744523], [-73.80045131861625, 40.599182567875324], [-73.7991604000919, 40.59925813759477], [-73.79913853303405, 40.599373370623624], [-73.79914024196671, 40.599258494216095], [-73.79843078589323, 40.599173714583884], [-73.7955463762112, 40.59949676214924], [-73.79420968303461, 40.59948434178219], [-73.79331870018541, 40.59997829830351], [-73.79233121548148, 40.59996928119776], [-73.79202873136134, 40.60023593823215], [-73.79150885812795, 40.600379849069014], [-73.7878557488172, 40.60311334463552], [-73.78663897319865, 40.603255516162974]]]}, "properties": {"geo_id": "QN1402", "name": "Rockaway Beach-Arverne-Edgemere", "borough": "Queens", "area_km2": 4.6919}}, {"type": "Feature", "id": 180, "geometry": {"type": "MultiPolygon", "coordinates": [[[[-73.88368728096412, 40.56884340432992], [-73.88336927316276, 40.56833185924852], [-73.88313094708407, 40.56838062601364], [-73.88275680158239, 40.5675698621236], [-73.90333022874567, 40.561846616767816], [-73.90807296392231, 40.5607937232212], [-73.91009502203325, 40.56077236384627], [-73.9099529892765, 40.56050111325404], [-73.910078292263, 40.557314420469325], [-73.90989988448565, 40.55711721809545], [-73.90988945776235, 40.55667307009587], [-73.91316528115104, 40.55634321413972], [-73.91360361759891, 40.55646807454429], [-73.92098631305944, 40.55627509443784], [-73.92206612436084, 40.555149256470564], [-73.92909878189855, 40.5530934450982], [-73.92965374184033, 40.5541249241831], [-73.92982291841865, 40.55407486354021], [-73.93118650863454, 40.55701583182941], [-73.93167191793863, 40.55684931686535], [-73.93222204028586, 40.5576763419596], [-73.9261572327542, 40.561552609723265], [-73.92421461302578, 40.56200131882508], [-73.92107822881373, 40.56207985288503], [-73.92036810280446, 40.56221883246779], [-73.92025963173059, 40.56261229255614], [-73.92009840148403, 40.562571180610185], [-73.92033120142723, 40.56222605438413], [-73.91766081900091, 40.562826149686664], [-73.91455336961286, 40.56435343243398], [-73.913867496264, 40.56460809614203], [-73.91313180127943, 40.56463824444878], [-73.91220200769317, 40.56505456985016], [-73.91188319662926, 40.56499040574152], [-73.91192692070472, 40.565112328068516], [-73.91195464300283, 40.565811322672495], [-73.91216181893196, 40.565836252070895], [-73.9117361534006, 40.56587265348591], [-73.91192551843874, 40.56581386237691], [-73.91185809029383, 40.564995438003514], [-73.9107981768299, 40.56511099633428], [-73.91010099909589, 40.564956000402006], [-73.91003762905707, 40.56479371110469], [-73.90977170611873, 40.565305405307726], [-73.90971684925964, 40.565287425461364], [-73.91002307642118, 40.56478020953865], [-73.90976258371062, 40.56428483692782], [-73.90927708148976, 40.5639971246558], [-73.90872545136745, 40.56393129204034], [-73.90791915959979, 40.56414844029451], [-73.90809155656602, 40.56372163097066], [-73.90798575988418, 40.563442441255724], [-73.90664724121194, 40.56278591383924], [-73.90594382872752, 40.56268858165228], [-73.90469455444955, 40.56282718553807], [-73.90287143330141, 40.56351486370372], [-73.90252313448114, 40.56294758330731], [-73.90170839776874, 40.562740497415824], [-73.90000392086914, 40.56321569271842], [-73.8961326244522, 40.56535842806963], [-73.8953372502714, 40.566332099868525], [-73.8956717433513, 40.567031643659234], [-73.895447958843, 40.56685850653772], [-73.89518704925231, 40.56691360133043], [-73.89504632135142, 40.56719091469678], [-73.89413028093527, 40.56782014915043], [-73.8926101344553, 40.56858724778945], [-73.89016495921098, 40.56822852527809], [-73.88959492449194, 40.567941890234266], [-73.88911103072223, 40.56791623669109], [-73.88836803030965, 40.56814492542546], [-73.88786222508217, 40.5680380449867], [-73.88654683936431, 40.56847097810963], [-73.88534183019598, 40.568599349157374], [-73.88489678220193, 40.56849958487709], [-73.88430973105274, 40.568696119538856], [-73.88488707058815, 40.568470205668284], [-73.88475594832832, 40.56828913918762], [-73.884677389727, 40.56844134189576], [-73.8842987608294, 40.56843680205324], [-73.88473689799214, 40.56826851273825], [-73.88445975335672, 40.567892836256505], [-73.88416646626057, 40.56800195156418], [-73.88425605384093, 40.56815713340192], [-73.88414806727037, 40.56800897730134], [-73.88398907450122, 40.56806016119701], [-73.88407171935152, 40.56819501413367], [-73.88397412531297, 40.56806497313373], [-73.88379103703097, 40.56812391132478], [-73.88402340092395, 40.568503115611016], [-73.88378086756192, 40.56812718545749], [-73.88357670672809, 40.56820976925187], [-73.8836919497781, 40.568395359722864], [-73.88347850081648, 40.56847311360251], [-73.88390427884407, 40.56890620425947], [-73.88368728096412, 40.56884340432992]]], [[[-73.82467297702453, 40.58549483134204], [-73.82404310590208, 40.58562985769879], [-73.82134164958036, 40.58126212745433], [-73.82228991494179, 40.58109607319411], [-73.82717378885114, 40.579444512452845], [-73.83146093331455, 40.578419437622934], [-73.8338692317217, 40.57764989760918], [-73.8377849130498, 40.575923683475594], [-73.84378359075058, 40.573887452544525], [-73.8522020239966, 40.57074510300168], [-73.85396556511294, 40.570312548369444], [-73.85720330672395, 40.5691004999853], [-73.86022276711229, 40.56792109732464], [-73.86255286029154, 40.566810012301005], [-73.86286892145493, 40.56683057154493], [-73.8630876746285, 40.56759772886877], [-73.86406802236593, 40.56929797921296], [-73.86446632779256, 40.56914178602346], [-73.86454176023057, 40.569242922955695], [-73.86668359874157, 40.57298832953373], [-73.8645724521229, 40.57369001197139], [-73.86449302823378, 40.57354277575836], [-73.86334740002476, 40.57402123244791], [-73.86396641925967, 40.575026786720294], [-73.86275061444641, 40.575857984980566], [-73.86288301824888, 40.57605976175675], [-73.85305549585115, 40.5812552678552], [-73.8504438514919, 40.58213024358158], [-73.84861053538418, 40.58218814164123], [-73.84520566344908, 40.58157985654801], [-73.83935385899039, 40.58185726280565], [-73.83895663981295, 40.582574259049835], [-73.83855306451112, 40.58279171429944], [-73.8358408009729, 40.58287893986489], [-73.82852471261471, 40.584854219377384], [-73.8280365363424, 40.58605288647553], [-73.82524882618856, 40.58690086942223], [-73.82467297702453, 40.58549483134204]]], [[[-73.82017347951877, 40.615180619137874], [-73.81749810970042, 40.61421413256955], [-73.81652681178392, 40.614947009657755], [-73.81654752783875, 40.61447013724167], [-73.81623366618496, 40.61423104686787], [-73.8147181262767, 40.614496089222236], [-73.81444032345223, 40.61474903867091], [-73.81408062432786, 40.61455840973904], [-73.81416449765473, 40.6142910708116], [-73.8146826254459, 40.61397515785313], [-73.81486725884093, 40.61401065008666], [-73.81485722201154, 40.61429922621363], [-73.81549526560387, 40.614039815969804], [-73.81479563189357, 40.61319402998043], [-73.81503638428488, 40.61297621441866], [-73.81523956494344, 40.61298357992753], [-73.81546948250944, 40.61334293001273], [-73.81615626632366, 40.6129421160126], [-73.81559858779157, 40.61067251699992], [-73.81540366189684, 40.61038480251824], [-73.81450261566708, 40.61105847350561], [-73.81449876695703, 40.61073545432746], [-73.81520720733033, 40.60981673359249], [-73.81477073792325, 40.60885102928295], [-73.81486539790258, 40.608020599486395], [-73.81506129790804, 40.607317030278715], [-73.81574174019856, 40.60646524523499], [-73.81546066395137, 40.60642813801137], [-73.81552816656146, 40.606163070614315], [-73.81552536591772, 40.6064073802801], [-73.81595962002545, 40.60626248335362], [-73.8158882969035, 40.60592903502814], [-73.81642529922753, 40.605224124746755], [-73.81739192062611, 40.60515812403505], [-73.81725370461363, 40.60394032519251], [-73.81772032638504, 40.60222500041132], [-73.81831121054302, 40.60133971221262], [-73.81849065988742, 40.59938955997991], [-73.81928142124481, 40.597529611713306], [-73.82038406305588, 40.59656876218273], [-73.82053385736015, 40.596136840760344], [-73.82044605571424, 40.59574841531338], [-73.82067265991692, 40.5951957066738], [-73.82093095185421, 40.59510806160946], [-73.8212003529704, 40.594712294941374], [-73.82413506839711, 40.59463305775236], [-73.82547793497939, 40.59508065825455], [-73.82725223872737, 40.594769003685485], [-73.82887841315544, 40.59480521038423], [-73.8332174410616, 40.59421758789017], [-73.83425247335487, 40.594659920803494], [-73.83472137080778, 40.595055510818625], [-73.83484699931459, 40.59554300111145], [-73.83439599940999, 40.59646400037025], [-73.83348999898215, 40.596916001035446], [-73.83336099929697, 40.59723600126458], [-73.83250811775753, 40.597573311990324], [-73.83239364453553, 40.59780335388515], [-73.83154105939846, 40.59795102722797], [-73.83062852047021, 40.59743342622508], [-73.83038922482135, 40.59773402008707], [-73.82948341735194, 40.59813394240406], [-73.82909777334113, 40.597763456392244], [-73.82806159587514, 40.5976804026477], [-73.82784691373426, 40.597999838261735], [-73.8272209293243, 40.59833119507241], [-73.82710314493119, 40.59868868550891], [-73.8268952714819, 40.59870525165041], [-73.82597985888596, 40.599472067191684], [-73.82584854676652, 40.59944023957771], [-73.82590629437985, 40.59910995852524], [-73.82556790684458, 40.598548148585394], [-73.8250761076085, 40.59821464429153], [-73.8246542059697, 40.59814924787461], [-73.82431733685591, 40.598313105704605], [-73.82395871058286, 40.59887689667741], [-73.8245227114453, 40.59895126398875], [-73.82477088992303, 40.59839184454445], [-73.82452624858544, 40.59912902722351], [-73.82439004249116, 40.59909811302562], [-73.8245173350129, 40.59896580990358], [-73.82407791266925, 40.59890920450197], [-73.824218703111, 40.59907448909024], [-73.82416569800739, 40.59929937966592], [-73.82376612281246, 40.6000400708211], [-73.82194441759479, 40.59980115715137], [-73.82146929833553, 40.59999372327309], [-73.82234362149856, 40.60022566190845], [-73.82443643762218, 40.60034498435496], [-73.824452180088, 40.60079696319124], [-73.82398900124126, 40.601001987127255], [-73.82353972095224, 40.60155944884736], [-73.82361588727112, 40.60228649261513], [-73.8230672154984, 40.60234199340646], [-73.8229448458644, 40.602582910135794], [-73.82276563323774, 40.60420260556953], [-73.8229028293737, 40.6046872697133], [-73.82246746702332, 40.60552498332545], [-73.8229046322365, 40.60585127742741], [-73.82236000744032, 40.606469261830924], [-73.82211377780155, 40.60647195684045], [-73.82126470254788, 40.60700285091189], [-73.8209045612577, 40.60778124739109], [-73.82003243497508, 40.60892365676265], [-73.81998227859295, 40.6095603862093], [-73.81961795362014, 40.61047904156711], [-73.82051887811052, 40.61194994922622], [-73.82043403527163, 40.612066787004984], [-73.82087841658108, 40.61225734632084], [-73.82128420986953, 40.61109692878273], [-73.82106228467087, 40.61076384954269], [-73.82062698152254, 40.610529995216275], [-73.8204870048953, 40.610224379794225], [-73.82085878461666, 40.60923105910843], [-73.8211463701835, 40.60906241157307], [-73.82138268037701, 40.608545544945635], [-73.82161459957231, 40.608480319225905], [-73.82182531186055, 40.608963997183736], [-73.82166797706793, 40.60923231777827], [-73.8218620517526, 40.60986921307026], [-73.82233079781052, 40.610287703757514], [-73.82289233260502, 40.61033702269547], [-73.82319489719487, 40.610937836118765], [-73.82400412789146, 40.61163176941504], [-73.82410327024171, 40.61232609748477], [-73.82234960971456, 40.61426002619544], [-73.82141601575294, 40.61505476443638], [-73.82075892504568, 40.61523268018794], [-73.82017347951877, 40.615180619137874]]]]}, "properties": {"geo_id": "QN1403", "name": "Breezy Point-Belle Harbor-Rockaway Park-Broad Channel", "borough": "Queens", "area_km2": 6.432}}, {"type": "Feature", "id": 181, "geometry": {"type": "Polygon", "coordinates": [[[-74.0725813387358, 40.637941875094846], [-74.07683997648454, 40.637750259620645], [-74.0787883103561, 40.63826855858673], [-74.0817794038654, 40.636623014756104], [-74.08373397144585, 40.6357371450629], [-74.08587882767334, 40.63669159050727], [-74.08690592762002, 40.63585724413707], [-74.08870582185955, 40.63684520728473], [-74.089221676938, 40.63608808091553], [-74.08970378205498, 40.63568250148734], [-74.09059119286292, 40.63546512007298], [-74.09243893991965, 40.63559638474302], [-74.09338942252323, 40.63659955499582], [-74.09409312424094, 40.63926691373153], [-74.09767290634886, 40.63896067917182], [-74.09787969021829, 40.64035805599777], [-74.09990409604531, 40.64016295461394], [-74.10039166579939, 40.64311836615891], [-74.09956938841523, 40.64315528211751], [-74.09971600240254, 40.64475887116169], [-74.10090273138744, 40.644773235425575], [-74.10072755507719, 40.64501329209228], [-74.10013234597835, 40.644920377242215], [-74.10013219187458, 40.645064051455854], [-74.09880066885808, 40.64504703431097], [-74.09849981559599, 40.64537036245709], [-74.09604555281581, 40.64537274744287], [-74.09298828187646, 40.645972780752665], [-74.09300507296237, 40.64607631431444], [-74.09135697942078, 40.64670072460328], [-74.0893975253534, 40.64731035953143], [-74.08767442615581, 40.64823529411806], [-74.08570754378212, 40.64888055337064], [-74.08484403215716, 40.648891147339626], [-74.08221272914936, 40.64828016229026], [-74.0814222820368, 40.64850472494444], [-74.08051823722374, 40.64824551473335], [-74.07980996428704, 40.64838331298811], [-74.07650657152918, 40.646968818686126], [-74.07445282563586, 40.645067487718244], [-74.07395839976465, 40.645193205445715], [-74.07359107919277, 40.64499892804317], [-74.07349851367674, 40.64508337397787], [-74.07385653684669, 40.64542481559722], [-74.07333813856928, 40.645783115659846], [-74.07324539464906, 40.64570492577229], [-74.07369011806443, 40.64530572405497], [-74.0732385381076, 40.64496386391], [-74.07302520507146, 40.64513123781774], [-74.07320225954753, 40.644943941746284], [-74.0730555981574, 40.644807917841526], [-74.07342590747531, 40.6450005675102], [-74.07312184183509, 40.644714799469135], [-74.0727985034155, 40.64491012427151], [-74.0725877555387, 40.644790863173824], [-74.07270308267547, 40.64464559512514], [-74.07256468233008, 40.64471974936093], [-74.07266630771204, 40.6446209206597], [-74.0725322202573, 40.64455679217041], [-74.07272467145079, 40.64462088376627], [-74.07269828799026, 40.64444127346753], [-74.07165829759784, 40.645033746435196], [-74.07230919046737, 40.644577753052324], [-74.07201843213238, 40.644411932941026], [-74.07229190281822, 40.6442660478206], [-74.07218488601669, 40.64411046539531], [-74.07186080870875, 40.64420176177033], [-74.07175648087836, 40.64401184600137], [-74.07205817506036, 40.6439004276988], [-74.07200080155476, 40.64378113296976], [-74.0716496940852, 40.6437868857248], [-74.07159679201104, 40.64346015698622], [-74.07135612110707, 40.643497305059206], [-74.07149090063892, 40.643428740586074], [-74.07141659716515, 40.643193109595934], [-74.07113105720936, 40.64320526367847], [-74.07150263147402, 40.643129304193074], [-74.07147777322615, 40.64280829377516], [-74.07164892198941, 40.642679931177234], [-74.07170351967268, 40.642796335280146], [-74.07218434969096, 40.64271409379185], [-74.07210952444632, 40.64246321679294], [-74.07037430990596, 40.642691403053334], [-74.07032923715443, 40.64252612863507], [-74.07323829183652, 40.64218473658512], [-74.07314400519942, 40.64185297347557], [-74.07024658698714, 40.64220697479965], [-74.07019399559219, 40.642007502805484], [-74.07308689819328, 40.64163681446722], [-74.07289005609574, 40.64092267237364], [-74.07001849082815, 40.641278132740645], [-74.06998354653952, 40.641068943116984], [-74.0728504119488, 40.64080368794263], [-74.0727769001111, 40.640528963147524], [-74.07307725837745, 40.640513311796504], [-74.07309035578784, 40.638618999686045], [-74.07292933384748, 40.63859264983843], [-74.07301444562154, 40.63840938361642], [-74.07238852950296, 40.63824526599691], [-74.0726063273152, 40.63813630784501], [-74.0725813387358, 40.637941875094846]]]}, "properties": {"geo_id": "SI0101", "name": "St. George-New Brighton", "borough": "Staten Island", "area_km2": 2.4628}}, {"type": "Feature", "id": 182, "geometry": {"type": "Polygon", "coordinates": [[[-74.0725813387358, 40.637941875094846], [-74.0734835373575, 40.63778735793621], [-74.07353447593366, 40.63764172263244], [-74.07337342888036, 40.6366107256396], [-74.07209483807563, 40.636647278127334], [-74.0733582204565, 40.63653609466792], [-74.07290753967675, 40.63363436818376], [-74.07332821316406, 40.63205844299052], [-74.0729847461238, 40.630308979484234], [-74.06802173543952, 40.62878758518564], [-74.06813019247991, 40.62853904609168], [-74.07291177870592, 40.6299963794071], [-74.07229520282672, 40.62713842700826], [-74.07319206053835, 40.62707053042593], [-74.07351582307808, 40.626864261001174], [-74.07564613582021, 40.62666371855681], [-74.07423325020851, 40.624221079210145], [-74.07292873883453, 40.62297167522699], [-74.07116568639002, 40.62069878729369], [-74.07118111055189, 40.6199790272417], [-74.07140608211206, 40.61943137895052], [-74.07225884799016, 40.618523275339875], [-74.0737445943214, 40.61764077336026], [-74.07454676782186, 40.616942929617856], [-74.07487805573737, 40.61742137555254], [-74.07831765670772, 40.61556147078856], [-74.08110332392782, 40.61778874603954], [-74.08720982761629, 40.61330697400763], [-74.08747218473557, 40.614560803338065], [-74.0878514758857, 40.61524307368418], [-74.08657157702844, 40.61716938672178], [-74.08618571643342, 40.618057359104704], [-74.08496211810699, 40.62462523303416], [-74.08415419721771, 40.626267115431595], [-74.08362236749537, 40.626922578123505], [-74.08261621655829, 40.62743470127208], [-74.0808437138653, 40.62737949104524], [-74.08051601859174, 40.62809988447174], [-74.0797249208974, 40.62895068889979], [-74.08173135317769, 40.63001222593161], [-74.08140615385045, 40.630301236568826], [-74.0849132159821, 40.63363992417883], [-74.0857492886773, 40.633955557726495], [-74.08443647424689, 40.63540524805021], [-74.0817794038654, 40.636623014756104], [-74.0789115151239, 40.638240383420886], [-74.07854540010258, 40.6382933801089], [-74.07683997648454, 40.637750259620645], [-74.0725813387358, 40.637941875094846]]]}, "properties": {"geo_id": "SI0102", "name": "Tompkinsville-Stapleton-Clifton-Fox Hills", "borough": "Staten Island", "area_km2": 2.2521}}, {"type": "Feature", "id": 183, "geometry": {"type": "Polygon", "coordinates": [[[-74.05677181637166, 40.60789954008818], [-74.06517091184887, 40.60421350934944], [-74.06430060502208, 40.60309529654121], [-74.06397858489224, 40.602143958328035], [-74.07360798586491, 40.605504957137164], [-74.07579904088938, 40.605934028025935], [-74.08126902788165, 40.606148027477055], [-74.08371091042066, 40.60644125931974], [-74.0857577041004, 40.60701437299834], [-74.0905571121673, 40.60900115134233], [-74.08958811541646, 40.60984808695279], [-74.08720982761629, 40.61330697400763], [-74.08110332392782, 40.61778874603954], [-74.07831765670772, 40.61556147078856], [-74.07487805573737, 40.61742137555254], [-74.07454676782186, 40.616942929617856], [-74.07183292978974, 40.61890075146664], [-74.07123598252551, 40.619791315868746], [-74.07116568639002, 40.62069878729369], [-74.07292873883453, 40.62297167522699], [-74.07423325020851, 40.624221079210145], [-74.07564613582021, 40.62666371855681], [-74.07288058751351, 40.62692902846959], [-74.07270543377281, 40.62687414856302], [-74.07225500955772, 40.62460875019414], [-74.07002735061631, 40.62145406435345], [-74.06649335296383, 40.61889760159536], [-74.06596065271782, 40.619359015593915], [-74.0664098895325, 40.61886446706466], [-74.0661990795487, 40.618722481288955], [-74.06557280841211, 40.61927454360011], [-74.06544586069532, 40.619202628792074], [-74.06668207982925, 40.61806749593871], [-74.06641558649223, 40.617872498166136], [-74.06604991535909, 40.61819541035291], [-74.06569864744193, 40.61795641608936], [-74.06546549952755, 40.61810707028097], [-74.06496189280432, 40.61777239856543], [-74.06435705092761, 40.61824594536876], [-74.06425721751592, 40.61817168758575], [-74.06509908407207, 40.61751095612564], [-74.06443662005026, 40.61706241460274], [-74.06401211701993, 40.61740222563108], [-74.06390892174456, 40.6173288256522], [-74.06432745858098, 40.61698850352494], [-74.06376129978742, 40.61679874960264], [-74.06376668678124, 40.616603630840466], [-74.06143961457323, 40.61437802120237], [-74.0603368079197, 40.61190187971726], [-74.0598544432858, 40.61210295810573], [-74.06001625116235, 40.61276368789559], [-74.06019772795557, 40.61278637542956], [-74.05999919777541, 40.612783899115904], [-74.05976930738183, 40.612056647139525], [-74.06027224809945, 40.61181963993938], [-74.0594307620141, 40.61165437460566], [-74.05890133421568, 40.61100228698908], [-74.05912333939771, 40.61082228858669], [-74.0590858430866, 40.610633676752094], [-74.05716383879022, 40.608742783606445], [-74.05677181637166, 40.60789954008818]]]}, "properties": {"geo_id": "SI0103", "name": "Rosebank-Shore Acres-Park Hill", "borough": "Staten Island", "area_km2": 3.2749}}, {"type": "Feature", "id": 184, "geometry": {"type": "Polygon", "coordinates": [[[-74.10472221533885, 40.645563658070344], [-74.10465198531803, 40.6452995966336], [-74.10779778028052, 40.6452261619508], [-74.10715906011995, 40.64420348103991], [-74.10654652578138, 40.644241296953595], [-74.10542286489395, 40.638898967615475], [-74.09990409604531, 40.64016295461394], [-74.09787969021829, 40.64035805599777], [-74.09767290634886, 40.63896067917182], [-74.09409312424094, 40.63926691373153], [-74.09338942252323, 40.63659955499582], [-74.09243893991965, 40.63559638474302], [-74.09059119286292, 40.63546512007298], [-74.08970378205498, 40.63568250148734], [-74.089221676938, 40.63608808091553], [-74.08870582185955, 40.63684520728473], [-74.08690592762002, 40.63585724413707], [-74.08587882767334, 40.63669159050727], [-74.08373397144585, 40.6357371450629], [-74.08443647424689, 40.63540524805021], [-74.0857492886773, 40.633955557726495], [-74.0849132159821, 40.63363992417883], [-74.08140615385045, 40.630301236568826], [-74.08173135317769, 40.63001222593161], [-74.0797249208974, 40.62895068889979], [-74.08051601859174, 40.62809988447174], [-74.0808437138653, 40.62737949104524], [-74.08298808797238, 40.62735007284408], [-74.08362236749537, 40.626922578123505], [-74.08415419721771, 40.626267115431595], [-74.08496211810699, 40.62462523303416], [-74.0862237036041, 40.61794406550173], [-74.08657157702844, 40.61716938672178], [-74.08785144004568, 40.61524323621465], [-74.08747218473557, 40.614560803338065], [-74.08720982761629, 40.61330697400763], [-74.08958811541646, 40.60984808695279], [-74.0905571121673, 40.60900115134233], [-74.0925679637504, 40.60982595932551], [-74.09433500458698, 40.610328012156984], [-74.095451943118, 40.61049594827203], [-74.09766008712893, 40.6105077481278], [-74.09987733673753, 40.6129186530278], [-74.10209434247723, 40.61460049070329], [-74.1035092514209, 40.6164160753992], [-74.10569512521545, 40.61873798770592], [-74.11094392733817, 40.621194489000004], [-74.11326249491935, 40.623054425544176], [-74.11820219989448, 40.62508678258052], [-74.120128878929, 40.62653615348815], [-74.12125677839715, 40.62782275084324], [-74.12303393314562, 40.62901121601586], [-74.1248916787513, 40.63172799060493], [-74.11683619484079, 40.632674818338906], [-74.11719947073985, 40.63456809813073], [-74.12023836595402, 40.63430055985003], [-74.1206296291362, 40.6365727504909], [-74.11754902194666, 40.63695363333981], [-74.11769393482832, 40.639433146131594], [-74.11806710362553, 40.64129791913379], [-74.1209328702681, 40.64090870882333], [-74.11960716681891, 40.64138030935503], [-74.11995699875855, 40.642209453931834], [-74.11942631292398, 40.64142352418487], [-74.11909720493632, 40.64147346602096], [-74.11940029532546, 40.64237937903549], [-74.11900348200308, 40.64146461451025], [-74.11861635236274, 40.64153036502918], [-74.11896077402352, 40.642504515993394], [-74.11883624616942, 40.64254186406052], [-74.1184018508355, 40.64152980054306], [-74.11791728617156, 40.64182587695297], [-74.11769850319328, 40.64154313278351], [-74.1174977996238, 40.64158325204416], [-74.11712100630398, 40.64166785704609], [-74.11722408283049, 40.641844093582876], [-74.11672187663888, 40.642031756096756], [-74.11722470082633, 40.643027360465375], [-74.11666607646316, 40.64210676683669], [-74.11630000082832, 40.64220266560504], [-74.11667041382688, 40.64318982489303], [-74.11614208569742, 40.6422164541512], [-74.11535082182931, 40.64247054015837], [-74.11511714752146, 40.642784993180626], [-74.1137966608601, 40.64360951580808], [-74.1140405314602, 40.644042502119945], [-74.11395094068483, 40.64413659167542], [-74.11288806510882, 40.64453244413513], [-74.11385709322244, 40.644076012169954], [-74.11365370966897, 40.64368755592379], [-74.11343403737186, 40.64382125182671], [-74.11333023192456, 40.643723496581345], [-74.11116129469173, 40.64509642267887], [-74.11176646583958, 40.64470615984317], [-74.10973932564566, 40.64546372868749], [-74.10886489895967, 40.645579128804165], [-74.10472221533885, 40.645563658070344]]]}, "properties": {"geo_id": "SI0104", "name": "West New Brighton-Silver Lake-Grymes Hill", "borough": "Staten Island", "area_km2": 7.9301}}, {"type": "Feature", "id": 185, "geometry": {"type": "Polygon", "coordinates": [[[-74.12125677839715, 40.62782275084324], [-74.120128878929, 40.62653615348815], [-74.11806688584926, 40.625001473849366], [-74.11326249491935, 40.623054425544176], [-74.11094392733817, 40.621194489000004], [-74.10569512521545, 40.61873798770592], [-74.1035092514209, 40.6164160753992], [-74.10209434247723, 40.61460049070329], [-74.09987733673753, 40.6129186530278], [-74.09766008712893, 40.6105077481278], [-74.1089859530509, 40.61012495494256], [-74.11030502721236, 40.610277010561624], [-74.1134232989514, 40.611009405065], [-74.11564032582696, 40.61109610432457], [-74.11744809361569, 40.610794312853926], [-74.1213358174041, 40.60966649862548], [-74.12138588652023, 40.60990931040028], [-74.12485022098907, 40.60908212079073], [-74.12875899350655, 40.60849579441082], [-74.14354499233964, 40.6076811535684], [-74.14638897386595, 40.60802947342046], [-74.14869404615584, 40.60882795240028], [-74.1505222165361, 40.60991036944263], [-74.15368427447888, 40.61234968213525], [-74.15256203819584, 40.616223981670586], [-74.15208605342593, 40.61732098804814], [-74.14764615934031, 40.622117976117], [-74.14683903447902, 40.623315992422334], [-74.14611213844991, 40.624933433966184], [-74.14402437723732, 40.624991198114465], [-74.138057916376, 40.624222500824715], [-74.13700290902946, 40.62434701075326], [-74.13581008190083, 40.62506433958986], [-74.13805849429933, 40.62706851789406], [-74.13789126637938, 40.62745288039293], [-74.13806393712436, 40.62756847214289], [-74.1367423769444, 40.628662536726665], [-74.1358610835055, 40.62806152938546], [-74.13408698129966, 40.62954168121696], [-74.13343731220797, 40.62907434675627], [-74.13107460187689, 40.6311477302151], [-74.13047428855656, 40.63088551024507], [-74.13014141475817, 40.6299652085308], [-74.13130985252093, 40.62632834415264], [-74.12216225438151, 40.627476892667], [-74.12125677839715, 40.62782275084324]]]}, "properties": {"geo_id": "SI0105", "name": "Westerleigh-Castleton Corners", "borough": "Staten Island", "area_km2": 7.1098}}, {"type": "Feature", "id": 186, "geometry": {"type": "Polygon", "coordinates": [[[-74.12071317500812, 40.64104578269454], [-74.1209328702681, 40.64090870882333], [-74.11806710362553, 40.64129791913379], [-74.11769393482832, 40.639433146131594], [-74.11754902194666, 40.63695363333981], [-74.1206296291362, 40.6365727504909], [-74.12023836595402, 40.63430055985003], [-74.11719947073985, 40.63456809813073], [-74.11683619484079, 40.632674818338906], [-74.1248916787513, 40.63172799060493], [-74.12303393314562, 40.62901121601586], [-74.12125677839715, 40.62782275084324], [-74.12216225438151, 40.627476892667], [-74.13130985252093, 40.62632834415264], [-74.13014141475817, 40.6299652085308], [-74.13047428855656, 40.63088551024507], [-74.13107460187689, 40.6311477302151], [-74.13343731220797, 40.62907434675627], [-74.13408698129966, 40.62954168121696], [-74.1358610835055, 40.62806152938546], [-74.1367423769444, 40.628662536726665], [-74.13806393712436, 40.62756847214289], [-74.13789126637938, 40.62745288039293], [-74.13805849429933, 40.62706851789406], [-74.13581008190083, 40.62506433958986], [-74.13700290902946, 40.62434701075326], [-74.138057916376, 40.624222500824715], [-74.14402437723732, 40.624991198114465], [-74.14611213844991, 40.624933433966184], [-74.14554597578248, 40.62670900834961], [-74.14543939797092, 40.62788659815435], [-74.1459357423659, 40.62782607947116], [-74.14622202660938, 40.629106957187616], [-74.14752618963833, 40.62938928830036], [-74.14478228907657, 40.63795378080116], [-74.14359998204321, 40.638514125689255], [-74.1431280237709, 40.6396803731286], [-74.1425776933605, 40.639534137502004], [-74.14238795149326, 40.639641210830085], [-74.14229766980858, 40.64030580659126], [-74.14155622972459, 40.64036676931979], [-74.14148047403343, 40.64009219379307], [-74.14076253645278, 40.64058939691139], [-74.13757574838482, 40.6410011523713], [-74.13734541892016, 40.64114653379099], [-74.13737001749979, 40.641295463489136], [-74.1343526957353, 40.64188679690276], [-74.13430281185268, 40.641753794406895], [-74.13349719766673, 40.64171690148129], [-74.13341539167402, 40.64154711705455], [-74.13299172393485, 40.6414169366648], [-74.13240283577125, 40.641704388984685], [-74.13125581180257, 40.641596830764016], [-74.13146199764817, 40.64131010407523], [-74.13032503547936, 40.640778471804516], [-74.13012324901676, 40.64101654989436], [-74.13027887043049, 40.640760622510186], [-74.13018370013307, 40.64072382658582], [-74.12967785166326, 40.64138531305564], [-74.12949057637465, 40.64135483569861], [-74.12997740262725, 40.640729872855786], [-74.12930713186948, 40.64033741171374], [-74.12922977261063, 40.640484372352574], [-74.12893301209805, 40.640413928985446], [-74.12890729033452, 40.641194827586325], [-74.12881201847226, 40.64022697800666], [-74.1275267724088, 40.64015530471665], [-74.12714774563898, 40.6393110568504], [-74.12702736020904, 40.63931907798447], [-74.12705362205264, 40.640241737639165], [-74.12644823919024, 40.640377994199206], [-74.126069828622, 40.64025447268761], [-74.12619996291652, 40.64126431430311], [-74.12636808688981, 40.6413323804871], [-74.12564026870697, 40.641418492585046], [-74.12613276551232, 40.64126438802843], [-74.12599542422451, 40.64023124262892], [-74.12557833569394, 40.64014732844378], [-74.1241557844501, 40.640134716640205], [-74.12285630555337, 40.64082050884905], [-74.1226036360171, 40.640597074405484], [-74.12290724832499, 40.6410192661154], [-74.12282565410312, 40.64129387551522], [-74.12184146995479, 40.641405894271784], [-74.12186561799234, 40.64155594932448], [-74.12198146380668, 40.641501066769656], [-74.12187416191063, 40.64157831521845], [-74.12180661082161, 40.641412159578316], [-74.12177911197604, 40.64159254761974], [-74.12155886560586, 40.6416216322502], [-74.12176052602646, 40.64157431405742], [-74.1217237531887, 40.64142866444405], [-74.12132617111742, 40.641606569731636], [-74.1213119482967, 40.641452531325214], [-74.1211724627497, 40.64166914456746], [-74.12128074794364, 40.64143249598728], [-74.12107727405026, 40.64160741958372], [-74.12118039507698, 40.64138344537973], [-74.12071317500812, 40.64104578269454]]]}, "properties": {"geo_id": "SI0106", "name": "Port Richmond", "borough": "Staten Island", "area_km2": 3.3665}}, {"type": "Feature", "id": 187, "geometry": {"type": "MultiPolygon", "coordinates": [[[[-74.15945602437947, 40.64144833231906], [-74.15997875699736, 40.64144648133915], [-74.16111242522173, 40.64183545373741], [-74.16153403110933, 40.64415628242311], [-74.15809750008751, 40.643757566620316], [-74.15755778855826, 40.643239865478535], [-74.15800633391845, 40.643023676363896], [-74.15819904046337, 40.642595077663586], [-74.15858742502012, 40.64246038358198], [-74.15881093745296, 40.64175863474051], [-74.15945602437947, 40.64144833231906]]], [[[-74.17989568339897, 40.645268795975674], [-74.17988406361418, 40.64511024036667], [-74.17977452733295, 40.64516667984816], [-74.17972987752036, 40.64438070211209], [-74.17933117249298, 40.64440051127011], [-74.17925123340665, 40.645041876970446], [-74.17907466583894, 40.644646507056706], [-74.17903555928561, 40.64339478702087], [-74.17940482802032, 40.64312896647659], [-74.1795871372141, 40.64191768346423], [-74.17918728067293, 40.64298753899149], [-74.17879078437005, 40.64249850396229], [-74.17848313827086, 40.64252117472807], [-74.17825662145894, 40.64212922736577], [-74.17834127012095, 40.64258947649854], [-74.17781237608908, 40.64259984464484], [-74.17768636299843, 40.64294859651973], [-74.17721118570951, 40.643122778603264], [-74.17682386895902, 40.64285914598348], [-74.17670489151175, 40.642416911284165], [-74.17635786617534, 40.64232722056304], [-74.17668723791358, 40.64255213912395], [-74.17666795538246, 40.6433868447718], [-74.17598183191922, 40.64346362228093], [-74.17560250954297, 40.643311298170005], [-74.17547166255147, 40.64412310495873], [-74.17568470742577, 40.644710284895275], [-74.17546691157331, 40.644646521605054], [-74.17529691545057, 40.645075076819104], [-74.17489620525134, 40.64514604796305], [-74.17458621477324, 40.64501693152973], [-74.17436572943477, 40.64513625814303], [-74.17294123891786, 40.64420452335862], [-74.17300154585652, 40.643585405079804], [-74.17244784485197, 40.64342157125359], [-74.172361653206, 40.643256267553035], [-74.17272145305189, 40.64294849899678], [-74.17244027861885, 40.64281204715884], [-74.17196330566121, 40.64285813319608], [-74.1715081109973, 40.643134442091025], [-74.17133587281677, 40.642855764549566], [-74.17186042582577, 40.64252292851905], [-74.171750127869, 40.64251675569236], [-74.17184927245123, 40.64238040270828], [-74.17172186950624, 40.64193954468423], [-74.17147878923343, 40.64170250949218], [-74.17158721923735, 40.64102959339466], [-74.17202315852221, 40.64098921465789], [-74.17293896175401, 40.64057955269759], [-74.17298798800311, 40.64048910506642], [-74.17202446166858, 40.64095546538309], [-74.17156994685423, 40.641011532092946], [-74.17138651859226, 40.64142273551909], [-74.17137382284403, 40.64208501476663], [-74.1710501724002, 40.642593819632744], [-74.17127524445608, 40.64211168276789], [-74.1711926088523, 40.64173962651512], [-74.17028635441109, 40.64177530825603], [-74.17007878584938, 40.642086160074044], [-74.1691529550316, 40.64187285987551], [-74.16906431628865, 40.642130016798745], [-74.16774094051357, 40.641727774498676], [-74.16757607092507, 40.641844793608215], [-74.16653375792963, 40.64142263838641], [-74.1662159991705, 40.642424100228105], [-74.16609989896034, 40.64240658700138], [-74.16631887292462, 40.64143667500512], [-74.16580110755902, 40.64122451144967], [-74.16563409763798, 40.64121437137586], [-74.16544310082271, 40.64228054620614], [-74.16494139041183, 40.642208999889476], [-74.16519041758112, 40.64064230527697], [-74.1647342653693, 40.640391467527586], [-74.16457132366727, 40.64141866159606], [-74.16441459649114, 40.64139678472624], [-74.1645965653148, 40.640315745043516], [-74.16416886813508, 40.63999410972794], [-74.16400179001295, 40.64106585950438], [-74.16386249420357, 40.641052797343974], [-74.16404731516643, 40.63994665879971], [-74.16394491366576, 40.639914605816145], [-74.16345445681999, 40.63985656039842], [-74.16324577932504, 40.64095741918578], [-74.16280502723454, 40.64103818792339], [-74.16167534694235, 40.640610784766956], [-74.16228465251963, 40.63876565226989], [-74.1618185661238, 40.638646279280394], [-74.1614491782677, 40.639428336668495], [-74.16130221801548, 40.63939373445721], [-74.16166010707116, 40.63866499381605], [-74.16124015814863, 40.6385950106112], [-74.16090490770392, 40.63938614081619], [-74.16073654872477, 40.63935101447562], [-74.16108161758906, 40.638567768312704], [-74.16081126840741, 40.638632958889005], [-74.16034819993045, 40.63844372595107], [-74.15986410465041, 40.63992782369295], [-74.16022466453221, 40.638339061840476], [-74.16005754065978, 40.63872235224746], [-74.1598569776778, 40.63872920171702], [-74.15957712397915, 40.63799258321208], [-74.15922711556972, 40.63779611975812], [-74.15905622378894, 40.63803931031999], [-74.15900957887429, 40.63882257790998], [-74.15889532350849, 40.63881527713139], [-74.15893299160665, 40.638264017819175], [-74.15789262953881, 40.6379650512313], [-74.15784122273031, 40.6388739154689], [-74.15773352572349, 40.63887903516548], [-74.1577736593679, 40.63795715924366], [-74.15610276490888, 40.6379395908863], [-74.15611488264739, 40.6375307471646], [-74.15569862053152, 40.63751793890434], [-74.15568515769912, 40.6377874824073], [-74.15482932461856, 40.63772385541897], [-74.15469263864526, 40.6391939681144], [-74.1547782901187, 40.63772154504848], [-74.15459670163443, 40.6373433445718], [-74.15425270073519, 40.63717231088846], [-74.1534140659779, 40.637272719079455], [-74.15279703511403, 40.637132754852736], [-74.15269700449552, 40.63764184122224], [-74.15221806884477, 40.63769258171702], [-74.15229786175502, 40.63827428826375], [-74.15213675899915, 40.638290747955836], [-74.15204639233266, 40.63766721531566], [-74.15119545007292, 40.637730789038926], [-74.1513951761365, 40.63939651305763], [-74.15124827966457, 40.63940934238354], [-74.15112965090485, 40.63850068007409], [-74.15055638842084, 40.63855933066745], [-74.14996782090546, 40.63815007524942], [-74.14967889830886, 40.63751767426077], [-74.14944732900051, 40.63740539948566], [-74.14931235597447, 40.63752595864316], [-74.1494188170834, 40.63829164054715], [-74.14919418089713, 40.63866833137296], [-74.1488817554377, 40.638705207973416], [-74.1485581502623, 40.63743783752828], [-74.14877792005885, 40.63887625112789], [-74.14602173101828, 40.639094550203474], [-74.14605733618387, 40.639229257690054], [-74.14519279481542, 40.63937849765491], [-74.1446713323428, 40.639304268229566], [-74.14386163595745, 40.63888796251427], [-74.14374959918905, 40.6389615777508], [-74.14381734530271, 40.639207478924156], [-74.14357308593789, 40.63922678525729], [-74.14336103010835, 40.63970984518127], [-74.1431280237709, 40.6396803731286], [-74.14359998204321, 40.638514125689255], [-74.14478228907657, 40.63795378080116], [-74.14752618963833, 40.62938928830036], [-74.14622202660938, 40.629106957187616], [-74.1459357423659, 40.62782607947116], [-74.14543939797092, 40.62788659815435], [-74.1455770129871, 40.62657401630574], [-74.14638593690877, 40.62420098917277], [-74.1471239911658, 40.62285901831934], [-74.14816111669752, 40.62147178279155], [-74.15198995749482, 40.61747802256088], [-74.15245994535967, 40.61653799347213], [-74.15368427447888, 40.61234968213525], [-74.15898069549299, 40.61636752499059], [-74.16312999340077, 40.61884698223502], [-74.16812305135599, 40.62104803122129], [-74.17266000378692, 40.621758967789376], [-74.1746610126554, 40.62250902502943], [-74.17572898554205, 40.62323117459084], [-74.17929497262774, 40.62636699657581], [-74.1817990746365, 40.627845436594434], [-74.18606959868262, 40.62995448121392], [-74.18657676396244, 40.63016911911567], [-74.18676019394366, 40.62997335952716], [-74.18987905134348, 40.63135753026906], [-74.19620359550308, 40.634686050233924], [-74.19602904691452, 40.63499584880717], [-74.19557688057968, 40.635004218570764], [-74.19530704356409, 40.635233895517324], [-74.19520096899954, 40.635707944143874], [-74.19449480774604, 40.63644952245066], [-74.1945185109163, 40.63703429194798], [-74.19478689682471, 40.637131511664386], [-74.19462310079363, 40.637391184067575], [-74.19397308627501, 40.63730911419653], [-74.19358317695, 40.63746911738741], [-74.19371964621949, 40.63756681423029], [-74.1865249689774, 40.64338866267421], [-74.18623209809662, 40.64318739685546], [-74.18590896667855, 40.64363143950194], [-74.18511431614884, 40.643806238290196], [-74.18524793597282, 40.64394352619351], [-74.18483594580987, 40.64412826684149], [-74.18442444966344, 40.6436506915762], [-74.18411319064573, 40.64353008412854], [-74.18406483232059, 40.64332399044595], [-74.18437046773803, 40.64309957689013], [-74.18421443999884, 40.6431168952671], [-74.18395490670642, 40.64249416070129], [-74.18365067064201, 40.64223964155343], [-74.18402611192013, 40.643100408569886], [-74.1838457593705, 40.64326615731015], [-74.18347427166456, 40.64294920957191], [-74.1832421227914, 40.64296367709803], [-74.18380044942421, 40.64443190122324], [-74.1836674587201, 40.64461048505026], [-74.18288931621835, 40.64480028294622], [-74.18118434243927, 40.644586159245065], [-74.18087212513223, 40.64485142967853], [-74.18048173953522, 40.644278924274076], [-74.1800407794923, 40.644288140673844], [-74.17990671455395, 40.64437872066443], [-74.17989568339897, 40.645268795975674]]]]}, "properties": {"geo_id": "SI0107", "name": "Mariner's Harbor-Arlington-Graniteville", "borough": "Staten Island", "area_km2": 8.3045}}, {"type": "Feature", "id": 188, "geometry": {"type": "Polygon", "coordinates": [[[-74.06397858489224, 40.602143958328035], [-74.06195617868077, 40.60123645645265], [-74.06108413994077, 40.599816393848144], [-74.06375933292199, 40.59893485952236], [-74.05964120596207, 40.59370938906333], [-74.05976660687638, 40.59383525751038], [-74.06055353637058, 40.59337975542373], [-74.06215274432587, 40.59202504104477], [-74.0650333235618, 40.58899099786547], [-74.06436003721248, 40.588267891174986], [-74.06477833033044, 40.58848831122844], [-74.06722276816883, 40.586734449257726], [-74.07096310182041, 40.583181990402814], [-74.07149180521229, 40.58216878265264], [-74.07065781537815, 40.581625625037915], [-74.07146670867036, 40.582027243396105], [-74.07177638431078, 40.581876534159065], [-74.07499413073515, 40.5792365574165], [-74.07350591302134, 40.57840175125025], [-74.07332032496498, 40.57845733300867], [-74.0735026389054, 40.578196640060824], [-74.07349669675456, 40.57832795971463], [-74.07508288192615, 40.5791601587558], [-74.07579819540712, 40.578309250650804], [-74.07523453617956, 40.57799880325336], [-74.07534622582462, 40.5778879700745], [-74.08849596473402, 40.58478842416096], [-74.08912147929875, 40.58414256119415], [-74.09261596810605, 40.585939810669416], [-74.09844000802548, 40.58124170600755], [-74.10525775386915, 40.58592143674099], [-74.1020798998636, 40.588741752194224], [-74.1008825150878, 40.59017921614526], [-74.10092576199395, 40.59235074907907], [-74.10064876491016, 40.59301302568252], [-74.10009437797481, 40.593660501754336], [-74.0970026729387, 40.59547367908928], [-74.09375453687329, 40.59674489030799], [-74.0927230507176, 40.5974642636283], [-74.0917825730082, 40.59871923931153], [-74.09172051432097, 40.59922085751381], [-74.09197184759606, 40.59982426432015], [-74.09290036361642, 40.60135887271743], [-74.09244145186298, 40.60411958645142], [-74.09271909195756, 40.60636212420198], [-74.09239912791497, 40.60707229070296], [-74.09055711216726, 40.609001151342376], [-74.0857577041004, 40.6070143729984], [-74.08371091042066, 40.60644125931974], [-74.08126902788159, 40.606148027477055], [-74.07579904088938, 40.605934028025935], [-74.07360798586485, 40.605504957137164], [-74.06397858489224, 40.602143958328035]]]}, "properties": {"geo_id": "SI0201", "name": "Grasmere-Arrochar-South Beach-Dongan Hills", "borough": "Staten Island", "area_km2": 7.4427}}, {"type": "Feature", "id": 189, "geometry": {"type": "Polygon", "coordinates": [[[-74.07601596977959, 40.57824491279301], [-74.07639928398518, 40.5779948550527], [-74.0762974101844, 40.577898625093546], [-74.07649283077296, 40.57796084612551], [-74.07688226472024, 40.57763678890651], [-74.07673747616742, 40.57737250932561], [-74.07693881528643, 40.57753434458633], [-74.07737472522429, 40.57728215840317], [-74.07926321256909, 40.575671292205875], [-74.07867933938915, 40.57508182522351], [-74.07933640538258, 40.57562720401707], [-74.0801786744205, 40.575180418259656], [-74.08469075903615, 40.57147791444318], [-74.08769737508023, 40.573061884544025], [-74.08813355233562, 40.572827720227416], [-74.08946037563864, 40.57168029837588], [-74.092770581362, 40.56794341127407], [-74.10470979010059, 40.57400594007622], [-74.10604352582462, 40.572064179625244], [-74.10637576995441, 40.57222437058479], [-74.10874017878626, 40.569916494851874], [-74.09407071043623, 40.56273162013203], [-74.09511063361221, 40.56317327293219], [-74.09542371796327, 40.56315463556875], [-74.09567198061373, 40.56277559824557], [-74.09629202201873, 40.5624208307734], [-74.09819767261997, 40.559836477307385], [-74.09829030823775, 40.5593326146596], [-74.09784815988272, 40.55903366909186], [-74.09876415414928, 40.559423551149045], [-74.09938031432738, 40.55896419336136], [-74.09986924754335, 40.559093501038234], [-74.10009549144357, 40.55895344562341], [-74.11013947040145, 40.56431066683336], [-74.11376161129488, 40.566497190110134], [-74.11636336276891, 40.5639156379874], [-74.12489904218616, 40.56894914294893], [-74.1231349278997, 40.570106791758086], [-74.12144535574095, 40.57177561468195], [-74.12136044610845, 40.57282674374046], [-74.1218533350965, 40.57465318190026], [-74.12153728906142, 40.57515325257959], [-74.11910954797456, 40.57615725273245], [-74.11701410474791, 40.57820868745069], [-74.11561656567139, 40.57849283264412], [-74.11306954333422, 40.58076852292087], [-74.11127706446453, 40.58179072929527], [-74.10924835476192, 40.582678413036795], [-74.1052577538692, 40.58592143674099], [-74.09844000802553, 40.58124170600752], [-74.09261596810609, 40.585939810669416], [-74.08912147929881, 40.58414256119415], [-74.08849596473402, 40.58478842416096], [-74.07601596977959, 40.57824491279301]]]}, "properties": {"geo_id": "SI0202", "name": "New Dorp-Midland Beach", "borough": "Staten Island", "area_km2": 5.7767}}, {"type": "Feature", "id": 190, "geometry": {"type": "Polygon", "coordinates": [[[-74.1089859530509, 40.61012495494256], [-74.095451943118, 40.61049594827203], [-74.09433500458698, 40.610328012156984], [-74.0925679637504, 40.60982595932551], [-74.0905571121673, 40.60900115134233], [-74.09239912791502, 40.60707229070296], [-74.09271909195756, 40.60636212420198], [-74.09244145186298, 40.60411958645138], [-74.09290036361645, 40.60135887271744], [-74.09197184759611, 40.599824264320105], [-74.09172051432101, 40.59922085751381], [-74.09178257300826, 40.59871923931153], [-74.0927230507176, 40.59746426362824], [-74.09375453687329, 40.59674489030799], [-74.09700267293869, 40.59547367908926], [-74.10009437797487, 40.59366050175428], [-74.10053674763957, 40.59318492962258], [-74.10089773576925, 40.592452723144476], [-74.10088251508785, 40.59017921614526], [-74.10149482213728, 40.58934426100513], [-74.10454864459432, 40.586500648549496], [-74.10924835476192, 40.582678413036795], [-74.11127706446453, 40.58179072929527], [-74.11306954333422, 40.58076852292087], [-74.11561656567139, 40.57849283264412], [-74.11701410474791, 40.57820868745069], [-74.11910954797456, 40.57615725273245], [-74.12153728906142, 40.57515325257959], [-74.12209601973252, 40.575132587377], [-74.12318380596186, 40.57575185339364], [-74.12535275635315, 40.57590104302102], [-74.12706746958176, 40.57640521917216], [-74.12749282309098, 40.57542515811879], [-74.12773493482423, 40.575206624554205], [-74.13278436099986, 40.5734790942342], [-74.14418588119743, 40.57203741050875], [-74.14387453487329, 40.57060659469342], [-74.14438744938825, 40.56970610117111], [-74.14634725216152, 40.57051823414815], [-74.14710342840984, 40.57049868577556], [-74.14790142170932, 40.570889581108474], [-74.15466447665042, 40.56551344318806], [-74.1558509037068, 40.56377444522288], [-74.15725974085757, 40.56255331937416], [-74.1615313001748, 40.56126935448103], [-74.16377941502323, 40.56031697962338], [-74.16494149293702, 40.5601117976389], [-74.16982582250603, 40.56109042127681], [-74.16962557716029, 40.56828066293792], [-74.16982860060396, 40.57083444850518], [-74.15252765163696, 40.58061699332775], [-74.15230805576691, 40.580579303157315], [-74.15137773813919, 40.5813587699153], [-74.15098847245255, 40.582065261269406], [-74.15026982407966, 40.582727380369626], [-74.14727483653007, 40.58501222200047], [-74.14762041280433, 40.58501946947321], [-74.1463213105958, 40.58606929759488], [-74.14541995001444, 40.59146702435487], [-74.14002227239804, 40.598596533587745], [-74.14046227905241, 40.603069980524886], [-74.14202810244467, 40.60337183855418], [-74.14303309759816, 40.60374974133252], [-74.14714097029949, 40.60558483473542], [-74.14750950761587, 40.606064886726614], [-74.14723021254628, 40.60826302209607], [-74.14530567402106, 40.60781990143528], [-74.14354499233964, 40.6076811535684], [-74.12875899350655, 40.60849579441082], [-74.12485022098907, 40.60908212079073], [-74.12138588652023, 40.60990931040028], [-74.1213358174041, 40.60966649862548], [-74.11744809361569, 40.610794312853926], [-74.11564032582696, 40.61109610432457], [-74.1134232989514, 40.611009405065], [-74.11030502721236, 40.610277010561624], [-74.1089859530509, 40.61012495494256]]]}, "properties": {"geo_id": "SI0203", "name": "Todt Hill-Emerson Hill-Lighthouse Hill-Manor Heights", "borough": "Staten Island", "area_km2": 17.3089}}, {"type": "Feature", "id": 191, "geometry": {"type": "Polygon", "coordinates": [[[-74.15898069549299, 40.61636752499059], [-74.14998477050442, 40.60953841783097], [-74.14869404615584, 40.60882795240028], [-74.14723021254628, 40.60826302209607], [-74.14750950761587, 40.606064886726614], [-74.14714063632937, 40.60558459911424], [-74.14303309759816, 40.60374974133252], [-74.14202810244467, 40.60337183855418], [-74.14046227905241, 40.603069980524886], [-74.14002227239804, 40.598596533587745], [-74.14541995001444, 40.59146702435487], [-74.1463213105958, 40.58606929759488], [-74.14762041280433, 40.58501946947321], [-74.14727483653007, 40.58501222200047], [-74.1508845035556, 40.582175783849294], [-74.15137773813919, 40.5813587699153], [-74.15230805576691, 40.580579303157315], [-74.15252765163696, 40.58061699332775], [-74.16982860060396, 40.57083444850518], [-74.16996967227739, 40.57292660848067], [-74.1696234487699, 40.578429044925855], [-74.1684189655815, 40.586578059751716], [-74.16796293919342, 40.588304029171034], [-74.1676502624995, 40.58888836543288], [-74.16578641105401, 40.59070780380282], [-74.16341992127062, 40.59244423534333], [-74.16360268159286, 40.593374199160394], [-74.16673711904059, 40.5938300452645], [-74.16886362231634, 40.59472808665136], [-74.16828457999891, 40.59643316595075], [-74.16719634764705, 40.60207531162772], [-74.17121566155829, 40.602502166412904], [-74.1725610301425, 40.602977765708964], [-74.17491828595219, 40.60221622686646], [-74.17822457221695, 40.599828060947424], [-74.17954440204578, 40.59674539875325], [-74.18207699921996, 40.594249000319664], [-74.18255226126941, 40.59355781527148], [-74.18650391816595, 40.58943925039326], [-74.18529149797185, 40.589365933896545], [-74.18477863481213, 40.589028183819], [-74.18467991757967, 40.58854430000972], [-74.1853858561741, 40.587599653512925], [-74.18788096584716, 40.586682277751486], [-74.1907685232148, 40.58512746832264], [-74.19131783459515, 40.58570448895072], [-74.19232388859866, 40.58557483655644], [-74.19253422923927, 40.58532329265201], [-74.19332419652648, 40.585038281476926], [-74.19423261325561, 40.5851468069237], [-74.19803344202843, 40.58287871348663], [-74.19964981205854, 40.58226262701897], [-74.2000805894048, 40.581554557187054], [-74.19996699923995, 40.58056800046482], [-74.20016899844596, 40.58014100034316], [-74.200488487946, 40.57994977832515], [-74.20058399959446, 40.57951100141779], [-74.20294999914493, 40.58010200075162], [-74.20441199860309, 40.580170001424655], [-74.20602841110836, 40.579764267650624], [-74.20599255015574, 40.58041038393727], [-74.20572403289869, 40.58096568943493], [-74.20541737056935, 40.581069486480445], [-74.20508136987081, 40.58159946830025], [-74.2050885440875, 40.58220819007157], [-74.20470911902727, 40.582797669407], [-74.20473901192639, 40.58317590193016], [-74.20440076433692, 40.58371294584213], [-74.20463390208104, 40.58432323880145], [-74.2043643389893, 40.584634148868254], [-74.20441471663625, 40.58552367482492], [-74.20411940258487, 40.585895541578516], [-74.20427494216678, 40.58611005412832], [-74.20426533002741, 40.587320534540545], [-74.20458065694645, 40.58821760318023], [-74.2042727034627, 40.588482555657386], [-74.20412200974732, 40.588881474412474], [-74.20432302142393, 40.58913661747353], [-74.20457422072788, 40.58871913882308], [-74.20470529848629, 40.588772370830746], [-74.20443548400783, 40.58921839729189], [-74.2046460894321, 40.589285745466], [-74.2044089255159, 40.58970676381176], [-74.20420300609315, 40.589642972244455], [-74.20385886543349, 40.59024952536298], [-74.20369974335648, 40.59019990597241], [-74.20388550456217, 40.58978610973645], [-74.20265866971728, 40.59072214527997], [-74.2023776361115, 40.59064471254922], [-74.2020140553329, 40.59089579862263], [-74.20246775956585, 40.59083882485753], [-74.20305254911655, 40.591140542312615], [-74.20296340195799, 40.59123092327939], [-74.20245494997208, 40.59095112585335], [-74.20202733920853, 40.590999079794756], [-74.20212378159053, 40.59125332705978], [-74.20184092915534, 40.59163648337983], [-74.20200349813028, 40.59178076479522], [-74.20230284591754, 40.59146932177453], [-74.20231645768172, 40.59152396460031], [-74.20092540430579, 40.59286637980877], [-74.20047126822207, 40.5928117525165], [-74.19974060976999, 40.5935646690413], [-74.19936212279543, 40.594094082293125], [-74.19948344883885, 40.59432093666904], [-74.1987323255388, 40.595011798813275], [-74.19856137143587, 40.5955527810125], [-74.19795002851603, 40.59647035480386], [-74.19751357718711, 40.59679898603694], [-74.19749670929889, 40.597724259603595], [-74.19730619713819, 40.59805952224113], [-74.19875958205299, 40.60171197517643], [-74.20014866759912, 40.603683350098876], [-74.20138527472524, 40.60463696620865], [-74.2022184985121, 40.60596968011926], [-74.20281628374592, 40.60827082796749], [-74.20230179014106, 40.611875642039216], [-74.20244374449372, 40.61328469342954], [-74.20045324444482, 40.616327996806525], [-74.20058986446027, 40.61702892738964], [-74.20082804386197, 40.617094288048435], [-74.20091423238283, 40.61779882239878], [-74.20087478740132, 40.618100410856066], [-74.20054156331668, 40.61799763899117], [-74.20035203856098, 40.61834219805231], [-74.2008399145064, 40.61880430260748], [-74.20068071414978, 40.619168454849685], [-74.20106997469082, 40.62038153977263], [-74.20050588129759, 40.62029967159883], [-74.2004280019192, 40.62049541101701], [-74.20087331582049, 40.62059115472132], [-74.20125847310119, 40.62155483087237], [-74.20143239998191, 40.621612609468094], [-74.20123089203638, 40.622074211492205], [-74.20127534263133, 40.62268827628623], [-74.20154553334768, 40.622698052023274], [-74.20163201104117, 40.62312156545757], [-74.20158494435563, 40.6234983336816], [-74.20134408905501, 40.62355256914707], [-74.20139733073725, 40.623736121540844], [-74.20107662790335, 40.624078346589954], [-74.201060800333, 40.62589517900701], [-74.20118252353818, 40.626110215709616], [-74.20141670667911, 40.62607051389591], [-74.20098625565413, 40.629344148106505], [-74.20080479681282, 40.62933257144444], [-74.20075483895441, 40.62959463411363], [-74.20047681715857, 40.62965707750521], [-74.20042573785118, 40.629821165953516], [-74.2004081277177, 40.63025010119731], [-74.20077267097449, 40.630248953413414], [-74.20079169384545, 40.63035012431852], [-74.20040311643211, 40.63029236277013], [-74.20018462159052, 40.631328669464374], [-74.20042997715407, 40.63135909807214], [-74.20040053118291, 40.631459467819894], [-74.2001726540773, 40.63136108053117], [-74.1986224779922, 40.63273751535698], [-74.1980296109931, 40.63277094193809], [-74.1980251993393, 40.63302919247005], [-74.19734396061332, 40.63299814705065], [-74.19678530632117, 40.633392239771965], [-74.19687865668357, 40.633761387721705], [-74.19631031190843, 40.6340542321294], [-74.19620359550308, 40.634686050233924], [-74.18987905134348, 40.63135753026906], [-74.18676019394366, 40.62997335952716], [-74.18657676396244, 40.63016911911567], [-74.18606959868262, 40.62995448121392], [-74.1817990746365, 40.627845436594434], [-74.17929497262774, 40.62636699657581], [-74.17572898554205, 40.62323117459084], [-74.1746610126554, 40.62250902502943], [-74.17266000378692, 40.621758967789376], [-74.16812305135599, 40.62104803122129], [-74.16312999340077, 40.61884698223502], [-74.15898069549299, 40.61636752499059]]]}, "properties": {"geo_id": "SI0204", "name": "New Springville-Willowbrook-Bulls Head-Travis", "borough": "Staten Island", "area_km2": 19.4527}}, {"type": "Feature", "id": 192, "geometry": {"type": "Polygon", "coordinates": [[[-74.12153728906142, 40.575153252579646], [-74.1218533350965, 40.57465318190026], [-74.12136044610841, 40.57282674374046], [-74.12144535574095, 40.57177561468195], [-74.1231349278997, 40.57010679175812], [-74.12489904218616, 40.56894914294893], [-74.11636336276891, 40.56391563798744], [-74.11376161129482, 40.56649719011018], [-74.1101394704014, 40.56431066683339], [-74.10009549144357, 40.55895344562346], [-74.1007996392811, 40.558321821116074], [-74.1012435413979, 40.557660830813155], [-74.10184637674703, 40.556216988780186], [-74.10184032964895, 40.55594463924145], [-74.10137477595708, 40.55569237210694], [-74.10140516844865, 40.55553852566267], [-74.10265076360245, 40.556134404785396], [-74.10309839111532, 40.555904641451335], [-74.10465943491393, 40.554120467311456], [-74.10508907947455, 40.553235468010854], [-74.10484447636338, 40.553025814556435], [-74.10642822065084, 40.55385337311889], [-74.10641256331932, 40.55410827558521], [-74.1065636110126, 40.55418692754817], [-74.10734831283652, 40.55414815203135], [-74.10768623463983, 40.55397667097512], [-74.11028457321653, 40.55149635741835], [-74.11278846957893, 40.54788426222187], [-74.11301045972775, 40.54778006593415], [-74.11494202833097, 40.54958865011587], [-74.11656289990475, 40.54912774222835], [-74.11864720347508, 40.55113992856191], [-74.11856986254412, 40.55147293790205], [-74.11945859159377, 40.55222190604609], [-74.12730057734184, 40.55729517311905], [-74.13042459507224, 40.55443704306459], [-74.13321002462732, 40.552383876379636], [-74.13885092683721, 40.556951179870545], [-74.13818000935252, 40.55759386649769], [-74.13561300165566, 40.55898002728752], [-74.13530363363061, 40.55942508939094], [-74.1348097327757, 40.56082861923827], [-74.13340740082342, 40.56212980570152], [-74.1331097915728, 40.562867691866714], [-74.13173622883662, 40.564539519637954], [-74.13527417135028, 40.5655177616255], [-74.14131233542193, 40.568433348755306], [-74.14438744938825, 40.56970610117111], [-74.14387453487329, 40.57060659469346], [-74.14418588119739, 40.572037410508784], [-74.1327843609998, 40.5734790942342], [-74.12773493482419, 40.575206624554205], [-74.1274928230909, 40.575425158118804], [-74.12706746958176, 40.57640521917216], [-74.12535275635315, 40.57590104302102], [-74.1231838059618, 40.57575185339364], [-74.12209601973252, 40.575132587377], [-74.12153728906142, 40.575153252579646]]]}, "properties": {"geo_id": "SI0301", "name": "Oakwood-Richmondtown", "borough": "Staten Island", "area_km2": 5.1968}}, {"type": "Feature", "id": 193, "geometry": {"type": "Polygon", "coordinates": [[[-74.14699303293699, 40.570485923476994], [-74.14634725216146, 40.57051823414815], [-74.14131233542193, 40.568433348755306], [-74.13527417135028, 40.5655177616255], [-74.13173622883662, 40.564539519637954], [-74.1331097915728, 40.562867691866714], [-74.13340740082342, 40.56212980570152], [-74.1348097327757, 40.56082861923827], [-74.13530363363061, 40.55942508939094], [-74.13561300165566, 40.55898002728752], [-74.13818000935252, 40.55759386649769], [-74.13885092683721, 40.556951179870545], [-74.1331682593334, 40.55235617916022], [-74.13455868159954, 40.55125507820446], [-74.13738988034493, 40.54959237019136], [-74.13865265777541, 40.54848581744848], [-74.13711185568107, 40.547023482811085], [-74.13585712456327, 40.546451696213715], [-74.13641153119026, 40.54625235004207], [-74.13651613439171, 40.54591474713276], [-74.13709627808753, 40.545952217654616], [-74.1371798712987, 40.54579286466078], [-74.13626085280931, 40.54496329743614], [-74.13611540724054, 40.545019845680066], [-74.13638379802063, 40.54485467200903], [-74.13628433241061, 40.54494704058953], [-74.1371928751982, 40.54578429520283], [-74.13750833508846, 40.5455775572389], [-74.13673370161484, 40.54480374252663], [-74.13658907071057, 40.544845486096115], [-74.13687348630864, 40.5446825939102], [-74.13674888757124, 40.544782584983345], [-74.13794966050548, 40.54600033657565], [-74.13886951340523, 40.54513019811007], [-74.13762430745243, 40.54425356692105], [-74.13775620755665, 40.54414492877839], [-74.1376791831006, 40.5442586257182], [-74.1387553470356, 40.54493395892961], [-74.13901965079306, 40.5447155610301], [-74.13798990164315, 40.54399004328696], [-74.13786798524534, 40.54405254413111], [-74.13804346897703, 40.54390456196136], [-74.13903307178522, 40.54470490979767], [-74.13953937915745, 40.544295140872336], [-74.13943253002753, 40.54421721801899], [-74.13914541346126, 40.54450958012015], [-74.13903265990314, 40.54442809733332], [-74.13942069337877, 40.54420594353738], [-74.1392876729529, 40.544116589404844], [-74.13897454160877, 40.544376101820696], [-74.13922032859702, 40.54406669966887], [-74.13908266855009, 40.54396822488413], [-74.13887570388356, 40.54424355793506], [-74.13872812446066, 40.544130023037816], [-74.13907750658744, 40.54396015366844], [-74.13883460585515, 40.543791358388106], [-74.1385858115911, 40.544104638490474], [-74.1384153583861, 40.543978426813894], [-74.13882325395878, 40.543784055399456], [-74.13853996268223, 40.543587927687724], [-74.13820667266971, 40.543773677857644], [-74.13827964456058, 40.54386669457077], [-74.13815068621103, 40.543772036757375], [-74.13852649744686, 40.54357854280884], [-74.13834151288614, 40.543551827809054], [-74.13852282835141, 40.54340155074948], [-74.13845971967868, 40.543506285991725], [-74.13859005240393, 40.54345034036763], [-74.13853314542554, 40.543544367341084], [-74.13956971698569, 40.54427227483074], [-74.13983697786095, 40.54405246234102], [-74.13870632397385, 40.543291411337165], [-74.13890636539452, 40.543131777602504], [-74.13877140226944, 40.54329133270572], [-74.13903671923063, 40.5432269944434], [-74.13898355608603, 40.54338441137312], [-74.1396764048069, 40.54388899585884], [-74.13988897406256, 40.54375247188513], [-74.13970350694184, 40.54390877718646], [-74.1398652726434, 40.54402684400971], [-74.14001283835921, 40.54383042684498], [-74.14038573073617, 40.544033185008075], [-74.1403284869439, 40.543802086768714], [-74.13934994841908, 40.543096085094376], [-74.13921993485886, 40.54316608513808], [-74.13940810077389, 40.543016584082835], [-74.14029571947275, 40.543640457658285], [-74.14012638219599, 40.54351339341706], [-74.14028734539116, 40.5433850711193], [-74.13936132804027, 40.54282586399888], [-74.1395368154802, 40.54268215086996], [-74.13947877205682, 40.54276849257787], [-74.14030634258137, 40.54336711011456], [-74.14062715566955, 40.54311302969269], [-74.13975584890552, 40.542481156158004], [-74.13963169074272, 40.542541098068966], [-74.13985859891679, 40.542357175129375], [-74.13977484776484, 40.54246404779891], [-74.14064614869928, 40.5430942154049], [-74.14084520303737, 40.54293884447668], [-74.14132426794353, 40.54309413433302], [-74.1403850058994, 40.54242077086415], [-74.14040685268897, 40.54236085545142], [-74.14028673369373, 40.54245578801652], [-74.14016510037457, 40.54236621843368], [-74.14033528229646, 40.54222820875716], [-74.14020723540699, 40.542365224299324], [-74.14040656300695, 40.54232708255226], [-74.14141073560408, 40.54302241508055], [-74.14107892119061, 40.54279117185177], [-74.14108436804693, 40.542638913704046], [-74.14132653105811, 40.54274704748751], [-74.14114311233298, 40.542587659354986], [-74.14124949366365, 40.54266034135916], [-74.14133547193083, 40.54258879297304], [-74.14026290400702, 40.54196151152278], [-74.14049581011314, 40.54206085532416], [-74.14067998093041, 40.54190859297123], [-74.14061919912058, 40.54205602214666], [-74.141349013796, 40.542577523131754], [-74.14146151585437, 40.542483902224085], [-74.14129442123794, 40.54233587638847], [-74.14148097474445, 40.54246770907066], [-74.14134854694547, 40.542290464871066], [-74.14154957906085, 40.54241061800736], [-74.14179719957052, 40.54220041538255], [-74.14089451090516, 40.54157111018776], [-74.14063984172134, 40.54169454203749], [-74.14095816832888, 40.54143207796516], [-74.140894775834, 40.54153709486072], [-74.14187307971923, 40.542166658129624], [-74.1416722624308, 40.54233546409541], [-74.14229632246266, 40.54225784965829], [-74.14218344220694, 40.542017860550104], [-74.14247662236058, 40.54133371027757], [-74.14177661383256, 40.54008845633491], [-74.14200459282473, 40.539567959164565], [-74.14172892651293, 40.53933948409726], [-74.14230351275852, 40.53906997528989], [-74.1423383157749, 40.538949190408566], [-74.14176587793868, 40.53854204150254], [-74.14226513007999, 40.53814035366493], [-74.14186762291457, 40.53844409071938], [-74.14222992228778, 40.53811445287569], [-74.14207893644108, 40.538003964285316], [-74.1421671801914, 40.53793276106833], [-74.14121865335657, 40.53725399893524], [-74.14104157916334, 40.53734688446226], [-74.14129825471927, 40.53713817845116], [-74.14124113051692, 40.537234692236865], [-74.14218574841665, 40.537917777286474], [-74.142389636896, 40.53775326000239], [-74.14158287625018, 40.53708757795338], [-74.14305162613793, 40.537239873856684], [-74.14383385685339, 40.537136911849835], [-74.14474069813576, 40.5358010442114], [-74.14543374382961, 40.5358230728271], [-74.14602008284655, 40.53555352772052], [-74.14599669615095, 40.53539039281208], [-74.14669647685274, 40.53541430804622], [-74.14921733198096, 40.53424158776191], [-74.14977717423358, 40.53388786880264], [-74.14975846489824, 40.53342430275565], [-74.15069553552408, 40.53254583893819], [-74.1511202569052, 40.532741382506885], [-74.15175798831618, 40.53240179402822], [-74.15168241234379, 40.5322764228883], [-74.15185337744485, 40.5321640210235], [-74.15245660936574, 40.532067943498475], [-74.15400107666713, 40.53083155281913], [-74.15389831682721, 40.53067377343833], [-74.15410381534747, 40.53076082199778], [-74.15449818827862, 40.53031774276386], [-74.15462807870793, 40.53035429675414], [-74.15454357374338, 40.530062135801224], [-74.15492894849395, 40.53022548357582], [-74.15564782339436, 40.52964298459843], [-74.15550357251377, 40.52943802684051], [-74.15573153369051, 40.529600904030936], [-74.1559900025442, 40.52941960271475], [-74.15644868150012, 40.52893184170155], [-74.15618731852328, 40.528611371091884], [-74.15667105208163, 40.52899331160743], [-74.15701861946272, 40.52897765580974], [-74.1582610310742, 40.52830049966575], [-74.15797239457906, 40.52806708584459], [-74.15832645126989, 40.52827842678335], [-74.15970134520087, 40.527295992329115], [-74.15988276897272, 40.52736935821625], [-74.16441461183055, 40.533502945439295], [-74.16872899049814, 40.53952625909837], [-74.16901768927826, 40.540096720770606], [-74.16891524988489, 40.54046288627097], [-74.1690953549095, 40.54102743259857], [-74.17516866688504, 40.54377553058066], [-74.18073102506344, 40.546679815299925], [-74.17942703423205, 40.548339056682615], [-74.17565395121544, 40.55568954249012], [-74.17408773859523, 40.55807600211668], [-74.17349322276512, 40.559674401051126], [-74.17185166456856, 40.561520923021405], [-74.16494149293702, 40.560111797638946], [-74.16377941502317, 40.56031697962338], [-74.16153130017474, 40.56126935448106], [-74.15741136739638, 40.5624985667578], [-74.15685884049493, 40.562789094575955], [-74.15585090370675, 40.56377444522291], [-74.15466447665042, 40.56551344318811], [-74.14790142170932, 40.570889581108474], [-74.14699303293699, 40.570485923476994]]]}, "properties": {"geo_id": "SI0302", "name": "Great Kills-Eltingville", "borough": "Staten Island", "area_km2": 10.8461}}, {"type": "Feature", "id": 194, "geometry": {"type": "Polygon", "coordinates": [[[-74.17758036657031, 40.563755440905766], [-74.17659366008475, 40.563241329824464], [-74.17500041378516, 40.56287547776676], [-74.17346451734343, 40.56228693674818], [-74.17185166456856, 40.561520923021405], [-74.17349322276512, 40.559674401051126], [-74.17408773859529, 40.55807600211668], [-74.17565395121544, 40.55568954249012], [-74.17942703423209, 40.54833905668258], [-74.18073102506344, 40.54667981529989], [-74.1875734734277, 40.55014768293606], [-74.18858834960737, 40.54894385055932], [-74.18929875744895, 40.548378302423444], [-74.1958618560285, 40.54431814885974], [-74.19730759051119, 40.54326204622896], [-74.20023944593186, 40.542847166186604], [-74.20349157974407, 40.542151428265896], [-74.2069901807071, 40.541746680181284], [-74.21217844475578, 40.541388265016124], [-74.2147509895201, 40.54140536743101], [-74.2177889300695, 40.54112540160595], [-74.2213156264965, 40.55025307436053], [-74.21911576391385, 40.552232314138195], [-74.21778377554132, 40.55304918803179], [-74.21787719052297, 40.554243428603385], [-74.21756752792291, 40.55458581092408], [-74.21491900919649, 40.55554545702527], [-74.21350175429647, 40.555667619111716], [-74.21220033961043, 40.55644343036306], [-74.21050789381333, 40.55706418237116], [-74.20699885216024, 40.55756748910412], [-74.20520041044203, 40.55733222103733], [-74.20440667329153, 40.55695788671274], [-74.20322864603428, 40.556081142270386], [-74.20194631667609, 40.55587385313366], [-74.20091501274085, 40.556005261052], [-74.20018273856881, 40.556454434239974], [-74.19769481155731, 40.55888705419156], [-74.19352912548528, 40.56242559583281], [-74.19288347934547, 40.562653840506385], [-74.19175412901556, 40.56250762770017], [-74.19091666329804, 40.56261966510492], [-74.18947754545948, 40.563580991679686], [-74.18525395887458, 40.56454935521814], [-74.183623708385, 40.56536826481549], [-74.18272650599992, 40.56549428383791], [-74.18180816582793, 40.56538457936648], [-74.17758036657031, 40.563755440905766]]]}, "properties": {"geo_id": "SI0303", "name": "Arden Heights-Rossville", "borough": "Staten Island", "area_km2": 6.2964}}, {"type": "Feature", "id": 195, "geometry": {"type": "Polygon", "coordinates": [[[-74.18757347342765, 40.55014768293606], [-74.17516866688504, 40.54377553058066], [-74.1690953549095, 40.54102743259857], [-74.16891524988489, 40.54046288627097], [-74.16901768927826, 40.540096720770606], [-74.16872899049814, 40.53952625909837], [-74.15988276948492, 40.52736935815962], [-74.16034097376038, 40.52754982762875], [-74.16158217423518, 40.52701347777687], [-74.1622719610864, 40.52719426180595], [-74.1655417511386, 40.52541961918436], [-74.16657896787397, 40.525016503863704], [-74.16884431819767, 40.5235906811516], [-74.16999711161473, 40.523045772452576], [-74.17050791660368, 40.523048719785685], [-74.17128682067415, 40.523457767642434], [-74.17269667263014, 40.522968735523776], [-74.17601245479067, 40.520875962829265], [-74.17758295522239, 40.51923086736882], [-74.17831876687067, 40.5199457857981], [-74.179243813445, 40.519984216676356], [-74.17939137553202, 40.52027827878748], [-74.1798101694893, 40.5205523377063], [-74.18105192746964, 40.520663254540764], [-74.18243461417494, 40.520318205802404], [-74.18316855058309, 40.51990627326035], [-74.184831164799, 40.51934135910359], [-74.1865673319135, 40.51811585040507], [-74.18849871610387, 40.51631272655313], [-74.18926875557469, 40.515344977375136], [-74.18884297821849, 40.5150871663459], [-74.18971218498393, 40.51532037853449], [-74.19178922663296, 40.513051644123614], [-74.19344318349437, 40.51156730997422], [-74.19409643736367, 40.51064124236241], [-74.19521339999068, 40.509977652955875], [-74.19649936986063, 40.50992353048525], [-74.19860831704987, 40.5111970231467], [-74.19967205359374, 40.51142685047984], [-74.19992695040725, 40.51182804548663], [-74.20005925616819, 40.51261937203846], [-74.19892572794019, 40.51277730650115], [-74.19907307095482, 40.51308388453719], [-74.19995659988135, 40.51293021841032], [-74.20082898254392, 40.51303070446121], [-74.204797379034, 40.51229356995674], [-74.20530532180614, 40.51232600498016], [-74.20820370574602, 40.511638980458], [-74.2096878939744, 40.51079736934264], [-74.2091899682504, 40.51049905695538], [-74.20932200398505, 40.51039862939939], [-74.20971374205719, 40.510777702740555], [-74.21013466033601, 40.51041675033073], [-74.21179183198154, 40.508173273997755], [-74.21338169971648, 40.506766288517355], [-74.2135313080367, 40.506397477228056], [-74.2138553385419, 40.50660702497607], [-74.21434250129722, 40.506518911287486], [-74.21565837410027, 40.50561657743336], [-74.21754755029839, 40.503360049492116], [-74.2179457023221, 40.50336009050678], [-74.21977016413433, 40.50274268831762], [-74.22184144387126, 40.5025384173564], [-74.22211299867861, 40.50318399994673], [-74.2220849985328, 40.5042720014158], [-74.2231159988773, 40.50484399999219], [-74.22318830799011, 40.505538650011815], [-74.2229159982704, 40.507227000256954], [-74.22321582339256, 40.50865861081407], [-74.22657761120445, 40.517270650144845], [-74.2267232877282, 40.51916332058878], [-74.22567982751566, 40.518561830416125], [-74.2237959579363, 40.51819634592904], [-74.22499765853073, 40.52046066135082], [-74.22423604366516, 40.52199396607608], [-74.2239845577237, 40.522869520888655], [-74.22482100538618, 40.52299331050159], [-74.22468933226631, 40.52323228244607], [-74.22398775719164, 40.52326784692407], [-74.22359412659941, 40.526305925294096], [-74.22456676676615, 40.53702124285877], [-74.2244751411176, 40.53890806628754], [-74.22416101615856, 40.54106700792713], [-74.22342751071987, 40.5436043321642], [-74.2221411935891, 40.546331412766676], [-74.22064536037085, 40.54859150967488], [-74.21778893006945, 40.541125401605996], [-74.2147509895201, 40.541405367431054], [-74.21217844475578, 40.54138826501616], [-74.2069901807071, 40.54174668018132], [-74.20349157974407, 40.542151428265896], [-74.20023944593186, 40.54284716618664], [-74.19730759051113, 40.54326204622896], [-74.19586185602846, 40.54431814885974], [-74.1892987574489, 40.54837830242348], [-74.18858834960731, 40.54894385055932], [-74.18757347342765, 40.55014768293606]]]}, "properties": {"geo_id": "SI0304", "name": "Annadale-Huguenot-Prince's Bay-Woodrow", "borough": "Staten Island", "area_km2": 16.7623}}, {"type": "Feature", "id": 196, "geometry": {"type": "Polygon", "coordinates": [[[-74.21324031408828, 40.55667262424103], [-74.20569605025547, 40.558516005602925], [-74.2069988521602, 40.55756748910415], [-74.21050789381327, 40.55706418237116], [-74.21220033961043, 40.556443430363096], [-74.21350175429642, 40.55566761911176], [-74.21509339535018, 40.55549893255988], [-74.21773358199421, 40.554457170148304], [-74.21790502217154, 40.553908470724906], [-74.21778377554132, 40.55304918803183], [-74.21911576391379, 40.55223231413822], [-74.2213156264965, 40.55025307436053], [-74.22064536037085, 40.54859150967488], [-74.22196601427792, 40.54663897695513], [-74.22312973632955, 40.544323990876705], [-74.22397104932324, 40.54187201952583], [-74.22432217036898, 40.540164505726864], [-74.22456676676615, 40.53702124285877], [-74.22359412659941, 40.526305925294096], [-74.22398775719164, 40.52326784692407], [-74.22468933226631, 40.52323228244607], [-74.22482100538618, 40.52299331050159], [-74.2239845577237, 40.522869520888655], [-74.22423604366516, 40.52199396607608], [-74.22499765853073, 40.52046066135082], [-74.2237959579363, 40.51819634592904], [-74.22567982751566, 40.518561830416125], [-74.2267232877282, 40.51916332058878], [-74.22669461462563, 40.51854872676008], [-74.22657761120445, 40.517270650144845], [-74.22321582339256, 40.50865861081407], [-74.2229159982704, 40.507227000256954], [-74.22318830799011, 40.505538650011815], [-74.2231159988773, 40.50484399999219], [-74.2220849985328, 40.5042720014158], [-74.22211299867861, 40.50318399994673], [-74.22184144387126, 40.5025384173564], [-74.22304657848122, 40.50247817860867], [-74.22507057813161, 40.50176464516368], [-74.22729413517966, 40.50229749912169], [-74.22971584171228, 40.502085687589165], [-74.2303389250036, 40.501804178874764], [-74.23055401780135, 40.501946854659934], [-74.2312444324436, 40.501826860821765], [-74.23359904119738, 40.50091253160142], [-74.23526495944597, 40.50060602871536], [-74.23678845614225, 40.50000083546577], [-74.2376677035975, 40.49912325493395], [-74.23798737387625, 40.49916598084827], [-74.23851321635341, 40.49889607536387], [-74.23984851236642, 40.49758301313815], [-74.24432798252431, 40.49754674020985], [-74.24548938982623, 40.497044773867316], [-74.2467610277419, 40.49613398761203], [-74.24837449690861, 40.49633059884152], [-74.24964219479591, 40.49683795483123], [-74.25085489422248, 40.4980061635954], [-74.25110411485612, 40.49893419735174], [-74.2525998273979, 40.49964307538386], [-74.2531612450116, 40.50012537621635], [-74.25384590620644, 40.50163566934477], [-74.25472027611403, 40.50296520065719], [-74.25534274727752, 40.504302398677126], [-74.25530710377622, 40.50653645411922], [-74.25553185854763, 40.50786122885206], [-74.25462856709909, 40.508674825727205], [-74.2549813000949, 40.50877117277594], [-74.25497290370959, 40.50880566213341], [-74.25461850728021, 40.50868390880002], [-74.25399753082058, 40.50897031494752], [-74.25403804567854, 40.50925267164586], [-74.25438877737021, 40.50934418413483], [-74.25431454169502, 40.50941369515178], [-74.25402069505333, 40.509272975787646], [-74.25368911881061, 40.50942559643936], [-74.25464651262905, 40.50982624592461], [-74.25452621732236, 40.50997301488114], [-74.25364812518256, 40.5094705304365], [-74.25331579805132, 40.50986150454117], [-74.25306394553081, 40.511055257369975], [-74.2532580688567, 40.51108868938098], [-74.25300847211699, 40.51119398970707], [-74.253526850769, 40.51167776653465], [-74.2530363538174, 40.51143316096152], [-74.25308950868654, 40.512121961374085], [-74.2519519748828, 40.51299700204483], [-74.2521259139706, 40.51371037980015], [-74.25135331413048, 40.5143928980403], [-74.25011171056995, 40.5150448198553], [-74.25007568832649, 40.51521909275458], [-74.25055526413557, 40.51571634242909], [-74.25045509857972, 40.515772007110684], [-74.25015626516763, 40.515361188199655], [-74.24988824874998, 40.51552154519314], [-74.2505600727182, 40.51610674053004], [-74.25041535921194, 40.51618833452352], [-74.24935660923893, 40.51500592819388], [-74.24933775243687, 40.51514081437956], [-74.24921528676096, 40.51508486129946], [-74.24963220109235, 40.515545377951206], [-74.24951393678674, 40.51569398097668], [-74.24994158808036, 40.51613748819118], [-74.24943096899277, 40.51568788610029], [-74.24864764632107, 40.51611262849697], [-74.24875958315138, 40.516356221134416], [-74.24854589291671, 40.51616991714866], [-74.24860080823233, 40.51631333242066], [-74.2482842208389, 40.51648694955386], [-74.24894624665613, 40.51719453978692], [-74.24940770788909, 40.51698083041867], [-74.24851449056031, 40.517475626265245], [-74.24891910587387, 40.517208434196675], [-74.24751811835532, 40.515735864778854], [-74.24693048008477, 40.51606645441794], [-74.24644039650948, 40.51596502750351], [-74.24612857679283, 40.51613739257391], [-74.24674997194062, 40.5164956132407], [-74.24651040267673, 40.516669855306176], [-74.24699556996588, 40.517182085195735], [-74.24647899705508, 40.51668732771364], [-74.24637736435442, 40.516739093359135], [-74.24653682834443, 40.51695996088228], [-74.24634969801765, 40.51675337193509], [-74.245208614625, 40.5172897436257], [-74.24566989001562, 40.51778970855405], [-74.2456347316994, 40.518075580745965], [-74.24508804460534, 40.51806683940441], [-74.24429835217606, 40.51851500310796], [-74.24365228511596, 40.51829461462335], [-74.24232477833276, 40.51832652502193], [-74.24125968675028, 40.51918046932055], [-74.24103122918544, 40.519542512688126], [-74.24049069687521, 40.51919162846761], [-74.23982258316771, 40.52009071144395], [-74.2407328454876, 40.52056915165404], [-74.24117293552197, 40.52106013143217], [-74.24133219575523, 40.520894517580395], [-74.24293235036323, 40.521227160630374], [-74.24258375639448, 40.5221986490008], [-74.24276246783715, 40.52272678912772], [-74.24261397838434, 40.52308093752467], [-74.2428015694389, 40.52400729679086], [-74.24335792685498, 40.524818912815405], [-74.24396500758677, 40.52490536583547], [-74.24333883884039, 40.52585380568276], [-74.2428867441094, 40.5272973359152], [-74.2428867138121, 40.52820013082621], [-74.24251028997365, 40.52844593476356], [-74.24245540959376, 40.528954699547505], [-74.2421880176231, 40.52943755166044], [-74.24224528137324, 40.529822779505146], [-74.24150733322897, 40.53104134279533], [-74.24181061621528, 40.5325626754217], [-74.24217799663413, 40.53257613897937], [-74.24228200338332, 40.5333874970205], [-74.24196458870276, 40.53363371793077], [-74.24204570286004, 40.53434637705064], [-74.24240026879407, 40.53475292789573], [-74.24263289675442, 40.53478335430915], [-74.24295641189781, 40.53540676169805], [-74.24369670587637, 40.53608011192729], [-74.2441249598849, 40.53619629572923], [-74.24397655106576, 40.53646049855938], [-74.24414782538697, 40.53688140991723], [-74.2445875391072, 40.53693292707299], [-74.24493693114279, 40.53666387641475], [-74.24533651176237, 40.5369059949374], [-74.2452587110649, 40.537146089448015], [-74.24480104574177, 40.537385392187254], [-74.24442748922033, 40.53801643339913], [-74.24539376219913, 40.53955167471587], [-74.24560205698324, 40.540949594577555], [-74.24599284790557, 40.541278932158036], [-74.24648614815786, 40.54221339265584], [-74.2476777803961, 40.543125403303], [-74.24803463735688, 40.543093240441635], [-74.24613743768708, 40.54569644693217], [-74.24336346552948, 40.54786513573861], [-74.2435844765117, 40.547623990376195], [-74.24293585929021, 40.54711321924541], [-74.24220318463067, 40.54694867729517], [-74.24039182810051, 40.54766331017396], [-74.23837191304226, 40.54914156681453], [-74.23761963467504, 40.550123469081406], [-74.23641459661086, 40.550508223953976], [-74.23616473136117, 40.55142942466193], [-74.23650799202574, 40.552027270991765], [-74.23639962086499, 40.55233533319216], [-74.2348986580098, 40.553005217174075], [-74.23377755011583, 40.55251419951387], [-74.23332400080318, 40.55250914356611], [-74.23229112867268, 40.55336369797718], [-74.23193331444938, 40.55414983011733], [-74.23071036198294, 40.55555759476172], [-74.23024952153514, 40.5553867461628], [-74.22931954185886, 40.555491587465546], [-74.22935253825372, 40.555750600118024], [-74.22905162187638, 40.55610708210527], [-74.22833214372007, 40.55639035431165], [-74.22743682730528, 40.556038533516634], [-74.22640494543121, 40.556255713348634], [-74.22390334134657, 40.55589706604731], [-74.2238642149825, 40.556097694585674], [-74.22344265106311, 40.55604656990374], [-74.22378606708787, 40.55588026700477], [-74.22316128942742, 40.555787142691976], [-74.22297219698923, 40.555503374124164], [-74.22257486801371, 40.55540620977982], [-74.22179863887051, 40.55541707075928], [-74.22157006613199, 40.55564898295788], [-74.22129864604456, 40.55536622468574], [-74.22086715093401, 40.55594020227793], [-74.22055340151061, 40.55588528417051], [-74.22029711809111, 40.55559792156556], [-74.22010627164778, 40.554928812423356], [-74.21974356930723, 40.55461267207267], [-74.21908060899511, 40.55484700270071], [-74.2193370127915, 40.5556913674838], [-74.21921716371094, 40.555796970381415], [-74.21895832633062, 40.554857582913385], [-74.21859325782808, 40.554674210247974], [-74.2187503688056, 40.55602774053745], [-74.21817360193396, 40.55560052324868], [-74.21775342391737, 40.55500528477637], [-74.21604245994743, 40.55554411878445], [-74.21474053198814, 40.55624238913232], [-74.21499256964766, 40.5567949327961], [-74.21462340412226, 40.556913361719715], [-74.21422698854404, 40.55655731841979], [-74.21395537383668, 40.556657154295785], [-74.21376467317752, 40.55639694382807], [-74.21324031408828, 40.55667262424103]]]}, "properties": {"geo_id": "SI0305", "name": "Tottenville-Charleston", "borough": "Staten Island", "area_km2": 11.7777}}]}